timestamp,load_kw,temperature,wind_speed,irradiance,solar_avail,wind_avail,rb_solar,rb_wind,rb_battery,rb_diesel,rb_soc,lp_solar,lp_wind,lp_battery,lp_diesel,lp_soc
2024-03-13 19:00:00,59.46370658228314,-8.0,27.4,0.0,0.0,0.0,0.0,0.0,59.46370658228314,0.0,0.47073107264721054,0.0,0.0,0.0,59.46370658228314,0.6
2024-03-13 20:00:00,57.34416497550288,-7.9,29.3,0.0,0.0,0.0,0.0,0.0,57.34416497550288,0.0,0.3460698444395956,0.0,0.0,57.34416497550288,0.0,0.47533877179238504
2024-03-13 21:00:00,52.081879709753075,-8.0,28.2,0.0,0.0,0.0,0.0,0.0,52.081879709753075,0.0,0.23284836680969762,0.0,0.0,0.0,52.081879709753075,0.47533877179238504
2024-03-13 22:00:00,42.269037744263905,-7.8,29.4,0.0,0.0,0.0,0.0,0.0,15.110248732460898,27.15878901180301,0.2,0.0,0.0,42.269037744263905,0.0,0.3834495593048548
2024-03-13 23:00:00,44.472207746064385,-7.8,28.5,0.0,0.0,0.0,0.0,0.0,0.0,44.472207746064385,0.2,0.0,0.0,0.0,44.472207746064385,0.3834495593048548
2024-03-14 00:00:00,44.496003295692844,-7.8,28.4,0.0,0.0,0.0,0.0,0.0,0.0,44.496003295692844,0.2,0.0,0.0,0.0,44.496003295692844,0.3834495593048548
2024-03-14 01:00:00,34.92184283176724,-7.3,30.4,0.0,0.0,0.0,0.0,0.0,0.0,34.92184283176724,0.2,0.0,0.0,0.0,34.92184283176724,0.3834495593048548
2024-03-14 02:00:00,28.15280552972871,-7.6,28.3,0.0,0.0,0.0,0.0,0.0,0.0,28.15280552972871,0.2,0.0,0.0,28.15280552972871,0.0,0.32224780815327064
2024-03-14 03:00:00,25.88612189312722,-8.0,26.4,0.0,0.0,0.0,0.0,0.0,0.0,25.88612189312722,0.2,0.0,0.0,0.0,25.88612189312722,0.32224780815327064
2024-03-14 04:00:00,39.349277450560756,-8.0,27.3,0.0,0.0,0.0,0.0,0.0,0.0,39.349277450560756,0.2,0.0,0.0,0.0,39.349277450560756,0.32224780815327064
2024-03-14 05:00:00,43.49019857433459,-8.1,27.9,0.0,0.0,0.0,0.0,0.0,0.0,43.49019857433459,0.2,0.0,0.0,0.0,43.49019857433459,0.32224780815327064
2024-03-14 06:00:00,42.09109211173793,-8.0,25.7,35.0,0.63,0.0,0.63,0.0,0.0,41.461092111737926,0.2,0.63,0.0,0.0,41.461092111737926,0.32224780815327064
2024-03-14 07:00:00,59.230161662756814,-7.6,25.3,118.0,2.124,0.0,2.124,0.0,0.0,57.10616166275681,0.2,2.124,0.0,0.0,57.10616166275681,0.32224780815327064
2024-03-14 08:00:00,60.76109074648206,-7.2,24.3,209.0,3.6867599999999996,100.0,3.6867599999999996,57.07433074648206,-62.92566925351794,20.0,0.315783231426473,3.6867599999999996,100.0,-42.92566925351793,0.0,0.40123103957974365
2024-03-14 09:00:00,72.74726307457676,-7.1,21.9,291.0,4.5046800000000005,100.0,4.5046800000000005,68.24258307457677,-31.75741692542323,0.0,0.3742168785692518,4.5046800000000005,100.0,-31.757416925423243,0.0,0.4596646867225224
2024-03-14 10:00:00,70.85267934991795,-6.9,20.1,355.0,4.9841999999999995,100.0,4.9841999999999995,65.86847934991795,-34.13152065008205,0.0,0.4370188765654028,4.9841999999999995,100.0,-34.13152065008205,0.0,0.5224666847186734
2024-03-14 11:00:00,60.66833214060424,-6.9,18.0,394.0,4.893479999999999,100.0,4.893479999999999,55.774852140604246,-44.225147859395754,0.0,0.518393148626691,4.893479999999999,100.0,-44.225147859395754,0.0,0.6038409567799616
2024-03-14 12:00:00,65.29140606645075,-7.4,15.7,404.0,6.47208,100.0,6.47208,58.81932606645075,-41.18067393354925,0.0,0.5941655886644216,6.47208,100.0,-41.18067393354926,0.0,0.6796133968176923
2024-03-14 13:00:00,69.35055347436051,-7.4,13.4,386.0,6.948,100.0,6.948,62.40255347436051,-37.59744652563949,0.0,0.6633448902715983,6.948,100.0,-37.5974465256395,0.0,0.748792698424869
2024-03-14 14:00:00,66.26188207056497,-8.4,10.7,340.0,6.12,62.62455418381343,6.12,60.14188207056497,-2.482672113248462,0.0,0.6679130069599755,6.12,62.62455418381343,-2.4826721132484693,0.0,0.7533608151132462
2024-03-14 15:00:00,58.789535013450624,-4.5,5.2,270.0,4.7142,1.4606310013717423,4.7142,1.4606310013717423,52.61470401207888,0.0,0.5535332156293692,4.7142,1.4606310013717423,0.0,52.61470401207888,0.7533608151132462
2024-03-14 16:00:00,63.50148032153303,-4.9,1.8,184.0,2.8152,0.0,2.8152,0.0,60.68628032153303,0.0,0.4216065192782104,2.8152,0.0,0.0,60.68628032153303,0.7533608151132462
2024-03-14 17:00:00,54.99577682341908,-5.1,4.6,93.0,1.64052,0.5618655692729763,1.64052,0.5618655692729763,52.7933912541461,0.0,0.30683827742137104,1.64052,0.5618655692729763,0.0,52.7933912541461,0.7533608151132462
2024-03-14 18:00:00,62.60443831530566,-5.4,4.0,18.0,0.30456,0.1371742112482853,0.30456,0.1371742112482853,42.16270410405737,20.0,0.2128485424579829,0.30456,0.1371742112482853,0.0,62.16270410405737,0.7533608151132462
2024-03-14 19:00:00,51.96411659786704,-6.4,6.6,0.0,0.0,6.399999999999999,0.0,6.399999999999999,5.910329530672131,39.65378706719491,0.2,0.0,6.399999999999999,45.56411659786704,0.0,0.6543083877265787
2024-03-14 20:00:00,59.62300553246649,-10.0,8.3,0.0,0.0,20.422085048010988,0.0,20.422085048010988,0.0,39.20092048445551,0.2,0.0,20.422085048010988,0.0,39.20092048445551,0.6543083877265787
2024-03-14 21:00:00,39.97920666240582,-11.3,9.4,0.0,0.0,35.959396433470516,0.0,35.959396433470516,-15.980189771064694,20.0,0.22940354917875905,0.0,35.959396433470516,0.0,4.019810228935306,0.6543083877265787
2024-03-14 22:00:00,45.67397802072574,-7.2,7.3,0.0,0.0,10.906310013717418,0.0,10.906310013717418,13.525632622229157,21.242035384779168,0.2,0.0,10.906310013717418,0.0,34.767668007008325,0.6543083877265787
2024-03-14 23:00:00,49.146963200506605,-6.4,3.6,0.0,0.0,0.029629629629629645,0.0,0.029629629629629645,0.0,49.11733357087697,0.2,0.0,0.029629629629629645,0.0,49.11733357087697,0.6543083877265787
2024-03-15 00:00:00,37.54847842056351,-7.1,4.7,0.0,0.0,0.6739368998628261,0.0,0.6739368998628261,0.0,36.87454152070069,0.2,0.0,0.6739368998628261,0.0,36.87454152070069,0.6543083877265787
2024-03-15 01:00:00,38.203995321864824,-7.5,5.4,0.0,0.0,1.8962962962962973,0.0,1.8962962962962973,0.0,36.307699025568525,0.2,0.0,1.8962962962962973,0.0,36.307699025568525,0.6543083877265787
2024-03-15 02:00:00,33.98482142817978,-7.7,2.9,0.0,0.0,0.0,0.0,0.0,0.0,33.98482142817978,0.2,0.0,0.0,0.0,33.98482142817978,0.6543083877265787
2024-03-15 03:00:00,32.581161789238585,-8.2,1.8,0.0,0.0,0.0,0.0,0.0,0.0,32.581161789238585,0.2,0.0,0.0,0.0,32.581161789238585,0.6543083877265787
2024-03-15 04:00:00,40.22311320557141,-9.2,2.2,0.0,0.0,0.0,0.0,0.0,0.0,40.22311320557141,0.2,0.0,0.0,0.0,40.22311320557141,0.6543083877265787
2024-03-15 05:00:00,35.52289199500448,-9.7,3.8,0.0,0.0,0.07023319615912203,0.0,0.07023319615912203,0.0,35.452658798845356,0.2,0.0,0.07023319615912203,35.452658798845356,0.0,0.5772373903377845
2024-03-15 06:00:00,47.44515609334887,-9.5,5.1,29.0,0.21924000000000002,1.2703703703703695,0.21924000000000002,1.2703703703703695,0.0,45.9555457229785,0.2,0.21924000000000002,1.2703703703703695,0.0,45.9555457229785,0.5772373903377845
2024-03-15 07:00:00,56.57997118842287,-9.4,5.9,106.0,0.72504,3.345541838134431,0.72504,3.345541838134431,0.0,52.50938935028844,0.2,0.72504,3.345541838134431,0.0,52.50938935028844,0.5772373903377845
2024-03-15 08:00:00,58.92453144306678,-9.6,6.2,195.0,0.2456999999999998,4.4949245541838145,0.2456999999999998,4.4949245541838145,0.0,54.18390688888297,0.2,0.2456999999999998,4.4949245541838145,54.18390688888297,0.0,0.4594462884054302
2024-03-15 09:00:00,62.923979000071135,-10.7,6.1,267.0,0.67284,4.086556927297666,0.67284,4.086556927297666,0.0,58.16458207277347,0.2,0.67284,4.086556927297666,58.16458207277347,0.0,0.33300154476896615
2024-03-15 10:00:00,75.0134269930075,-10.3,4.7,330.0,3.9203999999999994,0.6739368998628261,3.9203999999999994,0.6739368998628261,0.0,70.41909009314467,0.2,3.9203999999999994,0.6739368998628261,0.0,70.41909009314467,0.33300154476896615
2024-03-15 11:00:00,70.47628480808426,-10.3,4.3,381.0,4.59486,0.30137174211248274,4.59486,0.30137174211248274,0.0,65.58005306597178,0.2,4.59486,0.30137174211248274,0.0,65.58005306597178,0.33300154476896615
2024-03-15 12:00:00,58.581564143481295,-10.3,3.1,393.0,5.800680000000001,0.00013717421124828565,5.800680000000001,0.00013717421124828565,0.0,52.78074696927005,0.2,5.800680000000001,0.00013717421124828565,0.0,52.78074696927005,0.33300154476896615
2024-03-15 13:00:00,62.5544621748873,-11.1,4.8,368.0,3.3782400000000004,0.7999999999999998,3.3782400000000004,0.7999999999999998,0.0,58.3762221748873,0.2,3.3782400000000004,0.7999999999999998,0.0,58.376222174887296,0.33300154476896615
2024-03-15 14:00:00,69.12787792003087,-11.7,3.2,321.0,4.160159999999999,0.0010973936899862852,4.160159999999999,0.0010973936899862852,0.0,64.96662052634088,0.2,4.160159999999999,0.0010973936899862852,0.2286156856862935,64.7380048406546,0.33250455414790897
2024-03-15 15:00:00,73.40136582743608,-11.7,1.3,256.0,4.46976,0.0,4.46976,0.0,0.0,68.93160582743609,0.2,4.46976,0.0,0.0,68.93160582743609,0.33250455414790897
2024-03-15 16:00:00,68.31536449481273,-11.5,5.1,173.0,2.8648800000000003,1.2703703703703695,2.8648800000000003,1.2703703703703695,0.0,64.18011412444235,0.2,2.8648800000000003,1.2703703703703695,0.0,64.18011412444235,0.33250455414790897
2024-03-15 17:00:00,65.70041356222858,-10.7,6.5,84.0,0.9828000000000001,5.881344307270234,0.9828000000000001,5.881344307270234,0.0,58.836269254958346,0.2,0.9828000000000001,5.881344307270234,0.0,58.83626925495834,0.33250455414790897
2024-03-15 18:00:00,65.58174890974692,-14.3,8.9,14.0,0.23688,28.17270233196159,0.23688,28.17270233196159,0.0,37.17216657778533,0.2,0.23688,28.17270233196159,37.17216657778533,0.0,0.2516954963701148
2024-03-15 19:00:00,60.626328812499466,-15.0,10.7,0.0,0.0,62.62455418381343,0.0,60.626328812499466,-21.998225371313964,20.0,0.2404767346832177,0.0,62.62455418381343,-1.9982253713139642,0.0,0.2553722310533325
2024-03-15 20:00:00,62.39423244207249,-13.2,9.6,0.0,0.0,39.43703703703703,0.0,39.43703703703703,2.9571954050354634,20.0,0.22881826869061023,0.0,39.43703703703703,0.0,22.957195405035463,0.2553722310533325
2024-03-15 21:00:00,45.43275743274418,-10.1,7.7,0.0,0.0,14.24183813443073,0.0,14.24183813443073,11.190919298313451,20.0,0.20380049111083576,0.0,14.24183813443073,0.0,31.190919298313453,0.2553722310533325
2024-03-15 22:00:00,45.93274027926989,-9.4,5.5,0.0,0.0,2.1433470507544587,0.0,2.1433470507544587,1.7482259109844434,42.04116731753099,0.2,0.0,2.1433470507544587,0.0,43.789393228515436,0.2553722310533325
2024-03-15 23:00:00,34.25037580442313,-9.8,7.0,0.0,0.0,8.77914951989026,0.0,8.77914951989026,0.0,25.471226284532868,0.2,0.0,8.77914951989026,25.471226284532868,0.0,0.20000000000000018
2024-03-16 00:00:00,48.250947878386,-15.2,17.6,0.0,0.0,100.0,0.0,48.250947878386,-71.749052121614,20.0,0.33201825590376977,0.0,100.0,-51.749052121614,0.0,0.29521825590376993
2024-03-16 01:00:00,51.35948160470757,-14.5,11.5,0.0,0.0,84.24211248285322,0.0,51.35948160470757,-32.88263087814565,0.0,0.39252229671955774,0.0,84.24211248285322,-32.88263087814565,0.0,0.3557222967195579
2024-03-16 02:00:00,39.168627166650715,-14.5,8.0,0.0,0.0,17.14677640603567,0.0,17.14677640603567,22.021850760615045,0.0,0.344648708109525,0.0,17.14677640603567,0.0,22.021850760615045,0.3557222967195579
2024-03-16 03:00:00,49.8225191072575,-16.5,10.5,0.0,0.0,57.87037037037038,0.0,49.8225191072575,-8.047851263112882,0.0,0.3594567544336527,0.0,57.87037037037038,-8.047851263112882,0.0,0.3705303430436856
2024-03-16 04:00:00,34.00740151905903,-14.1,20.6,0.0,0.0,100.0,0.0,34.00740151905903,-65.99259848094097,0.0,0.4808831356385841,0.0,100.0,-65.99259848094097,0.0,0.491956724248617
2024-03-16 05:00:00,39.55304170178407,-10.2,36.4,0.0,0.0,0.0,0.0,0.0,39.55304170178407,0.0,0.39489826237383613,0.0,0.0,0.0,39.55304170178407,0.491956724248617
2024-03-16 06:00:00,47.94322677060934,-10.4,47.5,26.0,0.468,0.0,0.468,0.0,47.47522677060934,0.0,0.29169124765512017,0.468,0.0,47.47522677060934,0.0,0.388749709529901
2024-03-16 07:00:00,62.71270151671203,-10.0,46.6,107.0,1.926,0.0,1.926,0.0,40.78670151671203,20.0,0.20255994122454357,1.926,0.0,0.0,60.78670151671203,0.388749709529901
2024-03-16 08:00:00,54.15468559992774,-9.2,45.9,197.0,3.546,0.0,3.546,0.0,1.1775729632900378,49.4311126366377,0.2,3.546,0.0,0.0,50.60868559992774,0.388749709529901
2024-03-16 09:00:00,69.35496647723545,-8.7,44.6,280.0,5.04,0.0,5.04,0.0,0.0,64.31496647723544,0.2,5.04,0.0,0.0,64.31496647723544,0.388749709529901
2024-03-16 10:00:00,74.28465890624398,-8.2,43.6,344.0,6.192,0.0,6.192,0.0,0.0,68.09265890624397,0.2,6.192,0.0,0.0,68.09265890624397,0.388749709529901
2024-03-16 11:00:00,62.39255176377863,-7.7,42.7,382.0,6.876,0.0,6.876,0.0,0.0,55.51655176377863,0.2,6.876,0.0,0.0,55.51655176377863,0.388749709529901
2024-03-16 12:00:00,61.13238025613655,-7.5,41.0,392.0,7.056,0.0,7.056,0.0,0.0,54.07638025613655,0.2,7.056,0.0,0.0,54.07638025613655,0.388749709529901
2024-03-16 13:00:00,66.70814386905951,-7.6,37.6,371.0,6.678,0.0,6.678,0.0,0.0,60.030143869059515,0.2,6.678,0.0,0.0,60.030143869059515,0.388749709529901
2024-03-16 14:00:00,61.592575164037356,-7.8,33.0,324.0,5.832,0.0,5.832,0.0,0.0,55.760575164037355,0.2,5.832,0.0,17.379317468160433,38.381257695876926,0.35096858459911745
2024-03-16 15:00:00,63.72448394069322,-9.9,21.7,254.0,4.572,100.0,4.572,59.152483940693216,-60.847516059306784,20.0,0.3119594295491245,4.572,100.0,-40.847516059306784,0.0,0.4261280141482419
2024-03-16 16:00:00,73.31806020473208,-11.5,18.6,167.0,3.006,100.0,3.006,70.31206020473208,-29.687939795267923,0.0,0.36658523877241744,3.006,100.0,-29.687939795267923,0.0,0.4807538233715349
2024-03-16 17:00:00,68.3632740543221,-12.3,19.4,78.0,1.404,100.0,1.404,66.95927405432211,-33.04072594567789,0.0,0.4273801745124648,1.404,100.0,-33.04072594567789,0.0,0.5415487591115822
2024-03-16 18:00:00,63.10374355258378,-12.9,19.7,11.0,0.198,100.0,0.198,62.90574355258378,-37.09425644741622,0.0,0.49563360637571063,0.198,100.0,-37.094256447416214,0.0,0.609802190974828
2024-03-16 19:00:00,60.41536180918242,-12.6,21.3,0.0,0.0,100.0,0.0,60.41536180918242,-39.58463819081758,0.0,0.568469340646815,0.0,100.0,-39.58463819081758,0.0,0.6826379252459324
2024-03-16 20:00:00,60.704526827648856,-13.2,18.6,0.0,0.0,100.0,0.0,60.704526827648856,-39.295473172351144,0.0,0.640773011283941,0.0,100.0,-39.295473172351144,0.0,0.7549415958830584
2024-03-16 21:00:00,60.46205073955057,-14.3,16.9,0.0,0.0,100.0,0.0,60.46205073955057,-39.53794926044943,0.0,0.713522837923168,0.0,100.0,-39.53794926044943,0.0,0.8276914225222853
2024-03-16 22:00:00,51.78042926310449,-15.1,15.4,0.0,0.0,100.0,0.0,51.78042926310449,-48.21957073689551,0.0,0.8022468480790557,0.0,100.0,-48.21957073689551,0.0,0.916415432678173
2024-03-16 23:00:00,54.57360471639835,-12.8,21.1,0.0,0.0,100.0,0.0,54.57360471639835,-45.42639528360165,0.0,0.8858314154008827,0.0,100.0,-45.42639528360165,0.0,1.0
2024-03-17 00:00:00,48.58174100602331,-9.8,31.7,0.0,0.0,0.0,0.0,0.0,48.58174100602331,0.0,0.780218934953006,0.0,0.0,-0.0,48.58174100602331,1.0
2024-03-17 01:00:00,42.38628815176607,-8.7,45.7,0.0,0.0,0.0,0.0,0.0,42.38628815176607,0.0,0.6880748302752537,0.0,0.0,0.0,42.38628815176607,1.0
2024-03-17 02:00:00,31.785200670770543,-8.6,43.1,0.0,0.0,0.0,0.0,0.0,31.785200670770543,0.0,0.6189765679474917,0.0,0.0,0.0,31.785200670770543,1.0
2024-03-17 03:00:00,30.898880466147034,-8.7,40.3,0.0,0.0,0.0,0.0,0.0,30.898880466147034,0.0,0.551805088673259,0.0,0.0,0.0,30.898880466147034,1.0
2024-03-17 04:00:00,37.36698101701703,-8.8,37.9,0.0,0.0,0.0,0.0,0.0,37.36698101701703,0.0,0.4705725212449611,0.0,0.0,0.0,37.36698101701703,1.0
2024-03-17 05:00:00,42.30382548822205,-9.1,34.7,0.0,0.0,0.0,0.0,0.0,42.30382548822205,0.0,0.37860768322708704,0.0,0.0,0.0,42.30382548822205,1.0
2024-03-17 06:00:00,39.15754067220474,-9.0,33.2,20.0,0.33479999999999993,0.0,0.33479999999999993,0.0,38.82274067220474,0.0,0.2942104208962072,0.33479999999999993,0.0,38.82274067220474,0.0,0.9156027376691201
2024-03-17 07:00:00,56.47346566772628,-8.8,34.6,96.0,1.728,0.0,1.728,0.0,34.74546566772628,20.0,0.21580804341793342,1.728,0.0,54.74546566772628,0.0,0.7965908557827587
2024-03-17 08:00:00,66.43731131924235,-8.1,34.3,185.0,3.33,0.0,3.33,0.0,7.271699972249366,55.83561134699299,0.2,3.33,0.0,0.0,63.107311319242356,0.7965908557827587
2024-03-17 09:00:00,68.8823706991544,-7.8,35.9,266.0,4.788,0.0,4.788,0.0,0.0,64.0943706991544,0.2,4.788,0.0,0.0,64.0943706991544,0.7965908557827587
2024-03-17 10:00:00,65.61973598597882,-8.0,41.0,330.0,5.94,0.0,5.94,0.0,0.0,59.67973598597882,0.2,5.94,0.0,59.67973598597882,0.0,0.6668522992915004
2024-03-17 11:00:00,62.027983012997545,-7.8,41.7,370.0,6.66,0.0,6.66,0.0,0.0,55.36798301299754,0.2,6.66,0.0,55.36798301299754,0.0,0.5464871188284622
2024-03-17 12:00:00,64.4992617208704,-7.9,38.3,381.0,6.858,0.0,6.858,0.0,0.0,57.641261720870396,0.2,6.858,0.0,0.0,57.641261720870396,0.5464871188284622
2024-03-17 13:00:00,65.2334814233091,-7.5,34.1,361.0,6.498,0.0,6.498,0.0,0.0,58.7354814233091,0.2,6.498,0.0,0.0,58.7354814233091,0.5464871188284622
2024-03-17 14:00:00,71.21520587127954,-7.8,33.3,316.0,5.688,0.0,5.688,0.0,0.0,65.52720587127953,0.2,5.688,0.0,0.0,65.52720587127953,0.5464871188284622
2024-03-17 15:00:00,69.00860686302818,-8.3,33.5,247.0,4.446,0.0,4.446,0.0,0.0,64.56260686302818,0.2,4.446,0.0,0.0,64.56260686302818,0.5464871188284622
2024-03-17 16:00:00,68.45945264447332,-8.8,35.9,162.0,2.916,0.0,2.916,0.0,0.0,65.54345264447332,0.2,2.916,0.0,0.0,65.54345264447332,0.5464871188284622
2024-03-17 17:00:00,54.33938285535239,-9.3,40.0,73.0,1.314,0.0,1.314,0.0,0.0,53.02538285535239,0.2,1.314,0.0,0.0,53.02538285535239,0.5464871188284622
2024-03-17 18:00:00,58.10809473924656,-9.9,43.3,8.0,0.144,0.0,0.144,0.0,0.0,57.96409473924656,0.2,0.144,0.0,57.96409473924656,0.0,0.4204782172214045
2024-03-17 19:00:00,52.632624980193384,-10.2,42.4,0.0,0.0,0.0,0.0,0.0,0.0,52.632624980193384,0.2,0.0,0.0,0.0,52.632624980193384,0.4204782172214045
2024-03-17 20:00:00,51.56932478032319,-10.5,42.0,0.0,0.0,0.0,0.0,0.0,0.0,51.56932478032319,0.2,0.0,0.0,0.0,51.56932478032319,0.4204782172214045
2024-03-17 21:00:00,53.52204426334372,-10.6,44.9,0.0,0.0,0.0,0.0,0.0,0.0,53.52204426334372,0.2,0.0,0.0,42.35171497748384,11.170329285859886,0.3284092716181788
2024-03-17 22:00:00,51.17812936525622,-10.7,45.8,0.0,0.0,0.0,0.0,0.0,0.0,51.17812936525622,0.2,0.0,0.0,0.0,51.17812936525622,0.3284092716181788
2024-03-17 23:00:00,50.56721825191826,-10.9,44.1,0.0,0.0,0.0,0.0,0.0,0.0,50.56721825191826,0.2,0.0,0.0,0.0,50.56721825191826,0.3284092716181788
2024-03-18 00:00:00,45.87795125184134,-11.0,44.4,0.0,0.0,0.0,0.0,0.0,0.0,45.87795125184134,0.2,0.0,0.0,0.0,45.87795125184134,0.3284092716181788
2024-03-18 01:00:00,40.39991604622103,-11.2,43.7,0.0,0.0,0.0,0.0,0.0,0.0,40.39991604622103,0.2,0.0,0.0,0.0,40.39991604622103,0.3284092716181788
2024-03-18 02:00:00,36.38560765274808,-11.1,41.3,0.0,0.0,0.0,0.0,0.0,0.0,36.38560765274808,0.2,0.0,0.0,0.0,36.38560765274808,0.3284092716181788
2024-03-18 03:00:00,28.976224988026654,-11.1,39.4,0.0,0.0,0.0,0.0,0.0,0.0,28.976224988026654,0.2,0.0,0.0,0.0,28.976224988026654,0.3284092716181788
2024-03-18 04:00:00,47.16117522449302,-10.9,40.3,0.0,0.0,0.0,0.0,0.0,0.0,47.16117522449302,0.2,0.0,0.0,0.0,47.16117522449302,0.3284092716181788
2024-03-18 05:00:00,41.79050793107165,-10.8,41.0,0.0,0.0,0.0,0.0,0.0,0.0,41.79050793107165,0.2,0.0,0.0,0.0,41.79050793107165,0.3284092716181788
2024-03-18 06:00:00,51.72948530001455,-10.6,40.7,18.0,0.324,0.0,0.324,0.0,0.0,51.405485300014554,0.2,0.324,0.0,0.0,51.405485300014554,0.3284092716181788
2024-03-18 07:00:00,57.84498262871217,-10.2,40.5,92.0,1.656,0.0,1.656,0.0,0.0,56.18898262871217,0.2,1.656,0.0,0.0,56.18898262871217,0.3284092716181788
2024-03-18 08:00:00,53.7734224547493,-9.8,39.4,180.0,3.24,0.0,3.24,0.0,0.0,50.5334224547493,0.2,3.24,0.0,0.0,50.5334224547493,0.3284092716181788
2024-03-18 09:00:00,61.383268037701825,-9.4,37.1,260.0,4.68,0.0,4.68,0.0,0.0,56.703268037701825,0.2,4.68,0.0,0.0,56.703268037701825,0.3284092716181788
2024-03-18 10:00:00,76.73509953527747,-9.1,35.6,323.0,5.814,0.0,5.814,0.0,0.0,70.92109953527748,0.2,5.814,0.0,0.0,70.92109953527748,0.3284092716181788
2024-03-18 11:00:00,67.45217757841772,-8.9,32.2,361.0,6.498,0.0,6.498,0.0,0.0,60.95417757841772,0.2,6.498,0.0,0.0,60.95417757841772,0.3284092716181788
2024-03-18 12:00:00,60.09707167850742,-8.8,29.2,371.0,6.678,0.0,6.678,0.0,0.0,53.41907167850742,0.2,6.678,0.0,0.0,53.41907167850742,0.3284092716181788
2024-03-18 13:00:00,65.36826494436228,-8.3,25.7,350.0,6.3,0.0,6.3,0.0,0.0,59.068264944362284,0.2,6.3,0.0,59.068264944362284,0.0,0.2
2024-03-18 14:00:00,74.4311845241642,-8.4,24.2,304.0,5.472,100.0,5.472,68.9591845241642,-51.0408154758358,20.0,0.29391510047553787,5.472,100.0,-31.0408154758358,0.0,0.25711510047553787
2024-03-18 15:00:00,70.67157239867151,-8.8,22.2,236.0,4.248,100.0,4.248,66.42357239867151,-33.57642760132849,0.0,0.3556957272619823,4.248,100.0,-33.57642760132849,0.0,0.3188957272619823
2024-03-18 16:00:00,55.66959118880178,-9.7,19.2,151.0,2.718,100.0,2.718,52.951591188801785,-47.048408811198215,0.0,0.442264799474587,2.718,100.0,-47.04840881119822,0.0,0.405464799474587
2024-03-18 17:00:00,70.42141921835946,-10.9,18.1,65.0,1.17,100.0,1.17,69.25141921835946,-30.74858078164054,0.0,0.4988421881128056,1.17,100.0,-30.74858078164054,0.0,0.4620421881128056
2024-03-18 18:00:00,64.68074015499339,-11.2,19.3,6.0,0.108,100.0,0.108,64.57274015499338,-35.42725984500662,0.0,0.5640283462276178,0.108,100.0,-35.42725984500662,0.0,0.5272283462276178
2024-03-18 19:00:00,56.38762375329207,-11.4,19.4,0.0,0.0,100.0,0.0,56.38762375329207,-43.61237624670793,0.0,0.6442751185215604,0.0,100.0,-43.61237624670793,0.0,0.6074751185215604
2024-03-18 20:00:00,47.80388778456639,-11.3,20.5,0.0,0.0,100.0,0.0,47.80388778456639,-52.19611221543361,0.0,0.7403159649979583,0.0,100.0,-52.19611221543361,0.0,0.7035159649979583
2024-03-18 21:00:00,54.67004320030463,-10.7,23.2,0.0,0.0,100.0,0.0,54.67004320030463,-45.32995679969537,0.0,0.8237230855093978,0.0,100.0,-45.32995679969537,0.0,0.7869230855093978
2024-03-18 22:00:00,47.569637501473096,-10.1,27.1,0.0,0.0,0.0,0.0,0.0,47.569637501473096,0.0,0.7203108300714128,0.0,0.0,0.0,47.569637501473096,0.7869230855093978
2024-03-18 23:00:00,34.71100810961117,-10.0,28.6,0.0,0.0,0.0,0.0,0.0,34.71100810961117,0.0,0.6448521167896494,0.0,0.0,34.71100810961117,0.0,0.7114643722276344
2024-03-19 00:00:00,40.83960962320811,-10.0,28.9,0.0,0.0,0.0,0.0,0.0,40.83960962320811,0.0,0.5560703567391969,0.0,0.0,40.83960962320811,0.0,0.6226826121771819
2024-03-19 01:00:00,54.63086471396244,-10.0,23.1,0.0,0.0,100.0,0.0,54.63086471396244,-45.36913528603756,0.0,0.639549565665506,0.0,100.0,-45.36913528603756,0.0,0.706161821103491
2024-03-19 02:00:00,36.08250878707211,-8.8,24.5,0.0,0.0,100.0,0.0,36.08250878707211,-63.91749121292789,0.0,0.7571577494972933,0.0,100.0,-63.91749121292789,0.0,0.8237700049352783
2024-03-19 03:00:00,32.29014702832171,-8.1,26.4,0.0,0.0,0.0,0.0,0.0,32.29014702832171,0.0,0.686961777696594,0.0,0.0,22.978101285475212,9.3120457428465,0.7738176108364192
2024-03-19 04:00:00,33.9575168734668,-8.7,26.2,0.0,0.0,0.0,0.0,0.0,33.9575168734668,0.0,0.6131410888412313,0.0,0.0,33.9575168734668,0.0,0.6999969219810566
2024-03-19 05:00:00,50.8604949171471,-9.6,26.9,0.0,0.0,0.0,0.0,0.0,50.8604949171471,0.0,0.5025747955430855,0.0,0.0,50.8604949171471,0.0,0.5894306286829107
2024-03-19 06:00:00,52.23879744788844,-9.3,32.0,15.0,0.27,0.0,0.27,0.0,51.968797447888434,0.0,0.38959914891724107,0.27,0.0,51.968797447888434,0.0,0.4764549820570663
2024-03-19 07:00:00,61.03719556958614,-8.6,32.9,87.0,1.566,0.0,1.566,0.0,59.471195569586136,0.0,0.2603139411572712,1.566,0.0,59.471195569586136,0.0,0.34716977429709645
2024-03-19 08:00:00,61.24092642046079,-8.3,30.2,174.0,3.132,0.0,3.132,0.0,27.744412932344744,30.364513488116046,0.2,3.132,0.0,0.0,58.10892642046079,0.34716977429709645
2024-03-19 09:00:00,72.27009617666393,-8.1,26.0,254.0,4.572,0.0,4.572,0.0,0.0,67.69809617666392,0.2,4.572,0.0,67.69809617666392,0.0,0.20000000000000098
2024-03-19 10:00:00,64.75839805226045,-8.5,19.5,317.0,5.706,100.0,5.706,59.05239805226044,-60.94760194773956,20.0,0.3121435875838408,5.706,100.0,-40.94760194773956,0.0,0.27534358758384175
2024-03-19 11:00:00,66.81295490457529,-8.9,16.7,355.0,6.39,100.0,6.39,60.42295490457529,-39.57704509542471,0.0,0.38496535055942227,6.39,100.0,-39.57704509542471,0.0,0.3481653505594232
2024-03-19 12:00:00,64.43526757486369,-8.9,15.5,365.0,6.57,100.0,6.57,57.86526757486369,-42.13473242513631,0.0,0.4624932582216731,6.57,100.0,-42.134732425136306,0.0,0.42569325822167403
2024-03-19 13:00:00,72.91223465937611,-9.2,9.7,345.0,6.21,41.25692729766802,6.21,41.25692729766802,25.445307361708096,0.0,0.40717737265274245,6.21,41.25692729766802,0.0,25.44530736170809,0.42569325822167403
2024-03-19 14:00:00,70.88171520070227,-10.1,9.6,298.0,5.364,39.43703703703703,5.364,39.43703703703703,26.08067816366524,0.0,0.3504802462099919,5.364,39.43703703703703,26.080678163665247,0.0,0.3689961317789235
2024-03-19 15:00:00,64.24744129131892,-10.5,13.6,229.0,4.122,100.0,4.122,60.12544129131892,-39.87455870868108,0.0,0.4238494342339651,4.122,100.0,-39.87455870868108,0.0,0.4423653198028967
2024-03-19 16:00:00,64.37036919460186,-10.4,16.8,145.0,2.61,100.0,2.61,61.760369194601864,-38.239630805398136,0.0,0.49421035491589765,2.61,100.0,-38.239630805398136,0.0,0.5127262404848293
2024-03-19 17:00:00,54.6179339876988,-11.2,17.9,59.0,1.062,100.0,1.062,53.5559339876988,-46.4440660123012,0.0,0.5796674363785319,1.062,100.0,-46.4440660123012,0.0,0.5981833219474635
2024-03-19 18:00:00,48.957656333648664,-11.5,17.9,4.0,0.072,100.0,0.072,48.88565633364866,-51.11434366635134,0.0,0.6737178287246184,0.072,100.0,-51.11434366635134,0.0,0.69223371429355
2024-03-19 19:00:00,62.20670685054144,-11.8,17.2,0.0,0.0,100.0,0.0,62.20670685054144,-37.79329314945856,0.0,0.7432574881196221,0.0,100.0,-37.79329314945856,0.0,0.7617733736885537
2024-03-19 20:00:00,54.01378056846828,-12.3,17.1,0.0,0.0,100.0,0.0,54.01378056846828,-45.98621943153172,0.0,0.8278721318736405,0.0,100.0,-45.98621943153172,0.0,0.8463880174425721
2024-03-19 21:00:00,48.29291350509866,-10.8,22.4,0.0,0.0,100.0,0.0,48.29291350509866,-51.70708649490134,0.0,0.923013171024259,0.0,100.0,-51.70708649490134,0.0,0.9415290565931905
2024-03-19 22:00:00,49.15473339683307,-9.7,29.2,0.0,0.0,0.0,0.0,0.0,49.15473339683307,0.0,0.816155054944187,0.0,0.0,30.544481976698687,18.610251420134386,0.8751280088177587
2024-03-19 23:00:00,48.985051925223,-9.6,30.3,0.0,0.0,0.0,0.0,0.0,48.985051925223,0.0,0.7096658116284849,0.0,0.0,48.985051925223,0.0,0.7686387655020565
2024-03-20 00:00:00,44.672439774137914,-9.6,29.8,0.0,0.0,0.0,0.0,0.0,44.672439774137914,0.0,0.6125518121194894,0.0,0.0,44.672439774137914,0.0,0.671524765993061
2024-03-20 01:00:00,48.64036415108906,-9.6,28.4,0.0,0.0,0.0,0.0,0.0,48.64036415108906,0.0,0.5068118900519045,0.0,0.0,48.64036415108906,0.0,0.5657848439254761
2024-03-20 02:00:00,38.663445670286386,-10.1,28.7,0.0,0.0,0.0,0.0,0.0,38.663445670286386,0.0,0.4227609212034559,0.0,0.0,38.663445670286386,0.0,0.4817338750770275
2024-03-20 03:00:00,38.26106731789997,-10.5,30.5,0.0,0.0,0.0,0.0,0.0,38.26106731789997,0.0,0.33958468790367335,0.0,0.0,38.26106731789997,0.0,0.39855764177724495
2024-03-20 04:00:00,41.339444112523,-10.7,29.5,0.0,0.0,0.0,0.0,0.0,41.339444112523,0.0,0.249716331137319,0.0,0.0,0.0,41.339444112523,0.39855764177724495
2024-03-20 05:00:00,36.97252218933192,-10.8,28.1,0.0,0.0,0.0,0.0,0.0,16.97252218933192,20.0,0.21085046184625608,0.0,0.0,36.97252218933192,0.0,0.31818259353956685
2024-03-20 06:00:00,54.57999302820062,-10.9,25.8,12.0,0.216,0.0,0.216,0.0,4.991212449277793,49.37278057892283,0.2,0.216,0.0,54.36399302820062,0.0,0.2000000000000003
2024-03-20 07:00:00,43.79766989992357,-10.9,24.2,79.0,1.422,100.0,1.422,42.37566989992357,-77.62433010007643,20.0,0.34282876738414064,1.422,100.0,-57.62433010007643,0.0,0.3060287673841409
2024-03-20 08:00:00,58.81873571362111,-10.7,20.7,166.0,2.988,100.0,2.988,55.83073571362111,-44.16926428637889,0.0,0.4241002136710778,2.988,100.0,-44.16926428637889,0.0,0.3873002136710781
2024-03-20 09:00:00,70.78965175283807,-11.7,12.8,246.0,4.428,100.0,4.428,66.36165175283807,-33.63834824716193,0.0,0.48599477444585576,4.428,100.0,-33.63834824716193,0.0,0.44919477444585604
2024-03-20 10:00:00,68.50118838293318,-11.2,14.6,308.0,5.544,100.0,5.544,62.95718838293318,-37.04281161706682,0.0,0.5541535478212587,5.544,100.0,-37.04281161706682,0.0,0.517353547821259
2024-03-20 11:00:00,65.1162203846359,-10.5,31.3,346.0,6.228,0.0,6.228,0.0,58.88822038463589,0.0,0.42613567741987635,6.228,0.0,58.88822038463589,0.0,0.3893356774198766
2024-03-20 12:00:00,75.34687783113615,-11.2,29.9,355.0,6.39,0.0,6.39,0.0,68.95687783113615,0.0,0.27622942126523253,6.39,0.0,68.95687783113615,0.0,0.2394294212652328
2024-03-20 13:00:00,77.5701194289084,-12.2,21.3,334.0,6.012,100.0,6.012,71.5581194289084,-28.441880571091602,0.0,0.32856248151604106,6.012,100.0,-28.441880571091602,0.0,0.29176248151604134
2024-03-20 14:00:00,72.7583615959663,-12.5,15.5,287.0,5.166,100.0,5.166,67.59236159596631,-32.40763840403369,0.0,0.38819253617946303,5.166,100.0,-32.40763840403369,0.0,0.3513925361794633
2024-03-20 15:00:00,74.37716744513813,-13.9,13.2,219.0,3.942,100.0,3.942,70.43516744513812,-29.56483255486188,0.0,0.44259182808040887,3.942,100.0,-29.56483255486188,0.0,0.40579182808040914
2024-03-20 16:00:00,69.47748025724079,-14.9,11.6,136.0,2.448,87.25048010973934,2.448,67.02948025724079,-20.22099985249855,0.0,0.4797984678090062,2.448,87.25048010973934,-20.22099985249855,0.0,0.4429984678090065
2024-03-20 17:00:00,76.77496893003068,-15.3,11.9,52.0,0.936,96.70356652949246,0.936,75.83896893003067,-20.86459759946179,0.0,0.518189327392016,0.936,96.70356652949246,-20.86459759946179,0.0,0.4813893273920162
2024-03-20 18:00:00,68.57628774794762,-15.4,11.2,2.0,0.033479999999999996,75.63347050754456,0.033479999999999996,68.54280774794762,-7.090662759596938,0.0,0.5312361468696744,0.033479999999999996,75.63347050754456,-7.090662759596938,0.0,0.4944361468696745
2024-03-20 19:00:00,55.192667645527266,-14.9,15.4,0.0,0.0,100.0,0.0,55.192667645527266,-44.807332354472734,0.0,0.6136816384019042,0.0,100.0,-44.807332354472734,0.0,0.5768816384019043
2024-03-20 20:00:00,58.51641795905029,-13.3,23.0,0.0,0.0,100.0,0.0,58.51641795905029,-41.48358204094971,0.0,0.6900114293572517,0.0,100.0,-41.48358204094971,0.0,0.6532114293572517
2024-03-20 21:00:00,57.39489441800913,-13.6,19.9,0.0,0.0,100.0,0.0,57.39489441800913,-42.60510558199087,0.0,0.7684048236281149,0.0,100.0,-42.60510558199087,0.0,0.731604823628115
2024-03-20 22:00:00,58.44070486587526,-14.6,17.8,0.0,0.0,100.0,0.0,58.44070486587526,-41.55929513412474,0.0,0.8448739266749045,0.0,100.0,-41.55929513412474,0.0,0.8080739266749045
2024-03-20 23:00:00,49.68322602711612,-14.6,10.1,0.0,0.0,49.09615912208504,0.0,49.09615912208504,0.5870669050310795,0.0,0.843597694272663,0.0,49.09615912208504,0.0,0.5870669050310795,0.8080739266749045
2024-03-21 00:00:00,40.13664418606809,-9.2,3.3,0.0,0.0,0.003703703703703697,0.0,0.003703703703703697,40.13294048236438,0.0,0.7563521714849143,0.0,0.003703703703703697,37.46729181585022,2.6656486665141657,0.7266232922926215
2024-03-21 01:00:00,56.40632340244764,-14.6,23.4,0.0,0.0,100.0,0.0,56.40632340244764,-43.59367659755236,0.0,0.8365645364244106,0.0,100.0,-43.59367659755236,0.0,0.8068356572321178
2024-03-21 02:00:00,42.63293078049776,-14.4,25.5,0.0,0.0,0.0,0.0,0.0,42.63293078049776,0.0,0.7438842521189808,0.0,0.0,42.63293078049776,0.0,0.7141553729266878
2024-03-21 03:00:00,46.49780915798967,-14.6,25.0,0.0,0.0,100.0,0.0,46.49780915798967,-53.50219084201033,0.0,0.8423282832682798,0.0,100.0,-53.50219084201033,0.0,0.8125994040759869
2024-03-21 04:00:00,43.77730178311871,-14.6,23.7,0.0,0.0,100.0,0.0,43.77730178311871,-56.22269821688129,0.0,0.9457780479873413,0.0,100.0,-56.22269821688129,0.0,0.9160491687950484
2024-03-21 05:00:00,54.37454825817916,-15.1,23.1,0.0,0.0,100.0,0.0,54.37454825817916,-29.468452180792752,0.0,1.0,0.0,100.0,-45.62545174182084,0.0,0.9999999999999988
2024-03-21 06:00:00,50.92185503797951,-15.1,25.5,9.0,0.162,0.0,0.162,0.0,50.75985503797951,0.0,0.8896524890478706,0.162,0.0,-0.0,50.75985503797951,0.9999999999999988
2024-03-21 07:00:00,62.48966227140683,-14.8,26.6,74.0,1.332,0.0,1.332,0.0,61.15766227140683,0.0,0.756701049327421,1.332,0.0,0.0,61.15766227140683,0.9999999999999988
2024-03-21 08:00:00,64.20862880286973,-14.1,27.6,160.0,2.88,0.0,2.88,0.0,61.32862880286972,0.0,0.6233779432342259,2.88,0.0,61.32862880286972,0.0,0.8666768939068037
2024-03-21 09:00:00,73.42513339065266,-13.8,25.8,240.0,4.32,0.0,4.32,0.0,69.10513339065267,0.0,0.473149392384981,4.32,0.0,59.80981480351794,9.29531858713473,0.7366555573774168
2024-03-21 10:00:00,85.02735020115534,-13.4,27.0,303.0,5.454,0.0,5.454,0.0,79.57335020115535,0.0,0.3001638484694259,5.454,0.0,0.0,79.57335020115535,0.7366555573774168
2024-03-21 11:00:00,72.01337055348151,-13.3,24.8,340.0,6.12,100.0,6.12,65.8933705534815,-34.1066294465185,0.0,0.36292004665101996,6.12,100.0,-34.1066294465185,0.0,0.7994117555590109
2024-03-21 12:00:00,75.25378062737043,-13.3,21.4,349.0,6.282,100.0,6.282,68.97178062737044,-31.028219372629565,0.0,0.4200119702966584,6.282,100.0,-31.028219372629565,0.0,0.8565036792046493
2024-03-21 13:00:00,81.5613259102852,-12.9,20.8,327.0,5.886,100.0,5.886,75.67532591028521,-24.32467408971479,0.0,0.4647693706217336,5.886,100.0,-24.32467408971479,0.0,0.9012610795297246
2024-03-21 14:00:00,78.3496134319834,-13.3,21.4,281.0,5.058,100.0,5.058,73.2916134319834,-26.708386568016607,0.0,0.5139128019068842,5.058,100.0,-26.708386568016593,0.0,0.9504045108148751
2024-03-21 15:00:00,79.76883552528142,-13.2,25.6,213.0,3.834,0.0,3.834,0.0,75.93483552528141,0.0,0.34883707250409846,3.834,0.0,0.0,75.93483552528141,0.9504045108148751
2024-03-21 16:00:00,75.36792979069338,-13.7,24.5,129.0,2.322,100.0,2.322,73.04592979069338,-26.95407020930662,0.0,0.39843256168922264,2.322,100.0,-26.95407020930662,0.0,0.9999999999999993
2024-03-21 17:00:00,70.83218465291766,-14.1,25.3,46.0,0.828,0.0,0.828,0.0,70.00418465291766,0.0,0.24624955157418427,0.828,0.0,0.0,70.00418465291766,0.9999999999999993
2024-03-21 18:00:00,70.25157794658465,-14.0,28.8,1.0,0.018,0.0,0.018,0.0,21.274793724124756,48.95878422245989,0.2,0.018,0.0,0.0,70.23357794658465,0.9999999999999993
2024-03-21 19:00:00,71.74969044995927,-13.8,31.4,0.0,0.0,0.0,0.0,0.0,0.0,71.74969044995927,0.2,0.0,0.0,71.74969044995927,0.0,0.8440224120653053
2024-03-21 20:00:00,55.67615543745723,-13.7,36.1,0.0,0.0,0.0,0.0,0.0,0.0,55.67615543745723,0.2,0.0,0.0,0.0,55.67615543745723,0.8440224120653053
2024-03-21 21:00:00,50.603995499119634,-13.7,38.3,0.0,0.0,0.0,0.0,0.0,0.0,50.603995499119634,0.2,0.0,0.0,4.256846062397601,46.347149436722034,0.83476839888618
2024-03-21 22:00:00,46.472927271723286,-13.5,40.2,0.0,0.0,0.0,0.0,0.0,0.0,46.472927271723286,0.2,0.0,0.0,0.0,46.472927271723286,0.83476839888618
2024-03-21 23:00:00,52.39713984868277,-13.1,36.5,0.0,0.0,0.0,0.0,0.0,0.0,52.39713984868277,0.2,0.0,0.0,0.0,52.39713984868277,0.83476839888618
2024-03-22 00:00:00,53.07183811564176,-13.1,40.9,0.0,0.0,0.0,0.0,0.0,0.0,53.07183811564176,0.2,0.0,0.0,0.0,53.07183811564176,0.83476839888618
2024-03-22 01:00:00,41.02731533333032,-12.9,42.7,0.0,0.0,0.0,0.0,0.0,0.0,41.02731533333032,0.2,0.0,0.0,0.0,41.02731533333032,0.83476839888618
2024-03-22 02:00:00,29.669932252803264,-12.9,44.8,0.0,0.0,0.0,0.0,0.0,0.0,29.669932252803264,0.2,0.0,0.0,0.0,29.669932252803264,0.83476839888618
2024-03-22 03:00:00,36.97621630038457,-12.9,46.1,0.0,0.0,0.0,0.0,0.0,0.0,36.97621630038457,0.2,0.0,0.0,0.0,36.97621630038457,0.83476839888618
2024-03-22 04:00:00,46.28927088903499,-12.8,48.7,0.0,0.0,0.0,0.0,0.0,0.0,46.28927088903499,0.2,0.0,0.0,0.0,46.28927088903499,0.83476839888618
2024-03-22 05:00:00,46.041384305085835,-12.5,50.8,0.0,0.0,0.0,0.0,0.0,0.0,46.041384305085835,0.2,0.0,0.0,46.041384305085835,0.0,0.7346784330055587
2024-03-22 06:00:00,53.10173873377684,-12.1,53.2,6.0,0.0021600000000000018,0.0,0.0021600000000000018,0.0,0.0,53.09957873377684,0.2,0.0021600000000000018,0.0,0.0,53.09957873377684,0.7346784330055587
2024-03-22 07:00:00,55.43327790862202,-11.8,54.6,57.0,0.0,0.0,0.0,0.0,0.0,55.43327790862202,0.2,0.0,0.0,0.0,55.43327790862202,0.7346784330055587
2024-03-22 08:00:00,68.32044562354882,-11.3,56.4,129.0,0.0,0.0,0.0,0.0,0.0,68.32044562354882,0.2,0.0,0.0,0.0,68.32044562354882,0.7346784330055587
2024-03-22 09:00:00,70.46595900877318,-11.0,55.7,212.0,1.29744,0.0,1.29744,0.0,0.0,69.16851900877319,0.2,1.29744,0.0,0.0,69.16851900877319,0.7346784330055587
2024-03-22 10:00:00,73.65731736181901,-10.6,55.2,276.0,2.63304,0.0,2.63304,0.0,0.0,71.02427736181902,0.2,2.63304,0.0,0.0,71.02427736181902,0.7346784330055587
2024-03-22 11:00:00,67.62032841513341,-10.3,55.9,316.0,2.5027199999999996,0.0,2.5027199999999996,0.0,0.0,65.11760841513342,0.2,2.5027199999999996,0.0,0.0,65.11760841513342,0.7346784330055587
2024-03-22 12:00:00,65.62184081805422,-10.0,55.2,321.0,0.0,0.0,0.0,0.0,0.0,65.62184081805422,0.2,0.0,0.0,0.0,65.62184081805422,0.7346784330055587
2024-03-22 13:00:00,68.29285844090481,-9.8,58.2,230.0,0.0,0.0,0.0,0.0,0.0,68.29285844090481,0.2,0.0,0.0,0.0,68.29285844090481,0.7346784330055587
2024-03-22 14:00:00,64.3596268593211,-9.5,59.6,190.0,0.0,0.0,0.0,0.0,0.0,64.3596268593211,0.2,0.0,0.0,0.0,64.3596268593211,0.7346784330055587
2024-03-22 15:00:00,67.86531547687564,-9.3,58.2,132.0,0.0,0.0,0.0,0.0,0.0,67.86531547687564,0.2,0.0,0.0,0.0,67.86531547687564,0.7346784330055587
2024-03-22 16:00:00,66.9575408597326,-8.7,51.7,79.0,0.0,0.0,0.0,0.0,0.0,66.9575408597326,0.2,0.0,0.0,0.0,66.9575408597326,0.7346784330055587
2024-03-22 17:00:00,65.77570733097421,-8.4,52.3,26.0,0.0,0.0,0.0,0.0,0.0,65.77570733097421,0.2,0.0,0.0,0.0,65.77570733097421,0.7346784330055587
2024-03-22 18:00:00,59.080535741418565,-8.5,57.4,0.0,0.0,0.0,0.0,0.0,0.0,59.080535741418565,0.2,0.0,0.0,0.0,59.080535741418565,0.7346784330055587
2024-03-22 19:00:00,49.17374740634232,-8.4,54.8,0.0,0.0,0.0,0.0,0.0,0.0,49.17374740634232,0.2,0.0,0.0,0.0,49.17374740634232,0.7346784330055587
2024-03-22 20:00:00,46.94341335212999,-7.8,54.6,0.0,0.0,0.0,0.0,0.0,0.0,46.94341335212999,0.2,0.0,0.0,0.0,46.94341335212999,0.7346784330055587
2024-03-22 21:00:00,45.82425959373535,-7.7,54.4,0.0,0.0,0.0,0.0,0.0,0.0,45.82425959373535,0.2,0.0,0.0,0.0,45.82425959373535,0.7346784330055587
2024-03-22 22:00:00,45.94731954068262,-7.5,53.6,0.0,0.0,0.0,0.0,0.0,0.0,45.94731954068262,0.2,0.0,0.0,0.0,45.94731954068262,0.7346784330055587
2024-03-22 23:00:00,41.38881949346204,-7.2,51.4,0.0,0.0,0.0,0.0,0.0,0.0,41.38881949346204,0.2,0.0,0.0,0.0,41.38881949346204,0.7346784330055587
2024-03-23 00:00:00,36.38133967184543,-7.1,52.8,0.0,0.0,0.0,0.0,0.0,0.0,36.38133967184543,0.2,0.0,0.0,0.0,36.38133967184543,0.7346784330055587
2024-03-23 01:00:00,33.351399828424746,-6.9,54.7,0.0,0.0,0.0,0.0,0.0,0.0,33.351399828424746,0.2,0.0,0.0,0.0,33.351399828424746,0.7346784330055587
2024-03-23 02:00:00,25.507391125466583,-6.7,53.8,0.0,0.0,0.0,0.0,0.0,0.0,25.507391125466583,0.2,0.0,0.0,0.0,25.507391125466583,0.7346784330055587
2024-03-23 03:00:00,20.40262538065995,-6.7,54.7,0.0,0.0,0.0,0.0,0.0,0.0,20.40262538065995,0.2,0.0,0.0,0.0,20.40262538065995,0.7346784330055587
2024-03-23 04:00:00,38.34109088522538,-6.5,54.4,0.0,0.0,0.0,0.0,0.0,0.0,38.34109088522538,0.2,0.0,0.0,0.0,38.34109088522538,0.7346784330055587
2024-03-23 05:00:00,53.60115187571428,-6.3,53.8,0.0,0.0,0.0,0.0,0.0,0.0,53.60115187571428,0.2,0.0,0.0,0.0,53.60115187571428,0.7346784330055587
2024-03-23 06:00:00,56.98389761895713,-5.9,52.2,4.0,0.0,0.0,0.0,0.0,0.0,56.98389761895713,0.2,0.0,0.0,0.0,56.98389761895713,0.7346784330055587
2024-03-23 07:00:00,49.10884293938514,-5.5,55.0,39.0,0.0,0.0,0.0,0.0,0.0,49.10884293938514,0.2,0.0,0.0,49.10884293938514,0.0,0.6279200787895041
2024-03-23 08:00:00,60.749516486953056,-5.0,58.6,85.0,0.0,0.0,0.0,0.0,0.0,60.749516486953056,0.2,0.0,0.0,0.0,60.749516486953056,0.6279200787895041
2024-03-23 09:00:00,58.67710244974917,-4.7,63.7,132.0,0.0,0.0,0.0,0.0,0.0,58.67710244974917,0.2,0.0,0.0,0.0,58.67710244974917,0.6279200787895041
2024-03-23 10:00:00,62.4394523457094,-4.4,64.8,165.0,0.0,0.0,0.0,0.0,0.0,62.4394523457094,0.2,0.0,0.0,62.4394523457094,0.0,0.4921821389075271
2024-03-23 11:00:00,60.0126370118481,-4.3,67.6,189.0,0.0,0.0,0.0,0.0,0.0,60.0126370118481,0.2,0.0,0.0,0.0,60.0126370118481,0.4921821389075271
2024-03-23 12:00:00,61.87250657779084,-4.2,66.5,182.0,0.0,0.0,0.0,0.0,0.0,61.87250657779084,0.2,0.0,0.0,0.0,61.87250657779084,0.4921821389075271
2024-03-23 13:00:00,65.08770194894012,-4.3,68.0,165.0,0.0,0.0,0.0,0.0,0.0,65.08770194894012,0.2,0.0,0.0,65.08770194894012,0.0,0.3506871346707008
2024-03-23 14:00:00,70.2635098540343,-4.2,64.3,146.0,0.0,0.0,0.0,0.0,0.0,70.2635098540343,0.2,0.0,0.0,0.0,70.2635098540343,0.3506871346707008
2024-03-23 15:00:00,69.31608194852141,-4.2,58.4,103.0,0.0,0.0,0.0,0.0,0.0,69.31608194852141,0.2,0.0,0.0,69.31608194852141,0.0,0.20000000000000207
2024-03-23 16:00:00,61.31559538302421,-4.1,51.7,53.0,0.0,0.0,0.0,0.0,0.0,61.31559538302421,0.2,0.0,0.0,0.0,61.31559538302421,0.20000000000000207
2024-03-23 17:00:00,60.18100985331314,-3.8,45.9,16.0,0.0,0.0,0.0,0.0,0.0,60.18100985331314,0.2,0.0,0.0,0.0,60.18100985331314,0.20000000000000207
2024-03-23 18:00:00,51.530937466548956,-3.5,40.5,0.0,0.0,0.0,0.0,0.0,0.0,51.530937466548956,0.2,0.0,0.0,0.0,51.530937466548956,0.20000000000000207
2024-03-23 19:00:00,47.27751487871409,-3.4,34.1,0.0,0.0,0.0,0.0,0.0,0.0,47.27751487871409,0.2,0.0,0.0,0.0,47.27751487871409,0.20000000000000207
2024-03-23 20:00:00,43.50513826975845,-3.6,26.9,0.0,0.0,0.0,0.0,0.0,0.0,43.50513826975845,0.2,0.0,0.0,0.0,43.50513826975845,0.20000000000000207
2024-03-23 21:00:00,51.24623900564114,-4.1,29.1,0.0,0.0,0.0,0.0,0.0,0.0,51.24623900564114,0.2,0.0,0.0,0.0,51.24623900564114,0.20000000000000207
2024-03-23 22:00:00,43.31046075955879,-4.2,31.1,0.0,0.0,0.0,0.0,0.0,0.0,43.31046075955879,0.2,0.0,0.0,0.0,43.31046075955879,0.20000000000000207
2024-03-23 23:00:00,32.64439868587799,-3.3,28.1,0.0,0.0,0.0,0.0,0.0,0.0,32.64439868587799,0.2,0.0,0.0,0.0,32.64439868587799,0.20000000000000207
2024-03-24 00:00:00,41.68455523658195,-5.2,13.7,0.0,0.0,100.0,0.0,41.68455523658195,-78.31544476341804,20.0,0.34410041836468924,0.0,100.0,-58.31544476341805,0.0,0.3073004183646913
2024-03-24 01:00:00,32.75589334106958,-4.8,13.0,0.0,0.0,100.0,0.0,32.75589334106958,-67.24410665893042,0.0,0.4678295746171212,0.0,100.0,-67.24410665893042,0.0,0.43102957461712327
2024-03-24 02:00:00,44.30189409486486,-5.6,9.2,0.0,0.0,32.69245541838133,0.0,32.69245541838133,11.609438676483535,0.0,0.4425916644508527,0.0,32.69245541838133,0.0,11.609438676483535,0.43102957461712327
2024-03-24 03:00:00,33.10589139206587,-3.4,4.5,0.0,0.0,0.46296296296296285,0.0,0.46296296296296285,32.64292842910291,0.0,0.3716287765614985,0.0,0.46296296296296285,0.0,32.64292842910291,0.43102957461712327
2024-03-24 04:00:00,42.4075299290956,-7.7,9.7,0.0,0.0,41.25692729766802,0.0,41.25692729766802,1.1506026314275815,0.0,0.3691274664931777,0.0,41.25692729766802,0.0,1.1506026314275815,0.43102957461712327
2024-03-24 05:00:00,47.44481513692494,-7.9,9.7,0.0,0.0,41.25692729766802,0.0,41.25692729766802,6.187887839256916,0.0,0.35567553640783656,0.0,41.25692729766802,0.0,6.187887839256916,0.43102957461712327
2024-03-24 06:00:00,43.22535773721479,-6.7,7.4,3.0,0.007560000000000001,11.685048010973938,0.007560000000000001,11.685048010973938,31.53274972624086,0.0,0.287126080481226,0.007560000000000001,11.685048010973938,0.0,31.532749726240855,0.43102957461712327
2024-03-24 07:00:00,54.38023558777354,-5.2,1.8,45.0,0.567,0.0,0.567,0.0,33.81323558777354,20.0,0.2115271610378064,0.567,0.0,0.0,53.81323558777354,0.43102957461712327
2024-03-24 08:00:00,62.76733950694073,-5.8,4.1,122.0,1.47132,0.18257887517146756,1.47132,0.18257887517146756,5.302494077390933,55.81094655437833,0.2,1.47132,0.18257887517146756,0.0,61.113440631769265,0.43102957461712327
2024-03-24 09:00:00,66.57773086205053,-6.4,1.8,201.0,1.1939399999999998,0.0,1.1939399999999998,0.0,0.0,65.38379086205053,0.2,1.1939399999999998,0.0,0.0,65.38379086205053,0.43102957461712327
2024-03-24 10:00:00,70.80550379654909,-7.2,3.7,250.0,0.09000000000000008,0.0470507544581619,0.09000000000000008,0.0470507544581619,0.0,70.66845304209093,0.2,0.09000000000000008,0.0470507544581619,0.0,70.66845304209093,0.43102957461712327
2024-03-24 11:00:00,59.35185303220423,-9.1,4.7,278.0,0.05004000000000004,0.6739368998628261,0.05004000000000004,0.6739368998628261,0.0,58.627876132341406,0.2,0.05004000000000004,0.6739368998628261,58.627876132341406,0.0,0.3035776699815985
2024-03-24 12:00:00,65.77018109857262,-9.0,4.0,275.0,2.4255,0.1371742112482853,2.4255,0.1371742112482853,0.0,63.207506887324335,0.2,2.4255,0.1371742112482853,0.0,63.207506887324335,0.3035776699815985
2024-03-24 13:00:00,65.21917902913646,-10.6,6.5,285.0,4.463100000000001,5.881344307270234,4.463100000000001,5.881344307270234,0.0,54.874734721866226,0.2,4.463100000000001,5.881344307270234,0.0,54.87473472186622,0.3035776699815985
2024-03-24 14:00:00,71.89725611642069,-10.4,11.4,244.0,4.392,81.30370370370372,4.392,67.5052561164207,-33.79844758728302,20.0,0.26218914356060075,4.392,81.30370370370372,-13.798447587283022,0.0,0.32896681354219925
2024-03-24 15:00:00,70.59994422775732,-10.0,15.8,181.0,3.258,100.0,3.258,67.34194422775732,-32.658055772242676,0.0,0.32227996618152727,3.258,100.0,-32.658055772242676,0.0,0.3890576361631258
2024-03-24 16:00:00,69.49404253759137,-11.2,14.1,103.0,1.854,100.0,1.854,67.64004253759137,-32.35995746240863,0.0,0.38182228791235917,1.854,100.0,-32.35995746240863,0.0,0.4485999578939577
2024-03-24 17:00:00,69.49359862744737,-13.1,11.3,28.0,0.504,78.43443072702333,0.504,68.98959862744736,-9.444832099575962,0.0,0.39920077897557893,0.504,78.43443072702333,-9.444832099575962,0.0,0.46597844895717744
2024-03-24 18:00:00,68.52314148092259,-13.5,10.1,0.0,0.0,49.09615912208504,0.0,49.09615912208504,19.42698235883755,0.0,0.3569682086302799,0.0,49.09615912208504,0.0,19.42698235883755,0.46597844895717744
2024-03-24 19:00:00,65.54205526944392,-13.6,11.5,0.0,0.0,84.24211248285322,0.0,65.54205526944392,-18.700057213409295,0.0,0.391376313902953,0.0,84.24211248285322,-18.700057213409295,0.0,0.5003865542298506
2024-03-24 20:00:00,65.70250580691963,-13.4,13.2,0.0,0.0,100.0,0.0,65.70250580691963,-34.29749419308037,0.0,0.4544837032182209,0.0,100.0,-34.29749419308037,0.0,0.5634939435451185
2024-03-24 21:00:00,54.42974650268614,-13.3,13.7,0.0,0.0,100.0,0.0,54.42974650268614,-45.57025349731386,0.0,0.5383329696532784,0.0,100.0,-45.57025349731386,0.0,0.647343209980176
2024-03-24 22:00:00,51.632284967211945,-13.1,14.8,0.0,0.0,100.0,0.0,51.632284967211945,-48.367715032788055,0.0,0.6273295653136084,0.0,100.0,-48.367715032788055,0.0,0.736339805640506
2024-03-24 23:00:00,52.26033404488055,-13.2,14.3,0.0,0.0,100.0,0.0,52.26033404488055,-47.73966595511945,0.0,0.7151705506710282,0.0,100.0,-47.73966595511945,0.0,0.8241807909979258
2024-03-25 00:00:00,44.79806195118243,-13.0,8.6,0.0,0.0,24.089986282578877,0.0,24.089986282578877,20.708075668603556,0.0,0.6701529948697161,0.0,24.089986282578877,0.0,20.708075668603556,0.8241807909979258
2024-03-25 01:00:00,38.986162636610075,-14.1,9.2,0.0,0.0,32.69245541838133,0.0,32.69245541838133,6.293707218228747,0.0,0.6564710226561754,0.0,32.69245541838133,0.0,6.293707218228747,0.8241807909979258
2024-03-25 02:00:00,47.01615087291385,-15.7,10.6,0.0,0.0,60.2161865569273,0.0,47.01615087291385,-13.20003568401345,0.0,0.6807590883147602,0.0,60.2161865569273,-13.20003568401345,0.0,0.8484688566565106
2024-03-25 03:00:00,43.36988157692028,-15.6,12.4,0.0,0.0,100.0,0.0,43.36988157692028,-56.63011842307972,0.0,0.7849585062132268,0.0,100.0,-56.63011842307972,0.0,0.9526682745549773
2024-03-25 04:00:00,40.27486294132816,-14.5,9.6,0.0,0.0,39.43703703703703,0.0,39.43703703703703,0.8378259042911296,0.0,0.7831371455517244,0.0,39.43703703703703,0.0,0.8378259042911296,0.9526682745549773
2024-03-25 05:00:00,50.627709646899184,-13.5,7.1,0.0,0.0,9.45418381344307,0.0,9.45418381344307,41.17352583345611,0.0,0.6936294806963851,0.0,9.45418381344307,41.17352583345611,0.0,0.8631606096996379
2024-03-25 06:00:00,58.95566507514624,-11.9,6.1,2.0,0.036,4.086556927297666,0.036,4.086556927297666,54.83310814784858,0.0,0.5744270716793229,0.036,4.086556927297666,0.0,54.83310814784858,0.8631606096996379
2024-03-25 07:00:00,47.87628726855457,-10.9,5.9,50.0,0.9,3.345541838134431,0.9,3.345541838134431,43.63074543042014,0.0,0.4795776250914531,0.9,3.345541838134431,0.0,43.63074543042014,0.8631606096996379
2024-03-25 08:00:00,66.86162497608241,-10.7,2.9,130.0,2.34,0.0,2.34,0.0,64.5216249760824,0.0,0.3393132229695348,2.34,0.0,0.0,64.5216249760824,0.8631606096996379
2024-03-25 09:00:00,53.31466242127159,-9.9,1.1,207.0,3.726,0.0,3.726,0.0,49.58866242127159,0.0,0.23151178292329222,3.726,0.0,0.0,49.58866242127159,0.8631606096996379
2024-03-25 10:00:00,66.99856684909243,-9.5,2.1,266.0,4.788,0.0,4.788,0.0,14.495420144714418,47.715146704378014,0.2,4.788,0.0,62.21056684909243,0.0,0.7279202469842196
2024-03-25 11:00:00,75.2025795612129,-8.7,3.4,303.0,5.454,0.008779149519890254,5.454,0.008779149519890254,0.0,69.73980041169301,0.2,5.454,0.008779149519890254,0.0,69.73980041169301,0.7279202469842196
2024-03-25 12:00:00,61.358379757435664,-7.8,5.4,311.0,5.598,1.8962962962962973,5.598,1.8962962962962973,0.0,53.864083461139366,0.2,5.598,1.8962962962962973,0.0,53.864083461139366,0.7279202469842196
2024-03-25 13:00:00,66.44969197910495,-9.0,6.8,291.0,5.238,7.527023319615912,5.238,7.527023319615912,0.0,53.68466865948904,0.2,5.238,7.527023319615912,0.0,53.68466865948904,0.7279202469842196
2024-03-25 14:00:00,72.81433100386778,-7.5,4.3,246.0,4.428,0.30137174211248274,4.428,0.30137174211248274,0.0,68.0849592617553,0.2,4.428,0.30137174211248274,68.0849592617553,0.0,0.5799094659804038
2024-03-25 15:00:00,57.41763242969674,-7.8,3.7,179.0,3.222,0.0470507544581619,3.222,0.0470507544581619,0.0,54.148581675238574,0.2,3.222,0.0470507544581619,0.0,54.148581675238574,0.5799094659804038
2024-03-25 16:00:00,73.33547400419879,-13.8,13.8,98.0,1.764,100.0,1.764,71.57147400419879,-48.42852599580121,20.0,0.2891084878322742,1.764,100.0,-28.42852599580121,0.0,0.6322179538126781
2024-03-25 17:00:00,65.32106535980654,-12.0,23.4,24.0,0.34128000000000003,100.0,0.34128000000000003,64.97978535980654,-35.02021464019346,0.0,0.3535456827702302,0.34128000000000003,100.0,-35.02021464019346,0.0,0.6966551487506341
2024-03-25 18:00:00,68.2116048662437,-10.8,36.4,0.0,0.0,0.0,0.0,0.0,68.2116048662437,0.0,0.2052595852349178,0.0,0.0,17.018337974004474,51.19326689223923,0.6596587618506243
2024-03-25 19:00:00,47.82129584501088,-10.0,43.3,0.0,0.0,0.0,0.0,0.0,2.419409208062184,45.401886636948696,0.2,0.0,0.0,0.0,47.82129584501088,0.6596587618506243
2024-03-25 20:00:00,49.09230341774939,-9.8,38.5,0.0,0.0,0.0,0.0,0.0,0.0,49.09230341774939,0.2,0.0,0.0,49.09230341774939,0.0,0.5529363631163865
2024-03-25 21:00:00,43.35822104588192,-10.0,32.8,0.0,0.0,0.0,0.0,0.0,0.0,43.35822104588192,0.2,0.0,0.0,0.0,43.35822104588192,0.5529363631163865
2024-03-25 22:00:00,40.3904409815431,-10.3,23.2,0.0,0.0,100.0,0.0,40.3904409815431,-79.6095590184569,20.0,0.3464815885939607,0.0,100.0,-59.6095590184569,0.0,0.6626179517103472
2024-03-25 23:00:00,47.637013635322894,-9.2,25.7,0.0,0.0,0.0,0.0,0.0,47.637013635322894,0.0,0.24292286329978052,0.0,0.0,0.0,47.637013635322894,0.6626179517103472
2024-03-26 00:00:00,42.133257510004086,-7.9,35.0,0.0,0.0,0.0,0.0,0.0,19.744517117899036,22.38874039210505,0.2,0.0,0.0,0.0,42.133257510004086,0.6626179517103472
2024-03-26 01:00:00,36.2221640178674,-7.9,35.3,0.0,0.0,0.0,0.0,0.0,0.0,36.2221640178674,0.2,0.0,0.0,0.0,36.2221640178674,0.6626179517103472
2024-03-26 02:00:00,33.41077049428732,-8.2,35.5,0.0,0.0,0.0,0.0,0.0,0.0,33.41077049428732,0.2,0.0,0.0,0.0,33.41077049428732,0.6626179517103472
2024-03-26 03:00:00,33.18386461527302,-8.3,33.6,0.0,0.0,0.0,0.0,0.0,0.0,33.18386461527302,0.2,0.0,0.0,0.0,33.18386461527302,0.6626179517103472
2024-03-26 04:00:00,36.63098411296153,-7.9,35.7,0.0,0.0,0.0,0.0,0.0,0.0,36.63098411296153,0.2,0.0,0.0,0.0,36.63098411296153,0.6626179517103472
2024-03-26 05:00:00,35.67777327855368,-7.4,38.3,0.0,0.0,0.0,0.0,0.0,0.0,35.67777327855368,0.2,0.0,0.0,0.0,35.67777327855368,0.6626179517103472
2024-03-26 06:00:00,46.706352287174,-7.8,36.3,1.0,0.0,0.0,0.0,0.0,0.0,46.706352287174,0.2,0.0,0.0,0.0,46.706352287174,0.6626179517103472
2024-03-26 07:00:00,52.20396654173928,-8.0,30.3,32.0,0.02304000000000002,0.0,0.02304000000000002,0.0,0.0,52.180926541739275,0.2,0.02304000000000002,0.0,0.0,52.180926541739275,0.6626179517103472
2024-03-26 08:00:00,56.211016467983285,-7.7,31.3,95.0,0.0,0.0,0.0,0.0,0.0,56.211016467983285,0.2,0.0,0.0,0.0,56.211016467983285,0.6626179517103472
2024-03-26 09:00:00,66.77523128152487,-7.2,31.7,147.0,0.0,0.0,0.0,0.0,0.0,66.77523128152487,0.2,0.0,0.0,0.0,66.77523128152487,0.6626179517103472
2024-03-26 10:00:00,70.1994474005908,-7.5,27.3,198.0,0.0,0.0,0.0,0.0,0.0,70.1994474005908,0.2,0.0,0.0,0.0,70.1994474005908,0.6626179517103472
2024-03-26 11:00:00,63.21676392854146,-7.8,24.1,250.0,0.0,100.0,0.0,63.21676392854146,-56.78323607145854,20.0,0.3044811543714837,0.0,100.0,-36.78323607145854,0.0,0.7302991060818309
2024-03-26 12:00:00,62.27932924616873,-7.5,26.2,250.0,0.04500000000000004,0.0,0.04500000000000004,0.0,42.23432924616873,20.0,0.21072168324707335,0.04500000000000004,0.0,0.0,62.23432924616873,0.7302991060818309
2024-03-26 13:00:00,76.79311863450428,-7.9,21.5,237.0,0.08532000000000008,100.0,0.08532000000000008,76.70779863450429,-43.292201365495714,20.0,0.29037933375958547,0.08532000000000008,100.0,-23.292201365495714,0.0,0.773156756594343
2024-03-26 14:00:00,79.60216629301068,-8.2,21.8,186.0,0.0,100.0,0.0,79.60216629301068,-20.397833706989317,0.0,0.32791134778044584,0.0,100.0,-20.397833706989317,0.0,0.8106887706152034
2024-03-26 15:00:00,60.72954904935132,-8.5,22.7,121.0,0.0,100.0,0.0,60.72954904935132,-39.27045095064868,0.0,0.4001689775296394,0.0,100.0,-39.27045095064868,0.0,0.882946400364397
2024-03-26 16:00:00,58.42776216705721,-8.7,26.8,65.0,0.0,0.0,0.0,0.0,58.42776216705721,0.0,0.2731521032534281,0.0,0.0,0.0,58.42776216705721,0.882946400364397
2024-03-26 17:00:00,54.70298361504002,-9.0,27.3,14.0,0.0,0.0,0.0,0.0,33.64996749657692,21.0530161184631,0.2,0.0,0.0,0.0,54.70298361504002,0.882946400364397
2024-03-26 18:00:00,62.285269699861196,-8.8,29.4,0.0,0.0,0.0,0.0,0.0,0.0,62.285269699861196,0.2,0.0,0.0,0.0,62.285269699861196,0.882946400364397
2024-03-26 19:00:00,52.00735350212153,-9.2,26.8,0.0,0.0,0.0,0.0,0.0,0.0,52.00735350212153,0.2,0.0,0.0,0.0,52.00735350212153,0.882946400364397
2024-03-26 20:00:00,52.198371217981496,-9.4,25.8,0.0,0.0,0.0,0.0,0.0,0.0,52.198371217981496,0.2,0.0,0.0,0.0,52.198371217981496,0.882946400364397
2024-03-26 21:00:00,57.98483666640442,-9.4,26.7,0.0,0.0,0.0,0.0,0.0,0.0,57.98483666640442,0.2,0.0,0.0,0.0,57.98483666640442,0.882946400364397
2024-03-26 22:00:00,44.94767602844769,-9.7,26.7,0.0,0.0,0.0,0.0,0.0,0.0,44.94767602844769,0.2,0.0,0.0,0.0,44.94767602844769,0.882946400364397
2024-03-26 23:00:00,45.5312436087866,-9.8,25.9,0.0,0.0,0.0,0.0,0.0,0.0,45.5312436087866,0.2,0.0,0.0,0.0,45.5312436087866,0.882946400364397
2024-03-27 00:00:00,44.60210374650197,-9.8,26.6,0.0,0.0,0.0,0.0,0.0,0.0,44.60210374650197,0.2,0.0,0.0,0.0,44.60210374650197,0.882946400364397
2024-03-27 01:00:00,36.383913241520254,-10.2,24.2,0.0,0.0,100.0,0.0,36.383913241520254,-83.61608675847975,20.0,0.35385359963560276,0.0,100.0,-63.616086758479746,0.0,0.9999999999999997
2024-03-27 02:00:00,41.29580865870929,-9.6,28.2,0.0,0.0,0.0,0.0,0.0,41.29580865870929,0.0,0.2640801025514521,0.0,0.0,0.0,41.29580865870929,0.9999999999999997
2024-03-27 03:00:00,31.75149595449907,-9.5,27.3,0.0,0.0,0.0,0.0,0.0,11.75149595449907,20.0,0.23261464624327077,0.0,0.0,0.0,31.75149595449907,0.9999999999999997
2024-03-27 04:00:00,45.69939893222088,-9.2,27.9,0.0,0.0,0.0,0.0,0.0,15.002737271904552,30.69666166031633,0.2,0.0,0.0,45.69939893222088,0.0,0.9006534805821282
2024-03-27 05:00:00,39.062745173954404,-9.0,33.1,0.0,0.0,0.0,0.0,0.0,0.0,39.062745173954404,0.2,0.0,0.0,0.0,39.062745173954404,0.9006534805821282
2024-03-27 06:00:00,45.61016139731953,-8.8,36.2,0.0,0.0,0.0,0.0,0.0,0.0,45.61016139731953,0.2,0.0,0.0,0.0,45.61016139731953,0.9006534805821282
2024-03-27 07:00:00,48.55756088186604,-8.5,39.6,27.0,0.0,0.0,0.0,0.0,0.0,48.55756088186604,0.2,0.0,0.0,0.0,48.55756088186604,0.9006534805821282
2024-03-27 08:00:00,55.378702945916764,-7.9,40.4,78.0,0.0,0.0,0.0,0.0,0.0,55.378702945916764,0.2,0.0,0.0,0.0,55.378702945916764,0.9006534805821282
2024-03-27 09:00:00,63.866178388357326,-7.3,40.2,141.0,0.0,0.0,0.0,0.0,0.0,63.866178388357326,0.2,0.0,0.0,0.0,63.866178388357326,0.9006534805821282
2024-03-27 10:00:00,56.84325721044694,-6.9,40.4,187.0,0.03366000000000003,0.0,0.03366000000000003,0.0,0.0,56.809597210446945,0.2,0.03366000000000003,0.0,0.0,56.809597210446945,0.9006534805821282
2024-03-27 11:00:00,64.83333829412202,-6.6,39.3,238.0,0.04284000000000004,0.0,0.04284000000000004,0.0,0.0,64.79049829412202,0.2,0.04284000000000004,0.0,0.0,64.79049829412202,0.9006534805821282
2024-03-27 12:00:00,60.460128813792416,-5.7,38.7,225.0,0.0,0.0,0.0,0.0,0.0,60.460128813792416,0.2,0.0,0.0,0.0,60.460128813792416,0.9006534805821282
2024-03-27 13:00:00,69.95005549305915,-6.7,37.2,187.0,0.0,0.0,0.0,0.0,0.0,69.95005549305915,0.2,0.0,0.0,0.0,69.95005549305915,0.9006534805821282
2024-03-27 14:00:00,71.11490369178412,-6.6,31.9,139.0,0.0,0.0,0.0,0.0,0.0,71.11490369178412,0.2,0.0,0.0,0.0,71.11490369178412,0.9006534805821282
2024-03-27 15:00:00,62.46181284450351,-6.4,28.6,106.0,0.0,0.0,0.0,0.0,0.0,62.46181284450351,0.2,0.0,0.0,0.0,62.46181284450351,0.9006534805821282
2024-03-27 16:00:00,60.707246202870465,-5.7,33.2,46.0,0.0,0.0,0.0,0.0,0.0,60.707246202870465,0.2,0.0,0.0,0.0,60.707246202870465,0.9006534805821282
2024-03-27 17:00:00,58.82690980739551,-5.4,40.3,7.0,0.0,0.0,0.0,0.0,0.0,58.82690980739551,0.2,0.0,0.0,0.0,58.82690980739551,0.9006534805821282
2024-03-27 18:00:00,64.42978277237924,-5.2,43.0,0.0,0.0,0.0,0.0,0.0,0.0,64.42978277237924,0.2,0.0,0.0,0.0,64.42978277237924,0.9006534805821282
2024-03-27 19:00:00,49.88847659771779,-5.1,46.2,0.0,0.0,0.0,0.0,0.0,0.0,49.88847659771779,0.2,0.0,0.0,0.0,49.88847659771779,0.9006534805821282
2024-03-27 20:00:00,47.40119667524673,-4.8,48.3,0.0,0.0,0.0,0.0,0.0,0.0,47.40119667524673,0.2,0.0,0.0,0.0,47.40119667524673,0.9006534805821282
2024-03-27 21:00:00,42.35707924191425,-4.9,45.1,0.0,0.0,0.0,0.0,0.0,0.0,42.35707924191425,0.2,0.0,0.0,0.0,42.35707924191425,0.9006534805821282
2024-03-27 22:00:00,37.58980260281908,-4.6,42.2,0.0,0.0,0.0,0.0,0.0,0.0,37.58980260281908,0.2,0.0,0.0,37.58980260281908,0.0,0.8189365184020868
2024-03-27 23:00:00,43.535018118127475,-4.2,40.0,0.0,0.0,0.0,0.0,0.0,0.0,43.535018118127475,0.2,0.0,0.0,43.535018118127475,0.0,0.7242951746670271
2024-03-28 00:00:00,43.01451665536605,-4.2,37.7,0.0,0.0,0.0,0.0,0.0,0.0,43.01451665536605,0.2,0.0,0.0,0.0,43.01451665536605,0.7242951746670271
2024-03-28 01:00:00,45.41380926417676,-4.4,38.8,0.0,0.0,0.0,0.0,0.0,0.0,45.41380926417676,0.2,0.0,0.0,0.0,45.41380926417676,0.7242951746670271
2024-03-28 02:00:00,41.20704503863465,-4.4,35.3,0.0,0.0,0.0,0.0,0.0,0.0,41.20704503863465,0.2,0.0,0.0,0.0,41.20704503863465,0.7242951746670271
2024-03-28 03:00:00,47.98558357265904,-4.2,32.0,0.0,0.0,0.0,0.0,0.0,0.0,47.98558357265904,0.2,0.0,0.0,0.0,47.98558357265904,0.7242951746670271
2024-03-28 04:00:00,38.63063616229452,-3.8,34.1,0.0,0.0,0.0,0.0,0.0,0.0,38.63063616229452,0.2,0.0,0.0,0.0,38.63063616229452,0.7242951746670271
2024-03-28 05:00:00,40.697352181018964,-3.8,35.7,0.0,0.0,0.0,0.0,0.0,0.0,40.697352181018964,0.2,0.0,0.0,0.0,40.697352181018964,0.7242951746670271
2024-03-28 06:00:00,41.498868274333205,-4.0,38.9,0.0,0.0,0.0,0.0,0.0,0.0,41.498868274333205,0.2,0.0,0.0,0.0,41.498868274333205,0.7242951746670271
2024-03-28 07:00:00,57.48289083738163,-4.0,38.3,17.0,0.0,0.0,0.0,0.0,0.0,57.48289083738163,0.2,0.0,0.0,0.0,57.48289083738163,0.7242951746670271
2024-03-28 08:00:00,60.592671207231696,-3.9,36.3,50.0,0.0,0.0,0.0,0.0,0.0,60.592671207231696,0.2,0.0,0.0,0.0,60.592671207231696,0.7242951746670271
2024-03-28 09:00:00,69.25633152505341,-3.7,34.8,85.0,0.0,0.0,0.0,0.0,0.0,69.25633152505341,0.2,0.0,0.0,0.0,69.25633152505341,0.7242951746670271
2024-03-28 10:00:00,63.304378903808,-3.4,36.2,110.0,0.0,0.0,0.0,0.0,0.0,63.304378903808,0.2,0.0,0.0,0.0,63.304378903808,0.7242951746670271
2024-03-28 11:00:00,67.7580209451335,-3.2,37.2,125.0,0.0,0.0,0.0,0.0,0.0,67.7580209451335,0.2,0.0,0.0,0.0,67.7580209451335,0.7242951746670271
2024-03-28 12:00:00,64.02599808976971,-3.1,36.9,128.0,0.0,0.0,0.0,0.0,0.0,64.02599808976971,0.2,0.0,0.0,0.0,64.02599808976971,0.7242951746670271
2024-03-28 13:00:00,66.69517519946844,-3.2,35.5,128.0,0.0,0.0,0.0,0.0,0.0,66.69517519946844,0.2,0.0,0.0,0.0,66.69517519946844,0.7242951746670271
2024-03-28 14:00:00,65.58367045904738,-3.3,36.2,105.0,0.0,0.0,0.0,0.0,0.0,65.58367045904738,0.2,0.0,0.0,0.0,65.58367045904738,0.7242951746670271
2024-03-28 15:00:00,71.94662324276699,-3.5,35.9,72.0,0.0,0.0,0.0,0.0,0.0,71.94662324276699,0.2,0.0,0.0,0.0,71.94662324276699,0.7242951746670271
2024-03-28 16:00:00,73.25153789489005,-3.6,34.1,35.0,0.0,0.0,0.0,0.0,0.0,73.25153789489005,0.2,0.0,0.0,0.0,73.25153789489005,0.7242951746670271
2024-03-28 17:00:00,54.448279868511925,-3.5,32.4,6.0,0.0,0.0,0.0,0.0,0.0,54.448279868511925,0.2,0.0,0.0,0.0,54.448279868511925,0.7242951746670271
2024-03-28 18:00:00,60.60221989796479,-3.6,32.2,0.0,0.0,0.0,0.0,0.0,0.0,60.60221989796479,0.2,0.0,0.0,0.0,60.60221989796479,0.7242951746670271
2024-03-28 19:00:00,39.61074924329805,-3.6,32.6,0.0,0.0,0.0,0.0,0.0,0.0,39.61074924329805,0.2,0.0,0.0,0.0,39.61074924329805,0.7242951746670271
2024-03-28 20:00:00,54.343049747412294,-3.7,33.9,0.0,0.0,0.0,0.0,0.0,0.0,54.343049747412294,0.2,0.0,0.0,0.0,54.343049747412294,0.7242951746670271
2024-03-28 21:00:00,38.64922691729123,-3.6,33.7,0.0,0.0,0.0,0.0,0.0,0.0,38.64922691729123,0.2,0.0,0.0,0.0,38.64922691729123,0.7242951746670271
2024-03-28 22:00:00,42.37516326050371,-3.7,33.4,0.0,0.0,0.0,0.0,0.0,0.0,42.37516326050371,0.2,0.0,0.0,0.0,42.37516326050371,0.7242951746670271
2024-03-28 23:00:00,35.43487669122875,-3.6,35.1,0.0,0.0,0.0,0.0,0.0,0.0,35.43487669122875,0.2,0.0,0.0,0.0,35.43487669122875,0.7242951746670271
2024-03-29 00:00:00,40.92194252525302,-3.8,35.1,0.0,0.0,0.0,0.0,0.0,0.0,40.92194252525302,0.2,0.0,0.0,0.0,40.92194252525302,0.7242951746670271
2024-03-29 01:00:00,43.193968491839144,-3.9,41.9,0.0,0.0,0.0,0.0,0.0,0.0,43.193968491839144,0.2,0.0,0.0,0.0,43.193968491839144,0.7242951746670271
2024-03-29 02:00:00,26.713433681364886,-4.0,41.1,0.0,0.0,0.0,0.0,0.0,0.0,26.713433681364886,0.2,0.0,0.0,0.0,26.713433681364886,0.7242951746670271
2024-03-29 03:00:00,34.202601552421804,-4.1,40.4,0.0,0.0,0.0,0.0,0.0,0.0,34.202601552421804,0.2,0.0,0.0,0.0,34.202601552421804,0.7242951746670271
2024-03-29 04:00:00,36.43315615591972,-4.3,40.0,0.0,0.0,0.0,0.0,0.0,0.0,36.43315615591972,0.2,0.0,0.0,0.0,36.43315615591972,0.7242951746670271
2024-03-29 05:00:00,49.90524341935937,-4.5,39.6,0.0,0.0,0.0,0.0,0.0,0.0,49.90524341935937,0.2,0.0,0.0,0.0,49.90524341935937,0.7242951746670271
2024-03-29 06:00:00,50.158805039251426,-4.5,39.2,0.0,0.0,0.0,0.0,0.0,0.0,50.158805039251426,0.2,0.0,0.0,0.0,50.158805039251426,0.7242951746670271
2024-03-29 07:00:00,48.113914433632885,-4.5,39.8,13.0,0.0,0.0,0.0,0.0,0.0,48.113914433632885,0.2,0.0,0.0,0.0,48.113914433632885,0.7242951746670271
2024-03-29 08:00:00,57.643528104848,-4.6,39.6,45.0,0.0,0.0,0.0,0.0,0.0,57.643528104848,0.2,0.0,0.0,0.0,57.643528104848,0.7242951746670271
2024-03-29 09:00:00,73.78052119192766,-4.8,38.9,89.0,0.0,0.0,0.0,0.0,0.0,73.78052119192766,0.2,0.0,0.0,0.0,73.78052119192766,0.7242951746670271
2024-03-29 10:00:00,72.57182658387012,-4.8,39.6,119.0,0.02142000000000002,0.0,0.02142000000000002,0.0,0.0,72.55040658387011,0.2,0.02142000000000002,0.0,0.0,72.55040658387011,0.7242951746670271
2024-03-29 11:00:00,61.40883268797289,-4.9,38.7,171.0,1.04652,0.0,1.04652,0.0,0.0,60.36231268797289,0.2,1.04652,0.0,0.0,60.36231268797289,0.7242951746670271
2024-03-29 12:00:00,61.664647308084554,-5.3,36.8,226.0,2.15604,0.0,2.15604,0.0,0.0,59.50860730808456,0.2,2.15604,0.0,0.0,59.50860730808456,0.7242951746670271
2024-03-29 13:00:00,64.82445425795926,-5.4,35.1,210.0,0.7181999999999998,0.0,0.7181999999999998,0.0,0.0,64.10625425795926,0.2,0.7181999999999998,0.0,0.0,64.10625425795926,0.7242951746670271
2024-03-29 14:00:00,66.31009036422097,-5.7,32.8,177.0,1.40184,0.0,1.40184,0.0,0.0,64.90825036422098,0.2,1.40184,0.0,0.0,64.90825036422098,0.7242951746670271
2024-03-29 15:00:00,57.44893921839155,-6.3,31.1,130.0,1.6613999999999998,0.0,1.6613999999999998,0.0,0.0,55.78753921839155,0.2,1.6613999999999998,0.0,0.0,55.78753921839155,0.7242951746670271
2024-03-29 16:00:00,59.61189142305016,-6.9,29.8,65.0,0.819,0.0,0.819,0.0,0.0,58.79289142305016,0.2,0.819,0.0,0.0,58.79289142305016,0.7242951746670271
2024-03-29 17:00:00,66.94599652932688,-7.3,29.8,8.0,0.1008,0.0,0.1008,0.0,0.0,66.84519652932687,0.2,0.1008,0.0,0.0,66.84519652932687,0.7242951746670271
2024-03-29 18:00:00,55.094277564694124,-7.5,31.0,0.0,0.0,0.0,0.0,0.0,0.0,55.094277564694124,0.2,0.0,0.0,27.187031298573434,27.90724626612069,0.6651929327136066
2024-03-29 19:00:00,53.4837318476954,-7.5,32.8,0.0,0.0,0.0,0.0,0.0,0.0,53.4837318476954,0.2,0.0,0.0,0.0,53.4837318476954,0.6651929327136066
2024-03-29 20:00:00,51.70262823426787,-7.7,33.9,0.0,0.0,0.0,0.0,0.0,0.0,51.70262823426787,0.2,0.0,0.0,0.0,51.70262823426787,0.6651929327136066
2024-03-29 21:00:00,59.09070697356063,-7.8,34.0,0.0,0.0,0.0,0.0,0.0,0.0,59.09070697356063,0.2,0.0,0.0,0.0,59.09070697356063,0.6651929327136066
2024-03-29 22:00:00,45.04437385708481,-7.7,34.6,0.0,0.0,0.0,0.0,0.0,0.0,45.04437385708481,0.2,0.0,0.0,0.0,45.04437385708481,0.6651929327136066
2024-03-29 23:00:00,47.46972676791756,-7.8,35.5,0.0,0.0,0.0,0.0,0.0,0.0,47.46972676791756,0.2,0.0,0.0,0.0,47.46972676791756,0.6651929327136066
2024-03-30 00:00:00,39.009099139744016,-7.8,36.1,0.0,0.0,0.0,0.0,0.0,0.0,39.009099139744016,0.2,0.0,0.0,0.0,39.009099139744016,0.6651929327136066
2024-03-30 01:00:00,37.703003697487546,-8.1,34.1,0.0,0.0,0.0,0.0,0.0,0.0,37.703003697487546,0.2,0.0,0.0,0.0,37.703003697487546,0.6651929327136066
2024-03-30 02:00:00,36.062763615551425,-7.9,32.3,0.0,0.0,0.0,0.0,0.0,0.0,36.062763615551425,0.2,0.0,0.0,0.0,36.062763615551425,0.6651929327136066
2024-03-30 03:00:00,32.129335290753076,-7.6,30.6,0.0,0.0,0.0,0.0,0.0,0.0,32.129335290753076,0.2,0.0,0.0,0.0,32.129335290753076,0.6651929327136066
2024-03-30 04:00:00,37.98141109698521,-7.5,34.3,0.0,0.0,0.0,0.0,0.0,0.0,37.98141109698521,0.2,0.0,0.0,0.0,37.98141109698521,0.6651929327136066
2024-03-30 05:00:00,46.44025467906635,-8.1,33.5,0.0,0.0,0.0,0.0,0.0,0.0,46.44025467906635,0.2,0.0,0.0,0.0,46.44025467906635,0.6651929327136066
2024-03-30 06:00:00,43.99817719454058,-8.7,29.6,0.0,0.0,0.0,0.0,0.0,0.0,43.99817719454058,0.2,0.0,0.0,0.0,43.99817719454058,0.6651929327136066
2024-03-30 07:00:00,54.000445154818195,-8.6,31.1,19.0,0.0,0.0,0.0,0.0,0.0,54.000445154818195,0.2,0.0,0.0,0.0,54.000445154818195,0.6651929327136066
2024-03-30 08:00:00,63.54366775827966,-8.6,36.5,72.0,0.0,0.0,0.0,0.0,0.0,63.54366775827966,0.2,0.0,0.0,63.54366775827966,0.0,0.5270545245434334
2024-03-30 09:00:00,61.87766975593628,-8.7,36.5,127.0,0.0,0.0,0.0,0.0,0.0,61.87766975593628,0.2,0.0,0.0,0.0,61.87766975593628,0.5270545245434334
2024-03-30 10:00:00,74.47706896307479,-8.6,34.8,175.0,0.0,0.0,0.0,0.0,0.0,74.47706896307479,0.2,0.0,0.0,0.0,74.47706896307479,0.5270545245434334
2024-03-30 11:00:00,66.36441739855661,-8.3,38.0,195.0,0.0,0.0,0.0,0.0,0.0,66.36441739855661,0.2,0.0,0.0,0.0,66.36441739855661,0.5270545245434334
2024-03-30 12:00:00,62.17438718330355,-8.1,38.9,200.0,0.0,0.0,0.0,0.0,0.0,62.17438718330355,0.2,0.0,0.0,0.0,62.17438718330355,0.5270545245434334
2024-03-30 13:00:00,55.959260970998926,-8.1,32.5,179.0,0.0,0.0,0.0,0.0,0.0,55.959260970998926,0.2,0.0,0.0,0.0,55.959260970998926,0.5270545245434334
2024-03-30 14:00:00,67.13193778993264,-8.3,31.7,148.0,0.0,0.0,0.0,0.0,0.0,67.13193778993264,0.2,0.0,0.0,0.0,67.13193778993264,0.5270545245434334
2024-03-30 15:00:00,67.85796208072651,-8.3,34.9,107.0,0.0,0.0,0.0,0.0,0.0,67.85796208072651,0.2,0.0,0.0,0.0,67.85796208072651,0.5270545245434334
2024-03-30 16:00:00,71.72672509401234,-8.8,34.7,51.0,0.0,0.0,0.0,0.0,0.0,71.72672509401234,0.2,0.0,0.0,0.0,71.72672509401234,0.5270545245434334
2024-03-30 17:00:00,62.839445770558065,-9.2,32.2,5.0,0.0,0.0,0.0,0.0,0.0,62.839445770558065,0.2,0.0,0.0,0.0,62.839445770558065,0.5270545245434334
2024-03-30 18:00:00,62.631081158891746,-9.3,30.2,0.0,0.0,0.0,0.0,0.0,0.0,62.631081158891746,0.2,0.0,0.0,0.0,62.631081158891746,0.5270545245434334
2024-03-30 19:00:00,47.95447713189031,-9.4,32.0,0.0,0.0,0.0,0.0,0.0,0.0,47.95447713189031,0.2,0.0,0.0,0.0,47.95447713189031,0.5270545245434334
2024-03-30 20:00:00,50.365887521735225,-9.8,32.0,0.0,0.0,0.0,0.0,0.0,0.0,50.365887521735225,0.2,0.0,0.0,50.365887521735225,0.0,0.4175634647135742
2024-03-30 21:00:00,54.503732211644326,-10.2,32.7,0.0,0.0,0.0,0.0,0.0,0.0,54.503732211644326,0.2,0.0,0.0,0.0,54.503732211644326,0.4175634647135742
2024-03-30 22:00:00,41.12383224800038,-10.3,34.1,0.0,0.0,0.0,0.0,0.0,0.0,41.12383224800038,0.2,0.0,0.0,0.0,41.12383224800038,0.4175634647135742
2024-03-30 23:00:00,47.17611314486551,-10.2,39.5,0.0,0.0,0.0,0.0,0.0,0.0,47.17611314486551,0.2,0.0,0.0,47.17611314486551,0.0,0.31500669700734485
2024-03-31 00:00:00,46.191589323001665,-10.3,40.6,0.0,0.0,0.0,0.0,0.0,0.0,46.191589323001665,0.2,0.0,0.0,0.0,46.191589323001665,0.31500669700734485
2024-03-31 01:00:00,40.3736182422491,-9.9,33.7,0.0,0.0,0.0,0.0,0.0,0.0,40.3736182422491,0.2,0.0,0.0,0.0,40.3736182422491,0.31500669700734485
2024-03-31 02:00:00,34.65648687432012,-10.2,32.7,0.0,0.0,0.0,0.0,0.0,0.0,34.65648687432012,0.2,0.0,0.0,0.0,34.65648687432012,0.31500669700734485
2024-03-31 03:00:00,31.818524227137825,-10.5,34.3,0.0,0.0,0.0,0.0,0.0,0.0,31.818524227137825,0.2,0.0,0.0,0.0,31.818524227137825,0.31500669700734485
2024-03-31 04:00:00,49.176896470516574,-10.8,34.5,0.0,0.0,0.0,0.0,0.0,0.0,49.176896470516574,0.2,0.0,0.0,0.0,49.176896470516574,0.31500669700734485
2024-03-31 05:00:00,47.43431258862015,-11.3,31.5,0.0,0.0,0.0,0.0,0.0,0.0,47.43431258862015,0.2,0.0,0.0,0.0,47.43431258862015,0.31500669700734485
2024-03-31 06:00:00,52.90308062337725,-11.6,28.1,0.0,0.0,0.0,0.0,0.0,0.0,52.90308062337725,0.2,0.0,0.0,52.90308062337725,0.0,0.200000000000003
2024-03-31 07:00:00,55.76075125898875,-11.7,29.8,18.0,0.05832000000000002,0.0,0.05832000000000002,0.0,0.0,55.702431258988746,0.2,0.05832000000000002,0.0,0.0,55.702431258988746,0.200000000000003
2024-03-31 08:00:00,62.93935814794989,-11.1,37.0,81.0,0.029160000000000026,0.0,0.029160000000000026,0.0,0.0,62.91019814794989,0.2,0.029160000000000026,0.0,0.0,62.91019814794989,0.200000000000003
2024-03-31 09:00:00,69.02358634985016,-10.8,41.7,142.0,0.0,0.0,0.0,0.0,0.0,69.02358634985016,0.2,0.0,0.0,0.0,69.02358634985016,0.200000000000003
2024-03-31 10:00:00,72.43687842366786,-10.5,42.1,195.0,0.0,0.0,0.0,0.0,0.0,72.43687842366786,0.2,0.0,0.0,0.0,72.43687842366786,0.200000000000003
2024-03-31 11:00:00,70.77170144235969,-10.4,40.5,230.0,1.2834000000000003,0.0,1.2834000000000003,0.0,0.0,69.48830144235968,0.2,1.2834000000000003,0.0,0.0,69.48830144235968,0.200000000000003
2024-03-31 12:00:00,60.13764237072454,-10.4,39.9,246.0,0.9741599999999998,0.0,0.9741599999999998,0.0,0.0,59.163482370724545,0.2,0.9741599999999998,0.0,0.0,59.163482370724545,0.200000000000003
2024-03-31 13:00:00,58.66701517256498,-10.0,40.7,223.0,0.20070000000000018,0.0,0.20070000000000018,0.0,0.0,58.46631517256498,0.2,0.20070000000000018,0.0,0.0,58.46631517256498,0.200000000000003
2024-03-31 14:00:00,69.42140425636748,-9.7,39.3,182.0,0.032760000000000025,0.0,0.032760000000000025,0.0,0.0,69.38864425636748,0.2,0.032760000000000025,0.0,0.0,69.38864425636748,0.200000000000003
2024-03-31 15:00:00,57.26391331337619,-9.7,38.0,110.0,0.01980000000000002,0.0,0.01980000000000002,0.0,0.0,57.2441133133762,0.2,0.01980000000000002,0.0,0.0,57.2441133133762,0.200000000000003
2024-03-31 16:00:00,61.38169502503181,-9.8,36.3,47.0,0.05076000000000005,0.0,0.05076000000000005,0.0,0.0,61.33093502503181,0.2,0.05076000000000005,0.0,0.0,61.33093502503181,0.200000000000003
2024-03-31 17:00:00,57.45405084944119,-9.8,35.9,4.0,0.020160000000000004,0.0,0.020160000000000004,0.0,0.0,57.43389084944119,0.2,0.020160000000000004,0.0,0.0,57.43389084944119,0.200000000000003
2024-03-31 18:00:00,59.458740961008345,-9.9,37.0,0.0,0.0,0.0,0.0,0.0,0.0,59.458740961008345,0.2,0.0,0.0,0.0,59.458740961008345,0.200000000000003
2024-03-31 19:00:00,63.912985177431544,-9.9,37.5,0.0,0.0,0.0,0.0,0.0,0.0,63.912985177431544,0.2,0.0,0.0,0.0,63.912985177431544,0.200000000000003
2024-03-31 20:00:00,41.277046880482196,-10.0,37.9,0.0,0.0,0.0,0.0,0.0,0.0,41.277046880482196,0.2,0.0,0.0,0.0,41.277046880482196,0.200000000000003
2024-03-31 21:00:00,59.370925151592004,-10.0,38.0,0.0,0.0,0.0,0.0,0.0,0.0,59.370925151592004,0.2,0.0,0.0,0.0,59.370925151592004,0.200000000000003
2024-03-31 22:00:00,43.83462420440487,-9.8,38.1,0.0,0.0,0.0,0.0,0.0,0.0,43.83462420440487,0.2,0.0,0.0,0.0,43.83462420440487,0.200000000000003
2024-03-31 23:00:00,43.7390434108629,-9.6,37.5,0.0,0.0,0.0,0.0,0.0,0.0,43.7390434108629,0.2,0.0,0.0,0.0,43.7390434108629,0.200000000000003
2024-04-01 00:00:00,34.92583921188142,-9.7,36.7,0.0,0.0,0.0,0.0,0.0,0.0,34.92583921188142,0.2,0.0,0.0,0.0,34.92583921188142,0.200000000000003
2024-04-01 01:00:00,43.984357851131605,-10.0,31.0,0.0,0.0,0.0,0.0,0.0,0.0,43.984357851131605,0.2,0.0,0.0,0.0,43.984357851131605,0.200000000000003
2024-04-01 02:00:00,36.507362681758615,-10.2,30.2,0.0,0.0,0.0,0.0,0.0,0.0,36.507362681758615,0.2,0.0,0.0,0.0,36.507362681758615,0.200000000000003
2024-04-01 03:00:00,36.29266294405856,-10.4,29.2,0.0,0.0,0.0,0.0,0.0,0.0,36.29266294405856,0.2,0.0,0.0,0.0,36.29266294405856,0.200000000000003
2024-04-01 04:00:00,30.613074425485237,-10.8,27.0,0.0,0.0,0.0,0.0,0.0,0.0,30.613074425485237,0.2,0.0,0.0,0.0,30.613074425485237,0.200000000000003
2024-04-01 05:00:00,43.94398406923713,-10.9,26.2,0.0,0.0,0.0,0.0,0.0,0.0,43.94398406923713,0.2,0.0,0.0,0.0,43.94398406923713,0.200000000000003
2024-04-01 06:00:00,53.62914161908287,-10.7,28.6,0.0,0.0,0.0,0.0,0.0,0.0,53.62914161908287,0.2,0.0,0.0,0.0,53.62914161908287,0.200000000000003
2024-04-01 07:00:00,54.84360682258406,-10.9,27.7,15.0,0.1539,0.0,0.1539,0.0,0.0,54.68970682258406,0.2,0.1539,0.0,0.0,54.68970682258406,0.200000000000003
2024-04-01 08:00:00,68.37099672822075,-11.0,26.5,80.0,0.8784,0.0,0.8784,0.0,0.0,67.49259672822075,0.2,0.8784,0.0,0.0,67.49259672822075,0.200000000000003
2024-04-01 09:00:00,73.86447585945682,-10.8,24.5,155.0,2.79,100.0,2.79,71.07447585945681,-48.92552414054319,20.0,0.2900229644185995,2.79,100.0,-28.92552414054319,0.0,0.2532229644186025
2024-04-01 10:00:00,68.38202308629575,-10.9,22.2,215.0,2.6315999999999997,100.0,2.6315999999999997,65.75042308629574,-34.24957691370426,0.0,0.3530421859398153,0.0,68.38202308629575,0.0,0.0,0.2532229644186025
2024-04-01 11:00:00,76.45056929398697,-10.9,19.9,248.0,0.7588800000000002,100.0,0.7588800000000002,75.69168929398697,-24.30831070601303,0.0,0.39776947763887927,0.7588800000000002,100.0,-24.30831070601303,0.0,0.29795025611766646
2024-04-01 12:00:00,67.68897482162542,-11.7,16.9,256.0,0.3686399999999998,100.0,0.3686399999999998,67.32033482162542,-32.67966517837458,0.0,0.4579000615670885,0.0,67.68897482162542,0.0,0.0,0.29795025611766646
2024-04-01 13:00:00,68.72372625393916,-10.9,17.9,229.0,0.16488000000000014,100.0,0.16488000000000014,68.55884625393917,-31.441153746060834,0.0,0.5157517844598405,0.0,68.72372625393916,0.0,0.0,0.29795025611766646
2024-04-01 14:00:00,74.09490611301365,-11.6,16.1,181.0,0.06516000000000005,100.0,0.06516000000000005,74.02974611301364,-25.970253886986356,0.0,0.5635370516118954,0.06516000000000005,100.0,-25.970253886986356,0.0,0.34573552326972135
2024-04-01 15:00:00,73.49657875470564,-12.6,15.7,113.0,0.040680000000000036,100.0,0.040680000000000036,73.45589875470564,-26.544101245294357,0.0,0.612378197903237,0.0,73.49657875470564,0.0,0.0,0.34573552326972135
2024-04-01 16:00:00,57.98683321670746,-13.1,17.5,47.0,0.016920000000000015,100.0,0.016920000000000015,57.96991321670746,-42.03008678329254,0.0,0.6897135575844953,0.016920000000000015,100.0,-42.03008678329254,0.0,0.4230708829509796
2024-04-01 17:00:00,69.07246800905139,-14.0,17.6,3.0,0.0021600000000000018,100.0,0.0021600000000000018,69.07030800905139,-30.929691990948612,0.0,0.7466241908478407,0.0021600000000000018,100.0,-30.929691990948612,0.0,0.47998151621432505
2024-04-01 18:00:00,60.15526764168772,-14.2,18.0,0.0,0.0,100.0,0.0,60.15526764168772,-39.84473235831228,0.0,0.8199384983871353,0.0,71.22618661755654,-11.070918975868812,0.0,0.5003520071299237
2024-04-01 19:00:00,72.48167851107839,-14.6,16.8,0.0,0.0,100.0,0.0,72.48167851107839,-27.518321488921615,0.0,0.8705722099267511,0.0,100.0,-27.518321488921615,0.0,0.5509857186695395
2024-04-01 20:00:00,71.042914958606,-15.7,17.3,0.0,0.0,100.0,0.0,71.042914958606,-28.957085041393995,0.0,0.9238532464029161,0.0,100.0,-28.957085041393995,0.0,0.6042667551457045
2024-04-01 21:00:00,65.85969166227794,-16.8,17.2,0.0,0.0,100.0,0.0,65.85969166227794,-34.14030833772206,0.0,0.9866714137443247,0.0,100.0,-34.14030833772206,0.0,0.667084922487113
2024-04-01 22:00:00,57.682662813305555,-17.4,15.6,0.0,0.0,100.0,0.0,57.682662813305555,-7.243796878084426,0.0,1.0,0.0,100.0,-42.317337186694445,0.0,0.7449488229106308
2024-04-01 23:00:00,49.9099253169815,-17.4,14.3,0.0,0.0,100.0,0.0,49.9099253169815,0.0,0.0,1.0,0.0,100.0,-50.0900746830185,0.0,0.8371145603273848
2024-04-02 00:00:00,52.36209499362197,-17.8,14.1,0.0,0.0,100.0,0.0,52.36209499362197,0.0,0.0,1.0,0.0,100.0,-47.63790500637803,0.0,0.9247683055391204
2024-04-02 01:00:00,59.11320953213016,-16.4,13.5,0.0,0.0,100.0,0.0,59.11320953213016,0.0,0.0,1.0,0.0,100.0,-40.88679046786984,0.0,1.0
2024-04-02 02:00:00,42.4390130674002,-16.6,14.0,0.0,0.0,100.0,0.0,42.4390130674002,0.0,0.0,1.0,0.0,42.4390130674002,0.0,0.0,1.0
2024-04-02 03:00:00,34.87202322806968,-17.1,13.4,0.0,0.0,100.0,0.0,34.87202322806968,0.0,0.0,1.0,0.0,34.87202322806968,0.0,0.0,1.0
2024-04-02 04:00:00,55.68832754242697,-17.1,10.5,0.0,0.0,57.87037037037038,0.0,55.68832754242697,0.0,0.0,1.0,0.0,55.68832754242697,0.0,0.0,1.0
2024-04-02 05:00:00,52.127515568089464,-11.5,6.0,0.0,0.0,3.703703703703703,0.0,3.703703703703703,48.42381186438576,0.0,0.8947308437730744,0.0,3.703703703703703,0.0,48.42381186438576,1.0
2024-04-02 06:00:00,59.896078435832614,-11.8,2.7,0.0,0.0,0.0,0.0,0.0,59.896078435832614,0.0,0.7645219776082209,0.0,0.0,0.0,59.896078435832614,1.0
2024-04-02 07:00:00,66.16674002124664,-13.1,3.3,13.0,0.0,0.003703703703703697,0.0,0.003703703703703697,66.16303631754293,0.0,0.6206892899613885,0.0,0.003703703703703697,13.55269313824619,52.61034317929674,0.9705376236125083
2024-04-02 08:00:00,75.25759838617391,-13.7,4.6,72.0,0.7128000000000001,0.5618655692729763,0.7128000000000001,0.5618655692729763,73.98293281690093,0.0,0.45985682731595173,0.7128000000000001,0.5618655692729763,73.98293281690093,0.0,0.8097051609670716
2024-04-02 09:00:00,76.16467037026771,-13.6,4.1,142.0,2.556,0.18257887517146756,2.556,0.18257887517146756,73.42609149509624,0.0,0.3002348892831338,2.556,0.18257887517146756,73.42609149509624,0.0,0.6500832229342537
2024-04-02 10:00:00,68.10602188254168,-13.3,3.8,207.0,3.5024399999999996,0.07023319615912203,3.5024399999999996,0.07023319615912203,44.53334868638257,20.0,0.20289744870630053,3.5024399999999996,0.07023319615912203,64.53334868638257,0.0,0.5097933344855959
2024-04-02 11:00:00,75.21440520750006,-13.3,4.1,241.0,4.29462,0.18257887517146756,4.29462,0.18257887517146756,1.3328264048982368,69.40437992743036,0.2,4.29462,0.18257887517146756,0.0,70.7372063323286,0.5097933344855959
2024-04-02 12:00:00,75.03286386209709,-13.4,1.8,248.0,4.2854399999999995,0.0,4.2854399999999995,0.0,0.0,70.7474238620971,0.2,4.2854399999999995,0.0,0.0,70.7474238620971,0.5097933344855959
2024-04-02 13:00:00,74.67364971716876,-13.4,2.1,227.0,3.3096600000000005,0.0,3.3096600000000005,0.0,0.0,71.36398971716876,0.2,3.3096600000000005,0.0,0.0,71.36398971716876,0.5097933344855959
2024-04-02 14:00:00,80.17081940630192,-14.2,1.6,181.0,3.12768,0.0,3.12768,0.0,0.0,77.04313940630192,0.2,3.12768,0.0,0.0,77.04313940630192,0.5097933344855959
2024-04-02 15:00:00,72.4544098049084,-14.1,1.0,116.0,2.088,0.0,2.088,0.0,0.0,70.3664098049084,0.2,2.088,0.0,0.0,70.3664098049084,0.5097933344855959
2024-04-02 16:00:00,69.01630628363988,-14.2,1.6,44.0,0.792,0.0,0.792,0.0,0.0,68.22430628363988,0.2,0.792,0.0,0.0,68.22430628363988,0.5097933344855959
2024-04-02 17:00:00,81.69074257383035,-15.0,3.4,1.0,0.018,0.008779149519890254,0.018,0.008779149519890254,0.0,81.66396342431045,0.2,0.018,0.008779149519890254,0.0,81.66396342431045,0.5097933344855959
2024-04-02 18:00:00,79.9092318494007,-15.7,1.3,0.0,0.0,0.0,0.0,0.0,0.0,79.9092318494007,0.2,0.0,0.0,0.0,79.9092318494007,0.5097933344855959
2024-04-02 19:00:00,67.93676434376948,-16.2,2.2,0.0,0.0,0.0,0.0,0.0,0.0,67.93676434376948,0.2,0.0,0.0,0.0,67.93676434376948,0.5097933344855959
2024-04-02 20:00:00,65.37011802546463,-16.1,4.0,0.0,0.0,0.1371742112482853,0.0,0.1371742112482853,0.0,65.23294381421636,0.2,0.0,0.1371742112482853,0.0,65.23294381421636,0.5097933344855959
2024-04-02 21:00:00,55.495709714814915,-16.2,6.4,0.0,0.0,5.391495198902609,0.0,5.391495198902609,0.0,50.104214515912304,0.2,0.0,5.391495198902609,0.0,50.104214515912304,0.5097933344855959
2024-04-02 22:00:00,64.15037424969726,-18.5,8.1,0.0,0.0,18.196296296296293,0.0,18.196296296296293,0.0,45.95407795340097,0.2,0.0,18.196296296296293,0.0,45.95407795340097,0.5097933344855959
2024-04-02 23:00:00,67.598245858071,-19.6,9.0,0.0,0.0,29.629629629629623,0.0,29.629629629629623,0.0,37.96861622844138,0.2,0.0,29.629629629629623,0.0,37.96861622844138,0.5097933344855959
2024-04-03 00:00:00,49.40384610027653,-18.6,8.4,0.0,0.0,21.600000000000012,0.0,21.600000000000012,0.0,27.80384610027652,0.2,0.0,21.600000000000012,0.0,27.80384610027652,0.5097933344855959
2024-04-03 01:00:00,53.01941649851197,-17.2,7.7,0.0,0.0,14.24183813443073,0.0,14.24183813443073,0.0,38.77757836408124,0.2,0.0,14.24183813443073,0.0,38.77757836408124,0.5097933344855959
2024-04-03 02:00:00,48.8951112132252,-16.8,4.1,0.0,0.0,0.18257887517146756,0.0,0.18257887517146756,0.0,48.712532338053734,0.2,0.0,0.18257887517146756,0.0,48.712532338053734,0.5097933344855959
2024-04-03 03:00:00,51.538032574446284,-18.6,7.9,0.0,0.0,16.138408779149525,0.0,16.138408779149525,0.0,35.39962379529676,0.2,0.0,16.138408779149525,0.0,35.39962379529676,0.5097933344855959
2024-04-03 04:00:00,62.001588339242346,-19.1,8.5,0.0,0.0,22.822359396433477,0.0,22.822359396433477,0.0,39.17922894280887,0.2,0.0,22.822359396433477,0.0,39.17922894280887,0.5097933344855959
2024-04-03 05:00:00,62.68009106085576,-16.0,6.9,0.0,0.0,8.137037037037038,0.0,8.137037037037038,0.0,54.54305402381872,0.2,0.0,8.137037037037038,0.0,54.54305402381872,0.5097933344855959
2024-04-03 06:00:00,57.03258161063669,-15.1,5.8,0.0,0.0,3.0112482853223597,0.0,3.0112482853223597,0.0,54.02133332531433,0.2,0.0,3.0112482853223597,54.02133332531433,0.0,0.3923556533436083
2024-04-03 07:00:00,78.9658683607818,-19.6,10.4,11.0,0.198,55.58628257887519,0.198,55.58628257887519,0.0,23.181585781906612,0.2,0.198,55.58628257887519,23.181585781906605,0.0,0.3419609016438113
2024-04-03 08:00:00,75.6711685286303,-16.1,8.0,73.0,1.314,17.14677640603567,1.314,17.14677640603567,0.0,57.21039212259463,0.2,1.314,17.14677640603567,0.0,57.210392122594634,0.3419609016438113
2024-04-03 09:00:00,84.01442353530153,-17.7,7.9,143.0,2.574,16.138408779149525,2.574,16.138408779149525,0.0,65.302014756152,0.2,2.574,16.138408779149525,65.302014756152,0.0,0.20000000000000262
2024-04-03 10:00:00,85.87907078440506,-15.4,7.2,199.0,3.582,10.162962962962965,3.582,10.162962962962965,0.0,72.1341078214421,0.2,3.582,10.162962962962965,0.0,72.13410782144209,0.20000000000000262
2024-04-03 11:00:00,97.95749764250125,-20.4,16.3,232.0,4.13424,100.0,4.13424,93.82325764250125,-26.176742357498753,20.0,0.24816520593779773,4.13424,100.0,-6.176742357498753,0.0,0.21136520593780034
2024-04-03 12:00:00,87.70964342708493,-19.0,20.7,239.0,4.258979999999999,100.0,4.258979999999999,83.45066342708493,-16.549336572915067,0.0,0.27861598523196146,4.258979999999999,100.0,-16.549336572915067,0.0,0.24181598523196407
2024-04-03 13:00:00,91.29409395256941,-20.8,13.4,219.0,3.942,100.0,3.942,87.35209395256942,-12.647906047430581,0.0,0.30188813235923373,3.942,100.0,-12.647906047430595,0.0,0.26508813235923634
2024-04-03 14:00:00,98.3071968007216,-21.0,11.4,174.0,3.132,81.30370370370372,3.132,81.30370370370372,13.871493097017876,0.0,0.27173271258310794,3.132,81.30370370370372,0.0,13.871493097017876,0.26508813235923634
2024-04-03 15:00:00,90.39546289912673,-19.7,9.9,110.0,1.98,45.06296296296297,1.98,45.06296296296297,23.352499936163753,20.0,0.21774596804780127,1.98,45.06296296296297,0.0,43.35249993616376,0.26508813235923634
2024-04-03 16:00:00,80.31278022534649,-18.2,9.0,39.0,0.702,29.629629629629623,0.702,29.629629629629623,8.163145301988582,41.81800529372829,0.2,0.702,29.629629629629623,29.940540885247266,20.040609710469596,0.20000000000000315
2024-04-03 17:00:00,86.56769790802835,-20.0,10.7,1.0,0.018,62.62455418381343,0.018,62.62455418381343,0.0,23.92514372421492,0.2,0.018,62.62455418381343,0.0,23.92514372421492,0.20000000000000315
2024-04-03 18:00:00,86.40306048146539,-21.5,18.3,0.0,0.0,100.0,0.0,86.40306048146539,-33.59693951853461,20.0,0.2618183687141037,0.0,86.40306048146539,0.0,0.0,0.20000000000000315
2024-04-03 19:00:00,81.172588004436,-19.9,22.7,0.0,0.0,100.0,0.0,81.172588004436,-18.827411995564006,0.0,0.29646080678594144,0.0,81.172588004436,0.0,0.0,0.20000000000000315
2024-04-03 20:00:00,67.74938825919683,-19.9,23.6,0.0,0.0,100.0,0.0,67.74938825919683,-32.250611740803166,0.0,0.35580193238901925,0.0,100.0,-32.250611740803166,0.0,0.259341125603081
2024-04-03 21:00:00,64.91260656885603,-19.9,23.7,0.0,0.0,100.0,0.0,64.91260656885603,-35.087393431143965,0.0,0.4203627363023241,0.0,64.91260656885603,0.0,0.0,0.259341125603081
2024-04-03 22:00:00,71.52284725965619,-20.0,24.1,0.0,0.0,100.0,0.0,71.52284725965619,-28.47715274034381,0.0,0.4727606973445567,0.0,100.0,-28.47715274034381,0.0,0.3117390866453136
2024-04-03 23:00:00,58.67752067963539,-20.0,24.4,0.0,0.0,100.0,0.0,58.67752067963539,-41.32247932036461,0.0,0.5487940592940276,0.0,100.0,-41.32247932036461,0.0,0.38777244859478444
2024-04-04 00:00:00,59.65065514625816,-20.0,25.7,0.0,0.0,0.0,0.0,0.0,59.65065514625816,0.0,0.41911872201955336,0.0,0.0,59.65065514625816,0.0,0.2580971113203102
2024-04-04 01:00:00,54.86198139302176,-20.3,21.7,0.0,0.0,100.0,0.0,54.86198139302176,-45.13801860697824,0.0,0.5021726762563934,0.0,100.0,-45.13801860697824,0.0,0.3411510655571502
2024-04-04 02:00:00,57.86515409360821,-20.8,22.3,0.0,0.0,100.0,0.0,57.86515409360821,-42.13484590639179,0.0,0.5797007927241543,0.0,100.0,-42.13484590639179,0.0,0.41867918202491106
2024-04-04 03:00:00,58.20904340357515,-20.9,22.5,0.0,0.0,100.0,0.0,58.20904340357515,-41.79095659642485,0.0,0.656596152861576,0.0,100.0,-41.79095659642485,0.0,0.49557454216233277
2024-04-04 04:00:00,62.116040502944244,-20.8,22.4,0.0,0.0,100.0,0.0,62.116040502944244,-37.883959497055756,0.0,0.7263026383361586,0.0,100.0,-37.883959497055756,0.0,0.5652810276369153
2024-04-04 05:00:00,61.732838056787735,-21.2,20.9,0.0,0.0,100.0,0.0,61.732838056787735,-38.267161943212265,0.0,0.7967142163116692,0.0,74.5860470466437,-12.853208989855965,0.0,0.5889309321782503
2024-04-04 06:00:00,66.237820112555,-21.3,20.6,0.0,0.0,100.0,0.0,66.237820112555,-33.762179887445,0.0,0.858836627304568,0.0,100.0,-33.762179887445,0.0,0.6510533431711492
2024-04-04 07:00:00,87.47606538879629,-20.6,23.1,9.0,0.162,100.0,0.162,87.31406538879628,-12.68593461120372,0.0,0.8821787469891829,0.162,100.0,-12.68593461120372,0.0,0.674395462855764
2024-04-04 08:00:00,90.78154488477759,-20.6,22.0,67.0,1.206,100.0,1.206,89.57554488477759,-10.424455115222415,0.0,0.9013597444011922,0.0,90.78154488477759,0.0,0.0,0.674395462855764
2024-04-04 09:00:00,94.24170509303806,-21.1,17.7,136.0,2.448,100.0,2.448,91.79370509303807,-8.20629490696193,0.0,0.9164593270300021,0.0,94.24170509303806,0.0,0.0,0.674395462855764
2024-04-04 10:00:00,111.19409423472204,-22.2,13.2,192.0,3.456,100.0,3.456,100.0,7.738094234722041,0.0,0.8996373830414759,3.456,100.0,7.738094234722041,0.0,0.6575735188672378
2024-04-04 11:00:00,96.59695542370453,-22.1,13.0,226.0,4.068,100.0,4.068,92.52895542370453,-7.471044576295469,0.0,0.9133841050618595,4.068,100.0,-7.471044576295469,0.0,0.6713202408876214
2024-04-04 12:00:00,101.81601701594329,-22.1,10.9,234.0,4.212,67.63223593964335,4.212,67.63223593964335,29.971781076299933,0.0,0.8482280592438162,4.212,67.63223593964335,29.971781076299933,0.0,0.6061641950695781
2024-04-04 13:00:00,105.84142294692246,-21.8,13.7,212.0,3.816,100.0,3.816,100.0,2.025422946922461,0.0,0.8438249658809412,3.816,100.0,2.025422946922461,0.0,0.6017611017067032
2024-04-04 14:00:00,101.19258614159472,-22.8,15.3,167.0,3.006,100.0,3.006,98.18658614159472,-1.8134138584052835,0.0,0.847161647380407,3.006,100.0,-1.8134138584052835,0.0,0.6050977832061689
2024-04-04 15:00:00,106.03379151510482,-23.5,16.2,103.0,1.854,100.0,1.854,100.0,4.179791515104824,0.0,0.8380751440867009,1.854,100.0,4.179791515104824,0.0,0.5960112799124628
2024-04-04 16:00:00,104.97345351980664,-24.5,15.2,34.0,0.612,100.0,0.612,100.0,4.361453519806645,0.0,0.8285937233914691,0.612,100.0,4.361453519806645,0.0,0.586529859217231
2024-04-04 17:00:00,107.82454599793166,-23.9,14.5,0.0,0.0,100.0,0.0,100.0,7.824545997931665,0.0,0.8115838407872699,0.0,100.0,7.824545997931665,0.0,0.5695199766130318
2024-04-04 18:00:00,85.8259944118307,-23.7,15.1,0.0,0.0,100.0,0.0,85.8259944118307,-14.174005588169294,0.0,0.8376640110695014,0.0,100.0,-14.174005588169294,0.0,0.5956001468952633
2024-04-04 19:00:00,92.21271638496914,-23.8,16.5,0.0,0.0,100.0,0.0,92.21271638496914,-7.787283615030859,0.0,0.8519926129211581,0.0,100.0,-7.787283615030859,0.0,0.60992874874692
2024-04-04 20:00:00,82.53673009016778,-24.8,14.9,0.0,0.0,100.0,0.0,82.53673009016778,-17.46326990983222,0.0,0.8841250295552494,0.0,100.0,-17.46326990983222,0.0,0.6420611653810113
2024-04-04 21:00:00,73.19317908209716,-25.7,14.1,0.0,0.0,100.0,0.0,73.19317908209716,-26.80682091790284,0.0,0.9334495800441907,0.0,73.19317908209716,0.0,0.0,0.6420611653810113
2024-04-04 22:00:00,72.90006415082857,-25.2,15.9,0.0,0.0,100.0,0.0,72.90006415082857,-27.09993584917143,0.0,0.9833134620066661,0.0,72.90006415082857,0.0,0.0,0.6420611653810113
2024-04-04 23:00:00,67.21232380549853,-24.4,17.3,0.0,0.0,100.0,0.0,67.21232380549853,-9.068770648551011,0.0,1.0,0.0,100.0,-32.78767619450147,0.0,0.702390489578894
2024-04-05 00:00:00,60.15554903442356,-23.4,18.8,0.0,0.0,100.0,0.0,60.15554903442356,0.0,0.0,1.0,0.0,60.15554903442356,0.0,0.0,0.702390489578894
2024-04-05 01:00:00,58.59836809425765,-21.1,21.9,0.0,0.0,100.0,0.0,58.59836809425765,0.0,0.0,1.0,0.0,100.0,-41.40163190574235,0.0,0.77856949228546
2024-04-05 02:00:00,57.439046277492906,-21.1,21.0,0.0,0.0,100.0,0.0,57.439046277492906,0.0,0.0,1.0,0.0,100.0,-42.560953722507094,0.0,0.856881647134873
2024-04-05 03:00:00,54.44100327031006,-21.5,20.2,0.0,0.0,100.0,0.0,54.44100327031006,0.0,0.0,1.0,0.0,100.0,-45.55899672968994,0.0,0.9407102011175025
2024-04-05 04:00:00,54.97827955310062,-21.5,20.5,0.0,0.0,100.0,0.0,54.97827955310062,0.0,0.0,1.0,0.0,54.97827955310062,0.0,0.0,0.9407102011175025
2024-04-05 05:00:00,60.33263965796517,-20.9,21.6,0.0,0.0,100.0,0.0,60.33263965796517,0.0,0.0,1.0,0.0,60.33263965796517,0.0,0.0,0.9407102011175025
2024-04-05 06:00:00,67.77728321603274,-19.9,24.2,0.0,0.0,100.0,0.0,67.77728321603274,0.0,0.0,1.0,0.0,100.0,-32.22271678396726,0.0,1.0
2024-04-05 07:00:00,74.21160813740525,-18.5,26.5,6.0,0.108,0.0,0.108,0.0,74.10360813740525,0.0,0.838905199701293,0.108,0.0,74.10360813740525,0.0,0.838905199701293
2024-04-05 08:00:00,86.29915381120016,-18.3,24.6,61.0,1.098,100.0,1.098,85.20115381120016,-14.798846188799843,0.0,0.8661350766886847,0.0,86.29915381120016,0.0,0.0,0.838905199701293
2024-04-05 09:00:00,88.25969876693046,-17.6,24.1,129.0,2.04336,100.0,2.04336,86.21633876693045,-13.783661233069552,0.0,0.8914970133575327,0.0,88.25969876693046,0.0,0.0,0.838905199701293
2024-04-05 10:00:00,82.39901685685145,-17.1,22.5,185.0,3.33,100.0,3.33,79.06901685685145,-20.930983143148552,0.0,0.9300100223409261,0.0,97.32379198114896,-14.924775124297513,0.0,0.8663667859300004
2024-04-05 11:00:00,83.26339464005655,-17.3,20.0,218.0,3.5316,100.0,3.5316,79.73179464005655,-20.26820535994345,0.0,0.9673035202032221,3.5316,100.0,-20.26820535994345,0.0,0.9036602837922963
2024-04-05 12:00:00,91.65510525448319,-20.6,17.2,225.0,3.159,100.0,3.159,88.49610525448318,-11.503894745516817,0.0,0.988470686534973,3.159,100.0,-11.503894745516817,0.0,0.9248274501240473
2024-04-05 13:00:00,98.29562242477058,-19.7,19.7,200.0,2.916,100.0,2.916,95.37962242477059,-4.620377575229412,0.0,0.9969721812733952,2.916,100.0,-4.620377575229412,0.0,0.9333289448624694
2024-04-05 14:00:00,93.31423220768275,-16.2,24.2,154.0,0.0,100.0,0.0,93.31423220768275,-1.645553655763504,0.0,1.0,0.0,100.0,-6.68576779231725,0.0,0.9456307576003332
2024-04-05 15:00:00,89.99842670793728,-15.5,23.4,87.0,0.0,100.0,0.0,89.99842670793728,0.0,0.0,1.0,0.0,100.0,-10.001573292062716,0.0,0.9640336524577287
2024-04-05 16:00:00,80.45307198789652,-16.4,20.8,22.0,0.0,100.0,0.0,80.45307198789652,0.0,0.0,1.0,0.0,100.0,-19.54692801210348,0.0,0.9999999999999991
2024-04-05 17:00:00,75.31654587751247,-14.6,26.2,0.0,0.0,0.0,0.0,0.0,75.31654587751247,0.0,0.8362683785271467,0.0,0.0,75.31654587751247,0.0,0.8362683785271459
2024-04-05 18:00:00,60.41519232798515,-14.5,26.8,0.0,0.0,0.0,0.0,0.0,60.41519232798515,0.0,0.7049310039010921,0.0,0.0,60.41519232798515,0.0,0.7049310039010912
2024-04-05 19:00:00,67.17440786580742,-14.9,26.4,0.0,0.0,0.0,0.0,0.0,67.17440786580742,0.0,0.5588996824536847,0.0,0.0,67.17440786580742,0.0,0.5588996824536838
2024-04-05 20:00:00,56.67367949269569,-15.2,25.6,0.0,0.0,0.0,0.0,0.0,56.67367949269569,0.0,0.43569603138260715,0.0,0.0,56.67367949269569,0.0,0.43569603138260626
2024-04-05 21:00:00,58.08730402122626,-15.2,26.1,0.0,0.0,0.0,0.0,0.0,58.08730402122626,0.0,0.3094192835103762,0.0,0.0,58.08730402122626,0.0,0.3094192835103753
2024-04-05 22:00:00,70.64919194436071,-15.6,24.3,0.0,0.0,100.0,0.0,70.64919194436071,-29.35080805563929,0.0,0.36342477033275244,0.0,100.0,-29.35080805563929,0.0,0.36342477033275156
2024-04-05 23:00:00,54.19277118095214,-16.1,23.4,0.0,0.0,100.0,0.0,54.19277118095214,-45.80722881904786,0.0,0.4477100713598005,0.0,100.0,-45.80722881904786,0.0,0.4477100713597996
2024-04-06 00:00:00,49.75593390409835,-16.9,22.4,0.0,0.0,100.0,0.0,49.75593390409835,-50.24406609590165,0.0,0.5401591529762595,0.0,100.0,-50.24406609590165,0.0,0.5401591529762586
2024-04-06 01:00:00,52.90144502978953,-17.3,22.5,0.0,0.0,100.0,0.0,52.90144502978953,-47.09855497021047,0.0,0.6268204941214468,0.0,100.0,-47.09855497021047,0.0,0.6268204941214459
2024-04-06 02:00:00,43.76462406705323,-16.9,22.5,0.0,0.0,100.0,0.0,43.76462406705323,-56.23537593294677,0.0,0.7302935858380689,0.0,43.76462406705323,0.0,0.0,0.6268204941214459
2024-04-06 03:00:00,42.296279434212245,-17.4,20.2,0.0,0.0,100.0,0.0,42.296279434212245,-57.703720565787755,0.0,0.8364684316791184,0.0,100.0,-57.703720565787755,0.0,0.7329953399624953
2024-04-06 04:00:00,62.67819766695251,-18.1,18.8,0.0,0.0,100.0,0.0,62.67819766695251,-37.32180233304749,0.0,0.9051405479719259,0.0,100.0,-37.32180233304749,0.0,0.8016674562553028
2024-04-06 05:00:00,60.459060131333764,-17.5,18.0,0.0,0.0,100.0,0.0,60.459060131333764,-39.540939868666236,0.0,0.9778958773302717,0.0,61.81310533841776,-1.354045207083999,0.0,0.8041588994363373
2024-04-06 06:00:00,61.52768312497873,-15.9,20.4,0.0,0.0,100.0,0.0,61.52768312497873,-12.013110146591455,0.0,1.0,0.0,100.0,-38.47231687502127,0.0,0.8749479624863765
2024-04-06 07:00:00,62.84088354876229,-14.8,22.7,4.0,0.0,100.0,0.0,62.84088354876229,0.0,0.0,1.0,0.0,100.0,-37.15911645123771,0.0,0.943320736756654
2024-04-06 08:00:00,69.196052585139,-14.3,23.1,44.0,0.0,100.0,0.0,69.196052585139,0.0,0.0,1.0,0.0,100.0,-30.803947414861,0.0,0.9999999999999982
2024-04-06 09:00:00,82.78740933422075,-13.3,25.6,86.0,0.0,0.0,0.0,0.0,82.78740933422075,0.0,0.8200273710125636,0.0,0.0,30.900280800591467,51.88712853362929,0.9328254765204516
2024-04-06 10:00:00,79.44538768832284,-13.1,28.9,126.0,0.0,0.0,0.0,0.0,79.44538768832284,0.0,0.6473200064727314,0.0,0.0,79.44538768832284,0.0,0.7601181119806193
2024-04-06 11:00:00,59.110974285255935,-13.1,29.2,146.0,0.0,0.0,0.0,0.0,59.110974285255935,0.0,0.5188178884613054,0.0,0.0,0.0,59.110974285255935,0.7601181119806193
2024-04-06 12:00:00,82.97969257829419,-13.0,28.4,145.0,0.0,0.0,0.0,0.0,82.97969257829419,0.0,0.3384272524215354,0.0,0.0,82.97969257829419,0.0,0.5797274759408493
2024-04-06 13:00:00,76.26531178486144,-13.4,25.2,132.0,0.0,0.0,0.0,0.0,56.26531178486144,20.0,0.2136366527654425,0.0,0.0,0.0,76.26531178486144,0.5797274759408493
2024-04-06 14:00:00,81.92934502867408,-13.9,23.9,99.0,0.0,100.0,0.0,81.92934502867408,-38.07065497132592,20.0,0.2836866579126822,0.0,100.0,-18.070654971325922,0.0,0.612977481088089
2024-04-06 15:00:00,83.80847406717399,-14.5,19.2,59.0,0.0,100.0,0.0,83.80847406717399,-16.19152593282601,0.0,0.31347906562908207,0.0,100.0,-16.19152593282601,0.0,0.6427698888044889
2024-04-06 16:00:00,77.40201413655794,-14.6,18.8,16.0,0.0,100.0,0.0,77.40201413655794,-22.597985863442062,0.0,0.3550593596178155,0.0,100.0,-22.597985863442062,0.0,0.6843501827932224
2024-04-06 17:00:00,72.73454308858405,-13.6,20.5,0.0,0.0,100.0,0.0,72.73454308858405,-27.265456911415953,0.0,0.40522780033482086,0.0,100.0,-27.265456911415953,0.0,0.7345186235102277
2024-04-06 18:00:00,64.38138266317537,-14.0,21.2,0.0,0.0,100.0,0.0,64.38138266317537,-35.61861733682463,0.0,0.4707660562345782,0.0,100.0,-35.61861733682463,0.0,0.8000568794099849
2024-04-06 19:00:00,58.87602338016807,-14.9,20.2,0.0,0.0,100.0,0.0,58.87602338016807,-41.12397661983193,0.0,0.5464341732150689,0.0,100.0,-41.12397661983193,0.0,0.8757249963904756
2024-04-06 20:00:00,64.30116390736598,-15.6,17.8,0.0,0.0,100.0,0.0,64.30116390736598,-35.698836092634025,0.0,0.6121200316255155,0.0,100.0,-35.698836092634025,0.0,0.9414108548009222
2024-04-06 21:00:00,68.15807326137295,-16.5,14.4,0.0,0.0,100.0,0.0,68.15807326137295,-31.841926738627052,0.0,0.6707091768245893,0.0,100.0,-31.841926738627052,0.0,0.999999999999996
2024-04-06 22:00:00,54.510987208084416,-16.8,9.3,0.0,0.0,34.30000000000001,0.0,34.30000000000001,20.210987208084404,0.0,0.6267722481113623,0.0,34.30000000000001,0.0,20.210987208084404,0.999999999999996
2024-04-06 23:00:00,47.98488002590112,-15.5,8.4,0.0,0.0,21.600000000000012,0.0,21.600000000000012,26.384880025901108,0.0,0.5694138132724469,0.0,21.600000000000012,14.66409049647223,11.720789529428878,0.9681215423989694
2024-04-07 00:00:00,58.95509630189968,-16.2,8.9,0.0,0.0,28.17270233196159,0.0,28.17270233196159,30.782393969938088,0.0,0.5024955655117119,0.0,28.17270233196159,0.0,30.782393969938088,0.9681215423989694
2024-04-07 01:00:00,38.17627397429454,-10.9,3.4,0.0,0.0,0.008779149519890254,0.0,0.008779149519890254,38.16749482477465,0.0,0.4195227506752453,0.0,0.008779149519890254,38.16749482477465,0.0,0.8851487275625027
2024-04-07 02:00:00,42.34720043082799,-15.6,10.3,0.0,0.0,53.363100137174236,0.0,42.34720043082799,-11.015899706346246,0.0,0.4397920061349224,0.0,53.363100137174236,-11.015899706346246,0.0,0.9054179830221798
2024-04-07 03:00:00,41.33427863526879,-14.8,7.7,0.0,0.0,14.24183813443073,0.0,14.24183813443073,27.09244050083806,0.0,0.38089539635049185,0.0,14.24183813443073,0.0,27.09244050083806,0.9054179830221798
2024-04-07 04:00:00,44.2000950950476,-13.4,6.5,0.0,0.0,5.881344307270234,0.0,5.881344307270234,38.31875078777737,0.0,0.29759376420314976,0.0,5.881344307270234,0.0,38.31875078777737,0.9054179830221798
2024-04-07 05:00:00,46.0318095204898,-16.8,8.3,0.0,0.0,20.422085048010988,0.0,20.422085048010988,25.609724472478813,0.0,0.24192045013254365,0.0,20.422085048010988,0.0,25.609724472478813,0.9054179830221798
2024-04-07 06:00:00,63.30329943729187,-19.0,12.4,0.0,0.0,100.0,0.0,63.30329943729187,-36.69670056270813,0.0,0.3094423791679266,0.0,100.0,-36.69670056270813,0.0,0.9729399120575628
2024-04-07 07:00:00,75.62684009569861,-19.1,11.7,3.0,0.0037799999999999978,90.32962962962961,0.0037799999999999978,75.6230600956986,-14.706569533931003,0.0,0.33650246711035964,0.0037799999999999978,90.32962962962961,-14.706569533931003,0.0,0.9999999999999959
2024-04-07 08:00:00,78.11618968087414,-16.8,6.3,41.0,0.5535,4.929629629629629,0.5535,4.929629629629629,52.63306005124451,20.0,0.2186908576679185,0.5535,4.929629629629629,0.0,72.63306005124451,0.9999999999999959
2024-04-07 09:00:00,87.18996526289794,-15.6,3.6,110.0,1.1682000000000001,0.029629629629629645,1.1682000000000001,0.029629629629629645,8.597794527242499,77.39434110602582,0.2,1.1682000000000001,0.029629629629629645,0.0,85.99213563326832,0.9999999999999959
2024-04-07 10:00:00,94.29696111097402,-15.6,4.4,162.0,2.7702,0.3764060356652952,2.7702,0.3764060356652952,0.0,91.15035507530872,0.2,2.7702,0.3764060356652952,0.0,91.15035507530872,0.9999999999999959
2024-04-07 11:00:00,88.13741723332201,-15.3,4.0,195.0,3.51,0.1371742112482853,3.51,0.1371742112482853,0.0,84.49024302207373,0.2,3.51,0.1371742112482853,0.0,84.49024302207373,0.9999999999999959
2024-04-07 12:00:00,80.43576192036967,-14.9,2.9,202.0,3.3451200000000005,0.0,3.3451200000000005,0.0,0.0,77.09064192036968,0.2,3.3451200000000005,0.0,77.09064192036968,0.0,0.8324116479991923
2024-04-07 13:00:00,79.83132704616396,-15.3,5.8,181.0,3.258,3.0112482853223597,3.258,3.0112482853223597,0.0,73.56207876084162,0.2,3.258,3.0112482853223597,73.5620787608416,0.0,0.6724940854756236
2024-04-07 14:00:00,79.68465465021559,-14.8,3.1,138.0,2.484,0.00013717421124828565,2.484,0.00013717421124828565,0.0,77.20051747600435,0.2,2.484,0.00013717421124828565,0.0,77.20051747600435,0.6724940854756236
2024-04-07 15:00:00,79.56439216254202,-14.9,1.5,78.0,1.36188,0.0,1.36188,0.0,0.0,78.20251216254202,0.2,1.36188,0.0,0.0,78.20251216254202,0.6724940854756236
2024-04-07 16:00:00,79.57789384886449,-15.2,2.2,18.0,0.0,0.0,0.0,0.0,0.0,79.57789384886449,0.2,0.0,0.0,0.0,79.57789384886449,0.6724940854756236
2024-04-07 17:00:00,77.60968899122834,-15.4,5.8,0.0,0.0,3.0112482853223597,0.0,3.0112482853223597,0.0,74.59844070590597,0.2,0.0,3.0112482853223597,0.0,74.59844070590597,0.6724940854756236
2024-04-07 18:00:00,74.12792866757925,-15.9,5.4,0.0,0.0,1.8962962962962973,0.0,1.8962962962962973,0.0,72.23163237128296,0.2,0.0,1.8962962962962973,0.0,72.23163237128296,0.6724940854756236
2024-04-07 19:00:00,67.56912264311974,-16.3,4.5,0.0,0.0,0.46296296296296285,0.0,0.46296296296296285,0.0,67.10615968015678,0.2,0.0,0.46296296296296285,0.0,67.10615968015678,0.6724940854756236
2024-04-07 20:00:00,70.87181119921131,-17.5,6.6,0.0,0.0,6.399999999999999,0.0,6.399999999999999,0.0,64.47181119921132,0.2,0.0,6.399999999999999,64.47181119921132,0.0,0.5323379741729903
2024-04-07 21:00:00,65.30436252541752,-15.5,4.7,0.0,0.0,0.6739368998628261,0.0,0.6739368998628261,0.0,64.6304256255547,0.2,0.0,0.6739368998628261,0.0,64.6304256255547,0.5323379741729903
2024-04-07 22:00:00,61.025801920337706,-16.2,6.3,0.0,0.0,4.929629629629629,0.0,4.929629629629629,0.0,56.096172290708076,0.2,0.0,4.929629629629629,56.096172290708076,0.0,0.41038977354101625
2024-04-07 23:00:00,52.689934724183,-16.2,7.3,0.0,0.0,10.906310013717418,0.0,10.906310013717418,0.0,41.78362471046558,0.2,0.0,10.906310013717418,41.78362471046558,0.0,0.31955580677913453
2024-04-08 00:00:00,48.15575653746996,-15.9,8.5,0.0,0.0,22.822359396433477,0.0,22.822359396433477,0.0,25.333397141036485,0.2,0.0,22.822359396433477,0.0,25.333397141036485,0.31955580677913453
2024-04-08 01:00:00,44.78716285305946,-16.2,9.2,0.0,0.0,32.69245541838133,0.0,32.69245541838133,-7.905292565321865,20.0,0.21454573832019225,0.0,32.69245541838133,0.0,12.094707434678135,0.31955580677913453
2024-04-08 02:00:00,41.443911882039096,-15.9,13.5,0.0,0.0,100.0,0.0,41.443911882039096,-78.55608811796091,20.0,0.3590889404572403,0.0,100.0,-58.556088117960904,0.0,0.4272990089161826
2024-04-08 03:00:00,46.88537599337465,-16.4,14.6,0.0,0.0,100.0,0.0,46.88537599337465,-53.11462400662535,0.0,0.456819848629431,0.0,100.0,-53.11462400662535,0.0,0.5250299170883732
2024-04-08 04:00:00,52.81151876777817,-16.9,14.3,0.0,0.0,100.0,0.0,52.81151876777817,-47.18848123222183,0.0,0.5436466540967192,0.0,100.0,-47.18848123222183,0.0,0.6118567225556614
2024-04-08 05:00:00,47.17733841027985,-17.0,12.2,0.0,0.0,100.0,0.0,47.17733841027985,-52.82266158972015,0.0,0.6408403514218043,0.0,100.0,-52.82266158972015,0.0,0.7090504198807465
2024-04-08 06:00:00,60.080024458182244,-17.3,13.0,0.0,0.0,100.0,0.0,60.080024458182244,-39.919975541817756,0.0,0.714293106418749,0.0,100.0,-39.919975541817756,0.0,0.7825031748776912
2024-04-08 07:00:00,70.51642732652697,-16.8,16.0,2.0,0.020880000000000003,100.0,0.020880000000000003,70.49554732652696,-29.50445267347304,0.0,0.7685812993379394,0.020880000000000003,100.0,-29.50445267347304,0.0,0.8367913677968816
2024-04-08 08:00:00,67.50160044951198,-14.8,21.3,40.0,0.0,100.0,0.0,67.50160044951198,-32.49839955048802,0.0,0.8283783545108373,0.0,100.0,-32.49839955048802,0.0,0.8965884229697795
2024-04-08 09:00:00,78.61952076529802,-13.8,25.9,82.0,0.0,0.0,0.0,0.0,78.61952076529802,0.0,0.6574663528471459,0.0,0.0,78.61952076529802,0.0,0.7256764213060881
2024-04-08 10:00:00,76.66285854541717,-13.2,29.0,106.0,0.0,0.0,0.0,0.0,76.66285854541717,0.0,0.4908079647049347,0.0,0.0,0.0,76.66285854541717,0.7256764213060881
2024-04-08 11:00:00,68.43289864165372,-12.2,28.9,124.0,0.0,0.0,0.0,0.0,68.43289864165372,0.0,0.34204079374481794,0.0,0.0,0.0,68.43289864165372,0.7256764213060881
2024-04-08 12:00:00,67.72852716224449,-11.7,33.9,128.0,0.0,0.0,0.0,0.0,47.72852716224449,20.0,0.23240283784708404,0.0,0.0,0.0,67.72852716224449,0.7256764213060881
2024-04-08 13:00:00,73.18640164789551,-11.9,30.6,118.0,0.0,0.0,0.0,0.0,14.905305409658654,58.281096238236856,0.2,0.0,0.0,0.0,73.18640164789551,0.7256764213060881
2024-04-08 14:00:00,71.36985542865035,-12.3,34.3,89.0,0.0,0.0,0.0,0.0,0.0,71.36985542865035,0.2,0.0,0.0,0.0,71.36985542865035,0.7256764213060881
2024-04-08 15:00:00,71.93693810092977,-12.6,36.2,49.0,0.0,0.0,0.0,0.0,0.0,71.93693810092977,0.2,0.0,0.0,0.0,71.93693810092977,0.7256764213060881
2024-04-08 16:00:00,74.00089188653556,-13.3,36.0,10.0,0.0,0.0,0.0,0.0,0.0,74.00089188653556,0.2,0.0,0.0,0.0,74.00089188653556,0.7256764213060881
2024-04-08 17:00:00,64.93954908341617,-13.5,33.4,0.0,0.0,0.0,0.0,0.0,0.0,64.93954908341617,0.2,0.0,0.0,0.0,64.93954908341617,0.7256764213060881
2024-04-08 18:00:00,55.123715797880486,-12.7,36.0,0.0,0.0,0.0,0.0,0.0,0.0,55.123715797880486,0.2,0.0,0.0,0.0,55.123715797880486,0.7256764213060881
2024-04-08 19:00:00,51.26713077155123,-12.2,38.0,0.0,0.0,0.0,0.0,0.0,0.0,51.26713077155123,0.2,0.0,0.0,0.0,51.26713077155123,0.7256764213060881
2024-04-08 20:00:00,51.88474567971515,-11.4,41.2,0.0,0.0,0.0,0.0,0.0,0.0,51.88474567971515,0.2,0.0,0.0,0.0,51.88474567971515,0.7256764213060881
2024-04-08 21:00:00,43.00790861847431,-10.8,44.9,0.0,0.0,0.0,0.0,0.0,0.0,43.00790861847431,0.2,0.0,0.0,0.0,43.00790861847431,0.7256764213060881
2024-04-08 22:00:00,44.386390524118774,-10.6,42.0,0.0,0.0,0.0,0.0,0.0,0.0,44.386390524118774,0.2,0.0,0.0,0.0,44.386390524118774,0.7256764213060881
2024-04-08 23:00:00,50.3247142558634,-10.0,45.9,0.0,0.0,0.0,0.0,0.0,0.0,50.3247142558634,0.2,0.0,0.0,0.0,50.3247142558634,0.7256764213060881
2024-04-09 00:00:00,35.10700806155659,-9.9,52.6,0.0,0.0,0.0,0.0,0.0,0.0,35.10700806155659,0.2,0.0,0.0,0.0,35.10700806155659,0.7256764213060881
2024-04-09 01:00:00,37.749475742611494,-10.1,52.6,0.0,0.0,0.0,0.0,0.0,0.0,37.749475742611494,0.2,0.0,0.0,0.0,37.749475742611494,0.7256764213060881
2024-04-09 02:00:00,46.66152277135692,-9.8,58.2,0.0,0.0,0.0,0.0,0.0,0.0,46.66152277135692,0.2,0.0,0.0,0.0,46.66152277135692,0.7256764213060881
2024-04-09 03:00:00,38.04065041487855,-9.9,58.5,0.0,0.0,0.0,0.0,0.0,0.0,38.04065041487855,0.2,0.0,0.0,0.0,38.04065041487855,0.7256764213060881
2024-04-09 04:00:00,37.161383562622,-10.0,59.0,0.0,0.0,0.0,0.0,0.0,0.0,37.161383562622,0.2,0.0,0.0,0.0,37.161383562622,0.7256764213060881
2024-04-09 05:00:00,41.74058682740381,-10.3,61.0,0.0,0.0,0.0,0.0,0.0,0.0,41.74058682740381,0.2,0.0,0.0,0.0,41.74058682740381,0.7256764213060881
2024-04-09 06:00:00,50.946812541966395,-10.4,62.9,0.0,0.0,0.0,0.0,0.0,0.0,50.946812541966395,0.2,0.0,0.0,0.0,50.946812541966395,0.7256764213060881
2024-04-09 07:00:00,63.3788596531372,-10.4,63.3,1.0,0.0,0.0,0.0,0.0,0.0,63.3788596531372,0.2,0.0,0.0,0.0,63.3788596531372,0.7256764213060881
2024-04-09 08:00:00,57.59573196261378,-10.1,63.4,24.0,0.02160000000000002,0.0,0.02160000000000002,0.0,0.0,57.574131962613784,0.2,0.02160000000000002,0.0,0.0,57.574131962613784,0.7256764213060881
2024-04-09 09:00:00,62.21194858555859,-9.9,63.0,63.0,0.06804000000000006,0.0,0.06804000000000006,0.0,0.0,62.143908585558584,0.2,0.06804000000000006,0.0,0.0,62.143908585558584,0.7256764213060881
2024-04-09 10:00:00,62.10595633609886,-9.6,61.7,111.0,0.01998000000000002,0.0,0.01998000000000002,0.0,0.0,62.08597633609887,0.2,0.01998000000000002,0.0,62.08597633609887,0.0,0.5907069075319602
2024-04-09 11:00:00,66.51548016254903,-9.2,58.0,132.0,0.0,0.0,0.0,0.0,0.0,66.51548016254903,0.2,0.0,0.0,0.0,66.51548016254903,0.5907069075319602
2024-04-09 12:00:00,55.971563150910434,-8.9,52.8,131.0,0.0,0.0,0.0,0.0,0.0,55.971563150910434,0.2,0.0,0.0,0.0,55.971563150910434,0.5907069075319602
2024-04-09 13:00:00,63.681086875891026,-8.9,46.5,113.0,0.0,0.0,0.0,0.0,0.0,63.681086875891026,0.2,0.0,0.0,0.0,63.681086875891026,0.5907069075319602
2024-04-09 14:00:00,64.45658279444824,-8.8,39.4,80.0,0.0,0.0,0.0,0.0,0.0,64.45658279444824,0.2,0.0,0.0,0.0,64.45658279444824,0.5907069075319602
2024-04-09 15:00:00,71.37061755117053,-8.8,29.9,43.0,0.0,0.0,0.0,0.0,0.0,71.37061755117053,0.2,0.0,0.0,41.82544493442518,29.545172616745347,0.49978202723973153
2024-04-09 16:00:00,60.45801806316597,-9.5,17.7,8.0,0.0,100.0,0.0,60.45801806316597,-59.54198193683403,20.0,0.3095572467637746,0.0,100.0,-39.54198193683403,0.0,0.5725392740035061
2024-04-09 17:00:00,66.73465164002808,-11.9,11.0,0.0,0.0,70.23319615912207,0.0,66.73465164002808,-3.498544519093997,0.0,0.3159945686789076,0.0,70.23319615912207,-3.498544519093997,0.0,0.578976595918639
2024-04-09 18:00:00,53.967039991557186,-12.1,8.0,0.0,0.0,17.14677640603567,0.0,17.14677640603567,36.820263585521516,0.0,0.2359505174060347,0.0,17.14677640603567,0.0,36.820263585521516,0.578976595918639
2024-04-09 19:00:00,61.63253477226423,-13.1,9.2,0.0,0.0,32.69245541838133,0.0,32.69245541838133,8.9400793538829,20.0,0.21397877192132322,0.0,32.69245541838133,28.9400793538829,0.0,0.5160633799319371
2024-04-09 20:00:00,52.421698470696256,-13.5,10.5,0.0,0.0,57.87037037037038,0.0,52.421698470696256,-25.448671899674125,20.0,0.2608043282167236,0.0,57.87037037037038,-5.448671899674125,0.0,0.5260889362273374
2024-04-09 21:00:00,52.871757500350704,-13.5,9.8,0.0,0.0,43.13196159122087,0.0,43.13196159122087,9.739795909129832,0.0,0.23963085884905005,0.0,43.13196159122087,0.0,9.739795909129832,0.5260889362273374
2024-04-09 22:00:00,56.05601287128112,-9.1,3.6,0.0,0.0,0.029629629629629645,0.0,0.029629629629629645,18.23019507056302,37.79618817108847,0.2,0.0,0.029629629629629645,0.0,56.02638324165149,0.5260889362273374
2024-04-09 23:00:00,47.53587188620442,-10.5,2.2,0.0,0.0,0.0,0.0,0.0,0.0,47.53587188620442,0.2,0.0,0.0,0.0,47.53587188620442,0.5260889362273374
2024-04-10 00:00:00,50.80793708584346,-15.4,12.1,0.0,0.0,100.0,0.0,50.80793708584346,-69.19206291415654,20.0,0.32731339576204804,0.0,100.0,-49.19206291415654,0.0,0.6166023319893854
2024-04-10 01:00:00,60.68220954891598,-13.5,11.7,0.0,0.0,90.32962962962961,0.0,60.68220954891598,-29.64742008071363,0.0,0.38186464871056114,0.0,90.32962962962961,-29.64742008071363,0.0,0.6711535849378985
2024-04-10 02:00:00,35.924126548133415,-13.0,13.5,0.0,0.0,100.0,0.0,35.924126548133415,-64.07587345186658,0.0,0.4997642558619957,0.0,100.0,-64.07587345186658,0.0,0.789053192089333
2024-04-10 03:00:00,47.67608191037681,-13.9,12.8,0.0,0.0,100.0,0.0,47.67608191037681,-52.32391808962319,0.0,0.5960402651469023,0.0,100.0,-52.32391808962319,0.0,0.8853292013742396
2024-04-10 04:00:00,40.11162771576443,-15.4,12.6,0.0,0.0,100.0,0.0,40.11162771576443,-59.88837228423557,0.0,0.7062348701498958,0.0,100.0,-59.88837228423557,0.0,0.9955238063772331
2024-04-10 05:00:00,50.93038621176026,-15.8,10.3,0.0,0.0,53.363100137174236,0.0,50.93038621176026,-2.432713925413978,0.0,0.7107110637726576,0.0,53.363100137174236,-2.432713925413978,0.0,0.9999999999999949
2024-04-10 06:00:00,51.2610512490972,-15.0,9.3,0.0,0.0,34.30000000000001,0.0,34.30000000000001,16.96105124909719,0.0,0.6738392132311419,0.0,34.30000000000001,0.0,16.96105124909719,0.9999999999999949
2024-04-10 07:00:00,58.436379575454374,-11.4,2.9,0.0,0.0,0.0,0.0,0.0,58.436379575454374,0.0,0.5468036054584151,0.0,0.0,0.0,58.436379575454374,0.9999999999999949
2024-04-10 08:00:00,65.02985126789379,-11.9,4.1,32.0,0.576,0.18257887517146756,0.576,0.18257887517146756,64.27127239272232,0.0,0.40708344808293184,0.576,0.18257887517146756,0.0,64.27127239272232,0.9999999999999949
2024-04-10 09:00:00,70.7866760040821,-12.3,0.8,90.0,0.972,0.0,0.972,0.0,69.8146760040821,0.0,0.25531241329144905,0.972,0.0,0.0,69.8146760040821,0.9999999999999949
2024-04-10 10:00:00,80.21028512563153,-12.0,3.9,140.0,0.0,0.09999999999999998,0.0,0.09999999999999998,25.443710114066555,54.66657501156498,0.2,0.0,0.09999999999999998,0.0,80.11028512563153,0.9999999999999949
2024-04-10 11:00:00,69.76450513498605,-12.4,1.9,170.0,0.0,0.0,0.0,0.0,0.0,69.76450513498605,0.2,0.0,0.0,0.0,69.76450513498605,0.9999999999999949
2024-04-10 12:00:00,69.62175873903662,-11.9,2.3,168.0,0.0,0.0,0.0,0.0,0.0,69.62175873903662,0.2,0.0,0.0,0.0,69.62175873903662,0.9999999999999949
2024-04-10 13:00:00,74.2277747013567,-11.5,2.7,130.0,0.0,0.0,0.0,0.0,0.0,74.2277747013567,0.2,0.0,0.0,0.0,74.2277747013567,0.9999999999999949
2024-04-10 14:00:00,65.60889395551908,-11.4,3.6,83.0,0.0,0.029629629629629645,0.0,0.029629629629629645,0.0,65.57926432588945,0.2,0.0,0.029629629629629645,0.0,65.57926432588945,0.9999999999999949
2024-04-10 15:00:00,64.73292829162808,-10.9,3.9,38.0,0.0,0.09999999999999998,0.0,0.09999999999999998,0.0,64.63292829162809,0.2,0.0,0.09999999999999998,0.0,64.63292829162809,0.9999999999999949
2024-04-10 16:00:00,66.15680483657917,-11.1,3.1,5.0,0.0,0.00013717421124828565,0.0,0.00013717421124828565,0.0,66.15666766236792,0.2,0.0,0.00013717421124828565,66.15666766236792,0.0,0.8561811572557168
2024-04-10 17:00:00,73.1507670971416,-14.0,7.9,0.0,0.0,16.138408779149525,0.0,16.138408779149525,0.0,57.01235831799207,0.2,0.0,16.138408779149525,0.0,57.01235831799207,0.8561811572557168
2024-04-10 18:00:00,69.80618882960766,-12.4,22.7,0.0,0.0,100.0,0.0,69.80618882960766,-50.19381117039234,20.0,0.2923566125535219,0.0,100.0,-30.193811170392337,0.0,0.9117377698092386
2024-04-10 19:00:00,58.095601006360404,-12.3,39.7,0.0,0.0,0.0,0.0,0.0,38.095601006360404,20.0,0.2080747310135978,0.0,0.0,0.0,58.095601006360404,0.9117377698092386
2024-04-10 20:00:00,56.64264478675058,-13.4,41.6,0.0,0.0,0.0,0.0,0.0,3.714376266254984,52.92826852049559,0.2,0.0,0.0,0.0,56.64264478675058,0.9117377698092386
2024-04-10 21:00:00,50.43701984893168,-13.4,40.3,0.0,0.0,0.0,0.0,0.0,0.0,50.43701984893168,0.2,0.0,0.0,0.0,50.43701984893168,0.9117377698092386
2024-04-10 22:00:00,51.89992046088517,-12.8,43.2,0.0,0.0,0.0,0.0,0.0,0.0,51.89992046088517,0.2,0.0,0.0,51.89992046088517,0.0,0.798911855763836
2024-04-10 23:00:00,44.889412131509545,-12.5,42.2,0.0,0.0,0.0,0.0,0.0,0.0,44.889412131509545,0.2,0.0,0.0,0.0,44.889412131509545,0.798911855763836
2024-04-11 00:00:00,45.004838685871405,-12.5,47.8,0.0,0.0,0.0,0.0,0.0,0.0,45.004838685871405,0.2,0.0,0.0,0.0,45.004838685871405,0.798911855763836
2024-04-11 01:00:00,42.105557470557464,-12.2,42.1,0.0,0.0,0.0,0.0,0.0,0.0,42.105557470557464,0.2,0.0,0.0,0.0,42.105557470557464,0.798911855763836
2024-04-11 02:00:00,42.20814031045169,-12.3,48.9,0.0,0.0,0.0,0.0,0.0,0.0,42.20814031045169,0.2,0.0,0.0,0.0,42.20814031045169,0.798911855763836
2024-04-11 03:00:00,37.38134723410369,-12.8,42.3,0.0,0.0,0.0,0.0,0.0,0.0,37.38134723410369,0.2,0.0,0.0,0.0,37.38134723410369,0.798911855763836
2024-04-11 04:00:00,38.714209555455476,-12.2,50.2,0.0,0.0,0.0,0.0,0.0,0.0,38.714209555455476,0.2,0.0,0.0,0.0,38.714209555455476,0.798911855763836
2024-04-11 05:00:00,49.58362093067051,-13.1,56.5,0.0,0.0,0.0,0.0,0.0,0.0,49.58362093067051,0.2,0.0,0.0,0.0,49.58362093067051,0.798911855763836
2024-04-11 06:00:00,39.07137549058708,-13.1,55.8,0.0,0.0,0.0,0.0,0.0,0.0,39.07137549058708,0.2,0.0,0.0,0.0,39.07137549058708,0.798911855763836
2024-04-11 07:00:00,58.18160913169157,-13.2,59.1,0.0,0.0,0.0,0.0,0.0,0.0,58.18160913169157,0.2,0.0,0.0,0.0,58.18160913169157,0.798911855763836
2024-04-11 08:00:00,62.74345250296318,-13.4,59.7,14.0,0.0,0.0,0.0,0.0,0.0,62.74345250296318,0.2,0.0,0.0,0.0,62.74345250296318,0.798911855763836
2024-04-11 09:00:00,81.36629111508395,-13.4,60.9,43.0,0.0,0.0,0.0,0.0,0.0,81.36629111508395,0.2,0.0,0.0,72.73433989992137,8.631951215162587,0.6407937255466157
2024-04-11 10:00:00,76.28283618728551,-13.3,61.2,65.0,0.0,0.0,0.0,0.0,0.0,76.28283618728551,0.2,0.0,0.0,0.0,76.28283618728551,0.6407937255466157
2024-04-11 11:00:00,71.99641942366385,-13.2,60.7,84.0,0.0,0.0,0.0,0.0,0.0,71.99641942366385,0.2,0.0,0.0,0.0,71.99641942366385,0.6407937255466157
2024-04-11 12:00:00,70.10688757373364,-12.8,58.6,86.0,0.0,0.0,0.0,0.0,0.0,70.10688757373364,0.2,0.0,0.0,0.0,70.10688757373364,0.6407937255466157
2024-04-11 13:00:00,69.89813785767544,-12.5,56.7,79.0,0.0,0.0,0.0,0.0,0.0,69.89813785767544,0.2,0.0,0.0,0.0,69.89813785767544,0.6407937255466157
2024-04-11 14:00:00,73.59925920923233,-12.3,54.8,62.0,0.0,0.0,0.0,0.0,0.0,73.59925920923233,0.2,0.0,0.0,0.0,73.59925920923233,0.6407937255466157
2024-04-11 15:00:00,72.26055205211583,-12.1,55.0,28.0,0.0,0.0,0.0,0.0,0.0,72.26055205211583,0.2,0.0,0.0,0.0,72.26055205211583,0.6407937255466157
2024-04-11 16:00:00,65.61479782746866,-11.8,54.8,3.0,0.0,0.0,0.0,0.0,0.0,65.61479782746866,0.2,0.0,0.0,0.0,65.61479782746866,0.6407937255466157
2024-04-11 17:00:00,61.35391273863981,-11.4,51.6,0.0,0.0,0.0,0.0,0.0,0.0,61.35391273863981,0.2,0.0,0.0,0.0,61.35391273863981,0.6407937255466157
2024-04-11 18:00:00,54.56171163144345,-11.1,49.7,0.0,0.0,0.0,0.0,0.0,0.0,54.56171163144345,0.2,0.0,0.0,54.56171163144345,0.0,0.5221813089565213
2024-04-11 19:00:00,50.256081297397344,-10.9,48.2,0.0,0.0,0.0,0.0,0.0,0.0,50.256081297397344,0.2,0.0,0.0,0.0,50.256081297397344,0.5221813089565213
2024-04-11 20:00:00,52.7906844879514,-10.7,46.7,0.0,0.0,0.0,0.0,0.0,0.0,52.7906844879514,0.2,0.0,0.0,0.0,52.7906844879514,0.5221813089565213
2024-04-11 21:00:00,50.733002548929115,-10.6,44.2,0.0,0.0,0.0,0.0,0.0,0.0,50.733002548929115,0.2,0.0,0.0,0.0,50.733002548929115,0.5221813089565213
2024-04-11 22:00:00,39.17171678108025,-10.7,40.0,0.0,0.0,0.0,0.0,0.0,0.0,39.17171678108025,0.2,0.0,0.0,0.0,39.17171678108025,0.5221813089565213
2024-04-11 23:00:00,46.67470707690424,-10.5,35.7,0.0,0.0,0.0,0.0,0.0,0.0,46.67470707690424,0.2,0.0,0.0,0.0,46.67470707690424,0.5221813089565213
2024-04-12 00:00:00,46.695238199123736,-10.5,32.1,0.0,0.0,0.0,0.0,0.0,0.0,46.695238199123736,0.2,0.0,0.0,0.0,46.695238199123736,0.5221813089565213
2024-04-12 01:00:00,45.17344569139312,-10.8,30.8,0.0,0.0,0.0,0.0,0.0,0.0,45.17344569139312,0.2,0.0,0.0,0.0,45.17344569139312,0.5221813089565213
2024-04-12 02:00:00,38.549445423702984,-10.7,28.6,0.0,0.0,0.0,0.0,0.0,0.0,38.549445423702984,0.2,0.0,0.0,0.0,38.549445423702984,0.5221813089565213
2024-04-12 03:00:00,40.68541050144498,-11.0,25.9,0.0,0.0,0.0,0.0,0.0,0.0,40.68541050144498,0.2,0.0,0.0,0.0,40.68541050144498,0.5221813089565213
2024-04-12 04:00:00,51.22512922289161,-10.8,27.1,0.0,0.0,0.0,0.0,0.0,0.0,51.22512922289161,0.2,0.0,0.0,0.0,51.22512922289161,0.5221813089565213
2024-04-12 05:00:00,42.24239199561353,-11.0,26.7,0.0,0.0,0.0,0.0,0.0,0.0,42.24239199561353,0.2,0.0,0.0,0.0,42.24239199561353,0.5221813089565213
2024-04-12 06:00:00,45.171542495552224,-11.2,26.3,0.0,0.0,0.0,0.0,0.0,0.0,45.171542495552224,0.2,0.0,0.0,45.171542495552224,0.0,0.42398230353140776
2024-04-12 07:00:00,48.579700583892695,-11.0,27.9,0.0,0.0,0.0,0.0,0.0,0.0,48.579700583892695,0.2,0.0,0.0,0.0,48.579700583892695,0.42398230353140776
2024-04-12 08:00:00,71.02836965116158,-10.9,27.9,23.0,0.38915999999999995,0.0,0.38915999999999995,0.0,0.0,70.63920965116158,0.2,0.38915999999999995,0.0,0.0,70.63920965116158,0.42398230353140776
2024-04-12 09:00:00,76.49393629349329,-10.6,28.0,78.0,1.404,0.0,1.404,0.0,0.0,75.0899362934933,0.2,1.404,0.0,0.0,75.0899362934933,0.42398230353140776
2024-04-12 10:00:00,65.23950129032885,-10.3,26.8,128.0,2.1427199999999997,0.0,2.1427199999999997,0.0,0.0,63.09678129032885,0.2,2.1427199999999997,0.0,0.0,63.09678129032885,0.42398230353140776
2024-04-12 11:00:00,62.638395936607225,-10.1,28.4,158.0,2.81556,0.0,2.81556,0.0,0.0,59.82283593660723,0.2,2.81556,0.0,0.0,59.82283593660723,0.42398230353140776
2024-04-12 12:00:00,61.64254481234414,-10.1,30.0,164.0,2.952,0.0,2.952,0.0,0.0,58.69054481234414,0.2,2.952,0.0,0.0,58.69054481234414,0.42398230353140776
2024-04-12 13:00:00,72.12128436072992,-9.7,29.5,143.0,2.52252,0.0,2.52252,0.0,0.0,69.59876436072992,0.2,2.52252,0.0,0.0,69.59876436072992,0.42398230353140776
2024-04-12 14:00:00,62.56348900759845,-9.9,29.2,102.0,1.7809199999999998,0.0,1.7809199999999998,0.0,0.0,60.78256900759845,0.2,1.7809199999999998,0.0,0.0,60.78256900759845,0.42398230353140776
2024-04-12 15:00:00,56.991902375555625,-10.3,28.5,47.0,0.846,0.0,0.846,0.0,0.0,56.14590237555563,0.2,0.846,0.0,0.0,56.14590237555563,0.42398230353140776
2024-04-12 16:00:00,75.1500723828108,-10.5,29.2,4.0,0.072,0.0,0.072,0.0,0.0,75.0780723828108,0.2,0.072,0.0,0.0,75.0780723828108,0.42398230353140776
2024-04-12 17:00:00,62.811866434600375,-10.5,30.0,0.0,0.0,0.0,0.0,0.0,0.0,62.811866434600375,0.2,0.0,0.0,0.0,62.811866434600375,0.42398230353140776
2024-04-12 18:00:00,59.984566529592804,-10.3,31.4,0.0,0.0,0.0,0.0,0.0,0.0,59.984566529592804,0.2,0.0,0.0,0.0,59.984566529592804,0.42398230353140776
2024-04-12 19:00:00,52.97446997400004,-10.0,35.0,0.0,0.0,0.0,0.0,0.0,0.0,52.97446997400004,0.2,0.0,0.0,0.0,52.97446997400004,0.42398230353140776
2024-04-12 20:00:00,53.32892461859012,-9.9,36.6,0.0,0.0,0.0,0.0,0.0,0.0,53.32892461859012,0.2,0.0,0.0,0.0,53.32892461859012,0.42398230353140776
2024-04-12 21:00:00,40.42897058329507,-10.0,37.4,0.0,0.0,0.0,0.0,0.0,0.0,40.42897058329507,0.2,0.0,0.0,0.0,40.42897058329507,0.42398230353140776
2024-04-12 22:00:00,40.79539716569885,-10.0,39.5,0.0,0.0,0.0,0.0,0.0,0.0,40.79539716569885,0.2,0.0,0.0,40.79539716569885,0.0,0.33529665751901894
2024-04-12 23:00:00,42.52578942261302,-10.0,42.3,0.0,0.0,0.0,0.0,0.0,0.0,42.52578942261302,0.2,0.0,0.0,0.0,42.52578942261302,0.33529665751901894
2024-04-13 00:00:00,30.64554553549879,-9.8,43.3,0.0,0.0,0.0,0.0,0.0,0.0,30.64554553549879,0.2,0.0,0.0,0.0,30.64554553549879,0.33529665751901894
2024-04-13 01:00:00,37.48741193092886,-9.5,44.0,0.0,0.0,0.0,0.0,0.0,0.0,37.48741193092886,0.2,0.0,0.0,0.0,37.48741193092886,0.33529665751901894
2024-04-13 02:00:00,34.17917814832796,-9.5,42.2,0.0,0.0,0.0,0.0,0.0,0.0,34.17917814832796,0.2,0.0,0.0,0.0,34.17917814832796,0.33529665751901894
2024-04-13 03:00:00,34.48654884024819,-9.5,41.1,0.0,0.0,0.0,0.0,0.0,0.0,34.48654884024819,0.2,0.0,0.0,0.0,34.48654884024819,0.33529665751901894
2024-04-13 04:00:00,36.244590960895096,-9.5,42.0,0.0,0.0,0.0,0.0,0.0,0.0,36.244590960895096,0.2,0.0,0.0,0.0,36.244590960895096,0.33529665751901894
2024-04-13 05:00:00,37.020540370627515,-9.7,43.0,0.0,0.0,0.0,0.0,0.0,0.0,37.020540370627515,0.2,0.0,0.0,0.0,37.020540370627515,0.33529665751901894
2024-04-13 06:00:00,38.8898407486454,-9.8,45.5,0.0,0.0,0.0,0.0,0.0,0.0,38.8898407486454,0.2,0.0,0.0,0.0,38.8898407486454,0.33529665751901894
2024-04-13 07:00:00,54.72373523583706,-10.0,45.8,0.0,0.0,0.0,0.0,0.0,0.0,54.72373523583706,0.2,0.0,0.0,0.0,54.72373523583706,0.33529665751901894
2024-04-13 08:00:00,58.49938006601879,-10.0,47.5,16.0,0.0,0.0,0.0,0.0,0.0,58.49938006601879,0.2,0.0,0.0,0.0,58.49938006601879,0.33529665751901894
2024-04-13 09:00:00,59.12359226715661,-10.0,48.4,66.0,0.02376000000000002,0.0,0.02376000000000002,0.0,0.0,59.09983226715661,0.2,0.02376000000000002,0.0,0.0,59.09983226715661,0.33529665751901894
2024-04-13 10:00:00,69.31266706416885,-9.9,50.0,116.0,0.020880000000000017,0.0,0.020880000000000017,0.0,0.0,69.29178706416884,0.2,0.020880000000000017,0.0,0.0,69.29178706416884,0.33529665751901894
2024-04-13 11:00:00,64.52524902463647,-9.8,51.3,137.0,0.0,0.0,0.0,0.0,0.0,64.52524902463647,0.2,0.0,0.0,0.0,64.52524902463647,0.33529665751901894
2024-04-13 12:00:00,60.694880241689425,-9.7,50.1,138.0,0.024840000000000022,0.0,0.024840000000000022,0.0,0.0,60.67004024168943,0.2,0.024840000000000022,0.0,0.0,60.67004024168943,0.33529665751901894
2024-04-13 13:00:00,55.21552556596275,-9.9,44.3,128.0,0.5068799999999999,0.0,0.5068799999999999,0.0,0.0,54.70864556596275,0.2,0.5068799999999999,0.0,0.0,54.70864556596275,0.33529665751901894
2024-04-13 14:00:00,73.56383756153946,-10.4,41.3,94.0,1.2520799999999999,0.0,1.2520799999999999,0.0,0.0,72.31175756153945,0.2,1.2520799999999999,0.0,0.0,72.31175756153945,0.33529665751901894
2024-04-13 15:00:00,62.30974479945436,-10.9,41.3,42.0,0.74088,0.0,0.74088,0.0,0.0,61.56886479945436,0.2,0.74088,0.0,0.0,61.56886479945436,0.33529665751901894
2024-04-13 16:00:00,66.46635127420622,-11.2,41.4,2.0,0.036,0.0,0.036,0.0,0.0,66.43035127420622,0.2,0.036,0.0,0.0,66.43035127420622,0.33529665751901894
2024-04-13 17:00:00,59.20865778283654,-11.3,43.0,0.0,0.0,0.0,0.0,0.0,0.0,59.20865778283654,0.2,0.0,0.0,0.0,59.20865778283654,0.33529665751901894
2024-04-13 18:00:00,57.90636741226007,-11.2,42.8,0.0,0.0,0.0,0.0,0.0,0.0,57.90636741226007,0.2,0.0,0.0,0.0,57.90636741226007,0.33529665751901894
2024-04-13 19:00:00,62.23646245874956,-11.1,42.9,0.0,0.0,0.0,0.0,0.0,0.0,62.23646245874956,0.2,0.0,0.0,62.23646245874956,0.0,0.2
2024-04-13 20:00:00,56.208091004016865,-11.2,40.1,0.0,0.0,0.0,0.0,0.0,0.0,56.208091004016865,0.2,0.0,0.0,0.0,56.208091004016865,0.2
2024-04-13 21:00:00,56.25019973144735,-11.3,36.2,0.0,0.0,0.0,0.0,0.0,0.0,56.25019973144735,0.2,0.0,0.0,0.0,56.25019973144735,0.2
2024-04-13 22:00:00,49.65192747310787,-11.6,32.3,0.0,0.0,0.0,0.0,0.0,0.0,49.65192747310787,0.2,0.0,0.0,0.0,49.65192747310787,0.2
2024-04-13 23:00:00,47.305717921703895,-11.9,29.9,0.0,0.0,0.0,0.0,0.0,0.0,47.305717921703895,0.2,0.0,0.0,-0.0,47.305717921703895,0.2
2024-04-14 00:00:00,38.16930499886911,-12.9,26.6,0.0,0.0,0.0,0.0,0.0,0.0,38.16930499886911,0.2,0.0,0.0,0.0,38.16930499886911,0.2
2024-04-14 01:00:00,41.14987503066723,-12.3,21.3,0.0,0.0,100.0,0.0,41.14987503066723,-78.85012496933277,20.0,0.3450842299435723,0.0,100.0,-58.85012496933277,0.0,0.3082842299435723
2024-04-14 02:00:00,40.87545534075696,-14.0,19.3,0.0,0.0,100.0,0.0,40.87545534075696,-59.12454465924304,0.0,0.4538733921165795,0.0,100.0,-59.12454465924304,0.0,0.4170733921165795
2024-04-14 03:00:00,51.56832410175987,-16.3,20.5,0.0,0.0,100.0,0.0,51.56832410175987,-48.43167589824013,0.0,0.5429876757693414,0.0,51.56832410175987,0.0,0.0,0.4170733921165795
2024-04-14 04:00:00,47.68135336046536,-16.9,21.9,0.0,0.0,100.0,0.0,47.68135336046536,-52.31864663953464,0.0,0.6392539855860851,0.0,47.68135336046536,0.0,0.0,0.4170733921165795
2024-04-14 05:00:00,53.99929754528061,-16.1,19.5,0.0,0.0,100.0,0.0,53.99929754528061,-46.00070245471939,0.0,0.7238952781027688,0.0,100.0,-46.00070245471939,0.0,0.5017146846332632
2024-04-14 06:00:00,61.32878671542377,-16.1,16.3,0.0,0.0,100.0,0.0,61.32878671542377,-38.67121328457623,0.0,0.7950503105463891,0.0,61.32878671542377,0.0,0.0,0.5017146846332632
2024-04-14 07:00:00,73.96337580140363,-16.3,16.3,0.0,0.0,100.0,0.0,73.96337580140363,-26.03662419859637,0.0,0.8429576990718064,0.0,73.96337580140363,0.0,0.0,0.5017146846332632
2024-04-14 08:00:00,72.58127958846933,-15.3,19.2,16.0,0.288,100.0,0.288,72.29327958846933,-27.706720411530668,0.0,0.8939380646290228,0.288,100.0,-27.706720411530668,0.0,0.5526950501904796
2024-04-14 09:00:00,84.16393474346575,-15.1,19.2,69.0,1.242,100.0,1.242,82.92193474346574,-17.07806525653426,0.0,0.9253617047010458,0.0,84.16393474346575,0.0,0.0,0.5526950501904796
2024-04-14 10:00:00,77.15067432931238,-15.8,16.0,117.0,2.106,100.0,2.106,75.04467432931239,-24.955325670687614,0.0,0.9712795039351111,0.0,77.15067432931238,0.0,0.0,0.5526950501904796
2024-04-14 11:00:00,74.1549028352803,-15.9,16.1,146.0,2.628,100.0,2.628,71.5269028352803,-15.608965252657017,0.0,1.0,2.628,100.0,-28.473097164719704,0.0,0.6050855489735638
2024-04-14 12:00:00,66.80827827687737,-15.8,16.0,151.0,2.718,100.0,2.718,64.09027827687737,0.0,0.0,1.0,2.718,100.0,-35.90972172312263,0.0,0.6711594369441094
2024-04-14 13:00:00,82.30492487566667,-14.5,15.1,131.0,2.358,100.0,2.358,79.94692487566667,0.0,0.0,1.0,0.0,82.30492487566667,0.0,0.0,0.6711594369441094
2024-04-14 14:00:00,85.30583468894368,-14.5,14.8,89.0,1.602,100.0,1.602,83.70383468894367,0.0,0.0,1.0,0.0,85.30583468894368,0.0,0.0,0.6711594369441094
2024-04-14 15:00:00,84.23413786949641,-15.0,15.2,36.0,0.6285599999999999,100.0,0.6285599999999999,83.60557786949641,0.0,0.0,1.0,0.6285599999999999,100.0,-16.394422130503585,0.0,0.701325173664236
2024-04-14 16:00:00,72.47569082146903,-14.9,15.5,1.0,0.00828,100.0,0.00828,72.46741082146903,0.0,0.0,1.0,0.0,72.47569082146903,0.0,0.0,0.701325173664236
2024-04-14 17:00:00,67.93226171232666,-14.3,16.0,0.0,0.0,100.0,0.0,67.93226171232666,0.0,0.0,1.0,0.0,100.0,-32.067738287673336,0.0,0.7603298121135549
2024-04-14 18:00:00,68.03226178668845,-14.9,16.5,0.0,0.0,100.0,0.0,68.03226178668845,0.0,0.0,1.0,0.0,100.0,-31.96773821331155,0.0,0.8191504504260482
2024-04-14 19:00:00,71.79349651473828,-14.7,16.8,0.0,0.0,100.0,0.0,71.79349651473828,0.0,0.0,1.0,0.0,71.79349651473828,0.0,0.0,0.8191504504260482
2024-04-14 20:00:00,69.66914063811025,-14.8,16.5,0.0,0.0,100.0,0.0,69.66914063811025,0.0,0.0,1.0,0.0,69.66914063811025,0.0,0.0,0.8191504504260482
2024-04-14 21:00:00,61.76904244920682,-14.9,17.2,0.0,0.0,100.0,0.0,61.76904244920682,0.0,0.0,1.0,0.0,100.0,-38.23095755079318,0.0,0.8894954123195076
2024-04-14 22:00:00,55.842598624017505,-14.9,17.5,0.0,0.0,100.0,0.0,55.842598624017505,0.0,0.0,1.0,0.0,55.842598624017505,0.0,0.0,0.8894954123195076
2024-04-14 23:00:00,57.60191348850063,-15.1,17.2,0.0,0.0,100.0,0.0,57.60191348850063,0.0,0.0,1.0,0.0,57.60191348850063,0.0,0.0,0.8894954123195076
2024-04-15 00:00:00,49.820787714252205,-15.2,17.5,0.0,0.0,100.0,0.0,49.820787714252205,0.0,0.0,1.0,0.0,49.820787714252205,0.0,0.0,0.8894954123195076
2024-04-15 01:00:00,45.82029234758853,-15.4,17.1,0.0,0.0,100.0,0.0,45.82029234758853,0.0,0.0,1.0,0.0,45.82029234758853,0.0,0.0,0.8894954123195076
2024-04-15 02:00:00,43.30488939693094,-15.3,18.1,0.0,0.0,100.0,0.0,43.30488939693094,0.0,0.0,1.0,0.0,43.30488939693094,0.0,0.0,0.8894954123195076
2024-04-15 03:00:00,38.15642815290211,-14.7,19.7,0.0,0.0,100.0,0.0,38.15642815290211,0.0,0.0,1.0,0.0,98.21326928360332,-60.056841130701216,0.0,0.9999999999999978
2024-04-15 04:00:00,43.812453178141936,-13.5,21.6,0.0,0.0,100.0,0.0,43.812453178141936,0.0,0.0,1.0,0.0,43.812453178141936,0.0,0.0,0.9999999999999978
2024-04-15 05:00:00,41.48795978108029,-12.9,22.4,0.0,0.0,100.0,0.0,41.48795978108029,0.0,0.0,1.0,0.0,41.48795978108029,0.0,0.0,0.9999999999999978
2024-04-15 06:00:00,57.5250390944979,-12.2,24.3,0.0,0.0,100.0,0.0,57.5250390944979,0.0,0.0,1.0,0.0,57.5250390944979,0.0,0.0,0.9999999999999978
2024-04-15 07:00:00,60.09343695516509,-11.5,28.7,0.0,0.0,0.0,0.0,0.0,60.09343695516509,0.0,0.869362093575728,0.0,0.0,0.0,60.09343695516509,0.9999999999999978
2024-04-15 08:00:00,69.64781198773913,-11.0,29.7,10.0,0.0,0.0,0.0,0.0,69.64781198773913,0.0,0.7179538066458604,0.0,0.0,0.0,69.64781198773913,0.9999999999999978
2024-04-15 09:00:00,58.95358598542906,-10.4,30.5,45.0,0.0,0.0,0.0,0.0,58.95358598542906,0.0,0.589793837112319,0.0,0.0,0.0,58.95358598542906,0.9999999999999978
2024-04-15 10:00:00,78.50848473461036,-10.0,31.5,74.0,0.0,0.0,0.0,0.0,78.50848473461036,0.0,0.41912321812403563,0.0,0.0,0.0,78.50848473461036,0.9999999999999978
2024-04-15 11:00:00,58.1376229310328,-9.6,31.7,88.0,0.0,0.0,0.0,0.0,58.1376229310328,0.0,0.2927370813174426,0.0,0.0,0.0,58.1376229310328,0.9999999999999978
2024-04-15 12:00:00,57.00845962458397,-9.5,32.3,94.0,0.0,0.0,0.0,0.0,37.00845962458397,20.0,0.2103970999178489,0.0,0.0,0.0,57.00845962458397,0.9999999999999978
2024-04-15 13:00:00,62.89589226568455,-9.9,31.1,78.0,0.0,0.0,0.0,0.0,4.782665962210495,58.11322630347406,0.2,0.0,0.0,0.0,62.89589226568455,0.9999999999999978
2024-04-15 14:00:00,75.82610345984932,-10.1,30.9,58.0,0.0,0.0,0.0,0.0,0.0,75.82610345984932,0.2,0.0,0.0,0.0,75.82610345984932,0.9999999999999978
2024-04-15 15:00:00,68.22786748614287,-10.4,31.2,24.0,0.0043200000000000035,0.0,0.0043200000000000035,0.0,0.0,68.22354748614286,0.2,0.0043200000000000035,0.0,0.0,68.22354748614286,0.9999999999999978
2024-04-15 16:00:00,63.88085374739215,-10.8,31.3,0.0,0.0,0.0,0.0,0.0,0.0,63.88085374739215,0.2,0.0,0.0,0.0,63.88085374739215,0.9999999999999978
2024-04-15 17:00:00,58.0368628267742,-10.8,34.5,0.0,0.0,0.0,0.0,0.0,0.0,58.0368628267742,0.2,0.0,0.0,0.0,58.0368628267742,0.9999999999999978
2024-04-15 18:00:00,52.4953242466965,-11.0,36.2,0.0,0.0,0.0,0.0,0.0,0.0,52.4953242466965,0.2,0.0,0.0,0.0,52.4953242466965,0.9999999999999978
2024-04-15 19:00:00,62.138136618465055,-11.1,36.3,0.0,0.0,0.0,0.0,0.0,0.0,62.138136618465055,0.2,0.0,0.0,0.0,62.138136618465055,0.9999999999999978
2024-04-15 20:00:00,56.69319630524319,-10.8,36.1,0.0,0.0,0.0,0.0,0.0,0.0,56.69319630524319,0.2,0.0,0.0,0.0,56.69319630524319,0.9999999999999978
2024-04-15 21:00:00,55.36225188546175,-10.3,41.0,0.0,0.0,0.0,0.0,0.0,0.0,55.36225188546175,0.2,0.0,0.0,0.0,55.36225188546175,0.9999999999999978
2024-04-15 22:00:00,46.98409063490562,-10.0,43.5,0.0,0.0,0.0,0.0,0.0,0.0,46.98409063490562,0.2,0.0,0.0,0.0,46.98409063490562,0.9999999999999978
2024-04-15 23:00:00,28.789487707222328,-9.8,42.2,0.0,0.0,0.0,0.0,0.0,0.0,28.789487707222328,0.2,0.0,0.0,28.789487707222328,0.0,0.9374141571582101
2024-04-16 00:00:00,35.77708533659274,-9.6,44.3,0.0,0.0,0.0,0.0,0.0,0.0,35.77708533659274,0.2,0.0,0.0,0.0,35.77708533659274,0.9374141571582101
2024-04-16 01:00:00,41.32435652923354,-9.9,43.7,0.0,0.0,0.0,0.0,0.0,0.0,41.32435652923354,0.2,0.0,0.0,0.0,41.32435652923354,0.9374141571582101
2024-04-16 02:00:00,34.1514148738199,-9.6,45.7,0.0,0.0,0.0,0.0,0.0,0.0,34.1514148738199,0.2,0.0,0.0,0.0,34.1514148738199,0.9374141571582101
2024-04-16 03:00:00,33.20579016535937,-9.0,46.9,0.0,0.0,0.0,0.0,0.0,0.0,33.20579016535937,0.2,0.0,0.0,0.0,33.20579016535937,0.9374141571582101
2024-04-16 04:00:00,33.48386617555236,-8.5,47.8,0.0,0.0,0.0,0.0,0.0,0.0,33.48386617555236,0.2,0.0,0.0,0.0,33.48386617555236,0.9374141571582101
2024-04-16 05:00:00,46.7379478370727,-8.3,50.8,0.0,0.0,0.0,0.0,0.0,0.0,46.7379478370727,0.2,0.0,0.0,46.7379478370727,0.0,0.8358099227297912
2024-04-16 06:00:00,50.28096318707154,-8.1,53.0,0.0,0.0,0.0,0.0,0.0,0.0,50.28096318707154,0.2,0.0,0.0,0.0,50.28096318707154,0.8358099227297912
2024-04-16 07:00:00,56.50595611454061,-7.6,53.5,0.0,0.0,0.0,0.0,0.0,0.0,56.50595611454061,0.2,0.0,0.0,0.0,56.50595611454061,0.8358099227297912
2024-04-16 08:00:00,56.831988756074715,-7.3,53.5,8.0,0.0,0.0,0.0,0.0,0.0,56.831988756074715,0.2,0.0,0.0,56.831988756074715,0.0,0.7122621210861505
2024-04-16 09:00:00,66.88143879449905,-7.2,52.6,39.0,0.0,0.0,0.0,0.0,0.0,66.88143879449905,0.2,0.0,0.0,0.0,66.88143879449905,0.7122621210861505
2024-04-16 10:00:00,62.3111753690176,-7.5,50.4,77.0,0.09701999999999994,0.0,0.09701999999999994,0.0,0.0,62.2141553690176,0.2,0.09701999999999994,0.0,0.0,62.2141553690176,0.7122621210861505
2024-04-16 11:00:00,65.35086009576904,-7.6,47.9,106.0,0.19079999999999994,0.0,0.19079999999999994,0.0,0.0,65.16006009576904,0.2,0.19079999999999994,0.0,0.0,65.16006009576904,0.7122621210861505
2024-04-16 12:00:00,50.36035210703446,-7.8,47.3,116.0,0.7725599999999999,0.0,0.7725599999999999,0.0,0.0,49.58779210703446,0.2,0.7725599999999999,0.0,0.0,49.58779210703446,0.7122621210861505
2024-04-16 13:00:00,58.15941930432722,-7.8,45.9,94.0,0.08460000000000008,0.0,0.08460000000000008,0.0,0.0,58.07481930432722,0.2,0.08460000000000008,0.0,0.0,58.07481930432722,0.7122621210861505
2024-04-16 14:00:00,67.38844077873995,-7.6,43.8,64.0,0.03456000000000003,0.0,0.03456000000000003,0.0,0.0,67.35388077873995,0.2,0.03456000000000003,0.0,67.00050164731682,0.35337913142312516,0.5666088566354618
2024-04-16 15:00:00,77.87559073137466,-7.7,41.5,22.0,0.01980000000000002,0.0,0.01980000000000002,0.0,0.0,77.85579073137465,0.2,0.01980000000000002,0.0,0.0,77.85579073137465,0.5666088566354618
2024-04-16 16:00:00,53.99628463287568,-8.0,38.6,0.0,0.0,0.0,0.0,0.0,0.0,53.99628463287568,0.2,0.0,0.0,0.0,53.99628463287568,0.5666088566354618
2024-04-16 17:00:00,53.78209703730069,-7.9,37.1,0.0,0.0,0.0,0.0,0.0,0.0,53.78209703730069,0.2,0.0,0.0,53.78209703730069,0.0,0.4496912543804603
2024-04-16 18:00:00,58.08387398346405,-8.0,37.1,0.0,0.0,0.0,0.0,0.0,0.0,58.08387398346405,0.2,0.0,0.0,0.0,58.08387398346405,0.4496912543804603
2024-04-16 19:00:00,62.847114530073014,-8.0,35.6,0.0,0.0,0.0,0.0,0.0,0.0,62.847114530073014,0.2,0.0,0.0,62.847114530073014,0.0,0.31306709235856245
2024-04-16 20:00:00,52.01086248494037,-8.2,32.1,0.0,0.0,0.0,0.0,0.0,0.0,52.01086248494037,0.2,0.0,0.0,52.01086248494037,0.0,0.2
2024-04-16 21:00:00,51.51070926152078,-8.6,29.1,0.0,0.0,0.0,0.0,0.0,0.0,51.51070926152078,0.2,0.0,0.0,0.0,51.51070926152078,0.2
2024-04-16 22:00:00,43.31198124661761,-9.4,25.3,0.0,0.0,0.0,0.0,0.0,0.0,43.31198124661761,0.2,0.0,0.0,-0.0,43.31198124661761,0.2
2024-04-16 23:00:00,39.44689205530312,-9.8,22.2,0.0,0.0,100.0,0.0,39.44689205530312,-80.55310794469688,20.0,0.3482177186182423,0.0,100.0,-60.55310794469688,0.0,0.3114177186182423
2024-04-17 00:00:00,43.28592176033878,-10.5,19.2,0.0,0.0,100.0,0.0,43.28592176033878,-56.71407823966122,0.0,0.45257162257921896,0.0,100.0,-56.71407823966122,0.0,0.41577162257921896
2024-04-17 01:00:00,35.708553046869476,-9.1,21.9,0.0,0.0,100.0,0.0,35.708553046869476,-64.29144695313053,0.0,0.5708678849729791,0.0,52.73750511041061,-17.028952063541137,0.0,0.44710489437613465
2024-04-17 02:00:00,41.87134669358873,-11.5,15.3,0.0,0.0,100.0,0.0,41.87134669358873,-58.12865330641127,0.0,0.6778246070567759,0.0,100.0,-58.12865330641127,0.0,0.5540616164599315
2024-04-17 03:00:00,33.36864050527208,-13.6,12.7,0.0,0.0,100.0,0.0,33.36864050527208,-66.63135949472792,0.0,0.8004263085270753,0.0,100.0,-66.63135949472792,0.0,0.6766633179302308
2024-04-17 04:00:00,49.299935162834174,-13.6,11.3,0.0,0.0,78.43443072702333,0.0,49.299935162834174,-29.13449556418915,0.0,0.8540337803651833,0.0,78.43443072702333,-29.13449556418915,0.0,0.7302707897683388
2024-04-17 05:00:00,48.32156506151376,-13.5,14.8,0.0,0.0,100.0,0.0,48.32156506151376,-51.67843493848624,0.0,0.949122100651998,0.0,100.0,-51.67843493848624,0.0,0.8253591100551535
2024-04-17 06:00:00,50.52639565699568,-11.8,19.4,0.0,0.0,100.0,0.0,50.52639565699568,-27.651032254348923,0.0,1.0,0.0,100.0,-49.47360434300432,0.0,0.9163905420462815
2024-04-17 07:00:00,54.56007719906789,-13.9,14.8,0.0,0.0,100.0,0.0,54.56007719906789,0.0,0.0,1.0,0.0,100.0,-45.43992280093211,0.0,0.9999999999999966
2024-04-17 08:00:00,67.10105664001065,-14.8,10.7,7.0,0.08946,62.62455418381343,0.08946,62.62455418381343,4.387042456197221,0.0,0.99046295118218,0.08946,62.62455418381343,0.0,4.387042456197221,0.9999999999999966
2024-04-17 09:00:00,86.29325736566591,-15.2,8.7,50.0,0.765,25.4037037037037,0.765,25.4037037037037,60.12455366196221,0.0,0.8597573997431317,0.765,25.4037037037037,60.12455366196221,0.0,0.8692944485609483
2024-04-17 10:00:00,84.05700500983316,-15.6,9.2,96.0,1.2096,32.69245541838133,1.2096,32.69245541838133,50.15494959145184,0.0,0.7507249006312798,1.2096,32.69245541838133,50.15494959145183,0.0,0.7602619494490965
2024-04-17 11:00:00,76.19199232936411,-13.2,6.5,122.0,1.36152,5.881344307270234,1.36152,5.881344307270234,68.94912802209387,0.0,0.6008354918875976,1.36152,5.881344307270234,68.94912802209387,0.0,0.6103725407054141
2024-04-17 12:00:00,66.21483993342326,-12.9,5.1,121.0,0.1089000000000001,1.2703703703703695,0.1089000000000001,1.2703703703703695,64.83556956305289,0.0,0.45988860153313477,0.1089000000000001,1.2703703703703695,0.0,64.8355695630529,0.6103725407054141
2024-04-17 13:00:00,82.90472681887276,-16.2,8.2,101.0,0.0,19.287791495198896,0.0,19.287791495198896,63.616935323673864,0.0,0.3215909160468873,0.0,19.287791495198896,63.616935323673864,0.0,0.4720748552191666
2024-04-17 14:00:00,79.10173975940009,-15.9,7.6,60.0,0.0,13.351989026063096,0.0,13.351989026063096,45.749750733336995,20.0,0.2187350099927453,0.0,13.351989026063096,0.0,65.749750733337,0.4720748552191666
2024-04-17 15:00:00,80.24941127143944,-15.0,6.9,19.0,0.0,8.137037037037038,0.0,8.137037037037038,8.618104596662839,63.49426963773957,0.2,0.0,8.137037037037038,57.95766977860781,14.154704455794601,0.34607992091784523
2024-04-17 16:00:00,75.09070448635102,-13.9,2.9,0.0,0.0,0.0,0.0,0.0,0.0,75.09070448635102,0.2,0.0,0.0,0.0,75.09070448635102,0.34607992091784523
2024-04-17 17:00:00,78.10307363592509,-16.6,7.3,0.0,0.0,10.906310013717418,0.0,10.906310013717418,0.0,67.19676362220767,0.2,0.0,10.906310013717418,67.19676362220767,0.0,0.20000000000000248
2024-04-17 18:00:00,67.20707584754919,-16.2,11.3,0.0,0.0,78.43443072702333,0.0,67.20707584754919,-31.227354879474134,20.0,0.2574583329782324,0.0,67.20707584754919,0.0,0.0,0.20000000000000248
2024-04-17 19:00:00,65.33974507949749,-15.8,12.3,0.0,0.0,100.0,0.0,65.33974507949749,-34.66025492050251,0.0,0.32123320203195704,0.0,65.33974507949749,0.0,0.0,0.20000000000000248
2024-04-17 20:00:00,66.01097072990815,-15.8,13.0,0.0,0.0,100.0,0.0,66.01097072990815,-33.98902927009185,0.0,0.38377301588892604,0.0,66.01097072990815,0.0,0.0,0.20000000000000248
2024-04-17 21:00:00,58.54281202360951,-15.8,12.3,0.0,0.0,100.0,0.0,58.54281202360951,-41.45718797639049,0.0,0.46005424176548454,0.0,100.0,-41.45718797639049,0.0,0.276281225876561
2024-04-17 22:00:00,53.688473088299446,-15.4,12.8,0.0,0.0,100.0,0.0,53.688473088299446,-46.311526911700554,0.0,0.5452674512830136,0.0,53.688473088299446,0.0,0.0,0.276281225876561
2024-04-17 23:00:00,60.442338043127776,-15.1,14.1,0.0,0.0,100.0,0.0,60.442338043127776,-39.557661956872224,0.0,0.6180535492836585,0.0,100.0,-39.557661956872224,0.0,0.3490673238772059
2024-04-18 00:00:00,45.64505440566938,-14.8,15.8,0.0,0.0,100.0,0.0,45.64505440566938,-54.35494559433062,0.0,0.7180666491772268,0.0,100.0,-54.35494559433062,0.0,0.4490804237707743
2024-04-18 01:00:00,53.33959234044491,-15.5,16.6,0.0,0.0,100.0,0.0,53.33959234044491,-46.66040765955509,0.0,0.8039217992708082,0.0,53.33959234044491,0.0,0.0,0.4490804237707743
2024-04-18 02:00:00,38.32659668247535,-15.4,17.6,0.0,0.0,100.0,0.0,38.32659668247535,-61.67340331752465,0.0,0.9174008613750536,0.0,100.0,-61.67340331752465,0.0,0.5625594858750197
2024-04-18 03:00:00,47.67390542885707,-15.6,20.1,0.0,0.0,100.0,0.0,47.67390542885707,-44.89083620920999,0.0,1.0,0.0,100.0,-52.32609457114293,0.0,0.6588394998859227
2024-04-18 04:00:00,51.315762790619864,-15.4,20.9,0.0,0.0,100.0,0.0,51.315762790619864,0.0,0.0,1.0,0.0,51.315762790619864,0.0,0.0,0.6588394998859227
2024-04-18 05:00:00,48.548174224714764,-15.2,22.2,0.0,0.0,100.0,0.0,48.548174224714764,0.0,0.0,1.0,0.0,48.548174224714764,0.0,0.0,0.6588394998859227
2024-04-18 06:00:00,52.51261573568947,-15.3,23.4,0.0,0.0,100.0,0.0,52.51261573568947,0.0,0.0,1.0,0.0,71.23363088498704,-18.72101514929756,0.0,0.6932861677606302
2024-04-18 07:00:00,56.297833980982915,-15.4,23.5,0.0,0.0,100.0,0.0,56.297833980982915,0.0,0.0,1.0,0.0,100.0,-43.702166019017085,0.0,0.7736981532356216
2024-04-18 08:00:00,70.42443245537332,-15.4,23.4,4.0,0.0,100.0,0.0,70.42443245537332,0.0,0.0,1.0,0.0,100.0,-29.57556754462668,0.0,0.8281171975177347
2024-04-18 09:00:00,83.20609323976163,-15.3,23.7,30.0,0.0,100.0,0.0,83.20609323976163,0.0,0.0,1.0,0.0,83.20609323976163,0.0,0.0,0.8281171975177347
2024-04-18 10:00:00,78.8493592145021,-15.3,23.2,61.0,0.0,100.0,0.0,78.8493592145021,0.0,0.0,1.0,0.0,78.8493592145021,0.0,0.0,0.8281171975177347
2024-04-18 11:00:00,80.50974290461865,-15.1,24.2,78.0,0.0,100.0,0.0,80.50974290461865,0.0,0.0,1.0,0.0,100.0,-19.490257095381352,0.0,0.8639792705732364
2024-04-18 12:00:00,69.00535101044578,-15.1,24.7,82.0,0.0,100.0,0.0,69.00535101044578,0.0,0.0,1.0,0.0,100.0,-30.99464898955422,0.0,0.9210094247140161
2024-04-18 13:00:00,78.85555903948018,-15.1,22.8,70.0,0.0,100.0,0.0,78.85555903948018,0.0,0.0,1.0,0.0,100.0,-21.144440960519816,0.0,0.9599151960813727
2024-04-18 14:00:00,78.21478047900634,-15.2,24.2,45.0,0.0,100.0,0.0,78.21478047900634,0.0,0.0,1.0,0.0,100.0,-21.785219520993664,0.0,1.0
2024-04-18 15:00:00,80.46009749052787,-15.4,26.1,13.0,0.0,0.0,0.0,0.0,80.46009749052787,0.0,0.825086744585809,0.0,0.0,0.0,80.46009749052787,1.0
2024-04-18 16:00:00,75.19460265196234,-15.6,27.5,0.0,0.0,0.0,0.0,0.0,75.19460265196234,0.0,0.6616202170815431,0.0,0.0,0.0,75.19460265196234,1.0
2024-04-18 17:00:00,68.798169318812,-15.9,28.3,0.0,0.0,0.0,0.0,0.0,68.798169318812,0.0,0.5120589794319518,0.0,0.0,68.798169318812,0.0,0.8504387623504087
2024-04-18 18:00:00,67.7181326105553,-15.9,28.3,0.0,0.0,0.0,0.0,0.0,67.7181326105553,0.0,0.36484564766987504,0.0,0.0,0.0,67.7181326105553,0.8504387623504087
2024-04-18 19:00:00,63.054215688790045,-16.1,28.7,0.0,0.0,0.0,0.0,0.0,63.054215688790045,0.0,0.22777126573772277,0.0,0.0,38.70847576154319,24.345739927246854,0.7662899019992279
2024-04-18 20:00:00,57.39287649881293,-16.1,28.0,0.0,0.0,0.0,0.0,0.0,12.77478223935247,44.61809425946046,0.2,0.0,0.0,57.39287649881293,0.0,0.6415227791757215
2024-04-18 21:00:00,65.21372912644709,-15.9,26.3,0.0,0.0,0.0,0.0,0.0,0.0,65.21372912644709,0.2,0.0,0.0,0.0,65.21372912644709,0.6415227791757215
2024-04-18 22:00:00,53.88662567774538,-15.7,24.8,0.0,0.0,100.0,0.0,53.88662567774538,-66.11337432225463,20.0,0.32164860875294854,0.0,100.0,-46.11337432225462,0.0,0.7263713879286701
2024-04-18 23:00:00,41.48887275463167,-16.0,23.3,0.0,0.0,100.0,0.0,41.48887275463167,-58.51112724536833,0.0,0.42930908288442626,0.0,100.0,-58.51112724536833,0.0,0.8340318620601478
2024-04-19 00:00:00,50.78359596202657,-16.8,22.3,0.0,0.0,100.0,0.0,50.78359596202657,-49.21640403797343,0.0,0.5198672663142974,0.0,100.0,-49.21640403797343,0.0,0.9245900454900189
2024-04-19 01:00:00,53.64855856909132,-16.2,26.8,0.0,0.0,0.0,0.0,0.0,53.64855856909132,0.0,0.4032399650771423,0.0,0.0,53.64855856909132,0.0,0.8079627442528639
2024-04-19 02:00:00,42.09320683371312,-16.6,24.7,0.0,0.0,100.0,0.0,42.09320683371312,-57.90679316628688,0.0,0.5097884645031102,0.0,100.0,-57.90679316628688,0.0,0.9145112436788317
2024-04-19 03:00:00,53.53871939066814,-16.7,25.0,0.0,0.0,100.0,0.0,53.53871939066814,-46.46128060933186,0.0,0.5952772208242808,0.0,100.0,-46.46128060933186,0.0,1.0
2024-04-19 04:00:00,45.60418972519206,-16.7,25.7,0.0,0.0,0.0,0.0,0.0,45.60418972519206,0.0,0.4961376779434285,0.0,0.0,0.0,45.60418972519206,1.0
2024-04-19 05:00:00,55.89204027908227,-16.5,27.2,0.0,0.0,0.0,0.0,0.0,55.89204027908227,0.0,0.37463324255411923,0.0,0.0,0.0,55.89204027908227,1.0
2024-04-19 06:00:00,66.18319292295506,-16.5,26.8,0.0,0.0,0.0,0.0,0.0,66.18319292295506,0.0,0.2307567361998691,0.0,0.0,66.18319292295506,0.0,0.8561234936457499
2024-04-19 07:00:00,71.32596986155717,-16.7,26.3,0.0,0.0,0.0,0.0,0.0,14.148098651939787,57.17787120961738,0.2,0.0,0.0,14.705449916651666,56.6205199449055,0.8241551242617245
2024-04-19 08:00:00,69.87753012679485,-16.7,25.9,4.0,0.072,0.0,0.072,0.0,0.0,69.80553012679485,0.2,0.072,0.0,69.80553012679485,0.0,0.6724039718121706
2024-04-19 09:00:00,79.98765711539218,-16.8,23.8,41.0,0.738,100.0,0.738,79.24965711539218,-40.75034288460782,20.0,0.2749806309076784,0.738,100.0,-20.750342884607818,0.0,0.710584602719849
2024-04-19 10:00:00,94.6878549519329,-16.9,22.7,85.0,1.53,100.0,1.53,93.1578549519329,-6.842145048067096,0.0,0.2875701777961218,1.53,100.0,-6.842145048067096,0.0,0.7231741496082925
2024-04-19 11:00:00,81.50194271834012,-17.1,20.2,112.0,2.016,100.0,2.016,79.48594271834011,-20.514057281659888,0.0,0.325316043194376,2.016,100.0,-20.514057281659888,0.0,0.7609200150065467
2024-04-19 12:00:00,88.35338256951103,-17.8,17.9,117.0,2.106,100.0,2.106,86.24738256951103,-13.752617430488968,0.0,0.35062085926647574,2.106,100.0,-13.752617430488968,0.0,0.7862248310786464
2024-04-19 13:00:00,84.47357639092527,-17.5,17.5,98.0,1.764,100.0,1.764,82.70957639092528,-17.290423609074722,0.0,0.3824352387071732,1.764,100.0,-17.290423609074722,0.0,0.8180392105193439
2024-04-19 14:00:00,94.43218659609575,-18.6,15.7,60.0,1.08,100.0,1.08,93.35218659609575,-6.647813403904252,0.0,0.39466721537035704,1.08,100.0,-6.647813403904252,0.0,0.8302711871825278
2024-04-19 15:00:00,84.91946361489525,-19.4,15.6,14.0,0.252,100.0,0.252,84.66746361489525,-15.332536385104746,0.0,0.4228790823189498,0.252,100.0,-15.332536385104746,0.0,0.8584830541311205
2024-04-19 16:00:00,85.1586621264375,-19.6,15.7,0.0,0.0,100.0,0.0,85.1586621264375,-14.841337873562495,0.0,0.4501871440063048,0.0,100.0,-14.841337873562495,0.0,0.8857911158184755
2024-04-19 17:00:00,80.62346809780139,-20.0,15.6,0.0,0.0,100.0,0.0,80.62346809780139,-19.376531902198607,0.0,0.4858399627063502,0.0,100.0,-19.376531902198607,0.0,0.9214439345185209
2024-04-19 18:00:00,82.59049825279087,-20.3,15.7,0.0,0.0,100.0,0.0,82.59049825279087,-17.409501747209134,0.0,0.517873445921215,0.0,100.0,-17.409501747209134,0.0,0.9534774177333857
2024-04-19 19:00:00,74.71598789857941,-19.0,20.2,0.0,0.0,100.0,0.0,74.71598789857941,-25.284012101420586,0.0,0.5643960281878289,0.0,100.0,-25.284012101420586,0.0,0.9999999999999996
2024-04-19 20:00:00,65.85074948122818,-15.9,31.4,0.0,0.0,0.0,0.0,0.0,65.85074948122818,0.0,0.4212422249677676,0.0,0.0,0.0,65.85074948122818,0.9999999999999996
2024-04-19 21:00:00,56.547387484536635,-15.5,37.0,0.0,0.0,0.0,0.0,0.0,56.547387484536635,0.0,0.29831312174051405,0.0,0.0,0.0,56.547387484536635,0.9999999999999996
2024-04-19 22:00:00,50.47384964352711,-15.4,36.6,0.0,0.0,0.0,0.0,0.0,30.47384964352711,20.0,0.22714034289708124,0.0,0.0,0.0,50.47384964352711,0.9999999999999996
2024-04-19 23:00:00,51.83864542772154,-15.1,38.3,0.0,0.0,0.0,0.0,0.0,12.484557732657365,39.35408769506417,0.2,0.0,0.0,0.0,51.83864542772154,0.9999999999999996
2024-04-20 00:00:00,45.25205548496483,-14.8,40.7,0.0,0.0,0.0,0.0,0.0,0.0,45.25205548496483,0.2,0.0,0.0,0.0,45.25205548496483,0.9999999999999996
2024-04-20 01:00:00,51.54211263211294,-14.4,44.5,0.0,0.0,0.0,0.0,0.0,0.0,51.54211263211294,0.2,0.0,0.0,51.54211263211294,0.0,0.8879519290606236
2024-04-20 02:00:00,41.727388067054434,-14.2,48.2,0.0,0.0,0.0,0.0,0.0,0.0,41.727388067054434,0.2,0.0,0.0,0.0,41.727388067054434,0.8879519290606236
2024-04-20 03:00:00,40.36932445147522,-14.0,50.6,0.0,0.0,0.0,0.0,0.0,0.0,40.36932445147522,0.2,0.0,0.0,0.0,40.36932445147522,0.8879519290606236
2024-04-20 04:00:00,47.48587811375106,-13.8,52.1,0.0,0.0,0.0,0.0,0.0,0.0,47.48587811375106,0.2,0.0,0.0,0.0,47.48587811375106,0.8879519290606236
2024-04-20 05:00:00,48.093177502841414,-13.7,54.0,0.0,0.0,0.0,0.0,0.0,0.0,48.093177502841414,0.2,0.0,0.0,0.0,48.093177502841414,0.8879519290606236
2024-04-20 06:00:00,46.70974141582402,-13.5,55.9,0.0,0.0,0.0,0.0,0.0,0.0,46.70974141582402,0.2,0.0,0.0,46.70974141582402,0.0,0.786409012939267
2024-04-20 07:00:00,56.117850503052836,-13.3,57.5,0.0,0.0,0.0,0.0,0.0,0.0,56.117850503052836,0.2,0.0,0.0,31.186994551988693,24.930855951064142,0.7186111986958134
2024-04-20 08:00:00,73.53854351932307,-13.3,58.2,2.0,0.0,0.0,0.0,0.0,0.0,73.53854351932307,0.2,0.0,0.0,0.0,73.53854351932307,0.7186111986958134
2024-04-20 09:00:00,74.66942173922291,-13.0,58.8,25.0,0.0,0.0,0.0,0.0,0.0,74.66942173922291,0.2,0.0,0.0,0.0,74.66942173922291,0.7186111986958134
2024-04-20 10:00:00,68.6421609881828,-12.8,60.1,52.0,0.0,0.0,0.0,0.0,0.0,68.6421609881828,0.2,0.0,0.0,68.6421609881828,0.0,0.5693891095910681
2024-04-20 11:00:00,74.63556033357582,-12.5,60.9,72.0,0.0,0.0,0.0,0.0,0.0,74.63556033357582,0.2,0.0,0.0,0.0,74.63556033357582,0.5693891095910681
2024-04-20 12:00:00,65.97870590065126,-12.2,61.5,75.0,0.0,0.0,0.0,0.0,0.0,65.97870590065126,0.2,0.0,0.0,0.0,65.97870590065126,0.5693891095910681
2024-04-20 13:00:00,67.12750023745609,-12.0,60.1,65.0,0.0,0.0,0.0,0.0,0.0,67.12750023745609,0.2,0.0,0.0,0.0,67.12750023745609,0.5693891095910681
2024-04-20 14:00:00,68.45063637183077,-11.8,59.4,38.0,0.0,0.0,0.0,0.0,0.0,68.45063637183077,0.2,0.0,0.0,68.45063637183077,0.0,0.4205833783479578
2024-04-20 15:00:00,75.39964735659345,-11.6,59.5,8.0,0.0,0.0,0.0,0.0,0.0,75.39964735659345,0.2,0.0,0.0,0.0,75.39964735659345,0.4205833783479578
2024-04-20 16:00:00,57.110008139973246,-11.5,58.9,0.0,0.0,0.0,0.0,0.0,0.0,57.110008139973246,0.2,0.0,0.0,0.0,57.110008139973246,0.4205833783479578
2024-04-20 17:00:00,59.81233962780255,-11.6,57.4,0.0,0.0,0.0,0.0,0.0,0.0,59.81233962780255,0.2,0.0,0.0,0.0,59.81233962780255,0.4205833783479578
2024-04-20 18:00:00,61.16313382955621,-11.5,54.5,0.0,0.0,0.0,0.0,0.0,0.0,61.16313382955621,0.2,0.0,0.0,0.0,61.16313382955621,0.4205833783479578
2024-04-20 19:00:00,65.49181534451749,-11.6,50.1,0.0,0.0,0.0,0.0,0.0,0.0,65.49181534451749,0.2,0.0,0.0,0.0,65.49181534451749,0.4205833783479578
2024-04-20 20:00:00,58.8692909817516,-12.4,48.8,0.0,0.0,0.0,0.0,0.0,0.0,58.8692909817516,0.2,0.0,0.0,58.8692909817516,0.0,0.2926066588224109
2024-04-20 21:00:00,48.36987692233599,-12.3,49.9,0.0,0.0,0.0,0.0,0.0,0.0,48.36987692233599,0.2,0.0,0.0,0.0,48.36987692233599,0.2926066588224109
2024-04-20 22:00:00,57.14676727053407,-12.4,51.5,0.0,0.0,0.0,0.0,0.0,0.0,57.14676727053407,0.2,0.0,0.0,0.0,57.14676727053407,0.2926066588224109
2024-04-20 23:00:00,39.24938300147514,-12.3,50.4,0.0,0.0,0.0,0.0,0.0,0.0,39.24938300147514,0.2,0.0,0.0,39.24938300147514,0.0,0.20728191316703015
2024-04-21 00:00:00,48.57668082677577,-13.0,46.3,0.0,0.0,0.0,0.0,0.0,0.0,48.57668082677577,0.2,0.0,0.0,0.0,48.57668082677577,0.20728191316703015
2024-04-21 01:00:00,45.338923228761075,-12.4,45.4,0.0,0.0,0.0,0.0,0.0,0.0,45.338923228761075,0.2,0.0,0.0,0.0,45.338923228761075,0.20728191316703015
2024-04-21 02:00:00,35.79442208399779,-12.8,39.4,0.0,0.0,0.0,0.0,0.0,0.0,35.79442208399779,0.2,0.0,0.0,0.0,35.79442208399779,0.20728191316703015
2024-04-21 03:00:00,43.98796525944127,-13.0,34.6,0.0,0.0,0.0,0.0,0.0,0.0,43.98796525944127,0.2,0.0,0.0,0.0,43.98796525944127,0.20728191316703015
2024-04-21 04:00:00,40.98054935529521,-12.8,29.2,0.0,0.0,0.0,0.0,0.0,0.0,40.98054935529521,0.2,0.0,0.0,0.0,40.98054935529521,0.20728191316703015
2024-04-21 05:00:00,55.27571213758982,-15.6,15.0,0.0,0.0,100.0,0.0,55.27571213758982,-64.72428786241018,20.0,0.31909268966683474,0.0,100.0,-44.72428786241018,0.0,0.2895746028338649
2024-04-21 06:00:00,52.60202253706896,-16.9,12.6,0.0,0.0,100.0,0.0,52.60202253706896,-47.39797746293104,0.0,0.4063049681986278,0.0,100.0,-47.39797746293104,0.0,0.37678688136565797
2024-04-21 07:00:00,67.59988045114437,-15.3,18.5,0.0,0.0,100.0,0.0,67.59988045114437,-32.40011954885563,0.0,0.4659211881685222,0.0,100.0,-32.40011954885563,0.0,0.4364031013355523
2024-04-21 08:00:00,70.18946663653198,-14.9,23.0,1.0,0.011519999999999999,100.0,0.011519999999999999,70.17794663653197,-29.82205336346803,0.0,0.5207937663573033,0.011519999999999999,100.0,-29.82205336346803,0.0,0.4912756795243335
2024-04-21 09:00:00,85.77351891483912,-15.1,26.0,31.0,0.558,0.0,0.558,0.0,85.21551891483911,0.0,0.33554263828156616,0.558,0.0,0.0,85.21551891483911,0.4912756795243335
2024-04-21 10:00:00,84.30509635114524,-15.4,26.3,75.0,1.35,0.0,1.35,0.0,62.34961360952043,20.60548274162481,0.2,1.35,0.0,0.0,82.95509635114524,0.4912756795243335
2024-04-21 11:00:00,87.3711476686006,-15.5,24.7,102.0,1.836,100.0,1.836,85.5351476686006,-34.4648523313994,20.0,0.2634153282897749,1.836,100.0,-14.464852331399399,0.0,0.5178910078141084
2024-04-21 12:00:00,80.23806382516527,-15.6,23.6,107.0,1.926,100.0,1.926,78.31206382516527,-21.687936174834732,0.0,0.3033211308514708,1.926,100.0,-21.687936174834732,0.0,0.5577968103758043
2024-04-21 13:00:00,80.76245770475921,-15.6,20.7,88.0,1.584,100.0,1.584,79.17845770475921,-20.82154229524079,0.0,0.3416327686747138,1.584,100.0,-20.82154229524079,0.0,0.5961084481990474
2024-04-21 14:00:00,91.91334654807147,-16.6,18.8,50.0,0.9,100.0,0.9,91.01334654807147,-8.986653451928532,0.0,0.35816821102626234,0.9,100.0,-8.986653451928532,0.0,0.6126438905505959
2024-04-21 15:00:00,88.94529232263562,-16.9,20.2,9.0,0.162,100.0,0.162,88.78329232263562,-11.216707677364383,0.0,0.3788069531526128,0.162,100.0,-11.216707677364383,0.0,0.6332826326769463
2024-04-21 16:00:00,81.89705002245607,-16.3,23.9,0.0,0.0,100.0,0.0,81.89705002245607,-18.10294997754393,0.0,0.4121163811112937,0.0,100.0,-18.10294997754393,0.0,0.6665920606356271
2024-04-21 17:00:00,63.03849312687409,-15.8,28.5,0.0,0.0,0.0,0.0,0.0,63.03849312687409,0.0,0.2750761786615674,0.0,0.0,0.0,63.03849312687409,0.6665920606356271
2024-04-21 18:00:00,65.624697546178,-15.7,30.1,0.0,0.0,0.0,0.0,0.0,34.53504218432101,31.08965536185699,0.2,0.0,0.0,0.0,65.624697546178,0.6665920606356271
2024-04-21 19:00:00,72.39552923252963,-15.1,32.7,0.0,0.0,0.0,0.0,0.0,0.0,72.39552923252963,0.2,0.0,0.0,0.0,72.39552923252963,0.6665920606356271
2024-04-21 20:00:00,54.28277072282367,-14.5,34.7,0.0,0.0,0.0,0.0,0.0,0.0,54.28277072282367,0.2,0.0,0.0,0.0,54.28277072282367,0.6665920606356271
2024-04-21 21:00:00,60.612305750329035,-14.1,35.5,0.0,0.0,0.0,0.0,0.0,0.0,60.612305750329035,0.2,0.0,0.0,0.0,60.612305750329035,0.6665920606356271
2024-04-21 22:00:00,56.219763283898345,-14.1,35.4,0.0,0.0,0.0,0.0,0.0,0.0,56.219763283898345,0.2,0.0,0.0,56.219763283898345,0.0,0.5443751839315003
2024-04-21 23:00:00,45.54623819208985,-14.1,34.4,0.0,0.0,0.0,0.0,0.0,0.0,45.54623819208985,0.2,0.0,0.0,0.0,45.54623819208985,0.5443751839315003
2024-04-22 00:00:00,39.19884186441637,-14.1,31.8,0.0,0.0,0.0,0.0,0.0,0.0,39.19884186441637,0.2,0.0,0.0,0.0,39.19884186441637,0.5443751839315003
2024-04-22 01:00:00,42.655437010260364,-14.0,32.7,0.0,0.0,0.0,0.0,0.0,0.0,42.655437010260364,0.2,0.0,0.0,0.0,42.655437010260364,0.5443751839315003
2024-04-22 02:00:00,52.39007521816505,-14.0,29.4,0.0,0.0,0.0,0.0,0.0,0.0,52.39007521816505,0.2,0.0,0.0,52.39007521816505,0.0,0.4304837160659241
2024-04-22 03:00:00,37.533613538953226,-13.9,27.8,0.0,0.0,0.0,0.0,0.0,0.0,37.533613538953226,0.2,0.0,0.0,0.0,37.533613538953226,0.4304837160659241
2024-04-22 04:00:00,41.52871327700365,-14.0,25.9,0.0,0.0,0.0,0.0,0.0,0.0,41.52871327700365,0.2,0.0,0.0,0.0,41.52871327700365,0.4304837160659241
2024-04-22 05:00:00,44.01208794845087,-14.0,26.8,0.0,0.0,0.0,0.0,0.0,0.0,44.01208794845087,0.2,0.0,0.0,44.01208794845087,0.0,0.3348052640040744
2024-04-22 06:00:00,61.6739223827476,-13.8,27.4,0.0,0.0,0.0,0.0,0.0,0.0,61.6739223827476,0.2,0.0,0.0,0.0,61.6739223827476,0.3348052640040744
2024-04-22 07:00:00,62.01042144187447,-14.1,26.0,0.0,0.0,0.0,0.0,0.0,0.0,62.01042144187447,0.2,0.0,0.0,62.01042144187447,0.0,0.2
2024-04-22 08:00:00,68.8704688552543,-14.8,23.1,1.0,0.018,100.0,0.018,68.8524688552543,-51.1475311447457,20.0,0.2941114573063321,0.018,100.0,-31.1475311447457,0.0,0.2573114573063321
2024-04-22 09:00:00,87.64237008597675,-15.3,22.3,27.0,0.486,100.0,0.486,87.15637008597675,-12.843629914023253,0.0,0.31774373634813485,0.0,87.64237008597675,0.0,0.0,0.2573114573063321
2024-04-22 10:00:00,88.28497043967768,-15.7,21.1,67.0,1.206,100.0,1.206,87.07897043967768,-12.921029560322324,0.0,0.3415184307391279,1.206,100.0,-12.921029560322324,0.0,0.28108615169732515
2024-04-22 11:00:00,79.00354879144871,-16.4,18.8,93.0,1.674,100.0,1.674,77.3295487914487,-22.6704512085513,0.0,0.38323206096286233,1.674,100.0,-22.6704512085513,0.0,0.3227997819210595
2024-04-22 12:00:00,75.5195804446911,-17.1,17.9,98.0,1.764,100.0,1.764,73.7555804446911,-26.244419555308895,0.0,0.4315217929446307,0.0,75.5195804446911,0.0,0.0,0.3227997819210595
2024-04-22 13:00:00,92.69084982439988,-17.6,17.6,79.0,1.422,100.0,1.422,91.26884982439988,-8.73115017560012,0.0,0.44758710926773493,0.0,92.69084982439988,0.0,0.0,0.3227997819210595
2024-04-22 14:00:00,91.22144081870857,-17.7,17.9,43.0,0.774,100.0,0.774,90.44744081870857,-9.552559181291429,0.0,0.46516381816131114,0.0,91.22144081870857,0.0,0.0,0.3227997819210595
2024-04-22 15:00:00,79.42967990071945,-17.7,18.6,6.0,0.108,100.0,0.108,79.32167990071945,-20.678320099280555,0.0,0.5032119271439873,0.0,79.42967990071945,0.0,0.0,0.3227997819210595
2024-04-22 16:00:00,74.03442156553226,-17.6,18.5,0.0,0.0,100.0,0.0,74.03442156553226,-25.965578434467744,0.0,0.550988591463408,0.0,100.0,-25.965578434467744,0.0,0.37057644624048014
2024-04-22 17:00:00,73.91980642400121,-17.8,17.9,0.0,0.0,100.0,0.0,73.91980642400121,-26.08019357599879,0.0,0.5989761476432457,0.0,73.91980642400121,0.0,0.0,0.37057644624048014
2024-04-22 18:00:00,69.56507705948485,-17.9,17.4,0.0,0.0,100.0,0.0,69.56507705948485,-30.43492294051515,0.0,0.6549764058537936,0.0,69.56507705948485,0.0,0.0,0.37057644624048014
2024-04-22 19:00:00,61.094615145492824,-17.7,17.9,0.0,0.0,100.0,0.0,61.094615145492824,-38.905384854507176,0.0,0.7265623139860868,0.0,100.0,-38.905384854507176,0.0,0.44216235437277335
2024-04-22 20:00:00,60.80246506675752,-17.2,18.0,0.0,0.0,100.0,0.0,60.80246506675752,-39.19753493324248,0.0,0.798685778263253,0.0,60.80246506675752,0.0,0.0,0.44216235437277335
2024-04-22 21:00:00,56.804597191780736,-16.7,18.8,0.0,0.0,100.0,0.0,56.804597191780736,-43.195402808219264,0.0,0.8781653194303765,0.0,100.0,-43.195402808219264,0.0,0.5216418955398968
2024-04-22 22:00:00,54.49909355807715,-16.3,19.4,0.0,0.0,100.0,0.0,54.49909355807715,-45.50090644192285,0.0,0.9618869872835145,0.0,100.0,-45.50090644192285,0.0,0.6053635633930349
2024-04-22 23:00:00,61.48955022563856,-16.3,19.6,0.0,0.0,100.0,0.0,61.48955022563856,-20.713593867655153,0.0,1.0,0.0,100.0,-38.51044977436144,0.0,0.67622279097786
2024-04-23 00:00:00,52.390783639508626,-16.7,18.7,0.0,0.0,100.0,0.0,52.390783639508626,0.0,0.0,1.0,0.0,100.0,-47.609216360491374,0.0,0.7638237490811641
2024-04-23 01:00:00,48.23712581127893,-16.2,20.8,0.0,0.0,100.0,0.0,48.23712581127893,0.0,0.0,1.0,0.0,100.0,-51.76287418872107,0.0,0.8590674375884109
2024-04-23 02:00:00,48.146276818994714,-16.4,20.8,0.0,0.0,100.0,0.0,48.146276818994714,0.0,0.0,1.0,0.0,100.0,-51.853723181005286,0.0,0.9544782882414606
2024-04-23 03:00:00,44.5634096446672,-16.5,20.8,0.0,0.0,100.0,0.0,44.5634096446672,0.0,0.0,1.0,0.0,44.5634096446672,0.0,0.0,0.9544782882414606
2024-04-23 04:00:00,51.888264819433545,-16.7,20.2,0.0,0.0,100.0,0.0,51.888264819433545,0.0,0.0,1.0,0.0,56.61065597986416,-4.7223911604306155,0.0,0.963167487976653
2024-04-23 05:00:00,55.12807438475866,-16.7,19.2,0.0,0.0,100.0,0.0,55.12807438475866,0.0,0.0,1.0,0.0,55.12807438475866,0.0,0.0,0.963167487976653
2024-04-23 06:00:00,60.612942827996214,-16.0,21.5,0.0,0.0,100.0,0.0,60.612942827996214,0.0,0.0,1.0,0.0,60.612942827996214,0.0,0.0,0.963167487976653
2024-04-23 07:00:00,79.9823304220948,-15.4,22.3,0.0,0.0,100.0,0.0,79.9823304220948,0.0,0.0,1.0,0.0,100.0,-20.017669577905195,0.0,0.9999999999999986
2024-04-23 08:00:00,78.05562922022176,-15.4,24.4,0.0,0.0,100.0,0.0,78.05562922022176,0.0,0.0,1.0,0.0,78.05562922022176,0.0,0.0,0.9999999999999986
2024-04-23 09:00:00,74.89139007646637,-15.2,25.6,19.0,0.0,0.0,0.0,0.0,74.89139007646637,0.0,0.8371926302685514,0.0,0.0,23.622392723105662,51.2689973533607,0.9486469723410732
2024-04-23 10:00:00,84.93861093094581,-14.9,25.7,50.0,0.0,0.0,0.0,0.0,84.93861093094581,0.0,0.6525434760708431,0.0,0.0,0.0,84.93861093094581,0.9486469723410732
2024-04-23 11:00:00,74.69131596670141,-14.6,28.3,66.0,0.0,0.0,0.0,0.0,74.69131596670141,0.0,0.4901710500562748,0.0,0.0,0.0,74.69131596670141,0.9486469723410732
2024-04-23 12:00:00,77.04375382029927,-14.5,29.3,66.0,0.0,0.0,0.0,0.0,77.04375382029927,0.0,0.3226846287077981,0.0,0.0,0.0,77.04375382029927,0.9486469723410732
2024-04-23 13:00:00,73.14906291445865,-15.1,29.7,53.0,0.0,0.0,0.0,0.0,53.14906291445865,20.0,0.2060459939756764,0.0,0.0,0.0,73.14906291445865,0.9486469723410732
2024-04-23 14:00:00,78.1236027595801,-15.1,29.0,29.0,0.0,0.0,0.0,0.0,2.781157228811144,75.34244553076896,0.2,0.0,0.0,0.0,78.1236027595801,0.9486469723410732
2024-04-23 15:00:00,81.46953781245064,-15.0,28.8,3.0,0.0,0.0,0.0,0.0,0.0,81.46953781245064,0.2,0.0,0.0,0.0,81.46953781245064,0.9486469723410732
2024-04-23 16:00:00,80.32584556799013,-14.7,29.5,0.0,0.0,0.0,0.0,0.0,0.0,80.32584556799013,0.2,0.0,0.0,0.0,80.32584556799013,0.9486469723410732
2024-04-23 17:00:00,74.01322174376507,-14.6,30.3,0.0,0.0,0.0,0.0,0.0,0.0,74.01322174376507,0.2,0.0,0.0,0.0,74.01322174376507,0.9486469723410732
2024-04-23 18:00:00,71.95808667267609,-14.5,31.8,0.0,0.0,0.0,0.0,0.0,0.0,71.95808667267609,0.2,0.0,0.0,71.95808667267609,0.0,0.7922163491396035
2024-04-23 19:00:00,66.21909279381924,-14.6,33.7,0.0,0.0,0.0,0.0,0.0,0.0,66.21909279381924,0.2,0.0,0.0,0.0,66.21909279381924,0.7922163491396035
2024-04-23 20:00:00,61.84998049516166,-14.7,35.4,0.0,0.0,0.0,0.0,0.0,0.0,61.84998049516166,0.2,0.0,0.0,61.84998049516166,0.0,0.6577598698022955
2024-04-23 21:00:00,55.08153362870782,-14.8,36.7,0.0,0.0,0.0,0.0,0.0,0.0,55.08153362870782,0.2,0.0,0.0,0.0,55.08153362870782,0.6577598698022955
2024-04-23 22:00:00,58.440009043583984,-15.0,38.3,0.0,0.0,0.0,0.0,0.0,0.0,58.440009043583984,0.2,0.0,0.0,0.0,58.440009043583984,0.6577598698022955
2024-04-23 23:00:00,55.87439616413321,-15.0,39.2,0.0,0.0,0.0,0.0,0.0,0.0,55.87439616413321,0.2,0.0,0.0,0.0,55.87439616413321,0.6577598698022955
2024-04-24 00:00:00,50.25942154335112,-14.9,41.4,0.0,0.0,0.0,0.0,0.0,0.0,50.25942154335112,0.2,0.0,0.0,0.0,50.25942154335112,0.6577598698022955
2024-04-24 01:00:00,44.91536979110671,-14.0,42.2,0.0,0.0,0.0,0.0,0.0,0.0,44.91536979110671,0.2,0.0,0.0,0.0,44.91536979110671,0.6577598698022955
2024-04-24 02:00:00,49.50702905861118,-13.7,41.0,0.0,0.0,0.0,0.0,0.0,0.0,49.50702905861118,0.2,0.0,0.0,49.50702905861118,0.0,0.5501358935879234
2024-04-24 03:00:00,40.997891100918885,-13.4,42.1,0.0,0.0,0.0,0.0,0.0,0.0,40.997891100918885,0.2,0.0,0.0,0.0,40.997891100918885,0.5501358935879234
2024-04-24 04:00:00,44.415929351829845,-13.1,43.1,0.0,0.0,0.0,0.0,0.0,0.0,44.415929351829845,0.2,0.0,0.0,0.0,44.415929351829845,0.5501358935879234
2024-04-24 05:00:00,49.321129538764474,-12.8,44.7,0.0,0.0,0.0,0.0,0.0,0.0,49.321129538764474,0.2,0.0,0.0,0.0,49.321129538764474,0.5501358935879234
2024-04-24 06:00:00,52.910968720229235,-12.7,45.8,0.0,0.0,0.0,0.0,0.0,0.0,52.910968720229235,0.2,0.0,0.0,0.0,52.910968720229235,0.5501358935879234
2024-04-24 07:00:00,55.52329838628452,-12.5,46.9,0.0,0.0,0.0,0.0,0.0,0.0,55.52329838628452,0.2,0.0,0.0,0.0,55.52329838628452,0.5501358935879234
2024-04-24 08:00:00,67.6398278776176,-12.3,47.0,0.0,0.0,0.0,0.0,0.0,0.0,67.6398278776176,0.2,0.0,0.0,0.0,67.6398278776176,0.5501358935879234
2024-04-24 09:00:00,71.30622494988839,-12.0,48.2,12.0,0.0,0.0,0.0,0.0,0.0,71.30622494988839,0.2,0.0,0.0,0.0,71.30622494988839,0.5501358935879234
2024-04-24 10:00:00,83.38624878237248,-11.8,49.9,35.0,0.0,0.0,0.0,0.0,0.0,83.38624878237248,0.2,0.0,0.0,0.0,83.38624878237248,0.5501358935879234
2024-04-24 11:00:00,74.34224275146188,-11.6,51.4,50.0,0.0,0.0,0.0,0.0,0.0,74.34224275146188,0.2,0.0,0.0,0.0,74.34224275146188,0.5501358935879234
2024-04-24 12:00:00,63.96008856778499,-11.5,51.9,51.0,0.0,0.0,0.0,0.0,0.0,63.96008856778499,0.2,0.0,0.0,0.0,63.96008856778499,0.5501358935879234
2024-04-24 13:00:00,72.94530109595189,-11.2,50.4,40.0,0.0,0.0,0.0,0.0,0.0,72.94530109595189,0.2,0.0,0.0,0.0,72.94530109595189,0.5501358935879234
2024-04-24 14:00:00,73.7018291736549,-11.1,52.3,21.0,0.0,0.0,0.0,0.0,0.0,73.7018291736549,0.2,0.0,0.0,73.7018291736549,0.0,0.38991452581910835
2024-04-24 15:00:00,75.57213150972757,-11.1,52.6,2.0,0.0,0.0,0.0,0.0,0.0,75.57213150972757,0.2,0.0,0.0,0.0,75.57213150972757,0.38991452581910835
2024-04-24 16:00:00,63.002728935854805,-11.0,53.2,0.0,0.0,0.0,0.0,0.0,0.0,63.002728935854805,0.2,0.0,0.0,0.0,63.002728935854805,0.38991452581910835
2024-04-24 17:00:00,62.943380741797625,-10.8,51.9,0.0,0.0,0.0,0.0,0.0,0.0,62.943380741797625,0.2,0.0,0.0,0.0,62.943380741797625,0.38991452581910835
2024-04-24 18:00:00,57.69203175453754,-10.5,52.2,0.0,0.0,0.0,0.0,0.0,0.0,57.69203175453754,0.2,0.0,0.0,0.0,57.69203175453754,0.38991452581910835
2024-04-24 19:00:00,54.967397115291504,-10.3,52.7,0.0,0.0,0.0,0.0,0.0,0.0,54.967397115291504,0.2,0.0,0.0,0.0,54.967397115291504,0.38991452581910835
2024-04-24 20:00:00,46.57400525498025,-10.0,51.5,0.0,0.0,0.0,0.0,0.0,0.0,46.57400525498025,0.2,0.0,0.0,0.0,46.57400525498025,0.38991452581910835
2024-04-24 21:00:00,50.87955833956588,-9.7,50.2,0.0,0.0,0.0,0.0,0.0,0.0,50.87955833956588,0.2,0.0,0.0,0.0,50.87955833956588,0.38991452581910835
2024-04-24 22:00:00,47.08982137924748,-9.4,48.9,0.0,0.0,0.0,0.0,0.0,0.0,47.08982137924748,0.2,0.0,0.0,0.0,47.08982137924748,0.38991452581910835
2024-04-24 23:00:00,48.42611808460897,-9.3,47.1,0.0,0.0,0.0,0.0,0.0,0.0,48.42611808460897,0.2,0.0,0.0,0.0,48.42611808460897,0.38991452581910835
2024-04-25 00:00:00,41.949870740066096,-9.1,45.2,0.0,0.0,0.0,0.0,0.0,0.0,41.949870740066096,0.2,0.0,0.0,0.0,41.949870740066096,0.38991452581910835
2024-04-25 01:00:00,36.94080245875932,-8.3,45.6,0.0,0.0,0.0,0.0,0.0,0.0,36.94080245875932,0.2,0.0,0.0,0.0,36.94080245875932,0.38991452581910835
2024-04-25 02:00:00,39.946471889720186,-8.1,43.2,0.0,0.0,0.0,0.0,0.0,0.0,39.946471889720186,0.2,0.0,0.0,39.946471889720186,0.0,0.3030743695371079
2024-04-25 03:00:00,32.02897809200158,-7.9,40.2,0.0,0.0,0.0,0.0,0.0,0.0,32.02897809200158,0.2,0.0,0.0,0.0,32.02897809200158,0.3030743695371079
2024-04-25 04:00:00,44.42492267541979,-7.6,36.7,0.0,0.0,0.0,0.0,0.0,0.0,44.42492267541979,0.2,0.0,0.0,0.0,44.42492267541979,0.3030743695371079
2024-04-25 05:00:00,47.41420998706852,-7.6,33.4,0.0,0.0,0.0,0.0,0.0,0.0,47.41420998706852,0.2,0.0,0.0,47.41420998706852,0.0,0.20000000000000245
2024-04-25 06:00:00,54.28639450567204,-7.6,30.8,0.0,0.0,0.0,0.0,0.0,0.0,54.28639450567204,0.2,0.0,0.0,0.0,54.28639450567204,0.20000000000000245
2024-04-25 07:00:00,55.883114923397464,-7.6,27.7,0.0,0.0,0.0,0.0,0.0,0.0,55.883114923397464,0.2,0.0,0.0,0.0,55.883114923397464,0.20000000000000245
2024-04-25 08:00:00,57.567518087011166,-7.7,24.5,0.0,0.0,100.0,0.0,57.567518087011166,-62.432481912988834,20.0,0.3148757667198995,0.0,100.0,-42.432481912988834,0.0,0.2780757667199019
2024-04-25 09:00:00,66.54593863152681,-8.2,21.7,11.0,0.0,100.0,0.0,66.54593863152681,-33.45406136847319,0.0,0.37643123963789016,0.0,100.0,-33.45406136847319,0.0,0.3396312396378926
2024-04-25 10:00:00,70.90034447539603,-8.4,19.4,36.0,0.0,100.0,0.0,70.90034447539603,-29.099655524603975,0.0,0.4299746058031615,0.0,70.90034447539603,0.0,0.0,0.3396312396378926
2024-04-25 11:00:00,63.19929177406062,-8.8,18.1,53.0,0.0,100.0,0.0,63.19929177406062,-36.80070822593938,0.0,0.49768790893889,0.0,100.0,-36.80070822593938,0.0,0.4073445427736211
2024-04-25 12:00:00,69.66558144462608,-9.0,17.1,53.0,0.0,100.0,0.0,69.66558144462608,-30.334418555373915,0.0,0.553503239080778,0.0,85.99410455783246,-16.32852311320637,0.0,0.4373890253019208
2024-04-25 13:00:00,68.90042083784272,-9.2,16.1,44.0,0.0,100.0,0.0,68.90042083784272,-31.099579162157283,0.0,0.6107264647391475,0.0,68.90042083784272,0.0,0.0,0.4373890253019208
2024-04-25 14:00:00,65.97638522338997,-10.5,16.2,22.0,0.0039600000000000034,100.0,0.0039600000000000034,65.97242522338996,-34.02757477661004,0.0,0.67333720232811,0.0039600000000000034,100.0,-34.02757477661004,0.0,0.49999976289088327
2024-04-25 15:00:00,78.98936838232889,-11.3,15.3,1.0,0.0014399999999999992,100.0,0.0014399999999999992,78.98792838232889,-21.01207161767111,0.0,0.7119994141046249,0.0014399999999999992,100.0,-21.01207161767111,0.0,0.5386619746673981
2024-04-25 16:00:00,67.9494463758509,-11.7,12.2,0.0,0.0,100.0,0.0,67.9494463758509,-32.0505536241491,0.0,0.7709724327730592,0.0,67.9494463758509,0.0,0.0,0.5386619746673981
2024-04-25 17:00:00,57.52948478575007,-11.2,10.5,0.0,0.0,57.87037037037038,0.0,57.52948478575007,-0.3408855846203096,0.0,0.7715996622487605,0.0,57.87037037037038,-0.3408855846203096,0.0,0.5392892041430994
2024-04-25 18:00:00,55.461229386263625,-11.1,10.6,0.0,0.0,60.2161865569273,0.0,55.461229386263625,-4.754957170663673,0.0,0.7803487834427817,0.0,60.2161865569273,-4.754957170663673,0.0,0.5480383253371206
2024-04-25 19:00:00,65.48891798582673,-11.8,12.8,0.0,0.0,100.0,0.0,65.48891798582673,-34.51108201417327,0.0,0.8438491743488605,0.0,100.0,-34.51108201417327,0.0,0.6115387162431994
2024-04-25 20:00:00,63.52492458108411,-11.6,14.0,0.0,0.0,100.0,0.0,63.52492458108411,-36.47507541891589,0.0,0.9109633131196657,0.0,100.0,-36.47507541891589,0.0,0.6786528550140047
2024-04-25 21:00:00,57.4474252674046,-12.2,14.9,0.0,0.0,100.0,0.0,57.4474252674046,-42.5525747325954,0.0,0.9892600506276412,0.0,100.0,-42.5525747325954,0.0,0.7569495925219802
2024-04-25 22:00:00,56.28404324293568,-12.5,14.2,0.0,0.0,100.0,0.0,56.28404324293568,-5.836929006716729,0.0,1.0,0.0,100.0,-43.71595675706432,0.0,0.8373869529549786
2024-04-25 23:00:00,53.68307729399305,-13.2,12.5,0.0,0.0,100.0,0.0,53.68307729399305,0.0,0.0,1.0,0.0,53.68307729399305,0.0,0.0,0.8373869529549786
2024-04-26 00:00:00,52.484580763820325,-14.4,11.8,0.0,0.0,93.4803840877915,0.0,52.484580763820325,0.0,0.0,1.0,0.0,52.484580763820325,0.0,0.0,0.8373869529549786
2024-04-26 01:00:00,47.957708939054626,-14.5,14.8,0.0,0.0,100.0,0.0,47.957708939054626,0.0,0.0,1.0,0.0,100.0,-52.042291060945374,0.0,0.933144768507118
2024-04-26 02:00:00,44.99931597238304,-14.2,13.0,0.0,0.0,100.0,0.0,44.99931597238304,0.0,0.0,1.0,0.0,44.99931597238304,0.0,0.0,0.933144768507118
2024-04-26 03:00:00,44.030077215716474,-12.9,9.3,0.0,0.0,34.30000000000001,0.0,34.30000000000001,9.730077215716463,0.0,0.9788476582267034,0.0,34.30000000000001,9.730077215716463,0.0,0.9119924267338214
2024-04-26 04:00:00,40.32950996736801,-13.1,8.8,0.0,0.0,26.76433470507545,0.0,26.76433470507545,13.565175262292563,0.0,0.949358146786937,0.0,26.76433470507545,13.565175262292563,0.0,0.882502915294055
2024-04-26 05:00:00,56.509793646560546,-16.2,10.2,0.0,0.0,51.19999999999999,0.0,51.19999999999999,5.309793646560557,0.0,0.937815117120501,0.0,51.19999999999999,5.309793646560557,0.0,0.8709598856276191
2024-04-26 06:00:00,69.0930842364851,-16.9,13.6,0.0,0.0,100.0,0.0,69.0930842364851,-30.906915763514903,0.0,0.9946838421253684,0.0,100.0,-30.906915763514903,0.0,0.9278286106324865
2024-04-26 07:00:00,69.84313785835485,-17.5,13.4,0.0,0.0,100.0,0.0,69.84313785835485,-2.8892162362128135,0.0,1.0,0.0,100.0,-30.15686214164515,0.0,0.9833172369731136
2024-04-26 08:00:00,78.18376107339101,-17.9,11.6,0.0,0.0,87.25048010973934,0.0,78.18376107339101,0.0,0.0,1.0,0.0,87.25048010973934,-9.066719036348331,0.0,0.9999999999999944
2024-04-26 09:00:00,89.00773154619333,-17.5,9.2,12.0,0.216,32.69245541838133,0.216,32.69245541838133,56.099276127812004,0.0,0.8780450518960609,0.216,32.69245541838133,-0.0,56.099276127812,0.9999999999999944
2024-04-26 10:00:00,82.71421224795931,-15.9,6.8,45.0,0.81,7.527023319615912,0.81,7.527023319615912,74.3771889283434,0.0,0.7163555107474883,0.81,7.527023319615912,0.0,74.3771889283434,0.9999999999999944
2024-04-26 11:00:00,70.41590691686247,-14.0,5.6,67.0,1.12158,2.410973936899862,1.12158,2.410973936899862,66.88335297996261,0.0,0.570956917312787,1.12158,2.410973936899862,-0.0,66.88335297996261,0.9999999999999944
2024-04-26 12:00:00,77.92609520052589,-13.5,5.2,69.0,0.98118,1.4606310013717423,0.98118,1.4606310013717423,75.48428419915416,0.0,0.4068606473146258,0.98118,1.4606310013717423,0.0,75.48428419915415,0.9999999999999944
2024-04-26 13:00:00,81.62024369988283,-16.5,1.8,57.0,1.026,0.0,1.026,0.0,80.59424369988284,0.0,0.23165576970618484,1.026,0.0,0.0,80.59424369988284,0.9999999999999944
2024-04-26 14:00:00,87.49224289360104,-16.4,1.5,24.0,0.432,0.0,0.432,0.0,14.561654064845024,72.49858882875601,0.2,0.432,0.0,0.0,87.06024289360104,0.9999999999999944
2024-04-26 15:00:00,80.54937479495968,-16.4,2.2,1.0,0.018,0.0,0.018,0.0,0.0,80.53137479495967,0.2,0.018,0.0,80.53137479495967,0.0,0.8249317939239952
2024-04-26 16:00:00,86.971274074565,-16.7,1.5,0.0,0.0,0.0,0.0,0.0,0.0,86.971274074565,0.2,0.0,0.0,0.0,86.971274074565,0.8249317939239952
2024-04-26 17:00:00,81.01588079142007,-16.7,1.9,0.0,0.0,0.0,0.0,0.0,0.0,81.01588079142007,0.2,0.0,0.0,81.01588079142007,0.0,0.6488103139426472
2024-04-26 18:00:00,70.9963022942315,-16.4,1.3,0.0,0.0,0.0,0.0,0.0,0.0,70.9963022942315,0.2,0.0,0.0,0.0,70.9963022942315,0.6488103139426472
2024-04-26 19:00:00,63.625513176186246,-16.9,0.8,0.0,0.0,0.0,0.0,0.0,0.0,63.625513176186246,0.2,0.0,0.0,0.0,63.625513176186246,0.6488103139426472
2024-04-26 20:00:00,67.11535097570899,-18.4,1.1,0.0,0.0,0.0,0.0,0.0,0.0,67.11535097570899,0.2,0.0,0.0,0.0,67.11535097570899,0.6488103139426472
2024-04-26 21:00:00,67.65076349974856,-18.4,4.2,0.0,0.0,0.23703703703703716,0.0,0.23703703703703716,0.0,67.41372646271152,0.2,0.0,0.23703703703703716,67.41372646271152,0.0,0.502258734675883
2024-04-26 22:00:00,61.880678520398824,-18.5,3.3,0.0,0.0,0.003703703703703697,0.0,0.003703703703703697,0.0,61.87697481669512,0.2,0.0,0.003703703703703697,0.0,61.87697481669512,0.502258734675883
2024-04-26 23:00:00,56.89549022225993,-18.2,3.3,0.0,0.0,0.003703703703703697,0.0,0.003703703703703697,0.0,56.89178651855622,0.2,0.0,0.003703703703703697,0.0,56.89178651855622,0.502258734675883
2024-04-27 00:00:00,57.93349379734905,-18.5,3.9,0.0,0.0,0.09999999999999998,0.0,0.09999999999999998,0.0,57.83349379734905,0.2,0.0,0.09999999999999998,0.0,57.83349379734905,0.502258734675883
2024-04-27 01:00:00,56.9314811574908,-18.7,4.9,0.0,0.0,0.9408779149519894,0.0,0.9408779149519894,0.0,55.99060324253881,0.2,0.0,0.9408779149519894,54.869555381791386,1.1210478607474244,0.3829770925415539
2024-04-27 02:00:00,50.49070397967478,-19.8,7.1,0.0,0.0,9.45418381344307,0.0,9.45418381344307,0.0,41.03652016623171,0.2,0.0,9.45418381344307,0.0,41.03652016623171,0.3829770925415539
2024-04-27 03:00:00,52.05006725229751,-19.2,5.4,0.0,0.0,1.8962962962962973,0.0,1.8962962962962973,0.0,50.15377095600121,0.2,0.0,1.8962962962962973,0.0,50.15377095600121,0.3829770925415539
2024-04-27 04:00:00,48.527903961274504,-18.9,4.6,0.0,0.0,0.5618655692729763,0.0,0.5618655692729763,0.0,47.96603839200153,0.2,0.0,0.5618655692729763,0.0,47.96603839200153,0.3829770925415539
2024-04-27 05:00:00,70.86925388487663,-19.2,3.6,0.0,0.0,0.029629629629629645,0.0,0.029629629629629645,0.0,70.839624255247,0.2,0.0,0.029629629629629645,0.0,70.839624255247,0.3829770925415539
2024-04-27 06:00:00,66.38070340341872,-19.9,2.3,0.0,0.0,0.0,0.0,0.0,0.0,66.38070340341872,0.2,0.0,0.0,0.0,66.38070340341872,0.3829770925415539
2024-04-27 07:00:00,77.7429650394199,-20.1,3.3,0.0,0.0,0.003703703703703697,0.0,0.003703703703703697,0.0,77.7392613357162,0.2,0.0,0.003703703703703697,0.0,77.7392613357162,0.3829770925415539
2024-04-27 08:00:00,92.83232762393105,-22.0,7.6,0.0,0.0,13.351989026063096,0.0,13.351989026063096,0.0,79.48033859786796,0.2,0.0,13.351989026063096,79.48033859786796,0.0,0.21019374776358007
2024-04-27 09:00:00,101.6210474379973,-23.7,11.2,7.0,0.0,75.63347050754456,0.0,75.63347050754456,0.0,25.987576930452747,0.2,0.0,75.63347050754456,0.0,25.987576930452747,0.21019374776358007
2024-04-27 10:00:00,104.68912397124731,-22.4,13.4,33.0,0.0,100.0,0.0,100.0,-15.310876028752688,20.0,0.22817201189290495,0.0,100.0,4.689123971247312,0.0,0.2
2024-04-27 11:00:00,98.15337637328389,-21.7,13.4,49.0,0.0,100.0,0.0,98.15337637328389,-21.84662362671611,20.0,0.26836979936606264,0.0,100.0,-1.8466236267161094,0.0,0.20339778747315765
2024-04-27 12:00:00,84.67980953713311,-20.0,12.9,43.0,0.0,100.0,0.0,84.67980953713311,-15.32019046286689,0.0,0.2965589498177377,0.0,100.0,-15.32019046286689,0.0,0.23158693792483273
2024-04-27 13:00:00,91.8429471276982,-18.6,17.1,32.0,0.0,100.0,0.0,91.8429471276982,-8.157052872301804,0.0,0.31156792710277303,0.0,100.0,-8.157052872301804,0.0,0.24659591520986807
2024-04-27 14:00:00,85.47889080870634,-18.6,18.5,14.0,0.0,100.0,0.0,85.47889080870634,-14.521109191293661,0.0,0.3382867680147534,0.0,100.0,-14.521109191293661,0.0,0.2733147561218484
2024-04-27 15:00:00,97.58854221208307,-18.3,17.9,0.0,0.0,100.0,0.0,97.58854221208307,-2.4114577879169303,0.0,0.3427238503445205,0.0,100.0,-2.4114577879169303,0.0,0.27775183845161555
2024-04-27 16:00:00,89.80235442489197,-18.7,16.7,0.0,0.0,100.0,0.0,89.80235442489197,-10.197645575108027,0.0,0.3614875182027193,0.0,100.0,-10.197645575108027,0.0,0.2965155063098143
2024-04-27 17:00:00,86.44561178826689,-19.3,14.4,0.0,0.0,100.0,0.0,86.44561178826689,-13.554388211733112,0.0,0.38642759251230824,0.0,100.0,-13.554388211733112,0.0,0.32145558061940327
2024-04-27 18:00:00,71.8292894378338,-19.9,13.8,0.0,0.0,100.0,0.0,71.8292894378338,-28.170710562166207,0.0,0.43826169994669406,0.0,100.0,-28.170710562166207,0.0,0.3732896880537891
2024-04-27 19:00:00,74.5623566335349,-20.9,14.0,0.0,0.0,100.0,0.0,74.5623566335349,-25.437643366465096,0.0,0.48506696374098984,0.0,100.0,-25.437643366465096,0.0,0.4200949518480849
2024-04-27 20:00:00,82.59672560402527,-21.6,16.1,0.0,0.0,100.0,0.0,82.59672560402527,-17.403274395974734,0.0,0.5170889886295833,0.0,100.0,-17.403274395974734,0.0,0.4521169767366784
2024-04-27 21:00:00,91.15620698519801,-21.2,17.1,0.0,0.0,100.0,0.0,91.15620698519801,-8.843793014801989,0.0,0.533361567776819,0.0,100.0,-8.843793014801989,0.0,0.46838955588391407
2024-04-27 22:00:00,73.09846232528515,-21.8,15.3,0.0,0.0,100.0,0.0,73.09846232528515,-26.901537674714845,0.0,0.5828603970982943,0.0,100.0,-26.901537674714845,0.0,0.5178883852053894
2024-04-27 23:00:00,67.48471705125475,-21.6,11.8,0.0,0.0,93.4803840877915,0.0,67.48471705125475,-25.99566703653676,0.0,0.6306924244455219,0.0,93.4803840877915,-25.99566703653676,0.0,0.565720412552617
2024-04-28 00:00:00,60.02487114057094,-18.8,9.2,0.0,0.0,32.69245541838133,0.0,32.69245541838133,27.33241572218961,0.0,0.5712741293972836,0.0,32.69245541838133,0.0,27.33241572218961,0.565720412552617
2024-04-28 01:00:00,51.33751402144915,-20.2,10.7,0.0,0.0,62.62455418381343,0.0,51.33751402144915,-11.287040162364278,0.0,0.5920422832960339,0.0,62.62455418381343,-11.287040162364278,0.0,0.5864885664513673
2024-04-28 02:00:00,56.12587041600165,-20.1,10.4,0.0,0.0,55.58628257887519,0.0,55.58628257887519,0.5395878371264615,0.0,0.5908692662588025,0.0,55.58628257887519,0.0,0.5395878371264615,0.5864885664513673
2024-04-28 03:00:00,46.243963314515355,-20.5,10.5,0.0,0.0,57.87037037037038,0.0,46.243963314515355,-11.626407055855026,0.0,0.6122618552415758,0.0,57.87037037037038,-11.626407055855026,0.0,0.6078811554341406
2024-04-28 04:00:00,50.98457417430073,-21.1,11.3,0.0,0.0,78.43443072702333,0.0,50.98457417430073,-27.449856552722594,0.0,0.6627695912985854,0.0,78.43443072702333,-27.449856552722594,0.0,0.6583888914911501
2024-04-28 05:00:00,55.93235337280755,-21.6,11.9,0.0,0.0,96.70356652949246,0.0,55.93235337280755,-40.771213156684915,0.0,0.7377886235068856,0.0,96.70356652949246,-40.771213156684915,0.0,0.7334079236994504
2024-04-28 06:00:00,76.27861323250796,-21.7,12.3,0.0,0.0,100.0,0.0,76.27861323250796,-23.721386767492035,0.0,0.7814359751590709,0.0,100.0,-23.721386767492035,0.0,0.7770552753516358
2024-04-28 07:00:00,80.48792972536249,-21.9,14.2,0.0,0.0,100.0,0.0,80.48792972536249,-19.51207027463751,0.0,0.817338184464404,0.0,100.0,-19.51207027463751,0.0,0.8129574846569688
2024-04-28 08:00:00,90.7542904995219,-22.1,14.9,0.0,0.0,100.0,0.0,90.7542904995219,-9.2457095004781,0.0,0.8343502899452837,0.0,100.0,-9.2457095004781,0.0,0.8299695901378485
2024-04-28 09:00:00,100.02298031474659,-22.4,14.5,7.0,0.126,100.0,0.126,99.89698031474659,-0.10301968525341465,0.0,0.83453984616615,0.126,100.0,-0.10301968525341465,0.0,0.8301591463587148
2024-04-28 10:00:00,99.88391729400887,-22.7,11.6,37.0,0.666,87.25048010973934,0.666,87.25048010973934,11.967437184269528,0.0,0.8085236783742596,0.666,87.25048010973934,0.0,11.967437184269528,0.8301591463587148
2024-04-28 11:00:00,94.54634546991298,-21.6,11.0,59.0,1.062,70.23319615912207,1.062,70.23319615912207,23.251149310790908,0.0,0.7579777016116707,1.062,70.23319615912207,0.0,23.251149310790908,0.8301591463587148
2024-04-28 12:00:00,90.87286896873275,-21.8,15.6,63.0,1.134,100.0,1.134,89.73886896873275,-10.261131031267254,0.0,0.7768581827092024,1.134,100.0,-10.261131031267254,0.0,0.8490396274562465
2024-04-28 13:00:00,80.4236427638732,-17.8,20.5,47.0,0.846,100.0,0.846,79.5776427638732,-20.4223572361268,0.0,0.8144353200236757,0.846,100.0,-20.4223572361268,0.0,0.8866167647707198
2024-04-28 14:00:00,84.01644952349824,-16.1,24.9,16.0,0.288,100.0,0.288,83.72844952349824,-16.27155047650176,0.0,0.844374972900439,0.288,100.0,-16.27155047650176,0.0,0.9165564176474831
2024-04-28 15:00:00,77.64346771801881,-16.2,25.2,0.0,0.0,0.0,0.0,0.0,77.64346771801881,0.0,0.6755848256873546,0.0,0.0,0.0,77.64346771801881,0.9165564176474831
2024-04-28 16:00:00,80.32587814433496,-15.5,28.9,0.0,0.0,0.0,0.0,0.0,80.32587814433496,0.0,0.5009633514605394,0.0,0.0,80.32587814433496,0.0,0.7419349434206679
2024-04-28 17:00:00,72.30485531983412,-13.6,40.5,0.0,0.0,0.0,0.0,0.0,72.30485531983412,0.0,0.34377888337394347,0.0,0.0,0.0,72.30485531983412,0.7419349434206679
2024-04-28 18:00:00,58.131804386800546,-13.2,48.7,0.0,0.0,0.0,0.0,0.0,58.131804386800546,0.0,0.21740539557655097,0.0,0.0,0.0,58.131804386800546,0.7419349434206679
2024-04-28 19:00:00,59.49184117876,-13.1,52.3,0.0,0.0,0.0,0.0,0.0,8.006481965213444,51.48535921354655,0.2,0.0,0.0,59.49184117876,0.0,0.6126048539016244
2024-04-28 20:00:00,66.01779940658352,-12.7,54.3,0.0,0.0,0.0,0.0,0.0,0.0,66.01779940658352,0.2,0.0,0.0,66.01779940658352,0.0,0.4690878986699212
2024-04-28 21:00:00,47.49618551160854,-12.2,54.1,0.0,0.0,0.0,0.0,0.0,0.0,47.49618551160854,0.2,0.0,0.0,0.0,47.49618551160854,0.4690878986699212
2024-04-28 22:00:00,49.94568908897533,-11.5,54.5,0.0,0.0,0.0,0.0,0.0,0.0,49.94568908897533,0.2,0.0,0.0,49.94568908897533,0.0,0.36051031369388786
2024-04-28 23:00:00,43.92760967001442,-10.8,55.0,0.0,0.0,0.0,0.0,0.0,0.0,43.92760967001442,0.2,0.0,0.0,43.92760967001442,0.0,0.2650155100634217
2024-04-29 00:00:00,47.81443778920453,-10.2,60.4,0.0,0.0,0.0,0.0,0.0,0.0,47.81443778920453,0.2,0.0,0.0,29.907134629174422,17.90730316003011,0.2
2024-04-29 01:00:00,40.477334206787035,-9.3,61.7,0.0,0.0,0.0,0.0,0.0,0.0,40.477334206787035,0.2,0.0,0.0,0.0,40.477334206787035,0.2
2024-04-29 02:00:00,33.84352261038125,-8.9,62.2,0.0,0.0,0.0,0.0,0.0,0.0,33.84352261038125,0.2,0.0,0.0,0.0,33.84352261038125,0.2
2024-04-29 03:00:00,36.33382060736442,-8.5,53.1,0.0,0.0,0.0,0.0,0.0,0.0,36.33382060736442,0.2,0.0,0.0,0.0,36.33382060736442,0.2
2024-04-29 04:00:00,39.40684971976868,-9.3,30.3,0.0,0.0,0.0,0.0,0.0,0.0,39.40684971976868,0.2,0.0,0.0,0.0,39.40684971976868,0.2
2024-04-29 05:00:00,54.66652408858588,-17.5,13.3,0.0,0.0,100.0,0.0,54.66652408858588,-65.33347591141413,20.0,0.32021359567700197,0.0,100.0,-45.33347591141412,0.0,0.283413595677002
2024-04-29 06:00:00,55.80444272337992,-17.2,16.3,0.0,0.0,100.0,0.0,55.80444272337992,-44.19555727662008,0.0,0.4015334210659829,0.0,100.0,-44.19555727662008,0.0,0.36473342106598294
2024-04-29 07:00:00,78.66544303798946,-18.2,14.5,0.0,0.0,100.0,0.0,78.66544303798946,-21.334556962010538,0.0,0.4407890058760823,0.0,100.0,-21.334556962010538,0.0,0.40398900587608233
2024-04-29 08:00:00,79.08216793932162,-15.5,15.4,0.0,0.0,100.0,0.0,79.08216793932162,-20.91783206067838,0.0,0.47927781686773047,0.0,100.0,-20.91783206067838,0.0,0.4424778168677305
2024-04-29 09:00:00,66.82905486565072,-12.2,12.9,4.0,0.0014400000000000012,100.0,0.0014400000000000012,66.82761486565072,-33.172385134349284,0.0,0.5403150055149332,0.0014400000000000012,100.0,-33.172385134349284,0.0,0.5035150055149332
2024-04-29 10:00:00,67.49637183908123,-8.6,5.8,30.0,0.3078,3.0112482853223597,0.3078,3.0112482853223597,64.17732355375887,0.0,0.40079908474589215,0.3078,3.0112482853223597,64.17732355375888,0.0,0.36399908474589215
2024-04-29 11:00:00,79.17457165322894,-15.2,10.7,53.0,0.45791999999999994,62.62455418381343,0.45791999999999994,62.62455418381343,16.092097469415506,0.0,0.3658162641602063,0.45791999999999994,62.62455418381343,16.092097469415506,0.0,0.3290162641602063
2024-04-29 12:00:00,57.21740599750209,-9.6,8.1,57.0,0.38988,18.196296296296293,0.38988,18.196296296296293,38.6312297012058,0.0,0.2818353300271502,0.38988,18.196296296296293,0.0,38.6312297012058,0.3290162641602063
2024-04-29 13:00:00,65.74101866118866,-13.3,9.7,38.0,0.006840000000000006,41.25692729766802,0.006840000000000006,41.25692729766802,24.477251363520644,0.0,0.22862391401949667,0.006840000000000006,41.25692729766802,24.477251363520644,0.0,0.27580484815255274
2024-04-29 14:00:00,69.09703674043831,-11.2,6.5,11.0,0.0,5.881344307270234,0.0,5.881344307270234,13.167000448968462,50.04869198419962,0.2,0.0,5.881344307270234,34.870230150171714,28.345462282996365,0.20000000000000553
2024-04-29 15:00:00,71.91798829874405,-12.8,6.1,0.0,0.0,4.086556927297666,0.0,4.086556927297666,0.0,67.83143137144639,0.2,0.0,4.086556927297666,0.0,67.83143137144639,0.20000000000000553
2024-04-29 16:00:00,65.24383333317991,-13.6,4.9,0.0,0.0,0.9408779149519894,0.0,0.9408779149519894,0.0,64.30295541822792,0.2,0.0,0.9408779149519894,0.0,64.30295541822792,0.20000000000000553
2024-04-29 17:00:00,66.88488882042739,-12.4,5.4,0.0,0.0,1.8962962962962973,0.0,1.8962962962962973,0.0,64.98859252413109,0.2,0.0,1.8962962962962973,0.0,64.98859252413109,0.20000000000000553
2024-04-29 18:00:00,74.4517815165817,-14.9,12.1,0.0,0.0,100.0,0.0,74.4517815165817,-45.548218483418296,20.0,0.2838087220094897,0.0,100.0,-25.548218483418296,0.0,0.2470087220094952
2024-04-29 19:00:00,58.21058073082634,-8.8,21.6,0.0,0.0,100.0,0.0,58.21058073082634,-41.78941926917366,0.0,0.3607012534647692,0.0,100.0,-41.78941926917366,0.0,0.3239012534647747
2024-04-29 20:00:00,50.36657173420641,-7.7,22.1,0.0,0.0,100.0,0.0,50.36657173420641,-49.63342826579359,0.0,0.4520267614738294,0.0,100.0,-49.63342826579359,0.0,0.4152267614738349
2024-04-29 21:00:00,38.797941517394015,-8.7,19.0,0.0,0.0,100.0,0.0,38.797941517394015,-61.202058482605985,0.0,0.5646385490818244,0.0,57.79221624432836,-18.994274726934346,0.0,0.4501762269713941
2024-04-29 22:00:00,52.14101170329524,-11.9,15.7,0.0,0.0,100.0,0.0,52.14101170329524,-47.85898829670476,0.0,0.6526990875477612,0.0,52.14101170329524,0.0,0.0,0.4501762269713941
2024-04-29 23:00:00,45.70696084532278,-11.7,17.3,0.0,0.0,100.0,0.0,45.70696084532278,-54.29303915467722,0.0,0.7525982795923672,0.0,100.0,-54.29303915467722,0.0,0.5500754190160002
2024-04-30 00:00:00,46.0467555460901,-11.1,18.9,0.0,0.0,100.0,0.0,46.0467555460901,-53.9532444539099,0.0,0.8518722493875615,0.0,100.0,-53.9532444539099,0.0,0.6493493888111944
2024-04-30 01:00:00,55.18051400151257,-14.0,9.8,0.0,0.0,43.13196159122087,0.0,43.13196159122087,12.048552410291698,0.0,0.8256797441477969,0.0,43.13196159122087,12.048552410291698,0.0,0.6231568835714298
2024-04-30 02:00:00,38.17594185234673,-14.2,10.1,0.0,0.0,49.09615912208504,0.0,38.17594185234673,-10.920217269738309,0.0,0.8457729439241154,0.0,49.09615912208504,-10.920217269738309,0.0,0.6432500833477484
2024-04-30 03:00:00,25.975920334389787,-12.9,18.0,0.0,0.0,100.0,0.0,25.975920334389787,-74.02407966561022,0.0,0.9819772505088382,0.0,100.0,-74.02407966561022,0.0,0.7794543899324712
2024-04-30 04:00:00,40.72022711095122,-14.3,9.3,0.0,0.0,34.30000000000001,0.0,34.30000000000001,6.42022711095121,0.0,0.9680202350502486,0.0,34.30000000000001,6.42022711095121,0.0,0.7654973744738816
2024-04-30 05:00:00,48.9802253413391,-12.6,9.4,0.0,0.0,35.959396433470516,0.0,35.959396433470516,13.020828907868584,0.0,0.9397140852505342,0.0,35.959396433470516,13.020828907868584,0.0,0.7371912246741672
2024-04-30 06:00:00,54.734629508740205,-13.3,13.9,0.0,0.0,100.0,0.0,54.734629508740205,-32.76408410297052,0.0,1.0,0.0,100.0,-45.265370491259795,0.0,0.8204795063780852
2024-04-30 07:00:00,49.4968193520066,-10.7,18.8,0.0,0.0,100.0,0.0,49.4968193520066,0.0,0.0,1.0,0.0,100.0,-50.5031806479934,0.0,0.9134053587703931
2024-04-30 08:00:00,58.40141308411785,-12.2,11.7,0.0,0.0,90.32962962962961,0.0,58.40141308411785,0.0,0.0,1.0,0.0,58.40141308411785,0.0,0.0,0.9134053587703931
2024-04-30 09:00:00,64.22695492091302,-9.6,3.1,3.0,0.0,0.00013717421124828565,0.0,0.00013717421124828565,64.22681774670177,0.0,0.860376483159344,0.0,0.00013717421124828565,64.22681774670177,0.0,0.7737818419297371
2024-04-30 10:00:00,71.39452665059098,-13.0,13.6,20.0,0.0,100.0,0.0,71.39452665059098,-28.605473349409024,0.0,0.9130105541222566,0.0,71.39452665059098,0.0,0.0,0.7737818419297371
2024-04-30 11:00:00,70.25316709127263,-10.6,20.4,33.0,0.0,100.0,0.0,70.25316709127263,-29.74683290872737,0.0,0.967744726674315,0.0,100.0,-29.74683290872737,0.0,0.8285160144817955
2024-04-30 12:00:00,63.567865556868654,-11.0,17.4,34.0,0.0,100.0,0.0,63.567865556868654,-17.530039850915767,0.0,1.0,0.0,100.0,-36.432134443131346,0.0,0.8955511418571571
2024-04-30 13:00:00,67.81441057834144,-11.8,10.8,26.0,0.0,65.0962962962963,0.0,65.0962962962963,2.7181142820451356,0.0,0.9940910559085975,0.0,65.0962962962963,2.7181142820451356,0.0,0.8896421977657546
2024-04-30 14:00:00,66.93361798538496,-10.6,21.4,7.0,0.0,100.0,0.0,66.93361798538496,-3.211382658370937,0.0,1.0,0.0,66.93361798538496,0.0,0.0,0.8896421977657546
2024-04-30 15:00:00,70.61561363290298,-11.2,23.8,0.0,0.0,100.0,0.0,70.61561363290298,0.0,0.0,1.0,0.0,70.61561363290298,0.0,0.0,0.8896421977657546
2024-04-30 16:00:00,68.46304611880018,-12.0,22.5,0.0,0.0,100.0,0.0,68.46304611880018,0.0,0.0,1.0,0.0,68.46304611880018,0.0,0.0,0.8896421977657546
2024-04-30 17:00:00,70.00978634931298,-13.6,17.1,0.0,0.0,100.0,0.0,70.00978634931298,0.0,0.0,1.0,0.0,100.0,-29.990213650687025,0.0,0.9448241908830187
2024-04-30 18:00:00,70.01314721902905,-15.1,12.8,0.0,0.0,100.0,0.0,70.01314721902905,0.0,0.0,1.0,0.0,100.0,-29.98685278097095,0.0,1.0
2024-04-30 19:00:00,53.63902231701647,-9.6,6.9,0.0,0.0,8.137037037037038,0.0,8.137037037037038,45.50198527997943,0.0,0.9010826406956969,0.0,8.137037037037038,0.0,45.50198527997943,1.0
2024-04-30 20:00:00,45.83434708270955,-9.8,2.4,0.0,0.0,0.0,0.0,0.0,45.83434708270955,0.0,0.8014427557332848,0.0,0.0,45.83434708270955,0.0,0.900360115037588
2024-04-30 21:00:00,49.54809936634369,-12.6,8.0,0.0,0.0,17.14677640603567,0.0,17.14677640603567,32.40132296030802,0.0,0.7310050971239196,0.0,17.14677640603567,0.0,32.40132296030802,0.900360115037588
2024-04-30 22:00:00,50.71412547430531,-14.1,8.7,0.0,0.0,25.4037037037037,0.0,25.4037037037037,25.31042177060161,0.0,0.6759824411008726,0.0,25.4037037037037,0.0,25.31042177060161,0.900360115037588
2024-04-30 23:00:00,60.900976190441604,-14.9,8.6,0.0,0.0,24.089986282578877,0.0,24.089986282578877,36.81098990786273,0.0,0.5959585499968232,0.0,24.089986282578877,0.0,36.81098990786273,0.900360115037588
2024-05-01 00:00:00,41.20581839791594,-13.4,7.4,0.0,0.0,11.685048010973938,0.0,11.685048010973938,29.520770386942004,0.0,0.5317829621991231,0.0,11.685048010973938,0.0,29.520770386942004,0.900360115037588
2024-05-01 01:00:00,46.655117483415545,-16.0,10.3,0.0,0.0,53.363100137174236,0.0,46.655117483415545,-6.707982653758691,0.0,0.5441256502820391,0.0,53.363100137174236,-6.707982653758691,0.0,0.9127028031205039
2024-05-01 02:00:00,39.49133530055244,-12.0,3.4,0.0,0.0,0.008779149519890254,0.0,0.008779149519890254,39.482556151032554,0.0,0.45829400647544655,0.0,0.008779149519890254,0.0,39.482556151032554,0.9127028031205039
2024-05-01 03:00:00,38.83333623363754,-12.9,1.1,0.0,0.0,0.0,0.0,0.0,38.83333623363754,0.0,0.3738737103153649,0.0,0.0,0.0,38.83333623363754,0.9127028031205039
2024-05-01 04:00:00,48.919847707188694,-12.8,3.3,0.0,0.0,0.003703703703703697,0.0,0.003703703703703697,48.91614400348499,0.0,0.267534266829528,0.0,0.003703703703703697,0.0,48.91614400348499,0.9127028031205039
2024-05-01 05:00:00,44.65751034748566,-12.4,1.5,0.0,0.0,0.0,0.0,0.0,24.657510347485662,20.0,0.2117911844051389,0.0,0.0,0.0,44.65751034748566,0.9127028031205039
2024-05-01 06:00:00,52.827293004246954,-13.0,4.4,0.0,0.0,0.3764060356652952,0.0,0.3764060356652952,5.423944826363884,47.02694214221777,0.2,0.0,0.3764060356652952,0.0,52.450886968581656,0.9127028031205039
2024-05-01 07:00:00,66.84814256808158,-13.9,3.1,0.0,0.0,0.00013717421124828565,0.0,0.00013717421124828565,0.0,66.84800539387034,0.2,0.0,0.00013717421124828565,0.0,66.84800539387034,0.9127028031205039
2024-05-01 08:00:00,77.30355831459188,-13.3,5.9,0.0,0.0,3.345541838134431,0.0,3.345541838134431,0.0,73.95801647645744,0.2,0.0,3.345541838134431,0.0,73.95801647645744,0.9127028031205039
2024-05-01 09:00:00,79.08749186974165,-12.2,4.0,2.0,0.0,0.1371742112482853,0.0,0.1371742112482853,0.0,78.95031765849338,0.2,0.0,0.1371742112482853,0.0,78.95031765849338,0.9127028031205039
2024-05-01 10:00:00,72.91673057945428,-11.6,5.5,18.0,0.0,2.1433470507544587,0.0,2.1433470507544587,0.0,70.77338352869982,0.2,0.0,2.1433470507544587,0.0,70.77338352869982,0.9127028031205039
2024-05-01 11:00:00,71.25242894133798,-12.0,1.6,33.0,0.0,0.0,0.0,0.0,0.0,71.25242894133798,0.2,0.0,0.0,0.0,71.25242894133798,0.9127028031205039
2024-05-01 12:00:00,71.10859622392103,-13.0,4.7,37.0,0.0,0.6739368998628261,0.0,0.6739368998628261,0.0,70.4346593240582,0.2,0.0,0.6739368998628261,70.4346593240582,0.0,0.7595839785029861
2024-05-01 13:00:00,74.70999704231293,-12.9,5.4,27.0,0.0,1.8962962962962973,0.0,1.8962962962962973,0.0,72.81370074601664,0.2,0.0,1.8962962962962973,0.0,72.81370074601664,0.7595839785029861
2024-05-01 14:00:00,74.53825942826091,-13.4,3.3,6.0,0.0,0.003703703703703697,0.0,0.003703703703703697,0.0,74.53455572455721,0.2,0.0,0.003703703703703697,0.0,74.53455572455721,0.7595839785029861
2024-05-01 15:00:00,81.68296899427719,-14.0,5.4,0.0,0.0,1.8962962962962973,0.0,1.8962962962962973,0.0,79.78667269798089,0.2,0.0,1.8962962962962973,0.0,79.78667269798089,0.7595839785029861
2024-05-01 16:00:00,70.33304563861392,-12.4,4.3,0.0,0.0,0.30137174211248274,0.0,0.30137174211248274,0.0,70.03167389650145,0.2,0.0,0.30137174211248274,0.0,70.03167389650145,0.7595839785029861
2024-05-01 17:00:00,63.27571905592343,-11.4,1.5,0.0,0.0,0.0,0.0,0.0,0.0,63.27571905592343,0.2,0.0,0.0,63.27571905592343,0.0,0.6220280675118481
2024-05-01 18:00:00,51.831773117204634,-10.5,4.1,0.0,0.0,0.18257887517146756,0.0,0.18257887517146756,0.0,51.64919424203317,0.2,0.0,0.18257887517146756,0.0,51.64919424203317,0.6220280675118481
2024-05-01 19:00:00,54.311431042453066,-10.0,3.2,0.0,0.0,0.0010973936899862852,0.0,0.0010973936899862852,0.0,54.31033364876308,0.2,0.0,0.0010973936899862852,0.0,54.31033364876308,0.6220280675118481
2024-05-01 20:00:00,41.95893848389597,-10.2,0.8,0.0,0.0,0.0,0.0,0.0,0.0,41.95893848389597,0.2,0.0,0.0,0.0,41.95893848389597,0.6220280675118481
2024-05-01 21:00:00,46.291753279838844,-10.6,1.5,0.0,0.0,0.0,0.0,0.0,0.0,46.291753279838844,0.2,0.0,0.0,0.0,46.291753279838844,0.6220280675118481
2024-05-01 22:00:00,42.184511467604004,-9.8,5.6,0.0,0.0,2.410973936899862,0.0,2.410973936899862,0.0,39.77353753070414,0.2,0.0,2.410973936899862,39.77353753070414,0.0,0.5355638554885782
2024-05-01 23:00:00,45.00997596543809,-10.9,7.6,0.0,0.0,13.351989026063096,0.0,13.351989026063096,0.0,31.657986939374993,0.2,0.0,13.351989026063096,0.0,31.657986939374993,0.5355638554885782
2024-05-02 00:00:00,53.14925012472648,-11.0,8.3,0.0,0.0,20.422085048010988,0.0,20.422085048010988,0.0,32.727165076715494,0.2,0.0,20.422085048010988,32.727165076715494,0.0,0.4644178444522402
2024-05-02 01:00:00,46.08453732832719,-12.6,8.4,0.0,0.0,21.600000000000012,0.0,21.600000000000012,0.0,24.484537328327175,0.2,0.0,21.600000000000012,24.484537328327175,0.0,0.4111905893906594
2024-05-02 02:00:00,43.24201036317807,-10.0,5.1,0.0,0.0,1.2703703703703695,0.0,1.2703703703703695,0.0,41.971639992807695,0.2,0.0,1.2703703703703695,0.0,41.971639992807695,0.4111905893906594
2024-05-02 03:00:00,40.126060865517886,-10.6,4.9,0.0,0.0,0.9408779149519894,0.0,0.9408779149519894,0.0,39.185182950565896,0.2,0.0,0.9408779149519894,0.0,39.185182950565896,0.4111905893906594
2024-05-02 04:00:00,45.43776744843808,-10.5,5.7,0.0,0.0,2.7000000000000015,0.0,2.7000000000000015,0.0,42.73776744843808,0.2,0.0,2.7000000000000015,0.0,42.73776744843808,0.4111905893906594
2024-05-02 05:00:00,51.285636764715534,-9.7,7.6,0.0,0.0,13.351989026063096,0.0,13.351989026063096,0.0,37.93364773865244,0.2,0.0,13.351989026063096,0.0,37.93364773865244,0.4111905893906594
2024-05-02 06:00:00,44.34081583848872,-8.9,5.4,0.0,0.0,1.8962962962962973,0.0,1.8962962962962973,0.0,42.444519542192424,0.2,0.0,1.8962962962962973,0.0,42.444519542192424,0.4111905893906594
2024-05-02 07:00:00,50.01447782934248,-8.8,3.7,0.0,0.0,0.0470507544581619,0.0,0.0470507544581619,0.0,49.96742707488432,0.2,0.0,0.0470507544581619,49.96742707488432,0.0,0.3025657479235196
2024-05-02 08:00:00,63.344054502386605,-8.5,3.0,0.0,0.0,0.0,0.0,0.0,0.0,63.344054502386605,0.2,0.0,0.0,0.0,63.344054502386605,0.3025657479235196
2024-05-02 09:00:00,65.98160772968878,-8.0,5.1,1.0,0.0162,1.2703703703703695,0.0162,1.2703703703703695,0.0,64.6950373593184,0.2,0.0162,1.2703703703703695,0.0,64.6950373593184,0.3025657479235196
2024-05-02 10:00:00,70.1017691640348,-10.0,9.4,20.0,0.36,35.959396433470516,0.36,35.959396433470516,0.0,33.78237273056429,0.2,0.36,35.959396433470516,0.0,33.78237273056429,0.3025657479235196
2024-05-02 11:00:00,72.18166553946321,-12.7,10.8,40.0,0.3744,65.0962962962963,0.3744,65.0962962962963,-13.289030756833085,20.0,0.22445181659257288,0.3744,65.0962962962963,0.0,6.710969243166915,0.3025657479235196
2024-05-02 12:00:00,60.01870641487641,-9.5,9.0,40.0,0.1656,29.629629629629623,0.1656,29.629629629629623,10.223476785246792,20.0,0.2018848202790996,0.1656,29.629629629629623,0.0,30.22347678524679,0.3025657479235196
2024-05-02 13:00:00,74.10382334387512,-9.5,8.4,27.0,0.40824,21.600000000000012,0.40824,21.600000000000012,0.8670173283858096,51.2285660154893,0.2,0.40824,21.600000000000012,0.0,52.095583343875106,0.3025657479235196
2024-05-02 14:00:00,68.38819443090041,-11.7,9.8,5.0,0.09,43.13196159122087,0.09,43.13196159122087,0.0,25.166232839679537,0.2,0.09,43.13196159122087,0.0,25.166232839679537,0.3025657479235196
2024-05-02 15:00:00,74.38196129620772,-11.8,10.0,0.0,0.0,47.05075445816187,0.0,47.05075445816187,0.0,27.33120683804585,0.2,0.0,47.05075445816187,0.0,27.33120683804585,0.3025657479235196
2024-05-02 16:00:00,77.95864142865226,-14.7,17.3,0.0,0.0,100.0,0.0,77.95864142865226,-42.04135857134774,20.0,0.27735609977127984,0.0,100.0,-22.041358571347743,0.0,0.3431218476947994
2024-05-02 17:00:00,56.85493351214878,-11.9,24.2,0.0,0.0,100.0,0.0,56.85493351214878,-43.14506648785122,0.0,0.35674302210892606,0.0,100.0,-43.14506648785122,0.0,0.4225087700324457
2024-05-02 18:00:00,56.64609835003203,-11.6,28.2,0.0,0.0,0.0,0.0,0.0,56.64609835003203,0.0,0.23359933004363903,0.0,0.0,0.0,56.64609835003203,0.4225087700324457
2024-05-02 19:00:00,54.511547195250664,-11.7,28.5,0.0,0.0,0.0,0.0,0.0,15.45569182007395,39.05585537517671,0.2,0.0,0.0,0.0,54.511547195250664,0.4225087700324457
2024-05-02 20:00:00,57.01042056658296,-11.5,26.9,0.0,0.0,0.0,0.0,0.0,0.0,57.01042056658296,0.2,0.0,0.0,0.0,57.01042056658296,0.4225087700324457
2024-05-02 21:00:00,48.56482447034725,-11.2,25.3,0.0,0.0,0.0,0.0,0.0,0.0,48.56482447034725,0.2,0.0,0.0,48.56482447034725,0.0,0.31693306466212556
2024-05-02 22:00:00,46.63455096694597,-11.1,23.1,0.0,0.0,100.0,0.0,46.63455096694597,-73.36544903305403,20.0,0.33499242622081943,0.0,100.0,-53.36544903305403,0.0,0.415125490882945
2024-05-02 23:00:00,35.061763215076354,-10.2,22.6,0.0,0.0,100.0,0.0,35.061763215076354,-64.93823678492365,0.0,0.45447878190507895,0.0,100.0,-64.93823678492365,0.0,0.5346118465672045
2024-05-03 00:00:00,53.62955858357657,-9.1,28.9,0.0,0.0,0.0,0.0,0.0,53.62955858357657,0.0,0.33789278498426034,0.0,0.0,0.0,53.62955858357657,0.5346118465672045
2024-05-03 01:00:00,39.35597809369749,-9.2,33.3,0.0,0.0,0.0,0.0,0.0,39.35597809369749,0.0,0.25233631086752667,0.0,0.0,0.0,39.35597809369749,0.5346118465672045
2024-05-03 02:00:00,38.49500448648472,-9.3,29.3,0.0,0.0,0.0,0.0,0.0,18.495004486484717,20.0,0.2102666452631427,0.0,0.0,0.0,38.49500448648472,0.5346118465672045
2024-05-03 03:00:00,33.296872557173884,-9.3,24.5,0.0,0.0,100.0,0.0,33.296872557173884,-86.70312744282612,20.0,0.36980039975794277,0.0,100.0,-66.70312744282612,0.0,0.6573456010620046
2024-05-03 04:00:00,35.73686336466074,-9.0,24.0,0.0,0.0,100.0,0.0,35.73686336466074,-64.26313663533927,0.0,0.488044571166967,0.0,100.0,-64.26313663533927,0.0,0.7755897724710288
2024-05-03 05:00:00,51.56342327476766,-8.2,28.7,0.0,0.0,0.0,0.0,0.0,51.56342327476766,0.0,0.375950172743559,0.0,0.0,0.0,51.56342327476766,0.7755897724710288
2024-05-03 06:00:00,38.416391964966856,-8.0,31.6,0.0,0.0,0.0,0.0,0.0,38.416391964966856,0.0,0.2924362771675441,0.0,0.0,0.0,38.416391964966856,0.7755897724710288
2024-05-03 07:00:00,55.393235342153886,-8.0,36.3,0.0,0.0,0.0,0.0,0.0,35.393235342153886,20.0,0.2131145119650462,0.0,0.0,0.0,55.393235342153886,0.7755897724710288
2024-05-03 08:00:00,53.94248054446054,-8.7,35.9,0.0,0.0,0.0,0.0,0.0,6.032675503921242,47.9098050405393,0.2,0.0,0.0,0.0,53.94248054446054,0.7755897724710288
2024-05-03 09:00:00,63.97499422801498,-8.7,33.0,0.0,0.0,0.0,0.0,0.0,0.0,63.97499422801498,0.2,0.0,0.0,63.97499422801498,0.0,0.6365136980623005
2024-05-03 10:00:00,65.8095276616299,-7.9,38.3,14.0,0.0,0.0,0.0,0.0,0.0,65.8095276616299,0.2,0.0,0.0,0.0,65.8095276616299,0.6365136980623005
2024-05-03 11:00:00,61.07011158290376,-6.9,40.8,28.0,0.0,0.0,0.0,0.0,0.0,61.07011158290376,0.2,0.0,0.0,0.0,61.07011158290376,0.6365136980623005
2024-05-03 12:00:00,63.17720864853164,-7.0,37.7,28.0,0.0,0.0,0.0,0.0,0.0,63.17720864853164,0.2,0.0,0.0,0.0,63.17720864853164,0.6365136980623005
2024-05-03 13:00:00,53.15985426346967,-6.3,36.1,18.0,0.0,0.0,0.0,0.0,0.0,53.15985426346967,0.2,0.0,0.0,0.0,53.15985426346967,0.6365136980623005
2024-05-03 14:00:00,67.42255759040651,-6.0,36.0,3.0,0.0,0.0,0.0,0.0,0.0,67.42255759040651,0.2,0.0,0.0,0.0,67.42255759040651,0.6365136980623005
2024-05-03 15:00:00,65.54855012325012,-6.1,32.9,0.0,0.0,0.0,0.0,0.0,0.0,65.54855012325012,0.2,0.0,0.0,0.0,65.54855012325012,0.6365136980623005
2024-05-03 16:00:00,56.20361726796994,-6.4,31.7,0.0,0.0,0.0,0.0,0.0,0.0,56.20361726796994,0.2,0.0,0.0,0.0,56.20361726796994,0.6365136980623005
2024-05-03 17:00:00,67.56609360724691,-6.5,31.4,0.0,0.0,0.0,0.0,0.0,0.0,67.56609360724691,0.2,0.0,0.0,3.9104528680194712,63.655640739227444,0.628012713566606
2024-05-03 18:00:00,54.02770812601342,-6.7,30.8,0.0,0.0,0.0,0.0,0.0,0.0,54.02770812601342,0.2,0.0,0.0,0.0,54.02770812601342,0.628012713566606
2024-05-03 19:00:00,52.81257878767582,-6.4,33.6,0.0,0.0,0.0,0.0,0.0,0.0,52.81257878767582,0.2,0.0,0.0,0.0,52.81257878767582,0.628012713566606
2024-05-03 20:00:00,48.038904180426485,-6.4,32.9,0.0,0.0,0.0,0.0,0.0,0.0,48.038904180426485,0.2,0.0,0.0,0.0,48.038904180426485,0.628012713566606
2024-05-03 21:00:00,47.59216939784707,-5.9,33.6,0.0,0.0,0.0,0.0,0.0,0.0,47.59216939784707,0.2,0.0,0.0,0.0,47.59216939784707,0.628012713566606
2024-05-03 22:00:00,51.54072046753025,-5.7,33.4,0.0,0.0,0.0,0.0,0.0,0.0,51.54072046753025,0.2,0.0,0.0,0.0,51.54072046753025,0.628012713566606
2024-05-03 23:00:00,54.36507901961737,-5.6,32.3,0.0,0.0,0.0,0.0,0.0,0.0,54.36507901961737,0.2,0.0,0.0,0.0,54.36507901961737,0.628012713566606
2024-05-04 00:00:00,45.72819601850329,-5.4,31.8,0.0,0.0,0.0,0.0,0.0,0.0,45.72819601850329,0.2,0.0,0.0,0.0,45.72819601850329,0.628012713566606
2024-05-04 01:00:00,44.43996883485886,-4.3,33.5,0.0,0.0,0.0,0.0,0.0,0.0,44.43996883485886,0.2,0.0,0.0,0.0,44.43996883485886,0.628012713566606
2024-05-04 02:00:00,44.58213740738541,-4.2,31.9,0.0,0.0,0.0,0.0,0.0,0.0,44.58213740738541,0.2,0.0,0.0,0.0,44.58213740738541,0.628012713566606
2024-05-04 03:00:00,37.244355383832286,-4.1,32.5,0.0,0.0,0.0,0.0,0.0,0.0,37.244355383832286,0.2,0.0,0.0,0.0,37.244355383832286,0.628012713566606
2024-05-04 04:00:00,46.85125436805935,-3.8,34.9,0.0,0.0,0.0,0.0,0.0,0.0,46.85125436805935,0.2,0.0,0.0,46.85125436805935,0.0,0.5261621605925639
2024-05-04 05:00:00,45.96200566195202,-3.9,33.8,0.0,0.0,0.0,0.0,0.0,0.0,45.96200566195202,0.2,0.0,0.0,0.0,45.96200566195202,0.5261621605925639
2024-05-04 06:00:00,48.71993679655786,-4.1,30.3,0.0,0.0,0.0,0.0,0.0,0.0,48.71993679655786,0.2,0.0,0.0,0.0,48.71993679655786,0.5261621605925639
2024-05-04 07:00:00,55.75170517225734,-4.1,30.4,0.0,0.0,0.0,0.0,0.0,0.0,55.75170517225734,0.2,0.0,0.0,0.0,55.75170517225734,0.5261621605925639
2024-05-04 08:00:00,50.89291518316088,-4.5,30.2,0.0,0.0,0.0,0.0,0.0,0.0,50.89291518316088,0.2,0.0,0.0,0.0,50.89291518316088,0.5261621605925639
2024-05-04 09:00:00,67.46059630223075,-4.7,28.7,0.0,0.0,0.0,0.0,0.0,0.0,67.46059630223075,0.2,0.0,0.0,67.46059630223075,0.0,0.3795086903703232
2024-05-04 10:00:00,61.281262397768515,-4.5,29.6,10.0,0.0,0.0,0.0,0.0,0.0,61.281262397768515,0.2,0.0,0.0,0.0,61.281262397768515,0.3795086903703232
2024-05-04 11:00:00,57.873654241944465,-4.2,30.6,23.0,0.0,0.0,0.0,0.0,0.0,57.873654241944465,0.2,0.0,0.0,0.0,57.873654241944465,0.3795086903703232
2024-05-04 12:00:00,63.96439344512613,-4.4,30.1,25.0,0.0,0.0,0.0,0.0,0.0,63.96439344512613,0.2,0.0,0.0,0.0,63.96439344512613,0.3795086903703232
2024-05-04 13:00:00,60.42960702399973,-5.0,25.0,16.0,0.0,100.0,0.0,60.42960702399973,-59.57039297600027,20.0,0.3096095230758405,0.0,100.0,-39.57039297600027,0.0,0.4523182134461637
2024-05-04 14:00:00,68.9644312434831,-5.6,22.2,2.0,0.0,100.0,0.0,68.9644312434831,-31.035568756516895,0.0,0.36671496958783156,0.0,100.0,-31.035568756516895,0.0,0.5094236599581548
2024-05-04 15:00:00,66.69217259674933,-5.9,21.4,0.0,0.0,100.0,0.0,66.69217259674933,-33.30782740325067,0.0,0.4280013720098128,0.0,100.0,-33.30782740325067,0.0,0.570710062380136
2024-05-04 16:00:00,63.915248004085676,-5.2,28.2,0.0,0.0,0.0,0.0,0.0,63.915248004085676,0.0,0.2890551806965831,0.0,0.0,0.0,63.915248004085676,0.570710062380136
2024-05-04 17:00:00,55.47939296478949,-5.5,29.1,0.0,0.0,0.0,0.0,0.0,35.47939296478949,20.0,0.21009422188637528,0.0,0.0,55.47939296478949,0.0,0.45010268636972406
2024-05-04 18:00:00,61.493411912405996,-5.8,28.5,0.0,0.0,0.0,0.0,0.0,4.643342067732623,56.85006984467337,0.2,0.0,0.0,61.493411912405996,0.0,0.3164213561253632
2024-05-04 19:00:00,53.5538238176696,-6.2,28.8,0.0,0.0,0.0,0.0,0.0,0.0,53.5538238176696,0.2,0.0,0.0,53.5538238176696,0.0,0.2
2024-05-04 20:00:00,53.20537840085581,-6.4,25.8,0.0,0.0,0.0,0.0,0.0,0.0,53.20537840085581,0.2,0.0,0.0,0.0,53.20537840085581,0.2
2024-05-04 21:00:00,42.017801930265016,-6.8,25.8,0.0,0.0,0.0,0.0,0.0,0.0,42.017801930265016,0.2,0.0,0.0,0.0,42.017801930265016,0.2
2024-05-04 22:00:00,44.10836221602006,-6.8,27.4,0.0,0.0,0.0,0.0,0.0,0.0,44.10836221602006,0.2,0.0,0.0,0.0,44.10836221602006,0.2
2024-05-04 23:00:00,47.4864724163506,-6.9,27.2,0.0,0.0,0.0,0.0,0.0,0.0,47.4864724163506,0.2,0.0,0.0,0.0,47.4864724163506,0.2
2024-05-05 00:00:00,46.85088815904351,-6.9,25.6,0.0,0.0,0.0,0.0,0.0,0.0,46.85088815904351,0.2,0.0,0.0,-0.0,46.85088815904351,0.2
2024-05-05 01:00:00,35.01353658537803,-6.6,26.3,0.0,0.0,0.0,0.0,0.0,0.0,35.01353658537803,0.2,0.0,0.0,0.0,35.01353658537803,0.2
2024-05-05 02:00:00,33.27220904712577,-6.4,24.7,0.0,0.0,100.0,0.0,33.27220904712577,-86.72779095287423,20.0,0.3595791353532886,0.0,100.0,-66.72779095287423,0.0,0.3227791353532886
2024-05-05 03:00:00,31.056566349680907,-6.4,22.4,0.0,0.0,100.0,0.0,31.056566349680907,-68.9434336503191,0.0,0.48643505326987574,0.0,100.0,-68.9434336503191,0.0,0.44963505326987574
2024-05-05 04:00:00,35.71793540869559,-6.5,22.1,0.0,0.0,100.0,0.0,35.71793540869559,-64.28206459130442,0.0,0.6047140521178759,0.0,100.0,-64.28206459130442,0.0,0.5679140521178758
2024-05-05 05:00:00,35.00466229646736,-7.3,20.3,0.0,0.0,100.0,0.0,35.00466229646736,-64.99533770353264,0.0,0.724305473492376,0.0,100.0,-64.99533770353264,0.0,0.6875054734923759
2024-05-05 06:00:00,47.30912063795763,-8.7,15.3,0.0,0.0,100.0,0.0,47.30912063795763,-52.69087936204237,0.0,0.8212566915185339,0.0,100.0,-52.69087936204237,0.0,0.7844566915185338
2024-05-05 07:00:00,58.74069199091422,-10.7,12.5,0.0,0.0,100.0,0.0,58.74069199091422,-41.25930800908578,0.0,0.8971738182552517,0.0,100.0,-41.25930800908578,0.0,0.8603738182552516
2024-05-05 08:00:00,56.07473568099461,-7.6,26.7,0.0,0.0,0.0,0.0,0.0,56.07473568099461,0.0,0.7752722189487417,0.0,0.0,0.0,56.07473568099461,0.8603738182552516
2024-05-05 09:00:00,65.54696858669412,-7.7,27.1,0.0,0.0,0.0,0.0,0.0,65.54696858669412,0.0,0.6327788089776675,0.0,0.0,65.54696858669412,0.0,0.7178804082841774
2024-05-05 10:00:00,67.89750796184322,-7.6,28.9,9.0,0.0,0.0,0.0,0.0,67.89750796184322,0.0,0.4851755307997474,0.0,0.0,21.544023366351247,46.35348459549197,0.671045574879066
2024-05-05 11:00:00,71.2755936579911,-9.4,19.6,23.0,0.06210000000000001,100.0,0.06210000000000001,71.2134936579911,-28.786506342008906,0.0,0.5381427024690438,0.06210000000000001,100.0,-28.786506342008906,0.0,0.7240127465483625
2024-05-05 12:00:00,62.0420408159779,-10.8,16.0,28.0,0.0050400000000000045,100.0,0.0050400000000000045,62.0370008159779,-37.9629991840221,0.0,0.6079946209676446,0.0050400000000000045,100.0,-37.962999184022095,0.0,0.7938646650469631
2024-05-05 13:00:00,63.12391946174574,-8.6,34.0,15.0,0.01080000000000001,0.0,0.01080000000000001,0.0,63.11311946174574,0.0,0.4707921873551538,0.01080000000000001,0.0,0.0,63.11311946174574,0.7938646650469631
2024-05-05 14:00:00,64.7698943585382,-9.7,26.5,1.0,0.0003600000000000003,0.0,0.0003600000000000003,0.0,64.7695343585382,0.0,0.3299888517931143,0.0003600000000000003,0.0,0.0,64.7695343585382,0.7938646650469631
2024-05-05 15:00:00,62.787452399607574,-10.9,18.9,0.0,0.0,100.0,0.0,62.787452399607574,-37.212547600392426,0.0,0.3984599393778364,0.0,100.0,-37.212547600392426,0.0,0.8623357526316852
2024-05-05 16:00:00,66.95842495723485,-10.5,17.6,0.0,0.0,100.0,0.0,66.95842495723485,-33.041575042765146,0.0,0.4592564374565243,0.0,100.0,-33.041575042765146,0.0,0.923132250710373
2024-05-05 17:00:00,59.32444601834761,-8.8,33.4,0.0,0.0,0.0,0.0,0.0,59.32444601834761,0.0,0.33029025046011645,0.0,0.0,0.0,59.32444601834761,0.923132250710373
2024-05-05 18:00:00,58.22404929911651,-10.4,24.7,0.0,0.0,100.0,0.0,58.22404929911651,-41.77595070088349,0.0,0.4071579997497421,0.0,100.0,-41.77595070088349,0.0,0.9999999999999986
2024-05-05 19:00:00,60.37320578097698,-9.8,33.7,0.0,0.0,0.0,0.0,0.0,60.37320578097698,0.0,0.2759119002258791,0.0,0.0,0.0,60.37320578097698,0.9999999999999986
2024-05-05 20:00:00,58.08540362963936,-10.2,33.3,0.0,0.0,0.0,0.0,0.0,34.91947410390437,23.165929525734988,0.2,0.0,0.0,0.0,58.08540362963936,0.9999999999999986
2024-05-05 21:00:00,40.96882846082599,-10.6,30.1,0.0,0.0,0.0,0.0,0.0,0.0,40.96882846082599,0.2,0.0,0.0,0.0,40.96882846082599,0.9999999999999986
2024-05-05 22:00:00,49.73917336547784,-10.8,27.2,0.0,0.0,0.0,0.0,0.0,0.0,49.73917336547784,0.2,0.0,0.0,49.73917336547784,0.0,0.8918713622489598
2024-05-05 23:00:00,43.65323462855594,-10.3,29.7,0.0,0.0,0.0,0.0,0.0,0.0,43.65323462855594,0.2,0.0,0.0,43.65323462855594,0.0,0.7969730260999252
2024-05-06 00:00:00,41.44204500427032,-11.0,29.8,0.0,0.0,0.0,0.0,0.0,0.0,41.44204500427032,0.2,0.0,0.0,0.0,41.44204500427032,0.7969730260999252
2024-05-06 01:00:00,42.425918435139714,-11.1,29.7,0.0,0.0,0.0,0.0,0.0,0.0,42.425918435139714,0.2,0.0,0.0,0.0,42.425918435139714,0.7969730260999252
2024-05-06 02:00:00,29.61808382389607,-11.5,29.1,0.0,0.0,0.0,0.0,0.0,0.0,29.61808382389607,0.2,0.0,0.0,29.61808382389607,0.0,0.732585887352325
2024-05-06 03:00:00,45.563211713882,-11.5,31.5,0.0,0.0,0.0,0.0,0.0,0.0,45.563211713882,0.2,0.0,0.0,0.0,45.563211713882,0.732585887352325
2024-05-06 04:00:00,44.33722048535954,-11.7,32.4,0.0,0.0,0.0,0.0,0.0,0.0,44.33722048535954,0.2,0.0,0.0,0.0,44.33722048535954,0.732585887352325
2024-05-06 05:00:00,41.5240112758367,-12.2,32.5,0.0,0.0,0.0,0.0,0.0,0.0,41.5240112758367,0.2,0.0,0.0,0.0,41.5240112758367,0.732585887352325
2024-05-06 06:00:00,50.07294889090238,-12.5,34.1,0.0,0.0,0.0,0.0,0.0,0.0,50.07294889090238,0.2,0.0,0.0,0.0,50.07294889090238,0.732585887352325
2024-05-06 07:00:00,51.5592676222628,-12.7,34.1,0.0,0.0,0.0,0.0,0.0,0.0,51.5592676222628,0.2,0.0,0.0,0.0,51.5592676222628,0.732585887352325
2024-05-06 08:00:00,65.68021375081872,-12.9,35.2,0.0,0.0,0.0,0.0,0.0,0.0,65.68021375081872,0.2,0.0,0.0,0.0,65.68021375081872,0.732585887352325
2024-05-06 09:00:00,72.38634011379709,-13.2,35.3,0.0,0.0,0.0,0.0,0.0,0.0,72.38634011379709,0.2,0.0,0.0,0.0,72.38634011379709,0.732585887352325
2024-05-06 10:00:00,71.57444806438119,-13.2,34.4,7.0,0.007560000000000007,0.0,0.007560000000000007,0.0,0.0,71.56688806438119,0.2,0.007560000000000007,0.0,0.0,71.56688806438119,0.732585887352325
2024-05-06 11:00:00,78.13351116854889,-13.0,34.5,19.0,0.003420000000000003,0.0,0.003420000000000003,0.0,0.0,78.13009116854889,0.2,0.003420000000000003,0.0,0.0,78.13009116854889,0.732585887352325
2024-05-06 12:00:00,78.30898594847237,-13.4,31.5,22.0,0.0,0.0,0.0,0.0,0.0,78.30898594847237,0.2,0.0,0.0,0.0,78.30898594847237,0.732585887352325
2024-05-06 13:00:00,75.21319754977762,-13.4,26.2,12.0,0.0021600000000000018,0.0,0.0021600000000000018,0.0,0.0,75.21103754977761,0.2,0.0021600000000000018,0.0,0.0,75.21103754977761,0.732585887352325
2024-05-06 14:00:00,78.39676558576815,-13.8,24.9,0.0,0.0,100.0,0.0,78.39676558576815,-41.60323441423185,20.0,0.2765499513221866,0.0,100.0,-21.60323441423185,0.0,0.7723358386745116
2024-05-06 15:00:00,78.34992301065898,-13.7,28.2,0.0,0.0,0.0,0.0,0.0,35.21297760820585,43.13694540245314,0.2,0.0,0.0,78.34992301065898,0.0,0.6020099190861226
2024-05-06 16:00:00,73.40180518752479,-14.0,30.6,0.0,0.0,0.0,0.0,0.0,0.0,73.40180518752479,0.2,0.0,0.0,0.0,73.40180518752479,0.6020099190861226
2024-05-06 17:00:00,66.08910391884407,-14.6,26.6,0.0,0.0,0.0,0.0,0.0,0.0,66.08910391884407,0.2,0.0,0.0,0.0,66.08910391884407,0.6020099190861226
2024-05-06 18:00:00,66.08661006706369,-15.2,23.6,0.0,0.0,100.0,0.0,66.08661006706369,-53.91338993293631,20.0,0.2992006374766028,0.0,100.0,-33.91338993293631,0.0,0.6644105565627254
2024-05-06 19:00:00,63.54281996625985,-14.9,26.6,0.0,0.0,0.0,0.0,0.0,43.54281996625985,20.0,0.2038446308222785,0.0,0.0,0.0,63.54281996625985,0.6644105565627254
2024-05-06 20:00:00,63.715932972383484,-15.4,25.2,0.0,0.0,0.0,0.0,0.0,1.7685301782481022,61.947402794135385,0.2,0.0,0.0,0.0,63.715932972383484,0.6644105565627254
2024-05-06 21:00:00,60.64668358938234,-16.3,21.4,0.0,0.0,100.0,0.0,60.64668358938234,-59.35331641061766,20.0,0.3092101021955365,0.0,100.0,-39.35331641061766,0.0,0.7368206587582619
2024-05-06 22:00:00,57.114346899935576,-15.9,25.9,0.0,0.0,0.0,0.0,0.0,37.114346899935576,20.0,0.22414503220242066,0.0,0.0,0.0,57.114346899935576,0.7368206587582619
2024-05-06 23:00:00,45.225860083580386,-16.2,27.8,0.0,0.0,0.0,0.0,0.0,11.106714813113499,34.11914527046689,0.2,0.0,0.0,0.0,45.225860083580386,0.7368206587582619
2024-05-07 00:00:00,56.35108872042464,-16.3,28.6,0.0,0.0,0.0,0.0,0.0,0.0,56.35108872042464,0.2,0.0,0.0,0.0,56.35108872042464,0.7368206587582619
2024-05-07 01:00:00,48.60457942004256,-15.9,28.0,0.0,0.0,0.0,0.0,0.0,0.0,48.60457942004256,0.2,0.0,0.0,0.0,48.60457942004256,0.7368206587582619
2024-05-07 02:00:00,57.61354527075077,-15.9,28.2,0.0,0.0,0.0,0.0,0.0,0.0,57.61354527075077,0.2,0.0,0.0,0.0,57.61354527075077,0.7368206587582619
2024-05-07 03:00:00,44.26182814911793,-16.8,20.5,0.0,0.0,100.0,0.0,44.26182814911793,-75.73817185088207,20.0,0.339358236205623,0.0,100.0,-55.73817185088207,0.0,0.8393788949638848
2024-05-07 04:00:00,50.36729247554686,-16.0,27.8,0.0,0.0,0.0,0.0,0.0,50.36729247554686,0.0,0.22986412212834723,0.0,0.0,0.0,50.36729247554686,0.8393788949638848
2024-05-07 05:00:00,67.3460958110425,-16.4,27.5,0.0,0.0,0.0,0.0,0.0,13.73749617903972,53.60859963200278,0.2,0.0,0.0,0.0,67.3460958110425,0.8393788949638848
2024-05-07 06:00:00,62.97045814751589,-17.0,26.5,0.0,0.0,0.0,0.0,0.0,0.0,62.97045814751589,0.2,0.0,0.0,0.0,62.97045814751589,0.8393788949638848
2024-05-07 07:00:00,69.86184730361992,-17.2,25.3,0.0,0.0,0.0,0.0,0.0,0.0,69.86184730361992,0.2,0.0,0.0,0.0,69.86184730361992,0.8393788949638848
2024-05-07 08:00:00,72.81539052624674,-17.1,25.6,0.0,0.0,0.0,0.0,0.0,0.0,72.81539052624674,0.2,0.0,0.0,0.0,72.81539052624674,0.8393788949638848
2024-05-07 09:00:00,92.34133183604493,-16.8,28.1,0.0,0.0,0.0,0.0,0.0,0.0,92.34133183604493,0.2,0.0,0.0,91.46970072358596,0.8716311124589708,0.6405317194778284
2024-05-07 10:00:00,82.75449206911715,-16.8,29.4,6.0,0.027,0.0,0.027,0.0,0.0,82.72749206911715,0.2,0.027,0.0,0.0,82.72749206911715,0.6405317194778284
2024-05-07 11:00:00,86.83560458424061,-16.8,29.7,20.0,0.0,0.0,0.0,0.0,0.0,86.83560458424061,0.2,0.0,0.0,0.0,86.83560458424061,0.6405317194778284
2024-05-07 12:00:00,77.9572233934581,-16.6,31.2,21.0,0.0,0.0,0.0,0.0,0.0,77.9572233934581,0.2,0.0,0.0,0.0,77.9572233934581,0.6405317194778284
2024-05-07 13:00:00,81.2783186871099,-15.9,33.0,9.0,0.0,0.0,0.0,0.0,0.0,81.2783186871099,0.2,0.0,0.0,0.0,81.2783186871099,0.6405317194778284
2024-05-07 14:00:00,77.4053386569497,-15.4,35.6,0.0,0.0,0.0,0.0,0.0,0.0,77.4053386569497,0.2,0.0,0.0,0.0,77.4053386569497,0.6405317194778284
2024-05-07 15:00:00,86.46563610866947,-15.0,38.0,0.0,0.0,0.0,0.0,0.0,0.0,86.46563610866947,0.2,0.0,0.0,0.0,86.46563610866947,0.6405317194778284
2024-05-07 16:00:00,73.42351347040862,-14.5,40.1,0.0,0.0,0.0,0.0,0.0,0.0,73.42351347040862,0.2,0.0,0.0,0.0,73.42351347040862,0.6405317194778284
2024-05-07 17:00:00,64.67455170553484,-14.3,41.9,0.0,0.0,0.0,0.0,0.0,0.0,64.67455170553484,0.2,0.0,0.0,0.0,64.67455170553484,0.6405317194778284
2024-05-07 18:00:00,72.76345298520046,-14.0,44.2,0.0,0.0,0.0,0.0,0.0,0.0,72.76345298520046,0.2,0.0,0.0,0.0,72.76345298520046,0.6405317194778284
2024-05-07 19:00:00,60.254315934813484,-13.9,44.8,0.0,0.0,0.0,0.0,0.0,0.0,60.254315934813484,0.2,0.0,0.0,0.0,60.254315934813484,0.6405317194778284
2024-05-07 20:00:00,60.7480364586536,-13.8,44.4,0.0,0.0,0.0,0.0,0.0,0.0,60.7480364586536,0.2,0.0,0.0,0.0,60.7480364586536,0.6405317194778284
2024-05-07 21:00:00,59.80708191067183,-13.8,44.5,0.0,0.0,0.0,0.0,0.0,0.0,59.80708191067183,0.2,0.0,0.0,0.0,59.80708191067183,0.6405317194778284
2024-05-07 22:00:00,54.6826716528716,-13.9,43.8,0.0,0.0,0.0,0.0,0.0,0.0,54.6826716528716,0.2,0.0,0.0,0.0,54.6826716528716,0.6405317194778284
2024-05-07 23:00:00,37.84182224750482,-13.9,43.9,0.0,0.0,0.0,0.0,0.0,0.0,37.84182224750482,0.2,0.0,0.0,0.0,37.84182224750482,0.6405317194778284
2024-05-08 00:00:00,52.30178350488893,-13.9,44.6,0.0,0.0,0.0,0.0,0.0,0.0,52.30178350488893,0.2,0.0,0.0,0.0,52.30178350488893,0.6405317194778284
2024-05-08 01:00:00,43.69693118667436,-13.2,43.3,0.0,0.0,0.0,0.0,0.0,0.0,43.69693118667436,0.2,0.0,0.0,0.0,43.69693118667436,0.6405317194778284
2024-05-08 02:00:00,39.15485651598333,-13.2,43.3,0.0,0.0,0.0,0.0,0.0,0.0,39.15485651598333,0.2,0.0,0.0,0.0,39.15485651598333,0.6405317194778284
2024-05-08 03:00:00,40.104625255123885,-13.1,43.9,0.0,0.0,0.0,0.0,0.0,0.0,40.104625255123885,0.2,0.0,0.0,0.0,40.104625255123885,0.6405317194778284
2024-05-08 04:00:00,35.82483603029459,-13.0,45.3,0.0,0.0,0.0,0.0,0.0,0.0,35.82483603029459,0.2,0.0,0.0,0.0,35.82483603029459,0.6405317194778284
2024-05-08 05:00:00,47.86085457330901,-12.8,45.5,0.0,0.0,0.0,0.0,0.0,0.0,47.86085457330901,0.2,0.0,0.0,0.0,47.86085457330901,0.6405317194778284
2024-05-08 06:00:00,46.37804313145345,-12.6,46.8,0.0,0.0,0.0,0.0,0.0,0.0,46.37804313145345,0.2,0.0,0.0,0.0,46.37804313145345,0.6405317194778284
2024-05-08 07:00:00,58.19580145221684,-12.5,46.5,0.0,0.0,0.0,0.0,0.0,0.0,58.19580145221684,0.2,0.0,0.0,0.0,58.19580145221684,0.6405317194778284
2024-05-08 08:00:00,65.78132215769105,-12.0,46.0,0.0,0.0,0.0,0.0,0.0,0.0,65.78132215769105,0.2,0.0,0.0,0.0,65.78132215769105,0.6405317194778284
2024-05-08 09:00:00,76.04518543993808,-11.7,45.7,0.0,0.0,0.0,0.0,0.0,0.0,76.04518543993808,0.2,0.0,0.0,76.04518543993808,0.0,0.47521609895622385
2024-05-08 10:00:00,69.21443420070143,-11.5,44.4,3.0,0.0016200000000000014,0.0,0.0016200000000000014,0.0,0.0,69.21281420070143,0.2,0.0016200000000000014,0.0,0.0,69.21281420070143,0.47521609895622385
2024-05-08 11:00:00,76.55793685922995,-11.2,43.6,15.0,0.0648,0.0,0.0648,0.0,0.0,76.49313685922995,0.2,0.0648,0.0,0.0,76.49313685922995,0.47521609895622385
2024-05-08 12:00:00,70.35926626757573,-11.0,43.1,17.0,0.07343999999999999,0.0,0.07343999999999999,0.0,0.0,70.28582626757573,0.2,0.07343999999999999,0.0,70.28582626757573,0.0,0.322420824461494
2024-05-08 13:00:00,65.50295128754732,-10.6,43.3,6.0,0.0021600000000000018,0.0,0.0021600000000000018,0.0,0.0,65.50079128754732,0.2,0.0021600000000000018,0.0,0.0,65.50079128754732,0.322420824461494
2024-05-08 14:00:00,64.31875366798698,-10.3,43.0,0.0,0.0,0.0,0.0,0.0,0.0,64.31875366798698,0.2,0.0,0.0,0.0,64.31875366798698,0.322420824461494
2024-05-08 15:00:00,59.0559190888479,-10.1,42.7,0.0,0.0,0.0,0.0,0.0,0.0,59.0559190888479,0.2,0.0,0.0,0.0,59.0559190888479,0.322420824461494
2024-05-08 16:00:00,64.3587692576657,-10.0,42.5,0.0,0.0,0.0,0.0,0.0,0.0,64.3587692576657,0.2,0.0,0.0,0.0,64.3587692576657,0.322420824461494
2024-05-08 17:00:00,56.31357925229593,-10.0,43.0,0.0,0.0,0.0,0.0,0.0,0.0,56.31357925229593,0.2,0.0,0.0,56.31357925229593,0.0,0.2
2024-05-08 18:00:00,63.234284026408574,-10.1,42.7,0.0,0.0,0.0,0.0,0.0,0.0,63.234284026408574,0.2,0.0,0.0,0.0,63.234284026408574,0.2
2024-05-08 19:00:00,51.052380850858654,-10.2,41.6,0.0,0.0,0.0,0.0,0.0,0.0,51.052380850858654,0.2,0.0,0.0,0.0,51.052380850858654,0.2
2024-05-08 20:00:00,46.496645099740135,-10.0,41.4,0.0,0.0,0.0,0.0,0.0,0.0,46.496645099740135,0.2,0.0,0.0,0.0,46.496645099740135,0.2
2024-05-08 21:00:00,49.16813175622157,-9.6,41.1,0.0,0.0,0.0,0.0,0.0,0.0,49.16813175622157,0.2,0.0,0.0,0.0,49.16813175622157,0.2
2024-05-08 22:00:00,41.56976571420289,-9.4,41.5,0.0,0.0,0.0,0.0,0.0,0.0,41.56976571420289,0.2,0.0,0.0,0.0,41.56976571420289,0.2
2024-05-08 23:00:00,42.04274996684401,-9.3,41.3,0.0,0.0,0.0,0.0,0.0,0.0,42.04274996684401,0.2,0.0,0.0,0.0,42.04274996684401,0.2
2024-05-09 00:00:00,46.92994665029261,-9.5,40.8,0.0,0.0,0.0,0.0,0.0,0.0,46.92994665029261,0.2,0.0,0.0,0.0,46.92994665029261,0.2
2024-05-09 01:00:00,39.58614665834362,-8.8,41.9,0.0,0.0,0.0,0.0,0.0,0.0,39.58614665834362,0.2,0.0,0.0,0.0,39.58614665834362,0.2
2024-05-09 02:00:00,36.60482230351362,-8.8,40.7,0.0,0.0,0.0,0.0,0.0,0.0,36.60482230351362,0.2,0.0,0.0,0.0,36.60482230351362,0.2
2024-05-09 03:00:00,37.02573354454209,-8.8,39.9,0.0,0.0,0.0,0.0,0.0,0.0,37.02573354454209,0.2,0.0,0.0,0.0,37.02573354454209,0.2
2024-05-09 04:00:00,30.534505048573035,-8.9,38.6,0.0,0.0,0.0,0.0,0.0,0.0,30.534505048573035,0.2,0.0,0.0,0.0,30.534505048573035,0.2
2024-05-09 05:00:00,43.95918874965245,-8.9,37.8,0.0,0.0,0.0,0.0,0.0,0.0,43.95918874965245,0.2,0.0,0.0,0.0,43.95918874965245,0.2
2024-05-09 06:00:00,48.79965788362948,-9.0,38.0,0.0,0.0,0.0,0.0,0.0,0.0,48.79965788362948,0.2,0.0,0.0,0.0,48.79965788362948,0.2
2024-05-09 07:00:00,58.46448663491711,-8.9,38.0,0.0,0.0,0.0,0.0,0.0,0.0,58.46448663491711,0.2,0.0,0.0,0.0,58.46448663491711,0.2
2024-05-09 08:00:00,63.029054005685595,-8.9,37.2,0.0,0.0,0.0,0.0,0.0,0.0,63.029054005685595,0.2,0.0,0.0,0.0,63.029054005685595,0.2
2024-05-09 09:00:00,64.99025684197242,-9.0,36.4,0.0,0.0,0.0,0.0,0.0,0.0,64.99025684197242,0.2,0.0,0.0,0.0,64.99025684197242,0.2
2024-05-09 10:00:00,74.16196445755345,-9.0,35.6,2.0,0.0,0.0,0.0,0.0,0.0,74.16196445755345,0.2,0.0,0.0,0.0,74.16196445755345,0.2
2024-05-09 11:00:00,64.5368465119364,-9.2,34.3,11.0,0.0019800000000000017,0.0,0.0019800000000000017,0.0,0.0,64.5348665119364,0.2,0.0019800000000000017,0.0,-0.0,64.5348665119364,0.2
2024-05-09 12:00:00,64.23578552038852,-9.3,33.2,13.0,0.0,0.0,0.0,0.0,0.0,64.23578552038852,0.2,0.0,0.0,0.0,64.23578552038852,0.2
2024-05-09 13:00:00,64.44425284760322,-9.3,32.3,4.0,0.0,0.0,0.0,0.0,0.0,64.44425284760322,0.2,0.0,0.0,0.0,64.44425284760322,0.2
2024-05-09 14:00:00,71.30878902461606,-9.2,30.3,0.0,0.0,0.0,0.0,0.0,0.0,71.30878902461606,0.2,0.0,0.0,0.0,71.30878902461606,0.2
2024-05-09 15:00:00,64.11755108681119,-9.4,29.1,0.0,0.0,0.0,0.0,0.0,0.0,64.11755108681119,0.2,0.0,0.0,0.0,64.11755108681119,0.2
2024-05-09 16:00:00,71.23775804470783,-9.6,28.2,0.0,0.0,0.0,0.0,0.0,0.0,71.23775804470783,0.2,0.0,0.0,0.0,71.23775804470783,0.2
2024-05-09 17:00:00,70.0868136861282,-9.9,25.9,0.0,0.0,0.0,0.0,0.0,0.0,70.0868136861282,0.2,0.0,0.0,0.0,70.0868136861282,0.2
2024-05-09 18:00:00,61.369691270930026,-10.0,24.5,0.0,0.0,100.0,0.0,61.369691270930026,-58.630308729069974,20.0,0.30787976806148876,0.0,61.369691270930026,0.0,0.0,0.2
2024-05-09 19:00:00,61.93148324707014,-10.1,23.0,0.0,0.0,100.0,0.0,61.93148324707014,-38.06851675292986,0.0,0.3779258388868797,0.0,100.0,-38.06851675292986,0.0,0.27004607082539095
2024-05-09 20:00:00,43.94142759570476,-10.3,22.4,0.0,0.0,100.0,0.0,43.94142759570476,-56.05857240429524,0.0,0.4810736121107829,0.0,100.0,-56.05857240429524,0.0,0.3731938440492942
2024-05-09 21:00:00,41.893111283625025,-10.5,22.2,0.0,0.0,100.0,0.0,41.893111283625025,-58.106888716374975,0.0,0.5879902873489129,0.0,41.893111283625025,0.0,0.0,0.3731938440492942
2024-05-09 22:00:00,45.079697166843935,-10.9,21.7,0.0,0.0,100.0,0.0,45.079697166843935,-54.920302833156065,0.0,0.68904364456192,0.0,45.079697166843935,0.0,0.0,0.3731938440492942
2024-05-09 23:00:00,44.131154826294384,-11.1,22.2,0.0,0.0,100.0,0.0,44.131154826294384,-55.868845173705616,0.0,0.7918423196815384,0.0,44.131154826294384,0.0,0.0,0.3731938440492942
2024-05-10 00:00:00,43.63396290950167,-11.5,21.7,0.0,0.0,100.0,0.0,43.63396290950167,-56.36603709049833,0.0,0.8955558279280553,0.0,100.0,-56.36603709049833,0.0,0.4769073522958111
2024-05-10 01:00:00,32.90182375183524,-11.3,18.8,0.0,0.0,100.0,0.0,32.90182375183524,-56.763136995622105,0.0,1.0,0.0,32.90182375183524,0.0,0.0,0.4769073522958111
2024-05-10 02:00:00,44.007958531618236,-11.5,15.9,0.0,0.0,100.0,0.0,44.007958531618236,0.0,0.0,1.0,0.0,100.0,-55.992041468381764,0.0,0.5799327085976336
2024-05-10 03:00:00,49.17099116678468,-11.6,19.2,0.0,0.0,100.0,0.0,49.17099116678468,0.0,0.0,1.0,0.0,98.89912942248881,-49.72813825570414,0.0,0.6714324829881292
2024-05-10 04:00:00,49.14243839586312,-12.3,14.0,0.0,0.0,100.0,0.0,49.14243839586312,0.0,0.0,1.0,0.0,100.0,-50.85756160413688,0.0,0.765010396339741
2024-05-10 05:00:00,52.67761634393236,-13.0,9.2,0.0,0.0,32.69245541838133,0.0,32.69245541838133,19.98516092555103,0.0,0.9565539979879325,0.0,32.69245541838133,19.98516092555103,0.0,0.7215643943276735
2024-05-10 06:00:00,54.93059802572802,-12.9,15.0,0.0,0.0,100.0,0.0,54.93059802572802,-23.611957615254074,0.0,1.0,0.0,54.93059802572802,0.0,0.0,0.7215643943276735
2024-05-10 07:00:00,56.98501314636432,-13.2,18.5,0.0,0.0,100.0,0.0,56.98501314636432,0.0,0.0,1.0,0.0,100.0,-43.01498685363568,0.0,0.8007119701383631
2024-05-10 08:00:00,69.11264026317984,-13.5,20.6,0.0,0.0,100.0,0.0,69.11264026317984,0.0,0.0,1.0,0.0,69.11264026317984,0.0,0.0,0.8007119701383631
2024-05-10 09:00:00,87.80294018420753,-14.1,24.1,0.0,0.0,100.0,0.0,87.80294018420753,0.0,0.0,1.0,0.0,100.0,-12.197059815792471,0.0,0.8231545601994213
2024-05-10 10:00:00,79.60255943746472,-14.3,19.3,1.0,0.0,100.0,0.0,79.60255943746472,0.0,0.0,1.0,0.0,79.60255943746472,0.0,0.0,0.8231545601994213
2024-05-10 11:00:00,77.2002137608803,-14.9,11.0,9.0,0.0,70.23319615912207,0.0,70.23319615912207,6.967017601758229,0.0,0.9848543095613952,0.0,70.23319615912207,6.967017601758229,0.0,0.8080088697608165
2024-05-10 12:00:00,81.39901829551957,-14.9,12.4,11.0,0.0,100.0,0.0,81.39901829551957,-8.231353499241743,0.0,1.0,0.0,100.0,-18.600981704480432,0.0,0.8422346760970605
2024-05-10 13:00:00,86.99343025372798,-15.5,14.2,3.0,0.0037799999999999978,100.0,0.0037799999999999978,86.98965025372797,0.0,0.0,1.0,0.0037799999999999978,100.0,-13.010349746272027,0.0,0.8661737196302011
2024-05-10 14:00:00,81.43549097112597,-15.8,20.2,0.0,0.0,100.0,0.0,81.43549097112597,0.0,0.0,1.0,0.0,100.0,-18.564509028874028,0.0,0.9003324162433293
2024-05-10 15:00:00,81.4675769338129,-16.1,20.5,0.0,0.0,100.0,0.0,81.4675769338129,0.0,0.0,1.0,0.0,81.4675769338129,0.0,0.0,0.9003324162433293
2024-05-10 16:00:00,78.07797252049284,-16.7,21.0,0.0,0.0,100.0,0.0,78.07797252049284,0.0,0.0,1.0,0.0,100.0,-21.922027479507165,0.0,0.9406689468056224
2024-05-10 17:00:00,78.09844689530546,-17.1,19.1,0.0,0.0,100.0,0.0,78.09844689530546,0.0,0.0,1.0,0.0,78.09844689530546,0.0,0.0,0.9406689468056224
2024-05-10 18:00:00,80.56843335475746,-17.6,16.1,0.0,0.0,100.0,0.0,80.56843335475746,0.0,0.0,1.0,0.0,80.56843335475746,0.0,0.0,0.9406689468056224
2024-05-10 19:00:00,67.75486239435955,-17.9,15.1,0.0,0.0,100.0,0.0,67.75486239435955,0.0,0.0,1.0,0.0,100.0,-32.24513760564045,0.0,1.0
2024-05-10 20:00:00,74.29832406118467,-18.4,15.5,0.0,0.0,100.0,0.0,74.29832406118467,0.0,0.0,1.0,0.0,74.29832406118467,0.0,0.0,1.0
2024-05-10 21:00:00,65.50825624460654,-18.5,15.8,0.0,0.0,100.0,0.0,65.50825624460654,0.0,0.0,1.0,0.0,65.50825624460654,0.0,0.0,1.0
2024-05-10 22:00:00,74.0684606815714,-19.3,9.4,0.0,0.0,35.959396433470516,0.0,35.959396433470516,38.10906424810088,0.0,0.9171542081563024,0.0,35.959396433470516,2.559297670520291,35.549766577580584,0.9944363094119124
2024-05-10 23:00:00,53.044154421854365,-15.4,6.5,0.0,0.0,5.881344307270234,0.0,5.881344307270234,47.16281011458413,0.0,0.8146263600811195,0.0,5.881344307270234,0.0,47.16281011458413,0.9944363094119124
2024-05-11 00:00:00,52.01540715185367,-16.0,3.1,0.0,0.0,0.00013717421124828565,0.0,0.00013717421124828565,52.015269977642426,0.0,0.7015496862166795,0.0,0.00013717421124828565,0.0,52.015269977642426,0.9944363094119124
2024-05-11 01:00:00,56.66107363557996,-19.1,7.2,0.0,0.0,10.162962962962965,0.0,10.162962962962965,46.498110672616995,0.0,0.6004668369283817,0.0,10.162962962962965,0.0,46.498110672616995,0.9944363094119124
2024-05-11 02:00:00,49.61426881056395,-20.2,8.9,0.0,0.0,28.17270233196159,0.0,28.17270233196159,21.441566478602358,0.0,0.5538547358879418,0.0,28.17270233196159,0.0,21.441566478602358,0.9944363094119124
2024-05-11 03:00:00,36.923634383240866,-16.6,5.4,0.0,0.0,1.8962962962962973,0.0,1.8962962962962973,35.02733808694457,0.0,0.4777083487424101,0.0,1.8962962962962973,0.0,35.02733808694457,0.9944363094119124
2024-05-11 04:00:00,48.03489412864452,-16.3,1.9,0.0,0.0,0.0,0.0,0.0,48.03489412864452,0.0,0.37328466585405246,0.0,0.0,0.0,48.03489412864452,0.9944363094119124
2024-05-11 05:00:00,51.91853195465387,-16.4,2.3,0.0,0.0,0.0,0.0,0.0,51.91853195465387,0.0,0.26041829203958755,0.0,0.0,0.0,51.91853195465387,0.9944363094119124
2024-05-11 06:00:00,52.838412697250945,-16.4,4.0,0.0,0.0,0.1371742112482853,0.0,0.1371742112482853,27.79241433821027,24.908824147792387,0.2,0.0,0.1371742112482853,52.70123848600266,0.0,0.8798683996597327
2024-05-11 07:00:00,69.60982405102754,-17.1,6.1,0.0,0.0,4.086556927297666,0.0,4.086556927297666,0.0,65.52326712372988,0.2,0.0,4.086556927297666,65.52326712372988,0.0,0.737426514608146
2024-05-11 08:00:00,67.41444887695302,-17.1,5.2,0.0,0.0,1.4606310013717423,0.0,1.4606310013717423,0.0,65.95381787558128,0.2,0.0,1.4606310013717423,0.0,65.95381787558128,0.737426514608146
2024-05-11 09:00:00,85.1615658242226,-17.6,4.7,0.0,0.0,0.6739368998628261,0.0,0.6739368998628261,0.0,84.48762892435978,0.2,0.0,0.6739368998628261,0.0,84.48762892435978,0.737426514608146
2024-05-11 10:00:00,90.91797996022335,-17.2,5.0,0.0,0.0,1.0973936899862824,0.0,1.0973936899862824,0.0,89.82058627023707,0.2,0.0,1.0973936899862824,89.82058627023707,0.0,0.5421643705424133
2024-05-11 11:00:00,92.05998088569116,-19.3,7.9,8.0,0.144,16.138408779149525,0.144,16.138408779149525,0.0,75.77757210654163,0.2,0.144,16.138408779149525,75.77757210654164,0.0,0.377430518136888
2024-05-11 12:00:00,89.81965263556592,-21.0,9.7,10.0,0.18,41.25692729766802,0.18,41.25692729766802,0.0,48.38272533789789,0.2,0.18,41.25692729766802,0.0,48.382725337897895,0.377430518136888
2024-05-11 13:00:00,99.67234799025965,-22.4,10.0,2.0,0.036,47.05075445816187,0.036,47.05075445816187,0.0,52.58559353209778,0.2,0.036,47.05075445816187,0.0,52.58559353209778,0.377430518136888
2024-05-11 14:00:00,87.21717781261083,-17.7,5.9,0.0,0.0,3.345541838134431,0.0,3.345541838134431,0.0,83.87163597447639,0.2,0.0,3.345541838134431,0.0,83.87163597447639,0.377430518136888
2024-05-11 15:00:00,86.40408259711268,-17.4,3.3,0.0,0.0,0.003703703703703697,0.0,0.003703703703703697,0.0,86.40037889340897,0.2,0.0,0.003703703703703697,0.0,86.40037889340897,0.377430518136888
2024-05-11 16:00:00,82.71543203295886,-17.4,5.0,0.0,0.0,1.0973936899862824,0.0,1.0973936899862824,0.0,81.61803834297258,0.2,0.0,1.0973936899862824,81.61803834297258,0.0,0.2
2024-05-11 17:00:00,72.74875011049245,-16.9,4.7,0.0,0.0,0.6739368998628261,0.0,0.6739368998628261,0.0,72.07481321062963,0.2,0.0,0.6739368998628261,0.0,72.07481321062963,0.2
2024-05-11 18:00:00,76.62599600254548,-17.7,6.5,0.0,0.0,5.881344307270234,0.0,5.881344307270234,0.0,70.74465169527524,0.2,0.0,5.881344307270234,0.0,70.74465169527524,0.2
2024-05-11 19:00:00,77.35726327540226,-19.8,8.4,0.0,0.0,21.600000000000012,0.0,21.600000000000012,0.0,55.75726327540225,0.2,0.0,21.600000000000012,0.0,55.75726327540225,0.2
2024-05-11 20:00:00,70.14395043209464,-19.4,14.8,0.0,0.0,100.0,0.0,70.14395043209464,-49.85604956790536,20.0,0.2917351312049459,0.0,100.0,-29.85604956790536,0.0,0.2549351312049459
2024-05-11 21:00:00,77.3052351814341,-18.6,19.5,0.0,0.0,100.0,0.0,77.3052351814341,-22.6947648185659,0.0,0.33349349847110715,0.0,100.0,-22.6947648185659,0.0,0.29669349847110715
2024-05-11 22:00:00,60.046488066578455,-18.4,19.9,0.0,0.0,100.0,0.0,60.046488066578455,-39.953511933421545,0.0,0.40700796042860277,0.0,100.0,-39.953511933421545,0.0,0.3702079604286028
2024-05-11 23:00:00,54.253828773134906,-17.8,24.9,0.0,0.0,100.0,0.0,54.253828773134906,-45.746171226865094,0.0,0.49118091548603454,0.0,100.0,-45.746171226865094,0.0,0.4543809154860346
2024-05-12 00:00:00,53.01303445396134,-17.5,22.9,0.0,0.0,100.0,0.0,53.01303445396134,-46.98696554603866,0.0,0.5776369320907457,0.0,100.0,-46.98696554603866,0.0,0.5408369320907458
2024-05-12 01:00:00,48.120303884618004,-18.6,13.7,0.0,0.0,100.0,0.0,48.120303884618004,-51.879696115381996,0.0,0.6730955729430486,0.0,100.0,-51.879696115381996,0.0,0.6362955729430486
2024-05-12 02:00:00,52.329486799217015,-18.6,13.7,0.0,0.0,100.0,0.0,52.329486799217015,-47.670513200782985,0.0,0.7608093172324892,0.0,100.0,-47.670513200782985,0.0,0.7240093172324893
2024-05-12 03:00:00,44.11876515990274,-17.7,24.1,0.0,0.0,100.0,0.0,44.11876515990274,-55.88123484009726,0.0,0.8636307893382682,0.0,100.0,-55.88123484009726,0.0,0.8268307893382683
2024-05-12 04:00:00,48.510259265011236,-17.6,28.0,0.0,0.0,0.0,0.0,0.0,48.510259265011236,0.0,0.7581737039795481,0.0,0.0,0.0,48.510259265011236,0.8268307893382683
2024-05-12 05:00:00,51.033792202307005,-16.7,32.6,0.0,0.0,0.0,0.0,0.0,51.033792202307005,0.0,0.6472306774527937,0.0,0.0,51.033792202307005,0.0,0.7158877628115139
2024-05-12 06:00:00,55.67528242075745,-16.3,36.9,0.0,0.0,0.0,0.0,0.0,55.67528242075745,0.0,0.5261974547989732,0.0,0.0,0.0,55.67528242075745,0.7158877628115139
2024-05-12 07:00:00,58.96958333727639,-16.1,39.8,0.0,0.0,0.0,0.0,0.0,58.96958333727639,0.0,0.39800270841358976,0.0,0.0,0.0,58.96958333727639,0.7158877628115139
2024-05-12 08:00:00,72.43530066420404,-15.9,41.3,0.0,0.0,0.0,0.0,0.0,72.43530066420404,0.0,0.24053466349140706,0.0,0.0,0.0,72.43530066420404,0.7158877628115139
2024-05-12 09:00:00,85.49167656356146,-15.5,39.6,0.0,0.0,0.0,0.0,0.0,18.645945206047244,66.84573135751421,0.2,0.0,0.0,0.0,85.49167656356146,0.7158877628115139
2024-05-12 10:00:00,84.35989902732622,-15.0,38.3,0.0,0.0,0.0,0.0,0.0,0.0,84.35989902732622,0.2,0.0,0.0,0.0,84.35989902732622,0.7158877628115139
2024-05-12 11:00:00,87.55287635094062,-15.0,37.9,3.0,0.0,0.0,0.0,0.0,0.0,87.55287635094062,0.2,0.0,0.0,0.0,87.55287635094062,0.7158877628115139
2024-05-12 12:00:00,79.61728152494591,-14.9,39.2,4.0,0.0,0.0,0.0,0.0,0.0,79.61728152494591,0.2,0.0,0.0,0.0,79.61728152494591,0.7158877628115139
2024-05-12 13:00:00,84.01982405137024,-15.6,38.4,1.0,0.0,0.0,0.0,0.0,0.0,84.01982405137024,0.2,0.0,0.0,41.77747700060812,42.24234705076211,0.6250671606362789
2024-05-12 14:00:00,94.80074511326356,-15.7,41.5,0.0,0.0,0.0,0.0,0.0,0.0,94.80074511326356,0.2,0.0,0.0,0.0,94.80074511326356,0.6250671606362789
2024-05-12 15:00:00,80.36427202498395,-15.4,39.0,0.0,0.0,0.0,0.0,0.0,0.0,80.36427202498395,0.2,0.0,0.0,0.0,80.36427202498395,0.6250671606362789
2024-05-12 16:00:00,75.91537836752477,-14.8,37.0,0.0,0.0,0.0,0.0,0.0,0.0,75.91537836752477,0.2,0.0,0.0,75.91537836752477,0.0,0.4600337294025294
2024-05-12 17:00:00,71.19267789169932,-14.5,32.1,0.0,0.0,0.0,0.0,0.0,0.0,71.19267789169932,0.2,0.0,0.0,0.0,71.19267789169932,0.4600337294025294
2024-05-12 18:00:00,77.54393365591775,-15.4,26.4,0.0,0.0,0.0,0.0,0.0,0.0,77.54393365591775,0.2,0.0,0.0,0.0,77.54393365591775,0.4600337294025294
2024-05-12 19:00:00,68.63757658229545,-16.5,21.1,0.0,0.0,100.0,0.0,68.63757658229545,-51.36242341770455,20.0,0.2945068590885764,0.0,100.0,-31.362423417704548,0.0,0.5177405884911058
2024-05-12 20:00:00,63.90861312961447,-17.6,16.7,0.0,0.0,100.0,0.0,63.90861312961447,-36.09138687038553,0.0,0.36091501093008577,0.0,100.0,-36.09138687038553,0.0,0.5841487403326152
2024-05-12 21:00:00,68.73837768981426,-18.9,10.1,0.0,0.0,49.09615912208504,0.0,49.09615912208504,19.642218567729216,0.0,0.31821453578284836,0.0,49.09615912208504,19.642218567729216,0.0,0.5414482651853778
2024-05-12 22:00:00,48.79370094471486,-14.2,5.4,0.0,0.0,1.8962962962962973,0.0,1.8962962962962973,46.89740464841856,0.0,0.21626365611237325,0.0,1.8962962962962973,0.0,46.89740464841856,0.5414482651853778
2024-05-12 23:00:00,53.24235756306962,-14.9,3.4,0.0,0.0,0.008779149519890254,0.0,0.008779149519890254,7.481281811691689,45.75229660185804,0.2,0.0,0.008779149519890254,53.23357841354973,0.0,0.4257230947211393
2024-05-13 00:00:00,54.04420467070917,-15.7,7.0,0.0,0.0,8.77914951989026,0.0,8.77914951989026,0.0,45.26505515081891,0.2,0.0,8.77914951989026,45.26505515081891,0.0,0.32732080091501126
2024-05-13 01:00:00,48.94048666096752,-16.7,7.3,0.0,0.0,10.906310013717418,0.0,10.906310013717418,0.0,38.034176647250106,0.2,0.0,10.906310013717418,0.0,38.034176647250106,0.32732080091501126
2024-05-13 02:00:00,46.62905786043413,-15.2,1.6,0.0,0.0,0.0,0.0,0.0,0.0,46.62905786043413,0.2,0.0,0.0,0.0,46.62905786043413,0.32732080091501126
2024-05-13 03:00:00,36.961050348458244,-15.6,3.3,0.0,0.0,0.003703703703703697,0.0,0.003703703703703697,0.0,36.95734664475454,0.2,0.0,0.003703703703703697,0.0,36.95734664475454,0.32732080091501126
2024-05-13 04:00:00,47.77731060662493,-14.9,2.6,0.0,0.0,0.0,0.0,0.0,0.0,47.77731060662493,0.2,0.0,0.0,0.0,47.77731060662493,0.32732080091501126
2024-05-13 05:00:00,47.73617307666634,-14.6,4.7,0.0,0.0,0.6739368998628261,0.0,0.6739368998628261,0.0,47.062236176803516,0.2,0.0,0.6739368998628261,0.0,47.062236176803516,0.32732080091501126
2024-05-13 06:00:00,70.11131788642261,-13.9,5.5,0.0,0.0,2.1433470507544587,0.0,2.1433470507544587,0.0,67.96797083566815,0.2,0.0,2.1433470507544587,0.0,67.96797083566815,0.32732080091501126
2024-05-13 07:00:00,62.65412534820104,-13.5,6.1,0.0,0.0,4.086556927297666,0.0,4.086556927297666,0.0,58.56756842090338,0.2,0.0,4.086556927297666,58.56756842090338,0.0,0.20000000000000392
2024-05-13 08:00:00,63.76803975108282,-12.7,3.4,0.0,0.0,0.008779149519890254,0.0,0.008779149519890254,0.0,63.75926060156293,0.2,0.0,0.008779149519890254,0.0,63.75926060156293,0.20000000000000392
2024-05-13 09:00:00,66.53349131973461,-12.7,2.1,0.0,0.0,0.0,0.0,0.0,0.0,66.53349131973461,0.2,0.0,0.0,0.0,66.53349131973461,0.20000000000000392
2024-05-13 10:00:00,86.16453098397132,-13.7,5.6,0.0,0.0,2.410973936899862,0.0,2.410973936899862,0.0,83.75355704707145,0.2,0.0,2.410973936899862,0.0,83.75355704707145,0.20000000000000392
2024-05-13 11:00:00,93.39983640238111,-20.6,11.0,3.0,0.054,70.23319615912207,0.054,70.23319615912207,0.0,23.112640243259037,0.2,0.054,70.23319615912207,-0.0,23.112640243259037,0.20000000000000392
2024-05-13 12:00:00,86.08073966462291,-20.3,11.9,5.0,0.08639999999999999,96.70356652949246,0.08639999999999999,85.99433966462291,-30.70922686486955,20.0,0.25650497743135997,0.08639999999999999,96.70356652949246,-10.70922686486955,0.0,0.21970497743136388
2024-05-13 13:00:00,96.0064960700453,-20.3,11.9,0.0,0.0,96.70356652949246,0.0,96.0064960700453,-0.6970704594471613,0.0,0.25778758707674276,0.0,96.70356652949246,-0.6970704594471613,0.0,0.22098758707674665
2024-05-13 14:00:00,102.72359415702826,-20.6,12.5,0.0,0.0,100.0,0.0,100.0,2.723594157028259,0.0,0.25186673021363787,0.0,100.0,2.723594157028259,0.0,0.21506673021364173
2024-05-13 15:00:00,98.04476466604766,-20.5,13.4,0.0,0.0,100.0,0.0,98.04476466604766,-1.955235333952345,0.0,0.25546436322811017,0.0,100.0,-1.955235333952345,0.0,0.21866436322811406
2024-05-13 16:00:00,88.56125211529681,-19.7,13.8,0.0,0.0,100.0,0.0,88.56125211529681,-11.43874788470319,0.0,0.27651165933596406,0.0,88.56125211529681,0.0,0.0,0.21866436322811406
2024-05-13 17:00:00,81.7959506844336,-18.4,13.3,0.0,0.0,100.0,0.0,81.7959506844336,-18.204049315566394,0.0,0.3100071100766062,0.0,81.7959506844336,0.0,0.0,0.21866436322811406
2024-05-13 18:00:00,79.0601853784035,-18.8,14.4,0.0,0.0,100.0,0.0,79.0601853784035,-20.939814621596497,0.0,0.34853636898034374,0.0,100.0,-20.939814621596497,0.0,0.2571936221318516
2024-05-13 19:00:00,74.80698132814436,-18.5,14.1,0.0,0.0,100.0,0.0,74.80698132814436,-25.19301867185564,0.0,0.39489152333655814,0.0,100.0,-25.19301867185564,0.0,0.303548776488066
2024-05-13 20:00:00,72.6744259795074,-19.2,14.1,0.0,0.0,100.0,0.0,72.6744259795074,-27.325574020492596,0.0,0.44517057953426453,0.0,72.6744259795074,0.0,0.0,0.303548776488066
2024-05-13 21:00:00,72.87226375652773,-19.7,14.8,0.0,0.0,100.0,0.0,72.87226375652773,-27.12773624347227,0.0,0.4950856142222535,0.0,100.0,-27.12773624347227,0.0,0.35346381117605497
2024-05-13 22:00:00,61.96957431012925,-18.9,13.1,0.0,0.0,100.0,0.0,61.96957431012925,-38.03042568987075,0.0,0.5650615974916157,0.0,100.0,-38.03042568987075,0.0,0.42343979444541713
2024-05-13 23:00:00,52.265983670848186,-18.2,12.3,0.0,0.0,100.0,0.0,52.265983670848186,-47.734016329151814,0.0,0.652892187537255,0.0,100.0,-47.734016329151814,0.0,0.5112703844910564
2024-05-14 00:00:00,50.72854148447983,-15.4,11.0,0.0,0.0,70.23319615912207,0.0,50.72854148447983,-19.504654674642246,0.0,0.6887807521385967,0.0,70.23319615912207,-19.504654674642246,0.0,0.5471589490923982
2024-05-14 01:00:00,58.85640409367498,-19.9,18.9,0.0,0.0,100.0,0.0,58.85640409367498,-41.14359590632502,0.0,0.7644849686062347,0.0,100.0,-41.14359590632502,0.0,0.6228631655600362
2024-05-14 02:00:00,41.01736020807577,-19.3,18.9,0.0,0.0,100.0,0.0,41.01736020807577,-58.98263979192423,0.0,0.8730130258233753,0.0,100.0,-58.98263979192423,0.0,0.7313912227771767
2024-05-14 03:00:00,41.04623902314019,-19.3,17.8,0.0,0.0,100.0,0.0,41.04623902314019,-58.95376097685981,0.0,0.9814879460207973,0.0,100.0,-58.95376097685981,0.0,0.8398661429745988
2024-05-14 04:00:00,59.02888060696162,-19.5,16.9,0.0,0.0,100.0,0.0,59.02888060696162,-10.060898901740623,0.0,1.0,0.0,100.0,-40.97111939303838,0.0,0.9152530026577894
2024-05-14 05:00:00,66.22561408425663,-19.5,16.7,0.0,0.0,100.0,0.0,66.22561408425663,0.0,0.0,1.0,0.0,72.55776463862557,-6.332150554368942,0.0,0.9269041596778282
2024-05-14 06:00:00,60.27399982490264,-19.3,13.3,0.0,0.0,100.0,0.0,60.27399982490264,0.0,0.0,1.0,0.0,100.0,-39.72600017509736,0.0,1.0
2024-05-14 07:00:00,65.07729635416447,-14.7,10.1,0.0,0.0,49.09615912208504,0.0,49.09615912208504,15.981137232079433,0.0,0.9652583973215665,0.0,49.09615912208504,15.981137232079433,0.0,0.9652583973215665
2024-05-14 08:00:00,59.002274435414925,-10.4,5.7,0.0,0.0,2.7000000000000015,0.0,2.7000000000000015,56.30227443541492,0.0,0.8428621485489254,0.0,2.7000000000000015,0.0,56.30227443541492,0.9652583973215665
2024-05-14 09:00:00,68.27084943879188,-11.3,3.6,0.0,0.0,0.029629629629629645,0.0,0.029629629629629645,68.24121980916226,0.0,0.6945116707029204,0.0,0.029629629629629645,0.0,68.24121980916226,0.9652583973215665
2024-05-14 10:00:00,75.70265504378207,-11.8,1.8,0.0,0.0,0.0,0.0,0.0,75.70265504378207,0.0,0.5299406814773072,0.0,0.0,0.0,75.70265504378207,0.9652583973215665
2024-05-14 11:00:00,66.68564885494627,-12.6,2.0,1.0,0.0,0.0,0.0,0.0,66.68564885494627,0.0,0.38497187961872836,0.0,0.0,0.0,66.68564885494627,0.9652583973215665
2024-05-14 12:00:00,64.551412497538,-12.7,1.3,3.0,0.04968,0.0,0.04968,0.0,64.501732497538,0.0,0.2447507220153849,0.04968,0.0,64.501732497538,0.0,0.8250372397182231
2024-05-14 13:00:00,67.24374413539387,-11.0,1.0,0.0,0.0,0.0,0.0,0.0,20.585332127077045,46.65841200831682,0.2,0.0,0.0,0.0,67.24374413539387,0.8250372397182231
2024-05-14 14:00:00,70.86062201052918,-10.9,0.0,0.0,0.0,0.0,0.0,0.0,0.0,70.86062201052918,0.2,0.0,0.0,70.86062201052918,0.0,0.6709924092605509
2024-05-14 15:00:00,62.570224471579145,-10.8,1.5,0.0,0.0,0.0,0.0,0.0,0.0,62.570224471579145,0.2,0.0,0.0,62.570224471579145,0.0,0.5349701821484223
2024-05-14 16:00:00,70.09823837394593,-11.2,2.9,0.0,0.0,0.0,0.0,0.0,0.0,70.09823837394593,0.2,0.0,0.0,55.6303974506823,14.46784092326363,0.41403453551650427
2024-05-14 17:00:00,60.912195134444836,-11.2,4.1,0.0,0.0,0.18257887517146756,0.0,0.18257887517146756,0.0,60.72961625927337,0.2,0.0,0.18257887517146756,0.0,60.72961625927337,0.41403453551650427
2024-05-14 18:00:00,57.02841196966577,-10.9,6.4,0.0,0.0,5.391495198902609,0.0,5.391495198902609,0.0,51.63691677076316,0.2,0.0,5.391495198902609,0.0,51.63691677076316,0.41403453551650427
2024-05-14 19:00:00,59.01329395114951,-11.6,5.1,0.0,0.0,1.2703703703703695,0.0,1.2703703703703695,0.0,57.742923580779134,0.2,0.0,1.2703703703703695,57.742923580779134,0.0,0.28850644077568005
2024-05-14 20:00:00,53.33045861966251,-11.4,6.7,0.0,0.0,6.948285322359399,0.0,6.948285322359399,0.0,46.38217329730311,0.2,0.0,6.948285322359399,0.0,46.38217329730311,0.28850644077568005
2024-05-14 21:00:00,55.18738406452906,-11.5,4.1,0.0,0.0,0.18257887517146756,0.0,0.18257887517146756,0.0,55.0048051893576,0.2,0.0,0.18257887517146756,0.0,55.0048051893576,0.28850644077568005
2024-05-14 22:00:00,45.20788731099667,-12.6,6.2,0.0,0.0,4.4949245541838145,0.0,4.4949245541838145,0.0,40.71296275681286,0.2,0.0,4.4949245541838145,40.71296275681286,0.0,0.2
2024-05-14 23:00:00,45.51306701468263,-16.0,10.0,0.0,0.0,47.05075445816187,0.0,45.51306701468263,-21.537687443479236,20.0,0.2396293448960018,0.0,47.05075445816187,-1.5376874434792356,0.0,0.2028293448960018
2024-05-15 00:00:00,62.85106218100695,-22.8,14.8,0.0,0.0,100.0,0.0,62.85106218100695,-37.14893781899305,0.0,0.307983390482949,0.0,100.0,-37.14893781899305,0.0,0.27118339048294904
2024-05-15 01:00:00,52.13868086467507,-17.9,19.4,0.0,0.0,100.0,0.0,52.13868086467507,-47.86131913532493,0.0,0.39604821769194687,0.0,90.0230131751864,-37.88433231051134,0.0,0.3408905619342899
2024-05-15 02:00:00,40.74622027951239,-17.3,20.3,0.0,0.0,100.0,0.0,40.74622027951239,-59.25377972048761,0.0,0.5050751723776441,0.0,100.0,-59.25377972048761,0.0,0.44991751661998713
2024-05-15 03:00:00,41.9612321914987,-18.6,18.0,0.0,0.0,100.0,0.0,41.9612321914987,-58.0387678085013,0.0,0.6118665051452865,0.0,100.0,-58.0387678085013,0.0,0.5567088493876295
2024-05-15 04:00:00,54.37398891168993,-18.9,12.6,0.0,0.0,100.0,0.0,54.37398891168993,-45.62601108831007,0.0,0.6958183655477771,0.0,100.0,-45.62601108831007,0.0,0.6406607097901201
2024-05-15 05:00:00,47.836097163425194,-15.5,9.4,0.0,0.0,35.959396433470516,0.0,35.959396433470516,11.876700729954678,0.0,0.6699994509174408,0.0,35.959396433470516,11.876700729954678,0.0,0.6148417951597839
2024-05-15 06:00:00,56.937441414965406,-18.1,10.7,0.0,0.0,62.62455418381343,0.0,56.937441414965406,-5.687112768848024,0.0,0.6804637384121212,0.0,62.62455418381343,-5.687112768848024,0.0,0.6253060826544642
2024-05-15 07:00:00,69.17670646157032,-14.6,6.4,0.0,0.0,5.391495198902609,0.0,5.391495198902609,63.78521126266771,0.0,0.5418002356671914,0.0,5.391495198902609,63.78521126266771,0.0,0.4866425799095344
2024-05-15 08:00:00,69.09102663536454,-14.9,6.9,0.0,0.0,8.137037037037038,0.0,8.137037037037038,60.9539895983275,0.0,0.409291562627349,0.0,8.137037037037038,60.9539895983275,0.0,0.35413390686969204
2024-05-15 09:00:00,87.14905801932679,-15.6,8.9,0.0,0.0,28.17270233196159,0.0,28.17270233196159,58.9763556873652,0.0,0.2810820937417725,0.0,28.17270233196159,58.9763556873652,0.0,0.22592443798411552
2024-05-15 10:00:00,96.16735395554713,-19.4,11.5,0.0,0.0,84.24211248285322,0.0,84.24211248285322,11.925241472693912,0.0,0.2551576557576553,0.0,84.24211248285322,11.925241472693912,0.0,0.2
2024-05-15 11:00:00,97.72379431027653,-21.0,13.3,0.0,0.0,100.0,0.0,97.72379431027653,-2.2762056897234686,0.0,0.2593458742267465,0.0,100.0,-2.2762056897234686,0.0,0.2041882184690912
2024-05-15 12:00:00,90.55500126951573,-20.9,13.8,1.0,0.01638,100.0,0.01638,90.53862126951573,-9.46137873048427,0.0,0.27675481109083755,0.0,90.55500126951573,0.0,0.0,0.2041882184690912
2024-05-15 13:00:00,79.67418877727152,-19.8,17.7,0.0,0.0,100.0,0.0,79.67418877727152,-20.325811222728476,0.0,0.31415430374065795,0.0,79.67418877727152,0.0,0.0,0.2041882184690912
2024-05-15 14:00:00,92.35356754473148,-20.1,12.1,0.0,0.0,100.0,0.0,92.35356754473148,-7.646432455268524,0.0,0.32822373945835204,0.0,100.0,-7.646432455268524,0.0,0.21825765418678528
2024-05-15 15:00:00,94.2464527014064,-20.5,12.0,0.0,0.0,100.0,0.0,94.2464527014064,-5.7535472985936025,0.0,0.33881026648776424,0.0,94.2464527014064,0.0,0.0,0.21825765418678528
2024-05-15 16:00:00,95.79864568646353,-21.8,13.5,0.0,0.0,100.0,0.0,95.79864568646353,-4.20135431353647,0.0,0.34654075842467136,0.0,95.79864568646353,0.0,0.0,0.21825765418678528
2024-05-15 17:00:00,80.0516298880594,-21.6,16.9,0.0,0.0,100.0,0.0,80.0516298880594,-19.948370111940605,0.0,0.3832457594306421,0.0,100.0,-19.948370111940605,0.0,0.254962655192756
2024-05-15 18:00:00,83.56949146069769,-21.3,18.0,0.0,0.0,100.0,0.0,83.56949146069769,-16.43050853930231,0.0,0.41347789514295835,0.0,100.0,-16.43050853930231,0.0,0.28519479090507227
2024-05-15 19:00:00,75.38867956392984,-22.0,17.0,0.0,0.0,100.0,0.0,75.38867956392984,-24.61132043607016,0.0,0.4587627247453274,0.0,100.0,-24.61132043607016,0.0,0.33047962050744134
2024-05-15 20:00:00,77.67310082544827,-22.0,16.2,0.0,0.0,100.0,0.0,77.67310082544827,-22.326899174551727,0.0,0.4998442192265026,0.0,100.0,-22.326899174551727,0.0,0.37156111498861655
2024-05-15 21:00:00,72.10299607150088,-22.1,16.3,0.0,0.0,100.0,0.0,72.10299607150088,-27.897003928499117,0.0,0.5511747064549409,0.0,100.0,-27.897003928499117,0.0,0.4228916022170549
2024-05-15 22:00:00,71.03000801214787,-21.9,16.9,0.0,0.0,100.0,0.0,71.03000801214787,-28.969991987852126,0.0,0.6044794917125889,0.0,100.0,-28.969991987852126,0.0,0.47619638747470283
2024-05-15 23:00:00,68.50911465093759,-22.1,16.9,0.0,0.0,100.0,0.0,68.50911465093759,-31.49088534906241,0.0,0.6624227207548636,0.0,100.0,-31.49088534906241,0.0,0.5341396165169776
2024-05-16 00:00:00,65.11994949637014,-21.9,17.7,0.0,0.0,100.0,0.0,65.11994949637014,-34.88005050362986,0.0,0.7266020136815425,0.0,70.59384000221146,-5.4738905058413305,0.0,0.5442115750477257
2024-05-16 01:00:00,60.68946794485288,-20.7,17.8,0.0,0.0,100.0,0.0,60.68946794485288,-39.31053205514712,0.0,0.7989333926630132,0.0,100.0,-39.31053205514712,0.0,0.6165429540291963
2024-05-16 02:00:00,52.398287620380806,-22.1,13.7,0.0,0.0,100.0,0.0,52.398287620380806,-47.601712379619194,0.0,0.8865205434415125,0.0,100.0,-47.601712379619194,0.0,0.7041301048076957
2024-05-16 03:00:00,68.56558705633572,-22.3,13.8,0.0,0.0,100.0,0.0,68.56558705633572,-31.434412943664285,0.0,0.9443598632578548,0.0,100.0,-31.434412943664285,0.0,0.7619694246240379
2024-05-16 04:00:00,52.56840451752559,-22.1,16.8,0.0,0.0,100.0,0.0,52.56840451752559,-30.23920475116586,0.0,1.0,0.0,100.0,-47.43159548247441,0.0,0.8492435603117908
2024-05-16 05:00:00,57.91122111045339,-20.6,19.6,0.0,0.0,100.0,0.0,57.91122111045339,0.0,0.0,1.0,0.0,57.91122111045339,0.0,0.0,0.8492435603117908
2024-05-16 06:00:00,70.50679291373446,-19.0,22.0,0.0,0.0,100.0,0.0,70.50679291373446,0.0,0.0,1.0,0.0,100.0,-29.493207086265542,0.0,0.9035110613505194
2024-05-16 07:00:00,78.46360652430496,-19.2,21.4,0.0,0.0,100.0,0.0,78.46360652430496,0.0,0.0,1.0,0.0,100.0,-21.536393475695036,0.0,0.9431380253457983
2024-05-16 08:00:00,84.68694509571175,-18.9,22.7,0.0,0.0,100.0,0.0,84.68694509571175,0.0,0.0,1.0,0.0,84.68694509571175,0.0,0.0,0.9431380253457983
2024-05-16 09:00:00,93.02659328996555,-18.6,23.5,0.0,0.0,100.0,0.0,93.02659328996555,0.0,0.0,1.0,0.0,93.02659328996555,0.0,0.0,0.9431380253457983
2024-05-16 10:00:00,82.73221422696979,-18.4,24.1,0.0,0.0,100.0,0.0,82.73221422696979,0.0,0.0,1.0,0.0,100.0,-17.267785773030212,0.0,0.9749107511681738
2024-05-16 11:00:00,97.87149347268918,-18.7,24.1,0.0,0.0,100.0,0.0,97.87149347268918,0.0,0.0,1.0,0.0,100.0,-2.128506527310819,0.0,0.9788272031784258
2024-05-16 12:00:00,88.49304520566693,-20.1,21.6,0.0,0.0,100.0,0.0,88.49304520566693,0.0,0.0,1.0,0.0,100.0,-11.506954794333069,0.0,0.9999999999999986
2024-05-16 13:00:00,93.67947091135426,-17.8,9.2,0.0,0.0,32.69245541838133,0.0,32.69245541838133,60.98701549297293,0.0,0.8674195315370155,0.0,32.69245541838133,60.98701549297293,0.0,0.8674195315370139
2024-05-16 14:00:00,81.54486710516021,-17.9,8.4,0.0,0.0,21.600000000000012,0.0,21.600000000000012,59.9448671051602,0.0,0.7371046030475368,0.0,21.600000000000012,0.0,59.9448671051602,0.8674195315370139
2024-05-16 15:00:00,97.25784251740596,-20.9,10.2,0.0,0.0,51.19999999999999,0.0,51.19999999999999,46.05784251740597,0.0,0.6369788584444803,0.0,51.19999999999999,0.0,46.05784251740597,0.8674195315370139
2024-05-16 16:00:00,97.45748860427577,-24.2,13.9,0.0,0.0,100.0,0.0,97.45748860427577,-2.542511395724233,0.0,0.641657079412613,0.0,100.0,-2.542511395724233,0.0,0.8720977525051465
2024-05-16 17:00:00,98.61060075790651,-24.3,16.9,0.0,0.0,100.0,0.0,98.61060075790651,-1.3893992420934893,0.0,0.644213574018065,0.0,100.0,-1.3893992420934893,0.0,0.8746542471105986
2024-05-16 18:00:00,92.54785226234422,-24.3,16.9,0.0,0.0,100.0,0.0,92.54785226234422,-7.452147737655778,0.0,0.6579255258553517,0.0,100.0,-7.452147737655778,0.0,0.8883661989478853
2024-05-16 19:00:00,86.4302389874959,-23.6,11.3,0.0,0.0,78.43443072702333,0.0,78.43443072702333,7.995808260472572,0.0,0.6405433339847592,0.0,78.43443072702333,0.0,7.995808260472572,0.8883661989478853
2024-05-16 20:00:00,65.68029155884254,-19.4,8.2,0.0,0.0,19.287791495198896,0.0,19.287791495198896,46.392500063643645,0.0,0.5396900729768381,0.0,19.287791495198896,0.0,46.392500063643645,0.8883661989478853
2024-05-16 21:00:00,68.51515439590695,-20.4,8.4,0.0,0.0,21.600000000000012,0.0,21.600000000000012,46.91515439590694,0.0,0.43770060689877954,0.0,21.600000000000012,0.0,46.91515439590694,0.8883661989478853
2024-05-16 22:00:00,65.84916476035329,-21.6,9.2,0.0,0.0,32.69245541838133,0.0,32.69245541838133,33.15670934197196,0.0,0.3656208039814492,0.0,32.69245541838133,0.0,33.15670934197196,0.8883661989478853
2024-05-16 23:00:00,70.90155020853716,-25.1,11.5,0.0,0.0,84.24211248285322,0.0,70.90155020853716,-13.340562274316056,0.0,0.39016743856619074,0.0,84.24211248285322,-13.340562274316056,0.0,0.9129128335326269
2024-05-17 00:00:00,75.99648497716733,-26.6,11.9,0.0,0.0,96.70356652949246,0.0,75.99648497716733,-20.707081552325135,0.0,0.428268468622469,0.0,96.70356652949246,-20.707081552325135,0.0,0.9510138635889052
2024-05-17 01:00:00,57.139879610043074,-20.7,5.2,0.0,0.0,1.4606310013717423,0.0,1.4606310013717423,55.67924860867133,0.0,0.30722662382100957,0.0,1.4606310013717423,0.0,55.67924860867133,0.9510138635889052
2024-05-17 02:00:00,44.76913855805701,-20.1,4.1,0.0,0.0,0.18257887517146756,0.0,0.18257887517146756,44.58655968288554,0.0,0.21029932016256275,0.0,0.18257887517146756,0.0,44.58655968288554,0.9510138635889052
2024-05-17 03:00:00,51.68789404783384,-20.1,3.8,0.0,0.0,0.07023319615912203,0.0,0.07023319615912203,4.737687274778861,46.87997357689585,0.2,0.0,0.07023319615912203,0.0,51.617660851674714,0.9510138635889052
2024-05-17 04:00:00,68.9553811420463,-20.4,3.4,0.0,0.0,0.008779149519890254,0.0,0.008779149519890254,0.0,68.94660199252641,0.2,0.0,0.008779149519890254,0.0,68.94660199252641,0.9510138635889052
2024-05-17 05:00:00,69.30502663493893,-20.9,2.3,0.0,0.0,0.0,0.0,0.0,0.0,69.30502663493893,0.2,0.0,0.0,0.0,69.30502663493893,0.9510138635889052
2024-05-17 06:00:00,55.328002186211506,-21.1,4.9,0.0,0.0,0.9408779149519894,0.0,0.9408779149519894,0.0,54.387124271259516,0.2,0.0,0.9408779149519894,0.0,54.387124271259516,0.9510138635889052
2024-05-17 07:00:00,79.74171576847422,-21.3,4.2,0.0,0.0,0.23703703703703716,0.0,0.23703703703703716,0.0,79.50467873143718,0.2,0.0,0.23703703703703716,0.0,79.50467873143718,0.9510138635889052
2024-05-17 08:00:00,93.66059762627673,-21.6,2.6,0.0,0.0,0.0,0.0,0.0,0.0,93.66059762627673,0.2,0.0,0.0,93.66059762627673,0.0,0.7474038687491732
2024-05-17 09:00:00,96.98836493716011,-21.6,3.1,0.0,0.0,0.00013717421124828565,0.0,0.00013717421124828565,0.0,96.98822776294887,0.2,0.0,0.00013717421124828565,0.0,96.98822776294887,0.7474038687491732
2024-05-17 10:00:00,100.33704539928057,-21.7,4.3,0.0,0.0,0.30137174211248274,0.0,0.30137174211248274,0.0,100.03567365716809,0.2,0.0,0.30137174211248274,0.0,100.03567365716809,0.7474038687491732
2024-05-17 11:00:00,96.29017892458258,-21.5,5.8,0.0,0.0,3.0112482853223597,0.0,3.0112482853223597,0.0,93.27893063926021,0.2,0.0,3.0112482853223597,0.0,93.27893063926021,0.7474038687491732
2024-05-17 12:00:00,99.09844742717327,-22.7,8.9,0.0,0.0,28.17270233196159,0.0,28.17270233196159,0.0,70.92574509521168,0.2,0.0,28.17270233196159,0.0,70.92574509521168,0.7474038687491732
2024-05-17 13:00:00,109.75765012812496,-28.0,12.8,0.0,0.0,100.0,0.0,100.0,-10.242349871875035,20.0,0.21884592376425008,0.0,100.0,0.0,9.757650128124965,0.7474038687491732
2024-05-17 14:00:00,127.26844325804684,-28.2,13.5,0.0,0.0,100.0,0.0,100.0,7.268443258046842,20.0,0.20257725427925508,0.0,100.0,0.0,27.268443258046844,0.7474038687491732
2024-05-17 15:00:00,116.59503504150968,-28.5,14.3,0.0,0.0,100.0,0.0,100.0,-3.404964958490325,20.0,0.20844652354558368,0.0,100.0,0.0,16.595035041509675,0.7474038687491732
2024-05-17 16:00:00,105.83737862944226,-28.1,13.5,0.0,0.0,100.0,0.0,100.0,-14.162621370557744,20.0,0.2332083608508083,0.0,100.0,0.0,5.837378629442256,0.7474038687491732
2024-05-17 17:00:00,108.62175080699348,-27.2,12.7,0.0,0.0,100.0,0.0,100.0,-11.378249193006525,20.0,0.25126542431386595,0.0,100.0,8.621750806993475,0.0,0.7286609322122308
2024-05-17 18:00:00,91.31184547444178,-27.7,13.6,0.0,0.0,100.0,0.0,91.31184547444178,-8.688154525558218,0.0,0.2672516286408931,0.0,100.0,-8.688154525558218,0.0,0.744647136539258
2024-05-17 19:00:00,92.17394951499209,-28.2,13.7,0.0,0.0,100.0,0.0,92.17394951499209,-7.826050485007912,0.0,0.2816515615333076,0.0,100.0,-7.826050485007912,0.0,0.7590470694316725
2024-05-17 20:00:00,87.02912467357419,-28.3,18.1,0.0,0.0,100.0,0.0,87.02912467357419,-12.970875326425812,0.0,0.3055179721339311,0.0,100.0,-12.970875326425812,0.0,0.782913480032296
2024-05-17 21:00:00,89.71970969118065,-25.5,25.0,0.0,0.0,100.0,0.0,89.71970969118065,-10.280290308819346,0.0,0.32443370630215873,0.0,100.0,-10.280290308819346,0.0,0.8018292142005236
2024-05-17 22:00:00,70.07489615680278,-25.2,27.0,0.0,0.0,0.0,0.0,0.0,50.07489615680278,20.0,0.21318288008563005,0.0,0.0,0.0,70.07489615680278,0.8018292142005236
2024-05-17 23:00:00,57.82517389749947,-25.2,28.1,0.0,0.0,0.0,0.0,0.0,6.064124839389819,51.76104905810965,0.2,0.0,0.0,0.0,57.82517389749947,0.8018292142005236
2024-05-18 00:00:00,65.34092442360429,-25.0,28.1,0.0,0.0,0.0,0.0,0.0,0.0,65.34092442360429,0.2,0.0,0.0,0.0,65.34092442360429,0.8018292142005236
2024-05-18 01:00:00,67.27775173702389,-26.0,22.8,0.0,0.0,100.0,0.0,67.27775173702389,-52.72224826297611,20.0,0.2970089368038761,0.0,100.0,-32.72224826297611,0.0,0.8620381510043996
2024-05-18 02:00:00,63.92042273291802,-26.0,22.9,0.0,0.0,100.0,0.0,63.92042273291802,-36.07957726708198,0.0,0.36339535897530695,0.0,100.0,-36.07957726708198,0.0,0.9284245731758305
2024-05-18 03:00:00,70.63269846721386,-25.5,24.8,0.0,0.0,100.0,0.0,70.63269846721386,-29.367301532786144,0.0,0.4174311937956334,0.0,100.0,-29.367301532786144,0.0,0.982460407996157
2024-05-18 04:00:00,70.0844878549294,-24.8,26.3,0.0,0.0,0.0,0.0,0.0,70.0844878549294,0.0,0.2650736115023087,0.0,0.0,0.0,70.0844878549294,0.982460407996157
2024-05-18 05:00:00,67.96461296957575,-24.3,27.8,0.0,0.0,0.0,0.0,0.0,29.933861291061987,38.03075167851377,0.2,0.0,0.0,0.0,67.96461296957575,0.982460407996157
2024-05-18 06:00:00,70.14292266212613,-23.3,28.3,0.0,0.0,0.0,0.0,0.0,0.0,70.14292266212613,0.2,0.0,0.0,0.0,70.14292266212613,0.982460407996157
2024-05-18 07:00:00,91.5951371567368,-23.1,29.0,0.0,0.0,0.0,0.0,0.0,0.0,91.5951371567368,0.2,0.0,0.0,0.0,91.5951371567368,0.982460407996157
2024-05-18 08:00:00,89.90718224836884,-22.7,28.4,0.0,0.0,0.0,0.0,0.0,0.0,89.90718224836884,0.2,0.0,0.0,0.0,89.90718224836884,0.982460407996157
2024-05-18 09:00:00,96.53421381892699,-22.3,27.0,0.0,0.0,0.0,0.0,0.0,0.0,96.53421381892699,0.2,0.0,0.0,0.0,96.53421381892699,0.982460407996157
2024-05-18 10:00:00,102.27713098922965,-22.3,24.7,0.0,0.0,100.0,0.0,100.0,-17.722869010770353,20.0,0.23261007897981745,0.0,100.0,0.0,2.277130989229647,0.982460407996157
2024-05-18 11:00:00,92.18855880551595,-21.8,26.2,0.0,0.0,0.0,0.0,0.0,15.000636330716022,77.18792247479993,0.2,0.0,0.0,0.0,92.18855880551595,0.982460407996157
2024-05-18 12:00:00,92.17489954414512,-22.0,23.5,0.0,0.0,100.0,0.0,92.17489954414512,-27.82510045585488,20.0,0.251198184838773,0.0,100.0,-7.82510045585488,0.0,0.99685859283493
2024-05-18 13:00:00,105.25945835010793,-24.7,17.6,0.0,0.0,100.0,0.0,100.0,5.259458350107934,0.0,0.2397645797298427,0.0,100.0,0.0,5.259458350107934,0.99685859283493
2024-05-18 14:00:00,108.30328302906058,-22.4,26.5,0.0,0.0,0.0,0.0,0.0,18.291706675727635,90.01157635333294,0.2,0.0,0.0,0.0,108.30328302906058,0.99685859283493
2024-05-18 15:00:00,94.5845583244949,-21.1,35.4,0.0,0.0,0.0,0.0,0.0,0.0,94.5845583244949,0.2,0.0,0.0,0.0,94.5845583244949,0.99685859283493
2024-05-18 16:00:00,85.27520379080742,-20.9,37.0,0.0,0.0,0.0,0.0,0.0,0.0,85.27520379080742,0.2,0.0,0.0,85.27520379080742,0.0,0.8114777150288268
2024-05-18 17:00:00,78.2311392237165,-20.5,37.9,0.0,0.0,0.0,0.0,0.0,0.0,78.2311392237165,0.2,0.0,0.0,0.0,78.2311392237165,0.8114777150288268
2024-05-18 18:00:00,83.22284873761558,-20.6,38.4,0.0,0.0,0.0,0.0,0.0,0.0,83.22284873761558,0.2,0.0,0.0,0.0,83.22284873761558,0.8114777150288268
2024-05-18 19:00:00,77.53812926734612,-20.3,41.3,0.0,0.0,0.0,0.0,0.0,0.0,77.53812926734612,0.2,0.0,0.0,29.223009660574053,48.31511960677207,0.7479494331580137
2024-05-18 20:00:00,68.84093644393415,-19.7,43.6,0.0,0.0,0.0,0.0,0.0,0.0,68.84093644393415,0.2,0.0,0.0,0.0,68.84093644393415,0.7479494331580137
2024-05-18 21:00:00,64.86271769753965,-19.6,44.2,0.0,0.0,0.0,0.0,0.0,0.0,64.86271769753965,0.2,0.0,0.0,0.0,64.86271769753965,0.7479494331580137
2024-05-18 22:00:00,64.56743466399585,-19.4,45.7,0.0,0.0,0.0,0.0,0.0,0.0,64.56743466399585,0.2,0.0,0.0,0.0,64.56743466399585,0.7479494331580137
2024-05-18 23:00:00,65.40273126844673,-19.4,45.3,0.0,0.0,0.0,0.0,0.0,0.0,65.40273126844673,0.2,0.0,0.0,0.0,65.40273126844673,0.7479494331580137
2024-05-19 00:00:00,54.19927707928005,-19.2,45.5,0.0,0.0,0.0,0.0,0.0,0.0,54.19927707928005,0.2,0.0,0.0,0.0,54.19927707928005,0.7479494331580137
2024-05-19 01:00:00,54.39451418107716,-19.2,44.0,0.0,0.0,0.0,0.0,0.0,0.0,54.39451418107716,0.2,0.0,0.0,54.39451418107716,0.0,0.6297004892861068
2024-05-19 02:00:00,53.84135202002662,-18.7,46.7,0.0,0.0,0.0,0.0,0.0,0.0,53.84135202002662,0.2,0.0,0.0,0.0,53.84135202002662,0.6297004892861068
2024-05-19 03:00:00,44.86942854901375,-18.5,47.8,0.0,0.0,0.0,0.0,0.0,0.0,44.86942854901375,0.2,0.0,0.0,0.0,44.86942854901375,0.6297004892861068
2024-05-19 04:00:00,52.246839427183474,-18.2,47.8,0.0,0.0,0.0,0.0,0.0,0.0,52.246839427183474,0.2,0.0,0.0,52.246839427183474,0.0,0.5161204035748383
2024-05-19 05:00:00,55.81002198456167,-18.0,45.8,0.0,0.0,0.0,0.0,0.0,0.0,55.81002198456167,0.2,0.0,0.0,0.0,55.81002198456167,0.5161204035748383
2024-05-19 06:00:00,57.24352382478241,-17.9,46.1,0.0,0.0,0.0,0.0,0.0,0.0,57.24352382478241,0.2,0.0,0.0,0.0,57.24352382478241,0.5161204035748383
2024-05-19 07:00:00,72.39249397382811,-17.8,46.8,0.0,0.0,0.0,0.0,0.0,0.0,72.39249397382811,0.2,0.0,0.0,0.0,72.39249397382811,0.5161204035748383
2024-05-19 08:00:00,79.65772339302215,-17.8,46.7,0.0,0.0,0.0,0.0,0.0,0.0,79.65772339302215,0.2,0.0,0.0,0.0,79.65772339302215,0.5161204035748383
2024-05-19 09:00:00,89.40042124798029,-17.5,48.8,0.0,0.0,0.0,0.0,0.0,0.0,89.40042124798029,0.2,0.0,0.0,0.0,89.40042124798029,0.5161204035748383
2024-05-19 10:00:00,84.34056762669643,-17.4,49.9,0.0,0.0,0.0,0.0,0.0,0.0,84.34056762669643,0.2,0.0,0.0,0.0,84.34056762669643,0.5161204035748383
2024-05-19 11:00:00,85.84985192630613,-17.2,50.4,0.0,0.0,0.0,0.0,0.0,0.0,85.84985192630613,0.2,0.0,0.0,0.0,85.84985192630613,0.5161204035748383
2024-05-19 12:00:00,87.75867031827906,-16.8,51.5,0.0,0.0,0.0,0.0,0.0,0.0,87.75867031827906,0.2,0.0,0.0,0.0,87.75867031827906,0.5161204035748383
2024-05-19 13:00:00,93.71249915956143,-16.3,51.7,0.0,0.0,0.0,0.0,0.0,0.0,93.71249915956143,0.2,0.0,0.0,0.0,93.71249915956143,0.5161204035748383
2024-05-19 14:00:00,92.65064634485805,-16.0,50.4,0.0,0.0,0.0,0.0,0.0,0.0,92.65064634485805,0.2,0.0,0.0,92.65064634485805,0.0,0.31470595499906
2024-05-19 15:00:00,76.0646424717488,-15.8,49.0,0.0,0.0,0.0,0.0,0.0,0.0,76.0646424717488,0.2,0.0,0.0,0.0,76.0646424717488,0.31470595499906
2024-05-19 16:00:00,80.21776341021814,-15.7,47.5,0.0,0.0,0.0,0.0,0.0,0.0,80.21776341021814,0.2,0.0,0.0,0.0,80.21776341021814,0.31470595499906
2024-05-19 17:00:00,71.83426712519443,-15.7,45.1,0.0,0.0,0.0,0.0,0.0,0.0,71.83426712519443,0.2,0.0,0.0,0.0,71.83426712519443,0.31470595499906
2024-05-19 18:00:00,71.7195029656496,-15.6,42.0,0.0,0.0,0.0,0.0,0.0,0.0,71.7195029656496,0.2,0.0,0.0,0.0,71.7195029656496,0.31470595499906
2024-05-19 19:00:00,62.06391647111538,-15.3,41.4,0.0,0.0,0.0,0.0,0.0,0.0,62.06391647111538,0.2,0.0,0.0,0.0,62.06391647111538,0.31470595499906
2024-05-19 20:00:00,53.6951327907385,-15.3,41.4,0.0,0.0,0.0,0.0,0.0,0.0,53.6951327907385,0.2,0.0,0.0,0.0,53.6951327907385,0.31470595499906
2024-05-19 21:00:00,56.47741380650084,-15.1,41.6,0.0,0.0,0.0,0.0,0.0,0.0,56.47741380650084,0.2,0.0,0.0,0.0,56.47741380650084,0.31470595499906
2024-05-19 22:00:00,57.988013483050075,-15.0,39.2,0.0,0.0,0.0,0.0,0.0,0.0,57.988013483050075,0.2,0.0,0.0,0.0,57.988013483050075,0.31470595499906
2024-05-19 23:00:00,52.01499877736905,-14.9,35.4,0.0,0.0,0.0,0.0,0.0,0.0,52.01499877736905,0.2,0.0,0.0,0.0,52.01499877736905,0.31470595499906
2024-05-20 00:00:00,52.764739299571765,-15.0,31.8,0.0,0.0,0.0,0.0,0.0,0.0,52.764739299571765,0.2,0.0,0.0,52.764739299571765,0.0,0.2
2024-05-20 01:00:00,46.419251614896886,-13.9,31.0,0.0,0.0,0.0,0.0,0.0,0.0,46.419251614896886,0.2,0.0,0.0,0.0,46.419251614896886,0.2
2024-05-20 02:00:00,44.62263737422855,-14.4,27.9,0.0,0.0,0.0,0.0,0.0,0.0,44.62263737422855,0.2,0.0,0.0,0.0,44.62263737422855,0.2
2024-05-20 03:00:00,45.84755879543351,-14.8,26.6,0.0,0.0,0.0,0.0,0.0,0.0,45.84755879543351,0.2,0.0,0.0,0.0,45.84755879543351,0.2
2024-05-20 04:00:00,46.07659285522691,-15.2,25.0,0.0,0.0,100.0,0.0,46.07659285522691,-73.92340714477308,20.0,0.33601906914638247,0.0,100.0,-53.92340714477309,0.0,0.2992190691463825
2024-05-20 05:00:00,52.03945280709808,-15.5,23.7,0.0,0.0,100.0,0.0,52.03945280709808,-47.96054719290192,0.0,0.424266475981322,0.0,100.0,-47.96054719290192,0.0,0.38746647598132206
2024-05-20 06:00:00,67.11629187434846,-15.2,24.5,0.0,0.0,100.0,0.0,67.11629187434846,-32.88370812565154,0.0,0.48477249893252083,0.0,100.0,-32.88370812565154,0.0,0.4479724989325209
2024-05-20 07:00:00,66.4101551450057,-15.2,23.5,0.0,0.0,100.0,0.0,66.4101551450057,-33.5898448549943,0.0,0.5465778134657103,0.0,100.0,-33.5898448549943,0.0,0.5097778134657104
2024-05-20 08:00:00,73.71281748226959,-15.4,22.5,0.0,0.0,100.0,0.0,73.71281748226959,-26.287182517730415,0.0,0.5949462292983343,0.0,100.0,-26.287182517730415,0.0,0.5581462292983344
2024-05-20 09:00:00,83.014422536132,-16.0,20.1,0.0,0.0,100.0,0.0,83.014422536132,-16.985577463867997,0.0,0.6261996918318514,0.0,100.0,-16.985577463867997,0.0,0.5893996918318515
2024-05-20 10:00:00,86.3104574084189,-16.4,19.7,0.0,0.0,100.0,0.0,86.3104574084189,-13.689542591581102,0.0,0.6513884502003606,0.0,100.0,-13.689542591581102,0.0,0.6145884502003607
2024-05-20 11:00:00,79.22322018139599,-15.6,23.0,0.0,0.0,100.0,0.0,79.22322018139599,-20.776779818604012,0.0,0.689617725066592,0.0,100.0,-20.776779818604012,0.0,0.6528177250665921
2024-05-20 12:00:00,77.43089262182716,-15.1,25.0,0.0,0.0,100.0,0.0,77.43089262182716,-22.569107378172845,0.0,0.73114488264243,0.0,100.0,-22.569107378172845,0.0,0.6943448826424301
2024-05-20 13:00:00,77.49642399020425,-15.1,24.9,0.0,0.0,100.0,0.0,77.49642399020425,-22.50357600979575,0.0,0.7725514625004543,0.0,100.0,-22.50357600979575,0.0,0.7357514625004543
2024-05-20 14:00:00,81.49742535261392,-14.6,24.9,0.0,0.0,100.0,0.0,81.49742535261392,-18.502574647386083,0.0,0.8065961998516447,0.0,100.0,-18.502574647386083,0.0,0.7697961998516447
2024-05-20 15:00:00,73.32242646736857,-14.1,26.5,0.0,0.0,0.0,0.0,0.0,73.32242646736857,0.0,0.6471996205747564,0.0,0.0,0.0,73.32242646736857,0.7697961998516447
2024-05-20 16:00:00,74.30255902267159,-14.1,26.8,0.0,0.0,0.0,0.0,0.0,74.30255902267159,0.0,0.48567231835155733,0.0,0.0,0.0,74.30255902267159,0.7697961998516447
2024-05-20 17:00:00,73.67097472088014,-14.3,25.3,0.0,0.0,0.0,0.0,0.0,73.67097472088014,0.0,0.3255180254800788,0.0,0.0,0.0,73.67097472088014,0.7697961998516447
2024-05-20 18:00:00,65.44042570044542,-14.0,25.4,0.0,0.0,0.0,0.0,0.0,45.44042570044542,20.0,0.22262807347751914,0.0,0.0,0.0,65.44042570044542,0.7697961998516447
2024-05-20 19:00:00,52.50810781555342,-13.8,26.6,0.0,0.0,0.0,0.0,0.0,10.408913799658801,42.099194015894625,0.2,0.0,0.0,0.0,52.50810781555342,0.7697961998516447
2024-05-20 20:00:00,60.53935772027736,-13.1,30.9,0.0,0.0,0.0,0.0,0.0,0.0,60.53935772027736,0.2,0.0,0.0,0.0,60.53935772027736,0.7697961998516447
2024-05-20 21:00:00,54.40091921379881,-12.9,33.8,0.0,0.0,0.0,0.0,0.0,0.0,54.40091921379881,0.2,0.0,0.0,0.0,54.40091921379881,0.7697961998516447
2024-05-20 22:00:00,45.0963427499327,-12.7,33.6,0.0,0.0,0.0,0.0,0.0,0.0,45.0963427499327,0.2,0.0,0.0,0.0,45.0963427499327,0.7697961998516447
2024-05-20 23:00:00,49.89135121161637,-12.3,31.3,0.0,0.0,0.0,0.0,0.0,0.0,49.89135121161637,0.2,0.0,0.0,0.0,49.89135121161637,0.7697961998516447
2024-05-21 00:00:00,37.98287399642076,-11.7,30.9,0.0,0.0,0.0,0.0,0.0,0.0,37.98287399642076,0.2,0.0,0.0,26.598000583325714,11.384873413095043,0.7119744594531106
2024-05-21 01:00:00,47.47703807662234,-12.0,35.1,0.0,0.0,0.0,0.0,0.0,0.0,47.47703807662234,0.2,0.0,0.0,0.0,47.47703807662234,0.7119744594531106
2024-05-21 02:00:00,38.26316690176393,-11.7,36.6,0.0,0.0,0.0,0.0,0.0,0.0,38.26316690176393,0.2,0.0,0.0,0.0,38.26316690176393,0.7119744594531106
2024-05-21 03:00:00,26.605674623113345,-11.3,38.4,0.0,0.0,0.0,0.0,0.0,0.0,26.605674623113345,0.2,0.0,0.0,0.0,26.605674623113345,0.7119744594531106
2024-05-21 04:00:00,41.51664793631619,-11.0,40.2,0.0,0.0,0.0,0.0,0.0,0.0,41.51664793631619,0.2,0.0,0.0,0.0,41.51664793631619,0.7119744594531106
2024-05-21 05:00:00,41.36903815954532,-10.8,41.6,0.0,0.0,0.0,0.0,0.0,0.0,41.36903815954532,0.2,0.0,0.0,0.0,41.36903815954532,0.7119744594531106
2024-05-21 06:00:00,46.01575354088432,-10.4,43.5,0.0,0.0,0.0,0.0,0.0,0.0,46.01575354088432,0.2,0.0,0.0,0.0,46.01575354088432,0.7119744594531106
2024-05-21 07:00:00,50.31137119271891,-10.0,45.5,0.0,0.0,0.0,0.0,0.0,0.0,50.31137119271891,0.2,0.0,0.0,50.31137119271891,0.0,0.6026019133819824
2024-05-21 08:00:00,59.363921045700636,-9.8,46.4,0.0,0.0,0.0,0.0,0.0,0.0,59.363921045700636,0.2,0.0,0.0,0.0,59.363921045700636,0.6026019133819824
2024-05-21 09:00:00,63.57405659416429,-9.6,47.2,0.0,0.0,0.0,0.0,0.0,0.0,63.57405659416429,0.2,0.0,0.0,0.0,63.57405659416429,0.6026019133819824
2024-05-21 10:00:00,59.71654878405808,-9.5,47.0,0.0,0.0,0.0,0.0,0.0,0.0,59.71654878405808,0.2,0.0,0.0,0.0,59.71654878405808,0.6026019133819824
2024-05-21 11:00:00,72.36033943338603,-9.4,48.3,0.0,0.0,0.0,0.0,0.0,0.0,72.36033943338603,0.2,0.0,0.0,0.0,72.36033943338603,0.6026019133819824
2024-05-21 12:00:00,61.778211720190974,-9.3,49.3,0.0,0.0,0.0,0.0,0.0,0.0,61.778211720190974,0.2,0.0,0.0,0.0,61.778211720190974,0.6026019133819824
2024-05-21 13:00:00,62.34032492060869,-10.0,49.5,0.0,0.0,0.0,0.0,0.0,0.0,62.34032492060869,0.2,0.0,0.0,0.0,62.34032492060869,0.6026019133819824
2024-05-21 14:00:00,63.35788158727335,-10.0,48.8,0.0,0.0,0.0,0.0,0.0,0.0,63.35788158727335,0.2,0.0,0.0,63.35788158727335,0.0,0.4648673881922578
2024-05-21 15:00:00,69.8536603372646,-10.0,47.7,0.0,0.0,0.0,0.0,0.0,0.0,69.8536603372646,0.2,0.0,0.0,0.0,69.8536603372646,0.4648673881922578
2024-05-21 16:00:00,56.77034015451738,-10.1,47.2,0.0,0.0,0.0,0.0,0.0,0.0,56.77034015451738,0.2,0.0,0.0,0.0,56.77034015451738,0.4648673881922578
2024-05-21 17:00:00,60.66993650928983,-10.0,46.2,0.0,0.0,0.0,0.0,0.0,0.0,60.66993650928983,0.2,0.0,0.0,0.0,60.66993650928983,0.4648673881922578
2024-05-21 18:00:00,54.08175499063209,-10.0,45.3,0.0,0.0,0.0,0.0,0.0,0.0,54.08175499063209,0.2,0.0,0.0,0.0,54.08175499063209,0.4648673881922578
2024-05-21 19:00:00,51.37290169718834,-9.9,44.3,0.0,0.0,0.0,0.0,0.0,0.0,51.37290169718834,0.2,0.0,0.0,0.0,51.37290169718834,0.4648673881922578
2024-05-21 20:00:00,45.4822023451205,-10.0,42.6,0.0,0.0,0.0,0.0,0.0,0.0,45.4822023451205,0.2,0.0,0.0,0.0,45.4822023451205,0.4648673881922578
2024-05-21 21:00:00,44.8984028373917,-10.0,41.6,0.0,0.0,0.0,0.0,0.0,0.0,44.8984028373917,0.2,0.0,0.0,0.0,44.8984028373917,0.4648673881922578
2024-05-21 22:00:00,45.04406195753429,-10.0,40.4,0.0,0.0,0.0,0.0,0.0,0.0,45.04406195753429,0.2,0.0,0.0,0.0,45.04406195753429,0.4648673881922578
2024-05-21 23:00:00,43.17656113174497,-10.0,39.1,0.0,0.0,0.0,0.0,0.0,0.0,43.17656113174497,0.2,0.0,0.0,0.0,43.17656113174497,0.4648673881922578
2024-05-22 00:00:00,38.07203759358511,-10.0,37.7,0.0,0.0,0.0,0.0,0.0,0.0,38.07203759358511,0.2,0.0,0.0,0.0,38.07203759358511,0.4648673881922578
2024-05-22 01:00:00,38.54532798781293,-10.0,36.8,0.0,0.0,0.0,0.0,0.0,0.0,38.54532798781293,0.2,0.0,0.0,0.0,38.54532798781293,0.4648673881922578
2024-05-22 02:00:00,40.442272154852105,-10.0,35.5,0.0,0.0,0.0,0.0,0.0,0.0,40.442272154852105,0.2,0.0,0.0,0.0,40.442272154852105,0.4648673881922578
2024-05-22 03:00:00,27.836857215254636,-10.1,34.5,0.0,0.0,0.0,0.0,0.0,0.0,27.836857215254636,0.2,0.0,0.0,0.0,27.836857215254636,0.4648673881922578
2024-05-22 04:00:00,39.1311551320407,-10.1,32.5,0.0,0.0,0.0,0.0,0.0,0.0,39.1311551320407,0.2,0.0,0.0,0.0,39.1311551320407,0.4648673881922578
2024-05-22 05:00:00,37.59608027298913,-10.2,31.0,0.0,0.0,0.0,0.0,0.0,0.0,37.59608027298913,0.2,0.0,0.0,37.59608027298913,0.0,0.383136778903151
2024-05-22 06:00:00,43.53657913941735,-10.4,29.9,0.0,0.0,0.0,0.0,0.0,0.0,43.53657913941735,0.2,0.0,0.0,43.53657913941735,0.0,0.2884920416435481
2024-05-22 07:00:00,56.430057564990506,-10.5,28.1,0.0,0.0,0.0,0.0,0.0,0.0,56.430057564990506,0.2,0.0,0.0,0.0,56.430057564990506,0.2884920416435481
2024-05-22 08:00:00,58.7737426566622,-10.6,26.3,0.0,0.0,0.0,0.0,0.0,0.0,58.7737426566622,0.2,0.0,0.0,0.0,58.7737426566622,0.2884920416435481
2024-05-22 09:00:00,61.84098436882451,-10.7,24.3,0.0,0.0,100.0,0.0,61.84098436882451,-58.15901563117549,20.0,0.30701258876136295,0.0,100.0,-38.15901563117549,0.0,0.35870463040491096
2024-05-22 10:00:00,78.20891596034993,-10.9,21.4,0.0,0.0,100.0,0.0,78.20891596034993,-21.791084039650073,0.0,0.3471081833943191,0.0,100.0,-21.791084039650073,0.0,0.3988002250378671
2024-05-22 11:00:00,74.17544757165915,-11.3,19.2,0.0,0.0,100.0,0.0,74.17544757165915,-25.82455242834085,0.0,0.3946253598624663,0.0,100.0,-25.82455242834085,0.0,0.4463174015060143
2024-05-22 12:00:00,57.538470218204154,-11.6,17.7,0.0,0.0,100.0,0.0,57.538470218204154,-42.461529781795846,0.0,0.47275457466097065,0.0,100.0,-42.461529781795846,0.0,0.5244466163045186
2024-05-22 13:00:00,61.37785935998966,-11.0,16.6,0.0,0.0,100.0,0.0,61.37785935998966,-38.62214064001034,0.0,0.5438193134385897,0.0,100.0,-38.62214064001034,0.0,0.5955113550821376
2024-05-22 14:00:00,77.4297853565934,-11.9,15.5,0.0,0.0,100.0,0.0,77.4297853565934,-22.5702146434066,0.0,0.5853485083824579,0.0,100.0,-22.5702146434066,0.0,0.6370405500260058
2024-05-22 15:00:00,74.75063083481267,-13.7,13.5,0.0,0.0,100.0,0.0,74.75063083481267,-25.249369165187332,0.0,0.6318073476464026,0.0,100.0,-25.249369165187332,0.0,0.6834993892899505
2024-05-22 16:00:00,81.2653732217748,-14.1,9.7,0.0,0.0,41.25692729766802,0.0,41.25692729766802,40.00844592410677,0.0,0.5448324652026921,0.0,41.25692729766802,0.0,40.00844592410677,0.6834993892899505
2024-05-22 17:00:00,66.58168199270506,-11.4,5.3,0.0,0.0,1.668998628257887,0.0,1.668998628257887,64.91268336444718,0.0,0.4037179361495461,0.0,1.668998628257887,0.0,64.91268336444718,0.6834993892899505
2024-05-22 18:00:00,61.58482761926999,-11.3,2.4,0.0,0.0,0.0,0.0,0.0,61.58482761926999,0.0,0.2698378761076548,0.0,0.0,0.0,61.58482761926999,0.6834993892899505
2024-05-22 19:00:00,52.265686540872814,-11.5,3.2,0.0,0.0,0.0010973936899862852,0.0,0.0010973936899862852,32.12542300952121,20.13916613766162,0.2,0.0,0.0010973936899862852,0.0,52.264589147182825,0.6834993892899505
2024-05-22 20:00:00,56.85720147432236,-11.6,3.7,0.0,0.0,0.0470507544581619,0.0,0.0470507544581619,0.0,56.8101507198642,0.2,0.0,0.0470507544581619,0.0,56.8101507198642,0.6834993892899505
2024-05-22 21:00:00,45.02118022624767,-11.7,3.0,0.0,0.0,0.0,0.0,0.0,0.0,45.02118022624767,0.2,0.0,0.0,0.0,45.02118022624767,0.6834993892899505
2024-05-22 22:00:00,55.08872266705035,-11.9,4.3,0.0,0.0,0.30137174211248274,0.0,0.30137174211248274,0.0,54.78735092493787,0.2,0.0,0.30137174211248274,0.0,54.78735092493787,0.6834993892899505
2024-05-22 23:00:00,47.435692945091205,-11.9,5.6,0.0,0.0,2.410973936899862,0.0,2.410973936899862,0.0,45.02471900819134,0.2,0.0,2.410973936899862,0.0,45.02471900819134,0.6834993892899505
2024-05-23 00:00:00,42.07584711621203,-12.4,6.9,0.0,0.0,8.137037037037038,0.0,8.137037037037038,0.0,33.93881007917499,0.2,0.0,8.137037037037038,33.93881007917499,0.0,0.6097193673787005
2024-05-23 01:00:00,54.72338714066158,-17.2,9.1,0.0,0.0,31.135939643347037,0.0,31.135939643347037,0.0,23.587447497314542,0.2,0.0,31.135939643347037,0.0,23.587447497314542,0.6097193673787005
2024-05-23 02:00:00,59.80762444568168,-18.4,10.0,0.0,0.0,47.05075445816187,0.0,47.05075445816187,-7.2431300124801865,20.0,0.21332735922296356,0.0,47.05075445816187,0.0,12.756869987519813,0.6097193673787005
2024-05-23 03:00:00,45.711914500952744,-17.2,8.8,0.0,0.0,26.76433470507545,0.0,26.76433470507545,-1.0524202041227033,20.0,0.21321673002190214,0.0,26.76433470507545,18.947579795877296,0.0,0.5685289765180976
2024-05-23 04:00:00,49.87706594845646,-15.0,7.3,0.0,0.0,10.906310013717418,0.0,10.906310013717418,6.07969581007498,32.891060124664065,0.2,0.0,10.906310013717418,0.0,38.970755934739046,0.5685289765180976
2024-05-23 05:00:00,46.665853401544986,-13.9,4.6,0.0,0.0,0.5618655692729763,0.0,0.5618655692729763,0.0,46.10398783227201,0.2,0.0,0.5618655692729763,0.0,46.10398783227201,0.5685289765180976
2024-05-23 06:00:00,56.82676108809173,-14.2,3.0,0.0,0.0,0.0,0.0,0.0,0.0,56.82676108809173,0.2,0.0,0.0,0.0,56.82676108809173,0.5685289765180976
2024-05-23 07:00:00,56.36382719984276,-14.4,2.3,0.0,0.0,0.0,0.0,0.0,0.0,56.36382719984276,0.2,0.0,0.0,0.0,56.36382719984276,0.5685289765180976
2024-05-23 08:00:00,71.24735243247068,-14.5,3.1,0.0,0.0,0.00013717421124828565,0.0,0.00013717421124828565,0.0,71.24721525825943,0.2,0.0,0.00013717421124828565,0.0,71.24721525825943,0.5685289765180976
2024-05-23 09:00:00,85.74288664915306,-17.1,8.1,0.0,0.0,18.196296296296293,0.0,18.196296296296293,0.0,67.54659035285677,0.2,0.0,18.196296296296293,0.0,67.54659035285677,0.5685289765180976
2024-05-23 10:00:00,106.16998888422374,-19.8,10.8,0.0,0.0,65.0962962962963,0.0,65.0962962962963,0.0,41.07369258792744,0.2,0.0,65.0962962962963,0.0,41.07369258792744,0.5685289765180976
2024-05-23 11:00:00,83.69998443648326,-19.7,9.5,0.0,0.0,37.67146776406036,0.0,37.67146776406036,0.0,46.0285166724229,0.2,0.0,37.67146776406036,0.0,46.0285166724229,0.5685289765180976
2024-05-23 12:00:00,93.88308270446112,-22.3,11.9,0.0,0.0,96.70356652949246,0.0,93.88308270446112,-22.820483825031346,20.0,0.2419896902380577,0.0,96.70356652949246,-2.8204838250313458,0.0,0.5737186667561553
2024-05-23 13:00:00,104.34058608915518,-21.6,11.2,0.0,0.0,75.63347050754456,0.0,75.63347050754456,8.707115581610623,20.0,0.21951898114732848,0.0,75.63347050754456,0.0,28.707115581610623,0.5737186667561553
2024-05-23 14:00:00,98.55364252100621,-20.7,9.7,0.0,0.0,41.25692729766802,0.0,41.25692729766802,8.978731327771099,48.31798389556709,0.2,0.0,41.25692729766802,0.0,57.29671522333819,0.5737186667561553
2024-05-23 15:00:00,98.96829233507502,-22.3,11.0,0.0,0.0,70.23319615912207,0.0,70.23319615912207,0.0,28.735096175952947,0.2,0.0,70.23319615912207,0.0,28.735096175952947,0.5737186667561553
2024-05-23 16:00:00,92.69620487558913,-22.9,11.9,0.0,0.0,96.70356652949246,0.0,92.69620487558913,-24.00736165390333,20.0,0.24417354544318215,0.0,96.70356652949246,-4.007361653903331,0.0,0.5810922121993375
2024-05-23 17:00:00,88.08697309868622,-23.1,14.6,0.0,0.0,100.0,0.0,88.08697309868622,-11.913026901313785,0.0,0.2660935149415995,0.0,100.0,-11.913026901313785,0.0,0.6030121816977548
2024-05-23 18:00:00,78.03323117083423,-22.7,16.4,0.0,0.0,100.0,0.0,78.03323117083423,-21.966768829165773,0.0,0.3065123695872645,0.0,100.0,-21.966768829165773,0.0,0.6434310363434198
2024-05-23 19:00:00,80.55392376177923,-23.2,16.1,0.0,0.0,100.0,0.0,80.55392376177923,-19.44607623822077,0.0,0.34229314986559073,0.0,100.0,-19.44607623822077,0.0,0.679211816621746
2024-05-23 20:00:00,73.04072472443939,-22.7,18.3,0.0,0.0,100.0,0.0,73.04072472443939,-26.959275275560614,0.0,0.39189821637262223,0.0,100.0,-26.959275275560614,0.0,0.7288168831287776
2024-05-23 21:00:00,72.19019416828537,-21.8,20.5,0.0,0.0,100.0,0.0,72.19019416828537,-27.809805831714627,0.0,0.44306825910297715,0.0,100.0,-27.809805831714627,0.0,0.7799869258591325
2024-05-23 22:00:00,62.061658987881344,-21.2,22.1,0.0,0.0,100.0,0.0,62.061658987881344,-37.938341012118656,0.0,0.5128748065652755,0.0,100.0,-37.938341012118656,0.0,0.8497934733214308
2024-05-23 23:00:00,58.67704507475746,-20.9,22.9,0.0,0.0,100.0,0.0,58.67704507475746,-41.32295492524254,0.0,0.5889090436277218,0.0,100.0,-41.32295492524254,0.0,0.9258277103838771
2024-05-24 00:00:00,59.688973034711694,-21.4,21.6,0.0,0.0,100.0,0.0,59.688973034711694,-40.311026965288306,0.0,0.6630813332438523,0.0,100.0,-40.311026965288306,0.0,1.0
2024-05-24 01:00:00,55.33417408854814,-20.2,25.4,0.0,0.0,0.0,0.0,0.0,55.33417408854814,0.0,0.5427896504426607,0.0,0.0,55.33417408854814,0.0,0.8797083171988084
2024-05-24 02:00:00,49.25738871797579,-20.6,25.3,0.0,0.0,0.0,0.0,0.0,49.25738871797579,0.0,0.4357083706209742,0.0,0.0,0.0,49.25738871797579,0.8797083171988084
2024-05-24 03:00:00,45.69106955031434,-20.0,30.9,0.0,0.0,0.0,0.0,0.0,45.69106955031434,0.0,0.3363799585550734,0.0,0.0,0.0,45.69106955031434,0.8797083171988084
2024-05-24 04:00:00,56.003832219739195,-20.2,30.5,0.0,0.0,0.0,0.0,0.0,56.003832219739195,0.0,0.2146324972078143,0.0,0.0,42.69403030736486,13.309801912374333,0.7868952078349717
2024-05-24 05:00:00,64.83741608132304,-20.0,30.6,0.0,0.0,0.0,0.0,0.0,6.730948715594573,58.10646736572847,0.2,0.0,0.0,0.0,64.83741608132304,0.7868952078349717
2024-05-24 06:00:00,68.64233097895388,-20.0,28.7,0.0,0.0,0.0,0.0,0.0,0.0,68.64233097895388,0.2,0.0,0.0,0.0,68.64233097895388,0.7868952078349717
2024-05-24 07:00:00,73.45089780880689,-20.0,31.2,0.0,0.0,0.0,0.0,0.0,0.0,73.45089780880689,0.2,0.0,0.0,0.0,73.45089780880689,0.7868952078349717
2024-05-24 08:00:00,83.88426797453188,-19.8,34.2,0.0,0.0,0.0,0.0,0.0,0.0,83.88426797453188,0.2,0.0,0.0,0.0,83.88426797453188,0.7868952078349717
2024-05-24 09:00:00,81.87183614821731,-19.5,33.5,0.0,0.0,0.0,0.0,0.0,0.0,81.87183614821731,0.2,0.0,0.0,0.0,81.87183614821731,0.7868952078349717
2024-05-24 10:00:00,95.04048625230567,-19.3,33.7,0.0,0.0,0.0,0.0,0.0,0.0,95.04048625230567,0.2,0.0,0.0,0.0,95.04048625230567,0.7868952078349717
2024-05-24 11:00:00,88.74822815454765,-19.0,38.3,0.0,0.0,0.0,0.0,0.0,0.0,88.74822815454765,0.2,0.0,0.0,0.0,88.74822815454765,0.7868952078349717
2024-05-24 12:00:00,80.64519820996745,-18.5,41.6,0.0,0.0,0.0,0.0,0.0,0.0,80.64519820996745,0.2,0.0,0.0,0.0,80.64519820996745,0.7868952078349717
2024-05-24 13:00:00,85.06450823834017,-18.3,43.0,0.0,0.0,0.0,0.0,0.0,0.0,85.06450823834017,0.2,0.0,0.0,0.0,85.06450823834017,0.7868952078349717
2024-05-24 14:00:00,90.23632749230175,-18.1,44.8,0.0,0.0,0.0,0.0,0.0,0.0,90.23632749230175,0.2,0.0,0.0,0.0,90.23632749230175,0.7868952078349717
2024-05-24 15:00:00,92.13729138003247,-17.7,45.9,0.0,0.0,0.0,0.0,0.0,0.0,92.13729138003247,0.2,0.0,0.0,0.0,92.13729138003247,0.7868952078349717
2024-05-24 16:00:00,87.62280208390047,-17.3,46.6,0.0,0.0,0.0,0.0,0.0,0.0,87.62280208390047,0.2,0.0,0.0,0.0,87.62280208390047,0.7868952078349717
2024-05-24 17:00:00,72.60937419221095,-16.9,47.1,0.0,0.0,0.0,0.0,0.0,0.0,72.60937419221095,0.2,0.0,0.0,0.0,72.60937419221095,0.7868952078349717
2024-05-24 18:00:00,70.08461313378302,-16.6,46.9,0.0,0.0,0.0,0.0,0.0,0.0,70.08461313378302,0.2,0.0,0.0,0.0,70.08461313378302,0.7868952078349717
2024-05-24 19:00:00,65.26205021355712,-16.1,46.4,0.0,0.0,0.0,0.0,0.0,0.0,65.26205021355712,0.2,0.0,0.0,0.0,65.26205021355712,0.7868952078349717
2024-05-24 20:00:00,66.73522757775062,-15.5,45.7,0.0,0.0,0.0,0.0,0.0,0.0,66.73522757775062,0.2,0.0,0.0,0.0,66.73522757775062,0.7868952078349717
2024-05-24 21:00:00,58.927532763158084,-15.1,44.9,0.0,0.0,0.0,0.0,0.0,0.0,58.927532763158084,0.2,0.0,0.0,58.927532763158084,0.0,0.6587918757411497
2024-05-24 22:00:00,54.463949313205205,-14.8,43.9,0.0,0.0,0.0,0.0,0.0,0.0,54.463949313205205,0.2,0.0,0.0,0.0,54.463949313205205,0.6587918757411497
2024-05-24 23:00:00,53.081313067105945,-14.8,43.0,0.0,0.0,0.0,0.0,0.0,0.0,53.081313067105945,0.2,0.0,0.0,0.0,53.081313067105945,0.6587918757411497
2024-05-25 00:00:00,47.41793295794534,-14.8,41.7,0.0,0.0,0.0,0.0,0.0,0.0,47.41793295794534,0.2,0.0,0.0,0.0,47.41793295794534,0.6587918757411497
2024-05-25 01:00:00,52.80693287177029,-14.3,42.9,0.0,0.0,0.0,0.0,0.0,0.0,52.80693287177029,0.2,0.0,0.0,0.0,52.80693287177029,0.6587918757411497
2024-05-25 02:00:00,42.29127671289899,-14.2,41.1,0.0,0.0,0.0,0.0,0.0,0.0,42.29127671289899,0.2,0.0,0.0,0.0,42.29127671289899,0.6587918757411497
2024-05-25 03:00:00,38.02043776904043,-14.2,39.7,0.0,0.0,0.0,0.0,0.0,0.0,38.02043776904043,0.2,0.0,0.0,0.0,38.02043776904043,0.6587918757411497
2024-05-25 04:00:00,44.6767987810108,-14.2,39.5,0.0,0.0,0.0,0.0,0.0,0.0,44.6767987810108,0.2,0.0,0.0,0.0,44.6767987810108,0.6587918757411497
2024-05-25 05:00:00,55.15964162103936,-14.0,39.7,0.0,0.0,0.0,0.0,0.0,0.0,55.15964162103936,0.2,0.0,0.0,55.15964162103936,0.0,0.5388796113475859
2024-05-25 06:00:00,53.07428932008114,-13.6,39.0,0.0,0.0,0.0,0.0,0.0,0.0,53.07428932008114,0.2,0.0,0.0,0.0,53.07428932008114,0.5388796113475859
2024-05-25 07:00:00,66.84778899522416,-13.6,38.2,0.0,0.0,0.0,0.0,0.0,0.0,66.84778899522416,0.2,0.0,0.0,0.0,66.84778899522416,0.5388796113475859
2024-05-25 08:00:00,66.1232710361424,-13.7,37.2,0.0,0.0,0.0,0.0,0.0,0.0,66.1232710361424,0.2,0.0,0.0,0.0,66.1232710361424,0.5388796113475859
2024-05-25 09:00:00,72.07168151611347,-13.6,37.0,0.0,0.0,0.0,0.0,0.0,0.0,72.07168151611347,0.2,0.0,0.0,0.0,72.07168151611347,0.5388796113475859
2024-05-25 10:00:00,82.64798705297146,-13.6,35.8,0.0,0.0,0.0,0.0,0.0,0.0,82.64798705297146,0.2,0.0,0.0,0.0,82.64798705297146,0.5388796113475859
2024-05-25 11:00:00,70.98013719677131,-13.4,35.0,0.0,0.0,0.0,0.0,0.0,0.0,70.98013719677131,0.2,0.0,0.0,0.0,70.98013719677131,0.5388796113475859
2024-05-25 12:00:00,76.82520125080848,-13.7,34.1,0.0,0.0,0.0,0.0,0.0,0.0,76.82520125080848,0.2,0.0,0.0,0.0,76.82520125080848,0.5388796113475859
2024-05-25 13:00:00,78.75812999511675,-14.0,34.7,0.0,0.0,0.0,0.0,0.0,0.0,78.75812999511675,0.2,0.0,0.0,78.75812999511675,0.0,0.3676662852712451
2024-05-25 14:00:00,75.84453032766203,-13.9,34.5,0.0,0.0,0.0,0.0,0.0,0.0,75.84453032766203,0.2,0.0,0.0,0.0,75.84453032766203,0.3676662852712451
2024-05-25 15:00:00,76.91778628002834,-14.1,33.7,0.0,0.0,0.0,0.0,0.0,0.0,76.91778628002834,0.2,0.0,0.0,0.0,76.91778628002834,0.3676662852712451
2024-05-25 16:00:00,71.01862854720231,-14.1,33.4,0.0,0.0,0.0,0.0,0.0,0.0,71.01862854720231,0.2,0.0,0.0,0.0,71.01862854720231,0.3676662852712451
2024-05-25 17:00:00,72.2448827833453,-14.2,32.3,0.0,0.0,0.0,0.0,0.0,0.0,72.2448827833453,0.2,0.0,0.0,0.0,72.2448827833453,0.3676662852712451
2024-05-25 18:00:00,77.1264912247771,-14.5,30.5,0.0,0.0,0.0,0.0,0.0,0.0,77.1264912247771,0.2,0.0,0.0,77.1264912247771,0.0,0.2
2024-05-25 19:00:00,63.1714769855629,-14.9,28.9,0.0,0.0,0.0,0.0,0.0,0.0,63.1714769855629,0.2,0.0,0.0,0.0,63.1714769855629,0.2
2024-05-25 20:00:00,64.93138136929252,-15.3,27.4,0.0,0.0,0.0,0.0,0.0,0.0,64.93138136929252,0.2,0.0,0.0,0.0,64.93138136929252,0.2
2024-05-25 21:00:00,59.52220320833759,-15.7,25.2,0.0,0.0,0.0,0.0,0.0,0.0,59.52220320833759,0.2,0.0,0.0,0.0,59.52220320833759,0.2
2024-05-25 22:00:00,57.4952885153159,-16.6,23.1,0.0,0.0,100.0,0.0,57.4952885153159,-62.5047114846841,20.0,0.3150086691318188,0.0,57.4952885153159,0.0,0.0,0.2
2024-05-25 23:00:00,54.82397439634238,-17.8,20.4,0.0,0.0,100.0,0.0,54.82397439634238,-45.17602560365762,0.0,0.39813255624254884,0.0,100.0,-45.17602560365762,0.0,0.28312388711073005
2024-05-26 00:00:00,53.112912768242225,-18.8,18.2,0.0,0.0,100.0,0.0,53.112912768242225,-46.887087231757775,0.0,0.4844047967489832,0.0,100.0,-46.887087231757775,0.0,0.36939612761716434
2024-05-26 01:00:00,53.35069974641228,-17.8,17.3,0.0,0.0,100.0,0.0,53.35069974641228,-46.64930025358772,0.0,0.5702395092155845,0.0,53.35069974641228,0.0,0.0,0.36939612761716434
2024-05-26 02:00:00,47.15629125040306,-18.4,15.3,0.0,0.0,100.0,0.0,47.15629125040306,-52.84370874959694,0.0,0.6674719333148429,0.0,98.22955517257438,-51.07326392217133,0.0,0.4633709332339596
2024-05-26 03:00:00,44.37599958130637,-18.6,15.1,0.0,0.0,100.0,0.0,44.37599958130637,-55.62400041869363,0.0,0.7698200940852392,0.0,100.0,-55.62400041869363,0.0,0.5657190940043559
2024-05-26 04:00:00,58.2083663112415,-18.7,15.9,0.0,0.0,100.0,0.0,58.2083663112415,-41.7916336887585,0.0,0.8467167000725548,0.0,100.0,-41.7916336887585,0.0,0.6426156999916716
2024-05-26 05:00:00,57.54504811351171,-18.6,17.1,0.0,0.0,100.0,0.0,57.54504811351171,-42.45495188648829,0.0,0.9248338115436933,0.0,57.54504811351171,0.0,0.0,0.6426156999916716
2024-05-26 06:00:00,65.45950521328382,-19.3,16.9,0.0,0.0,100.0,0.0,65.45950521328382,-34.54049478671618,0.0,0.988388321951251,0.0,100.0,-34.54049478671618,0.0,0.7061702103992293
2024-05-26 07:00:00,83.20028307373148,-20.0,16.7,0.0,0.0,100.0,0.0,83.20028307373148,-6.310694591711393,0.0,1.0,0.0,100.0,-16.799716926268516,0.0,0.7370816895435635
2024-05-26 08:00:00,77.56959232233501,-20.7,16.9,0.0,0.0,100.0,0.0,77.56959232233501,0.0,0.0,1.0,0.0,100.0,-22.430407677664988,0.0,0.778353639670467
2024-05-26 09:00:00,103.98910401864546,-21.5,16.9,0.0,0.0,100.0,0.0,100.0,3.989104018645463,0.0,0.9913280347420751,0.0,100.0,3.989104018645463,0.0,0.7696816744125421
2024-05-26 10:00:00,99.96156025431891,-22.3,17.0,0.0,0.0,100.0,0.0,99.96156025431891,-0.038439745681088766,0.0,0.9913987638741283,0.0,100.0,-0.038439745681088766,0.0,0.7697524035445953
2024-05-26 11:00:00,101.15766269707761,-22.4,17.7,0.0,0.0,100.0,0.0,100.0,1.1576626970776118,0.0,0.9888821058370031,0.0,100.0,1.1576626970776118,0.0,0.7672357455074701
2024-05-26 12:00:00,92.87218122939645,-22.5,17.3,0.0,0.0,100.0,0.0,92.87218122939645,-6.042333784237452,0.0,1.0,0.0,92.87218122939645,0.0,0.0,0.7672357455074701
2024-05-26 13:00:00,93.00999479773789,-21.5,15.4,0.0,0.0,100.0,0.0,93.00999479773789,0.0,0.0,1.0,0.0,100.0,-6.990005202262111,0.0,0.7800973550796324
2024-05-26 14:00:00,109.49443262984217,-21.8,14.9,0.0,0.0,100.0,0.0,100.0,9.494432629842166,0.0,0.9793599290655605,0.0,100.0,9.494432629842166,0.0,0.7594572841451929
2024-05-26 15:00:00,108.00608283697643,-21.9,15.4,0.0,0.0,100.0,0.0,100.0,8.006082836976432,0.0,0.96195540115909,0.0,100.0,8.006082836976432,0.0,0.7420527562387224
2024-05-26 16:00:00,94.18137174674462,-22.3,16.3,0.0,0.0,100.0,0.0,94.18137174674462,-5.818628253255383,0.0,0.9726616771450799,0.0,100.0,-5.818628253255383,0.0,0.7527590322247123
2024-05-26 17:00:00,93.42737351097148,-22.7,16.4,0.0,0.0,100.0,0.0,93.42737351097148,-6.572626489028522,0.0,0.9847553098848923,0.0,100.0,-6.572626489028522,0.0,0.7648526649645248
2024-05-26 18:00:00,88.1599562583125,-23.0,15.8,0.0,0.0,100.0,0.0,88.1599562583125,-8.285157671254158,0.0,1.0,0.0,100.0,-11.840043741687495,0.0,0.7866383454492297
2024-05-26 19:00:00,92.12753418676428,-23.1,15.6,0.0,0.0,100.0,0.0,92.12753418676428,0.0,0.0,1.0,0.0,100.0,-7.872465813235721,0.0,0.8011236825455834
2024-05-26 20:00:00,68.05924776273233,-23.0,16.2,0.0,0.0,100.0,0.0,68.05924776273233,0.0,0.0,1.0,0.0,100.0,-31.940752237267674,0.0,0.859894666662156
2024-05-26 21:00:00,75.0856172063511,-22.6,18.0,0.0,0.0,100.0,0.0,75.0856172063511,0.0,0.0,1.0,0.0,100.0,-24.914382793648898,0.0,0.90573713100247
2024-05-26 22:00:00,63.67686842928033,-21.9,20.3,0.0,0.0,100.0,0.0,63.67686842928033,0.0,0.0,1.0,0.0,63.67686842928033,0.0,0.0,0.90573713100247
2024-05-26 23:00:00,48.7701798926441,-20.6,24.8,0.0,0.0,100.0,0.0,48.7701798926441,0.0,0.0,1.0,0.0,100.0,-51.2298201073559,0.0,1.0
2024-05-27 00:00:00,57.17234951285379,-19.7,29.3,0.0,0.0,0.0,0.0,0.0,57.17234951285379,0.0,0.8757122836677091,0.0,0.0,0.0,57.17234951285379,1.0
2024-05-27 01:00:00,64.97774395455276,-20.3,26.7,0.0,0.0,0.0,0.0,0.0,64.97774395455276,0.0,0.7344563185491162,0.0,0.0,64.97774395455276,0.0,0.858744034881407
2024-05-27 02:00:00,47.869754047998,-20.1,25.8,0.0,0.0,0.0,0.0,0.0,47.869754047998,0.0,0.630391635836077,0.0,0.0,0.0,47.869754047998,0.858744034881407
2024-05-27 03:00:00,54.353827532823054,-19.6,25.4,0.0,0.0,0.0,0.0,0.0,54.353827532823054,0.0,0.5122311411995052,0.0,0.0,0.0,54.353827532823054,0.858744034881407
2024-05-27 04:00:00,59.29336098531684,-18.8,26.0,0.0,0.0,0.0,0.0,0.0,59.29336098531684,0.0,0.3833325303618599,0.0,0.0,59.29336098531684,0.0,0.7298454240437617
2024-05-27 05:00:00,56.63651598690238,-18.4,27.1,0.0,0.0,0.0,0.0,0.0,56.63651598690238,0.0,0.26020966952076774,0.0,0.0,0.0,56.63651598690238,0.7298454240437617
2024-05-27 06:00:00,65.20227809205647,-18.3,27.4,0.0,0.0,0.0,0.0,0.0,27.696447979553156,37.50583011250332,0.2,0.0,0.0,0.0,65.20227809205647,0.7298454240437617
2024-05-27 07:00:00,64.76851046729445,-18.6,26.1,0.0,0.0,0.0,0.0,0.0,0.0,64.76851046729445,0.2,0.0,0.0,0.0,64.76851046729445,0.7298454240437617
2024-05-27 08:00:00,76.66918068413676,-18.1,29.5,0.0,0.0,0.0,0.0,0.0,0.0,76.66918068413676,0.2,0.0,0.0,0.0,76.66918068413676,0.7298454240437617
2024-05-27 09:00:00,91.71003812164999,-17.7,28.0,0.0,0.0,0.0,0.0,0.0,0.0,91.71003812164999,0.2,0.0,0.0,0.0,91.71003812164999,0.7298454240437617
2024-05-27 10:00:00,91.44089548518532,-17.7,27.9,0.0,0.0,0.0,0.0,0.0,0.0,91.44089548518532,0.2,0.0,0.0,0.0,91.44089548518532,0.7298454240437617
2024-05-27 11:00:00,87.91170720721841,-17.3,31.4,0.0,0.0,0.0,0.0,0.0,0.0,87.91170720721841,0.2,0.0,0.0,0.0,87.91170720721841,0.7298454240437617
2024-05-27 12:00:00,82.04078789841526,-17.0,32.3,0.0,0.0,0.0,0.0,0.0,0.0,82.04078789841526,0.2,0.0,0.0,0.0,82.04078789841526,0.7298454240437617
2024-05-27 13:00:00,98.41001972148216,-17.8,27.7,0.0,0.0,0.0,0.0,0.0,0.0,98.41001972148216,0.2,0.0,0.0,0.0,98.41001972148216,0.7298454240437617
2024-05-27 14:00:00,88.12240084405698,-17.4,27.0,0.0,0.0,0.0,0.0,0.0,0.0,88.12240084405698,0.2,0.0,0.0,0.0,88.12240084405698,0.7298454240437617
2024-05-27 15:00:00,93.82705021493156,-17.2,26.0,0.0,0.0,0.0,0.0,0.0,0.0,93.82705021493156,0.2,0.0,0.0,0.0,93.82705021493156,0.7298454240437617
2024-05-27 16:00:00,83.09251611103366,-17.4,25.2,0.0,0.0,0.0,0.0,0.0,0.0,83.09251611103366,0.2,0.0,0.0,0.0,83.09251611103366,0.7298454240437617
2024-05-27 17:00:00,86.22099487290399,-17.1,25.5,0.0,0.0,0.0,0.0,0.0,0.0,86.22099487290399,0.2,0.0,0.0,0.0,86.22099487290399,0.7298454240437617
2024-05-27 18:00:00,67.02510955370924,-16.8,25.7,0.0,0.0,0.0,0.0,0.0,0.0,67.02510955370924,0.2,0.0,0.0,32.92556169535362,34.09954785835562,0.6582681160103843
2024-05-27 19:00:00,70.2232610381543,-16.8,25.2,0.0,0.0,0.0,0.0,0.0,0.0,70.2232610381543,0.2,0.0,0.0,0.0,70.2232610381543,0.6582681160103843
2024-05-27 20:00:00,63.69406608038265,-16.9,24.9,0.0,0.0,100.0,0.0,63.69406608038265,-56.30593391961735,20.0,0.30360291841209597,0.0,100.0,-36.30593391961735,0.0,0.7250710344224802
2024-05-27 21:00:00,62.097361679250206,-16.7,24.8,0.0,0.0,100.0,0.0,62.097361679250206,-37.902638320749794,0.0,0.3733437729222756,0.0,100.0,-37.902638320749794,0.0,0.7948118889326599
2024-05-27 22:00:00,63.67438131333064,-16.7,25.3,0.0,0.0,0.0,0.0,0.0,63.67438131333064,0.0,0.23492120484981768,0.0,0.0,0.0,63.67438131333064,0.7948118889326599
2024-05-27 23:00:00,55.09404802678972,-16.4,26.4,0.0,0.0,0.0,0.0,0.0,16.06375423091613,39.03029379587359,0.2,0.0,0.0,0.0,55.09404802678972,0.7948118889326599
2024-05-28 00:00:00,58.776913450134685,-16.1,27.9,0.0,0.0,0.0,0.0,0.0,0.0,58.776913450134685,0.2,0.0,0.0,0.0,58.776913450134685,0.7948118889326599
2024-05-28 01:00:00,46.69889453363028,-16.8,24.2,0.0,0.0,100.0,0.0,46.69889453363028,-73.30110546636972,20.0,0.33487403405812033,0.0,100.0,-53.30110546636972,0.0,0.8928859229907802
2024-05-28 02:00:00,41.78582771238142,-16.6,24.1,0.0,0.0,100.0,0.0,41.78582771238142,-58.21417228761858,0.0,0.44198811106733854,0.0,100.0,-58.21417228761858,0.0,0.9999999999999983
2024-05-28 03:00:00,45.23052536568633,-16.1,25.8,0.0,0.0,0.0,0.0,0.0,45.23052536568633,0.0,0.3436608820114987,0.0,0.0,0.0,45.23052536568633,0.9999999999999983
2024-05-28 04:00:00,47.744239108044574,-15.5,27.6,0.0,0.0,0.0,0.0,0.0,47.744239108044574,0.0,0.2398690578635757,0.0,0.0,0.0,47.744239108044574,0.9999999999999983
2024-05-28 05:00:00,50.17070315587903,-15.2,31.4,0.0,0.0,0.0,0.0,0.0,18.339766617244823,31.83093653863421,0.2,0.0,0.0,0.0,50.17070315587903,0.9999999999999983
2024-05-28 06:00:00,53.40684137164658,-15.1,36.0,0.0,0.0,0.0,0.0,0.0,0.0,53.40684137164658,0.2,0.0,0.0,0.0,53.40684137164658,0.9999999999999983
2024-05-28 07:00:00,71.46825794925945,-15.1,38.5,0.0,0.0,0.0,0.0,0.0,0.0,71.46825794925945,0.2,0.0,0.0,0.0,71.46825794925945,0.9999999999999983
2024-05-28 08:00:00,70.93581399683256,-15.1,36.1,0.0,0.0,0.0,0.0,0.0,0.0,70.93581399683256,0.2,0.0,0.0,0.0,70.93581399683256,0.9999999999999983
2024-05-28 09:00:00,85.5053906110634,-14.5,37.2,0.0,0.0,0.0,0.0,0.0,0.0,85.5053906110634,0.2,0.0,0.0,0.0,85.5053906110634,0.9999999999999983
2024-05-28 10:00:00,81.13871682602029,-14.2,38.1,0.0,0.0,0.0,0.0,0.0,0.0,81.13871682602029,0.2,0.0,0.0,0.0,81.13871682602029,0.9999999999999983
2024-05-28 11:00:00,80.24214465407022,-14.0,38.3,0.0,0.0,0.0,0.0,0.0,0.0,80.24214465407022,0.2,0.0,0.0,0.0,80.24214465407022,0.9999999999999983
2024-05-28 12:00:00,76.55104821481842,-14.1,42.5,0.0,0.0,0.0,0.0,0.0,0.0,76.55104821481842,0.2,0.0,0.0,0.0,76.55104821481842,0.9999999999999983
2024-05-28 13:00:00,73.42862629824575,-14.2,40.3,0.0,0.0,0.0,0.0,0.0,0.0,73.42862629824575,0.2,0.0,0.0,0.0,73.42862629824575,0.9999999999999983
2024-05-28 14:00:00,82.91101460776244,-14.2,45.9,0.0,0.0,0.0,0.0,0.0,0.0,82.91101460776244,0.2,0.0,0.0,0.0,82.91101460776244,0.9999999999999983
2024-05-28 15:00:00,86.91666472233554,-14.1,49.1,0.0,0.0,0.0,0.0,0.0,0.0,86.91666472233554,0.2,0.0,0.0,0.0,86.91666472233554,0.9999999999999983
2024-05-28 16:00:00,75.02056126550178,-14.1,50.4,0.0,0.0,0.0,0.0,0.0,0.0,75.02056126550178,0.2,0.0,0.0,0.0,75.02056126550178,0.9999999999999983
2024-05-28 17:00:00,75.00638369779837,-14.2,50.2,0.0,0.0,0.0,0.0,0.0,0.0,75.00638369779837,0.2,0.0,0.0,0.0,75.00638369779837,0.9999999999999983
2024-05-28 18:00:00,69.96635922296093,-14.0,49.7,0.0,0.0,0.0,0.0,0.0,0.0,69.96635922296093,0.2,0.0,0.0,0.0,69.96635922296093,0.9999999999999983
2024-05-28 19:00:00,64.08524829182494,-13.8,49.5,0.0,0.0,0.0,0.0,0.0,0.0,64.08524829182494,0.2,0.0,0.0,0.0,64.08524829182494,0.9999999999999983
2024-05-28 20:00:00,59.79489358862373,-13.7,48.9,0.0,0.0,0.0,0.0,0.0,0.0,59.79489358862373,0.2,0.0,0.0,0.0,59.79489358862373,0.9999999999999983
2024-05-28 21:00:00,57.536577795606505,-13.4,49.0,0.0,0.0,0.0,0.0,0.0,0.0,57.536577795606505,0.2,0.0,0.0,0.0,57.536577795606505,0.9999999999999983
2024-05-28 22:00:00,54.44141273237806,-13.0,48.9,0.0,0.0,0.0,0.0,0.0,0.0,54.44141273237806,0.2,0.0,0.0,54.44141273237806,0.0,0.8816491027556982
2024-05-28 23:00:00,39.789179714744634,-12.6,47.4,0.0,0.0,0.0,0.0,0.0,0.0,39.789179714744634,0.2,0.0,0.0,0.0,39.789179714744634,0.8816491027556982
2024-05-29 00:00:00,47.61151444548227,-12.5,46.1,0.0,0.0,0.0,0.0,0.0,0.0,47.61151444548227,0.2,0.0,0.0,0.0,47.61151444548227,0.8816491027556982
2024-05-29 01:00:00,41.492110596263416,-12.1,45.8,0.0,0.0,0.0,0.0,0.0,0.0,41.492110596263416,0.2,0.0,0.0,41.492110596263416,0.0,0.7914488623290385
2024-05-29 02:00:00,36.89236578174146,-11.9,45.7,0.0,0.0,0.0,0.0,0.0,0.0,36.89236578174146,0.2,0.0,0.0,0.0,36.89236578174146,0.7914488623290385
2024-05-29 03:00:00,45.47982189514287,-12.0,45.1,0.0,0.0,0.0,0.0,0.0,0.0,45.47982189514287,0.2,0.0,0.0,0.0,45.47982189514287,0.7914488623290385
2024-05-29 04:00:00,38.746768759680734,-12.1,45.0,0.0,0.0,0.0,0.0,0.0,0.0,38.746768759680734,0.2,0.0,0.0,38.746768759680734,0.0,0.7072167563297326
2024-05-29 05:00:00,39.22615469844999,-12.4,45.2,0.0,0.0,0.0,0.0,0.0,0.0,39.22615469844999,0.2,0.0,0.0,0.0,39.22615469844999,0.7072167563297326
2024-05-29 06:00:00,56.97858112692927,-12.5,45.5,0.0,0.0,0.0,0.0,0.0,0.0,56.97858112692927,0.2,0.0,0.0,0.0,56.97858112692927,0.7072167563297326
2024-05-29 07:00:00,52.07303071723056,-12.3,45.1,0.0,0.0,0.0,0.0,0.0,0.0,52.07303071723056,0.2,0.0,0.0,0.0,52.07303071723056,0.7072167563297326
2024-05-29 08:00:00,55.36028461020718,-12.0,43.8,0.0,0.0,0.0,0.0,0.0,0.0,55.36028461020718,0.2,0.0,0.0,0.0,55.36028461020718,0.7072167563297326
2024-05-29 09:00:00,75.21633844994983,-11.7,42.6,0.0,0.0,0.0,0.0,0.0,0.0,75.21633844994983,0.2,0.0,0.0,75.21633844994983,0.0,0.5437029770907111
2024-05-29 10:00:00,74.10611125281244,-11.5,42.8,0.0,0.0,0.0,0.0,0.0,0.0,74.10611125281244,0.2,0.0,0.0,0.0,74.10611125281244,0.5437029770907111
2024-05-29 11:00:00,72.76359813684388,-11.6,42.4,0.0,0.0,0.0,0.0,0.0,0.0,72.76359813684388,0.2,0.0,0.0,72.76359813684388,0.0,0.38552124201061577
2024-05-29 12:00:00,65.5128621261019,-11.8,41.4,0.0,0.0,0.0,0.0,0.0,0.0,65.5128621261019,0.2,0.0,0.0,0.0,65.5128621261019,0.38552124201061577
2024-05-29 13:00:00,63.47796934195491,-11.6,39.5,0.0,0.0,0.0,0.0,0.0,0.0,63.47796934195491,0.2,0.0,0.0,0.0,63.47796934195491,0.38552124201061577
2024-05-29 14:00:00,67.95856393191166,-11.7,37.5,0.0,0.0,0.0,0.0,0.0,0.0,67.95856393191166,0.2,0.0,0.0,23.189285614477775,44.76927831743388,0.33510975154435974
2024-05-29 15:00:00,69.58905550284358,-11.8,34.3,0.0,0.0,0.0,0.0,0.0,0.0,69.58905550284358,0.2,0.0,0.0,0.0,69.58905550284358,0.33510975154435974
2024-05-29 16:00:00,62.1504857104098,-12.1,31.8,0.0,0.0,0.0,0.0,0.0,0.0,62.1504857104098,0.2,0.0,0.0,62.1504857104098,0.0,0.2
2024-05-29 17:00:00,67.78526453522827,-12.5,30.9,0.0,0.0,0.0,0.0,0.0,0.0,67.78526453522827,0.2,0.0,0.0,0.0,67.78526453522827,0.2
2024-05-29 18:00:00,60.150210309827905,-12.3,30.6,0.0,0.0,0.0,0.0,0.0,0.0,60.150210309827905,0.2,0.0,0.0,0.0,60.150210309827905,0.2
2024-05-29 19:00:00,60.325180236826526,-12.4,28.4,0.0,0.0,0.0,0.0,0.0,0.0,60.325180236826526,0.2,0.0,0.0,0.0,60.325180236826526,0.2
2024-05-29 20:00:00,57.51324064113215,-12.7,26.0,0.0,0.0,0.0,0.0,0.0,0.0,57.51324064113215,0.2,0.0,0.0,0.0,57.51324064113215,0.2
2024-05-29 21:00:00,56.13399777212264,-13.1,24.6,0.0,0.0,100.0,0.0,56.13399777212264,-63.86600222787736,20.0,0.3175134440992944,0.0,100.0,-43.86600222787736,0.0,0.28071344409929433
2024-05-29 22:00:00,53.87241263644499,-13.4,24.0,0.0,0.0,100.0,0.0,53.87241263644499,-46.12758736355501,0.0,0.40238820484823556,0.0,100.0,-46.12758736355501,0.0,0.3655882048482355
2024-05-29 23:00:00,47.280497046103775,-14.0,22.4,0.0,0.0,100.0,0.0,47.280497046103775,-52.719502953896225,0.0,0.4993920902834046,0.0,100.0,-52.719502953896225,0.0,0.46259209028340453
2024-05-30 00:00:00,50.794846333169154,-14.5,21.3,0.0,0.0,100.0,0.0,50.794846333169154,-49.205153666830846,0.0,0.5899295730303733,0.0,100.0,-49.205153666830846,0.0,0.5531295730303734
2024-05-30 01:00:00,48.14254064210087,-14.9,18.0,0.0,0.0,100.0,0.0,48.14254064210087,-51.85745935789913,0.0,0.6853472982489077,0.0,100.0,-51.85745935789913,0.0,0.6485472982489078
2024-05-30 02:00:00,33.905548454533175,-16.7,12.6,0.0,0.0,100.0,0.0,33.905548454533175,-66.09445154546682,0.0,0.8069610890925667,0.0,100.0,-66.09445154546682,0.0,0.7701610890925668
2024-05-30 03:00:00,50.48262872929745,-17.5,9.7,0.0,0.0,41.25692729766802,0.0,41.25692729766802,9.225701431629432,0.0,0.7869052164151115,0.0,41.25692729766802,9.225701431629432,0.0,0.7501052164151115
2024-05-30 04:00:00,49.66221098110126,-16.1,8.5,0.0,0.0,22.822359396433477,0.0,22.822359396433477,26.839851584667784,0.0,0.7285577129701815,0.0,22.822359396433477,0.0,26.839851584667784,0.7501052164151115
2024-05-30 05:00:00,48.49524432621785,-12.1,3.8,0.0,0.0,0.07023319615912203,0.0,0.07023319615912203,48.42501113005873,0.0,0.6232859496439669,0.0,0.07023319615912203,0.0,48.42501113005873,0.7501052164151115
2024-05-30 06:00:00,49.165782022763686,-13.8,0.4,0.0,0.0,0.0,0.0,0.0,49.165782022763686,0.0,0.5164038148118719,0.0,0.0,49.165782022763686,0.0,0.6432230815830166
2024-05-30 07:00:00,65.69613412418803,-15.9,4.2,0.0,0.0,0.23703703703703716,0.0,0.23703703703703716,65.459097087151,0.0,0.37410142983980454,0.0,0.23703703703703716,0.0,65.459097087151,0.6432230815830166
2024-05-30 08:00:00,73.5423527171721,-17.6,6.1,0.0,0.0,4.086556927297666,0.0,4.086556927297666,69.45579578987443,0.0,0.22311056942703406,0.0,4.086556927297666,69.45579578987443,0.0,0.49223222117024606
2024-05-30 09:00:00,88.69800688106439,-16.9,6.6,0.0,0.0,6.399999999999999,0.0,6.399999999999999,10.630861936435661,71.66714494462873,0.2,0.0,6.399999999999999,0.0,82.2980068810644,0.49223222117024606
2024-05-30 10:00:00,79.22441728965752,-16.0,5.9,0.0,0.0,3.345541838134431,0.0,3.345541838134431,0.0,75.87887545152309,0.2,0.0,3.345541838134431,0.0,75.87887545152309,0.49223222117024606
2024-05-30 11:00:00,75.10672609038839,-15.0,5.2,0.0,0.0,1.4606310013717423,0.0,1.4606310013717423,0.0,73.64609508901665,0.2,0.0,1.4606310013717423,73.64609508901665,0.0,0.33213201445499246
2024-05-30 12:00:00,75.38407064135991,-13.7,6.1,0.0,0.0,4.086556927297666,0.0,4.086556927297666,0.0,71.29751371406225,0.2,0.0,4.086556927297666,60.78072664929215,10.5167870647701,0.20000000000000953
2024-05-30 13:00:00,93.10312733861377,-21.0,13.9,0.0,0.0,100.0,0.0,93.10312733861377,-26.896872661386226,20.0,0.24949024569695066,0.0,100.0,-6.896872661386226,0.0,0.21269024569696018
2024-05-30 14:00:00,97.42054671605469,-21.5,14.6,0.0,0.0,100.0,0.0,97.42054671605469,-2.5794532839453126,0.0,0.25423643973941,0.0,100.0,-2.5794532839453126,0.0,0.21743643973941956
2024-05-30 15:00:00,104.08359714770093,-22.2,16.0,0.0,0.0,100.0,0.0,100.0,4.083597147700928,0.0,0.24535905463571234,0.0,100.0,4.083597147700928,0.0,0.20855905463572189
2024-05-30 16:00:00,100.28855878295934,-22.4,17.7,0.0,0.0,100.0,0.0,100.0,0.2885587829593419,0.0,0.2447317529336268,0.0,100.0,0.2885587829593419,0.0,0.20793175293363636
2024-05-30 17:00:00,93.36035596270499,-21.9,18.1,0.0,0.0,100.0,0.0,93.36035596270499,-6.639644037295014,0.0,0.2569486979622496,0.0,100.0,-6.639644037295014,0.0,0.2201486979622592
2024-05-30 18:00:00,88.55604836970147,-21.5,18.4,0.0,0.0,100.0,0.0,88.55604836970147,-11.443951630298528,0.0,0.2780055689619989,0.0,100.0,-11.443951630298528,0.0,0.24120556896200848
2024-05-30 19:00:00,78.71710360530972,-21.5,18.5,0.0,0.0,100.0,0.0,78.71710360530972,-21.282896394690283,0.0,0.317166098328229,0.0,100.0,-21.282896394690283,0.0,0.2803660983282386
2024-05-30 20:00:00,75.68953512681692,-22.1,18.6,0.0,0.0,100.0,0.0,75.68953512681692,-24.31046487318308,0.0,0.36189735369488585,0.0,75.68953512681692,0.0,0.0,0.2803660983282386
2024-05-30 21:00:00,70.759593607332,-23.0,19.0,0.0,0.0,100.0,0.0,70.759593607332,-29.240406392668007,0.0,0.415699701457395,0.0,100.0,-29.240406392668007,0.0,0.33416844609074775
2024-05-30 22:00:00,69.8386458385799,-22.8,19.1,0.0,0.0,100.0,0.0,69.8386458385799,-30.161354161420107,0.0,0.471196593114408,0.0,100.0,-30.161354161420107,0.0,0.38966533774776074
2024-05-30 23:00:00,61.41050836337076,-22.6,17.8,0.0,0.0,100.0,0.0,61.41050836337076,-38.58949163662924,0.0,0.5422012577258057,0.0,61.41050836337076,0.0,0.0,0.38966533774776074
2024-05-31 00:00:00,62.584668970365115,-23.0,15.6,0.0,0.0,100.0,0.0,62.584668970365115,-37.415331029634885,0.0,0.6110454668203339,0.0,100.0,-37.415331029634885,0.0,0.45850954684228895
2024-05-31 01:00:00,61.0120021699145,-21.7,15.6,0.0,0.0,100.0,0.0,61.0120021699145,-38.9879978300855,0.0,0.6827833828276912,0.0,100.0,-38.9879978300855,0.0,0.5302474628496463
2024-05-31 02:00:00,59.9226962275719,-22.0,13.8,0.0,0.0,100.0,0.0,59.9226962275719,-40.0773037724281,0.0,0.756525621768959,0.0,100.0,-40.0773037724281,0.0,0.603989701790914
2024-05-31 03:00:00,55.39130127135047,-21.6,14.0,0.0,0.0,100.0,0.0,55.39130127135047,-44.60869872864953,0.0,0.8386056274296741,0.0,100.0,-44.60869872864953,0.0,0.6860697074516292
2024-05-31 04:00:00,66.33407932621284,-21.3,13.7,0.0,0.0,100.0,0.0,66.33407932621284,-33.665920673787156,0.0,0.9005509214694425,0.0,100.0,-33.665920673787156,0.0,0.7480150014913975
2024-05-31 05:00:00,57.37242213983626,-20.8,17.0,0.0,0.0,100.0,0.0,57.37242213983626,-42.62757786016374,0.0,0.9789856647321438,0.0,100.0,-42.62757786016374,0.0,0.8264497447540988
2024-05-31 06:00:00,58.21012680395371,-19.7,19.8,0.0,0.0,100.0,0.0,58.21012680395371,-11.420834384704474,0.0,1.0,0.0,100.0,-41.78987319604629,0.0,0.903343111434824
2024-05-31 07:00:00,78.94813944794777,-19.5,19.2,0.0,0.0,100.0,0.0,78.94813944794777,0.0,0.0,1.0,0.0,96.8927824196668,-17.944642971719034,0.0,0.9363612545027871
2024-05-31 08:00:00,84.64083223676634,-21.4,15.5,0.0,0.0,100.0,0.0,84.64083223676634,0.0,0.0,1.0,0.0,84.64083223676634,0.0,0.0,0.9363612545027871
2024-05-31 09:00:00,98.18153879112319,-22.2,15.0,0.0,0.0,100.0,0.0,98.18153879112319,0.0,0.0,1.0,0.0,100.0,-1.818461208876812,0.0,0.9397072231271204
2024-05-31 10:00:00,96.08851744939437,-22.5,15.2,0.0,0.0,100.0,0.0,96.08851744939437,0.0,0.0,1.0,0.0,100.0,-3.9114825506056263,0.0,0.9469043510202347
2024-05-31 11:00:00,95.32894876327087,-22.3,16.4,0.0,0.0,100.0,0.0,95.32894876327087,0.0,0.0,1.0,0.0,100.0,-4.671051236729127,0.0,0.9554990852958163
2024-05-31 12:00:00,86.98886291710382,-22.0,16.4,0.0,0.0,100.0,0.0,86.98886291710382,0.0,0.0,1.0,0.0,100.0,-13.011137082896184,0.0,0.9794395775283453
2024-05-31 13:00:00,95.4534836828985,-21.5,17.6,0.0,0.0,100.0,0.0,95.4534836828985,0.0,0.0,1.0,0.0,95.4534836828985,0.0,0.0,0.9794395775283453
2024-05-31 14:00:00,98.36474253058525,-20.9,18.4,0.0,0.0,100.0,0.0,98.36474253058525,0.0,0.0,1.0,0.0,100.0,-1.6352574694147535,0.0,0.9824484512720685
2024-05-31 15:00:00,95.32480205774105,-20.5,18.6,0.0,0.0,100.0,0.0,95.32480205774105,0.0,0.0,1.0,0.0,95.32480205774105,0.0,0.0,0.9824484512720685
2024-05-31 16:00:00,90.46111482177588,-18.1,24.2,0.0,0.0,100.0,0.0,90.46111482177588,0.0,0.0,1.0,0.0,100.0,-9.53888517822412,0.0,1.0
2024-05-31 17:00:00,73.63453132448909,-14.1,37.7,0.0,0.0,0.0,0.0,0.0,73.63453132448909,0.0,0.8399249319032847,0.0,0.0,0.0,73.63453132448909,1.0
2024-05-31 18:00:00,58.1516518189476,-13.9,39.0,0.0,0.0,0.0,0.0,0.0,58.1516518189476,0.0,0.7135082975142681,0.0,0.0,0.0,58.1516518189476,1.0
2024-05-31 19:00:00,64.69007717806429,-13.4,36.6,0.0,0.0,0.0,0.0,0.0,64.69007717806429,0.0,0.5728776949532588,0.0,0.0,64.69007717806429,0.0,0.8593693974389907
2024-05-31 20:00:00,58.358773487207294,-13.2,33.7,0.0,0.0,0.0,0.0,0.0,58.358773487207294,0.0,0.4460107960680255,0.0,0.0,0.0,58.358773487207294,0.8593693974389907
2024-05-31 21:00:00,52.710867839819514,-12.6,31.9,0.0,0.0,0.0,0.0,0.0,52.710867839819514,0.0,0.3314219529379831,0.0,0.0,52.710867839819514,0.0,0.7447805543089483
2024-05-31 22:00:00,48.44900235031387,-11.9,30.6,0.0,0.0,0.0,0.0,0.0,48.44900235031387,0.0,0.22609803478512686,0.0,0.0,0.0,48.44900235031387,0.7447805543089483
2024-05-31 23:00:00,44.94776214043127,-11.1,34.3,0.0,0.0,0.0,0.0,0.0,12.00509600115835,32.94266613927292,0.2,0.0,0.0,0.0,44.94776214043127,0.7447805543089483
2024-06-01 00:00:00,39.590566044932174,-10.6,36.1,0.0,0.0,0.0,0.0,0.0,0.0,39.590566044932174,0.2,0.0,0.0,0.0,39.590566044932174,0.7447805543089483
2024-06-01 01:00:00,38.2507457123768,-10.1,35.6,0.0,0.0,0.0,0.0,0.0,0.0,38.2507457123768,0.2,0.0,0.0,0.0,38.2507457123768,0.7447805543089483
2024-06-01 02:00:00,41.91969561945917,-10.0,37.0,0.0,0.0,0.0,0.0,0.0,0.0,41.91969561945917,0.2,0.0,0.0,0.0,41.91969561945917,0.7447805543089483
2024-06-01 03:00:00,32.63047107787233,-10.1,35.8,0.0,0.0,0.0,0.0,0.0,0.0,32.63047107787233,0.2,0.0,0.0,0.0,32.63047107787233,0.7447805543089483
2024-06-01 04:00:00,33.85056011912452,-9.9,37.6,0.0,0.0,0.0,0.0,0.0,0.0,33.85056011912452,0.2,0.0,0.0,0.0,33.85056011912452,0.7447805543089483
2024-06-01 05:00:00,42.39146326063074,-10.4,39.0,0.0,0.0,0.0,0.0,0.0,0.0,42.39146326063074,0.2,0.0,0.0,0.0,42.39146326063074,0.7447805543089483
2024-06-01 06:00:00,44.94716771621826,-11.3,30.9,0.0,0.0,0.0,0.0,0.0,0.0,44.94716771621826,0.2,0.0,0.0,0.0,44.94716771621826,0.7447805543089483
2024-06-01 07:00:00,48.08608439272831,-11.2,32.8,0.0,0.0,0.0,0.0,0.0,0.0,48.08608439272831,0.2,0.0,0.0,4.958694471214979,43.12738992151333,0.7340007837193505
2024-06-01 08:00:00,60.27766411462592,-10.8,41.5,0.0,0.0,0.0,0.0,0.0,0.0,60.27766411462592,0.2,0.0,0.0,0.0,60.27766411462592,0.7340007837193505
2024-06-01 09:00:00,75.71810942281962,-10.9,42.5,0.0,0.0,0.0,0.0,0.0,0.0,75.71810942281962,0.2,0.0,0.0,0.0,75.71810942281962,0.7340007837193505
2024-06-01 10:00:00,71.10697952061554,-10.8,44.8,0.0,0.0,0.0,0.0,0.0,0.0,71.10697952061554,0.2,0.0,0.0,0.0,71.10697952061554,0.7340007837193505
2024-06-01 11:00:00,68.81788547224107,-10.7,43.6,0.0,0.0,0.0,0.0,0.0,0.0,68.81788547224107,0.2,0.0,0.0,0.0,68.81788547224107,0.7340007837193505
2024-06-01 12:00:00,53.13675820924438,-10.3,48.3,0.0,0.0,0.0,0.0,0.0,0.0,53.13675820924438,0.2,0.0,0.0,53.13675820924438,0.0,0.6184860919601236
2024-06-01 13:00:00,68.19062746220473,-9.6,48.2,0.0,0.0,0.0,0.0,0.0,0.0,68.19062746220473,0.2,0.0,0.0,0.0,68.19062746220473,0.6184860919601236
2024-06-01 14:00:00,69.46682930654896,-9.6,48.1,0.0,0.0,0.0,0.0,0.0,0.0,69.46682930654896,0.2,0.0,0.0,0.0,69.46682930654896,0.6184860919601236
2024-06-01 15:00:00,62.67542585980323,-9.5,49.3,0.0,0.0,0.0,0.0,0.0,0.0,62.67542585980323,0.2,0.0,0.0,0.0,62.67542585980323,0.6184860919601236
2024-06-01 16:00:00,63.90025235701187,-9.5,49.0,0.0,0.0,0.0,0.0,0.0,0.0,63.90025235701187,0.2,0.0,0.0,0.0,63.90025235701187,0.6184860919601236
2024-06-01 17:00:00,60.8506080857898,-9.3,47.7,0.0,0.0,0.0,0.0,0.0,0.0,60.8506080857898,0.2,0.0,0.0,0.0,60.8506080857898,0.6184860919601236
2024-06-01 18:00:00,51.70256035821032,-9.0,46.7,0.0,0.0,0.0,0.0,0.0,0.0,51.70256035821032,0.2,0.0,0.0,0.0,51.70256035821032,0.6184860919601236
2024-06-01 19:00:00,55.65926863389955,-8.9,45.6,0.0,0.0,0.0,0.0,0.0,0.0,55.65926863389955,0.2,0.0,0.0,0.0,55.65926863389955,0.6184860919601236
2024-06-01 20:00:00,56.98567711263577,-8.8,44.5,0.0,0.0,0.0,0.0,0.0,0.0,56.98567711263577,0.2,0.0,0.0,0.0,56.98567711263577,0.6184860919601236
2024-06-01 21:00:00,46.860292622632414,-8.8,44.1,0.0,0.0,0.0,0.0,0.0,0.0,46.860292622632414,0.2,0.0,0.0,0.0,46.860292622632414,0.6184860919601236
2024-06-01 22:00:00,40.66202898781446,-9.0,42.9,0.0,0.0,0.0,0.0,0.0,0.0,40.66202898781446,0.2,0.0,0.0,0.0,40.66202898781446,0.6184860919601236
2024-06-01 23:00:00,41.11209965099136,-9.1,42.2,0.0,0.0,0.0,0.0,0.0,0.0,41.11209965099136,0.2,0.0,0.0,41.11209965099136,0.0,0.5291119622840554
2024-06-02 00:00:00,46.27306597532214,-9.1,44.0,0.0,0.0,0.0,0.0,0.0,0.0,46.27306597532214,0.2,0.0,0.0,0.0,46.27306597532214,0.5291119622840554
2024-06-02 01:00:00,32.86840580351364,-9.0,45.0,0.0,0.0,0.0,0.0,0.0,0.0,32.86840580351364,0.2,0.0,0.0,32.86840580351364,0.0,0.4576589061894606
2024-06-02 02:00:00,38.89279129392091,-9.1,44.0,0.0,0.0,0.0,0.0,0.0,0.0,38.89279129392091,0.2,0.0,0.0,0.0,38.89279129392091,0.4576589061894606
2024-06-02 03:00:00,32.609927707397595,-9.3,44.2,0.0,0.0,0.0,0.0,0.0,0.0,32.609927707397595,0.2,0.0,0.0,0.0,32.609927707397595,0.4576589061894606
2024-06-02 04:00:00,40.21031540689869,-9.4,46.9,0.0,0.0,0.0,0.0,0.0,0.0,40.21031540689869,0.2,0.0,0.0,0.0,40.21031540689869,0.4576589061894606
2024-06-02 05:00:00,39.17834362477218,-9.4,47.5,0.0,0.0,0.0,0.0,0.0,0.0,39.17834362477218,0.2,0.0,0.0,0.0,39.17834362477218,0.4576589061894606
2024-06-02 06:00:00,45.16491522459219,-9.4,47.6,0.0,0.0,0.0,0.0,0.0,0.0,45.16491522459219,0.2,0.0,0.0,0.0,45.16491522459219,0.4576589061894606
2024-06-02 07:00:00,61.615474581175235,-9.2,46.5,0.0,0.0,0.0,0.0,0.0,0.0,61.615474581175235,0.2,0.0,0.0,0.0,61.615474581175235,0.4576589061894606
2024-06-02 08:00:00,52.95456704733254,-9.0,47.0,0.0,0.0,0.0,0.0,0.0,0.0,52.95456704733254,0.2,0.0,0.0,0.0,52.95456704733254,0.4576589061894606
2024-06-02 09:00:00,68.42683088772772,-8.9,48.5,0.0,0.0,0.0,0.0,0.0,0.0,68.42683088772772,0.2,0.0,0.0,68.42683088772772,0.0,0.3089049259987482
2024-06-02 10:00:00,77.65662205460643,-8.8,47.5,0.0,0.0,0.0,0.0,0.0,0.0,77.65662205460643,0.2,0.0,0.0,0.0,77.65662205460643,0.3089049259987482
2024-06-02 11:00:00,69.42760963236411,-8.7,44.6,0.0,0.0,0.0,0.0,0.0,0.0,69.42760963236411,0.2,0.0,0.0,0.0,69.42760963236411,0.3089049259987482
2024-06-02 12:00:00,56.344514904804086,-8.7,40.9,0.0,0.0,0.0,0.0,0.0,0.0,56.344514904804086,0.2,0.0,0.0,0.0,56.344514904804086,0.3089049259987482
2024-06-02 13:00:00,59.59209745542297,-9.1,38.8,0.0,0.0,0.0,0.0,0.0,0.0,59.59209745542297,0.2,0.0,0.0,0.0,59.59209745542297,0.3089049259987482
2024-06-02 14:00:00,65.24187311676799,-9.1,37.0,0.0,0.0,0.0,0.0,0.0,0.0,65.24187311676799,0.2,0.0,0.0,0.0,65.24187311676799,0.3089049259987482
2024-06-02 15:00:00,66.78953955759937,-9.2,38.6,0.0,0.0,0.0,0.0,0.0,0.0,66.78953955759937,0.2,0.0,0.0,0.0,66.78953955759937,0.3089049259987482
2024-06-02 16:00:00,64.12971347044527,-9.4,39.4,0.0,0.0,0.0,0.0,0.0,0.0,64.12971347044527,0.2,0.0,0.0,0.0,64.12971347044527,0.3089049259987482
2024-06-02 17:00:00,53.641517228501534,-9.6,37.1,0.0,0.0,0.0,0.0,0.0,0.0,53.641517228501534,0.2,0.0,0.0,0.0,53.641517228501534,0.3089049259987482
2024-06-02 18:00:00,52.63621270776517,-9.6,33.5,0.0,0.0,0.0,0.0,0.0,0.0,52.63621270776517,0.2,0.0,0.0,0.0,52.63621270776517,0.3089049259987482
2024-06-02 19:00:00,49.9425875650999,-9.5,30.4,0.0,0.0,0.0,0.0,0.0,0.0,49.9425875650999,0.2,0.0,0.0,0.0,49.9425875650999,0.3089049259987482
2024-06-02 20:00:00,50.09626595942554,-9.5,27.6,0.0,0.0,0.0,0.0,0.0,0.0,50.09626595942554,0.2,0.0,0.0,50.09626595942554,0.0,0.2
2024-06-02 21:00:00,57.92347728645537,-9.8,23.1,0.0,0.0,100.0,0.0,57.92347728645537,-62.07652271354463,20.0,0.3142208017929221,0.0,100.0,-42.07652271354463,0.0,0.2774208017929221
2024-06-02 22:00:00,40.521564671882764,-10.1,18.3,0.0,0.0,100.0,0.0,40.521564671882764,-59.478435328117236,0.0,0.4236611227966578,0.0,100.0,-59.478435328117236,0.0,0.38686112279665785
2024-06-02 23:00:00,37.81521083432106,-10.4,15.6,0.0,0.0,100.0,0.0,37.81521083432106,-62.18478916567894,0.0,0.5380811348615071,0.0,100.0,-62.18478916567894,0.0,0.5012811348615072
2024-06-03 00:00:00,37.209298524280776,-10.5,15.9,0.0,0.0,100.0,0.0,37.209298524280776,-62.790701475719224,0.0,0.6536160255768305,0.0,100.0,-62.790701475719224,0.0,0.6168160255768306
2024-06-03 01:00:00,42.17772285621116,-9.8,25.6,0.0,0.0,0.0,0.0,0.0,42.17772285621116,0.0,0.561925323715502,0.0,0.0,42.17772285621116,0.0,0.525125323715502
2024-06-03 02:00:00,35.79329201822449,-10.0,26.1,0.0,0.0,0.0,0.0,0.0,35.79329201822449,0.0,0.4841138193280574,0.0,0.0,35.79329201822449,0.0,0.44731381932805747
2024-06-03 03:00:00,31.818867259150203,-10.2,25.5,0.0,0.0,0.0,0.0,0.0,31.818867259150203,0.0,0.41494236876468743,0.0,0.0,31.818867259150203,0.0,0.3781423687646875
2024-06-03 04:00:00,37.83602208110834,-10.4,24.6,0.0,0.0,100.0,0.0,37.83602208110834,-62.16397791889166,0.0,0.5293240881354481,0.0,100.0,-62.16397791889166,0.0,0.4925240881354481
2024-06-03 05:00:00,39.26744849521149,-10.7,22.6,0.0,0.0,100.0,0.0,39.26744849521149,-60.73255150478851,0.0,0.6410719829042589,0.0,100.0,-60.73255150478851,0.0,0.604271982904259
2024-06-03 06:00:00,51.27945640594623,-10.9,23.1,0.0,0.0,100.0,0.0,51.27945640594623,-48.72054359405377,0.0,0.7307177831173178,0.0,51.27945640594623,0.0,0.0,0.604271982904259
2024-06-03 07:00:00,69.67188303398169,-11.0,25.0,0.0,0.0,100.0,0.0,69.67188303398169,-30.328116966018314,0.0,0.7865215183347916,0.0,79.54909406326624,-9.877211029284549,0.0,0.6224460511981426
2024-06-03 08:00:00,65.50432202846119,-11.1,23.2,0.0,0.0,100.0,0.0,65.50432202846119,-34.49567797153881,0.0,0.8499935658024229,0.0,65.50432202846119,0.0,0.0,0.6224460511981426
2024-06-03 09:00:00,68.83505742446319,-11.2,22.6,0.0,0.0,100.0,0.0,68.83505742446319,-31.164942575536813,0.0,0.9073370601414107,0.0,100.0,-31.164942575536813,0.0,0.6797895455371303
2024-06-03 10:00:00,69.98762256256023,-11.5,21.5,0.0,0.0,100.0,0.0,69.98762256256023,-30.012377437439767,0.0,0.9625598346262999,0.0,100.0,-30.012377437439767,0.0,0.7350123200220195
2024-06-03 11:00:00,63.95799959057576,-11.7,20.2,0.0,0.0,100.0,0.0,63.95799959057576,-20.34791596396744,0.0,1.0,0.0,100.0,-36.04200040942424,0.0,0.8013296007753602
2024-06-03 12:00:00,72.18094865701518,-12.1,17.7,0.0,0.0,100.0,0.0,72.18094865701518,0.0,0.0,1.0,0.0,100.0,-27.81905134298482,0.0,0.8525166552464523
2024-06-03 13:00:00,75.7217708918316,-12.3,19.4,0.0,0.0,100.0,0.0,75.7217708918316,0.0,0.0,1.0,0.0,75.7217708918316,0.0,0.0,0.8525166552464523
2024-06-03 14:00:00,73.56949501654596,-12.4,20.3,0.0,0.0,100.0,0.0,73.56949501654596,0.0,0.0,1.0,0.0,73.56949501654596,0.0,0.0,0.8525166552464523
2024-06-03 15:00:00,79.76666991471309,-12.8,19.5,0.0,0.0,100.0,0.0,79.76666991471309,0.0,0.0,1.0,0.0,100.0,-20.23333008528691,0.0,0.8897459826033802
2024-06-03 16:00:00,70.45553469442544,-12.8,20.1,0.0,0.0,100.0,0.0,70.45553469442544,0.0,0.0,1.0,0.0,100.0,-29.544465305574562,0.0,0.9441077987656374
2024-06-03 17:00:00,69.62380367697568,-12.3,23.5,0.0,0.0,100.0,0.0,69.62380367697568,0.0,0.0,1.0,0.0,100.0,-30.376196323024317,0.0,1.0
2024-06-03 18:00:00,63.468485010165054,-12.1,27.2,0.0,0.0,0.0,0.0,0.0,63.468485010165054,0.0,0.8620250325865977,0.0,0.0,63.468485010165054,0.0,0.8620250325865977
2024-06-03 19:00:00,56.039320600611816,-11.3,29.7,0.0,0.0,0.0,0.0,0.0,56.039320600611816,0.0,0.7402004225852676,0.0,0.0,56.039320600611816,0.0,0.7402004225852676
2024-06-03 20:00:00,48.138076943462565,-10.9,35.9,0.0,0.0,0.0,0.0,0.0,48.138076943462565,0.0,0.6355524292299143,0.0,0.0,48.138076943462565,0.0,0.6355524292299143
2024-06-03 21:00:00,49.67231703818665,-11.2,40.3,0.0,0.0,0.0,0.0,0.0,49.67231703818665,0.0,0.5275691313208128,0.0,0.0,49.67231703818665,0.0,0.5275691313208128
2024-06-03 22:00:00,51.08525334447424,-11.0,39.5,0.0,0.0,0.0,0.0,0.0,51.08525334447424,0.0,0.41651423274586885,0.0,0.0,0.0,51.08525334447424,0.5275691313208128
2024-06-03 23:00:00,40.509324440502866,-10.6,37.0,0.0,0.0,0.0,0.0,0.0,40.509324440502866,0.0,0.328450483962167,0.0,0.0,0.6176199514124736,39.891704489090394,0.5262264792525249
2024-06-04 00:00:00,45.59870697801589,-10.8,33.7,0.0,0.0,0.0,0.0,0.0,45.59870697801589,0.0,0.22932286009691505,0.0,0.0,45.59870697801589,0.0,0.42709885538727294
2024-06-04 01:00:00,33.911320589879985,-10.2,34.5,0.0,0.0,0.0,0.0,0.0,13.488515644580918,20.422804945299067,0.2,0.0,0.0,33.911320589879985,0.0,0.3533785932353599
2024-06-04 02:00:00,39.90029168065179,-9.7,31.7,0.0,0.0,0.0,0.0,0.0,0.0,39.90029168065179,0.2,0.0,0.0,0.0,39.90029168065179,0.3533785932353599
2024-06-04 03:00:00,37.56470668244981,-9.6,28.2,0.0,0.0,0.0,0.0,0.0,0.0,37.56470668244981,0.2,0.0,0.0,37.56470668244981,0.0,0.2717161874039473
2024-06-04 04:00:00,32.989446205817494,-9.6,25.3,0.0,0.0,0.0,0.0,0.0,0.0,32.989446205817494,0.2,0.0,0.0,32.989446205817494,0.0,0.2
2024-06-04 05:00:00,40.87992738239194,-9.5,23.3,0.0,0.0,100.0,0.0,40.87992738239194,-79.12007261760806,20.0,0.34558093361639886,0.0,100.0,-59.12007261760806,0.0,0.30878093361639886
2024-06-04 06:00:00,52.65720454659185,-9.5,23.0,0.0,0.0,100.0,0.0,52.65720454659185,-47.34279545340815,0.0,0.43269167725066987,0.0,52.65720454659185,0.0,0.0,0.30878093361639886
2024-06-04 07:00:00,47.70483729673388,-9.6,21.9,0.0,0.0,100.0,0.0,47.70483729673388,-52.29516270326612,0.0,0.5289147766246796,0.0,47.70483729673388,0.0,0.0,0.30878093361639886
2024-06-04 08:00:00,54.64524880687533,-9.6,21.9,0.0,0.0,100.0,0.0,54.64524880687533,-45.35475119312467,0.0,0.6123675188200289,0.0,54.64524880687533,0.0,0.0,0.30878093361639886
2024-06-04 09:00:00,65.65251522606754,-10.0,22.5,0.0,0.0,100.0,0.0,65.65251522606754,-34.347484773932464,0.0,0.6755668908040646,0.0,65.65251522606754,0.0,0.0,0.30878093361639886
2024-06-04 10:00:00,80.24165365216096,-10.2,21.5,0.0,0.0,100.0,0.0,80.24165365216096,-19.758346347839037,0.0,0.7119222480840884,0.0,100.0,-19.758346347839037,0.0,0.34513629089642267
2024-06-04 11:00:00,65.11210957980252,-10.9,20.3,0.0,0.0,100.0,0.0,65.11210957980252,-34.88789042019748,0.0,0.7761159664572518,0.0,85.9274701401504,-20.815360560347877,0.0,0.38343655432746276
2024-06-04 12:00:00,68.62636999792748,-11.2,19.2,0.0,0.0,100.0,0.0,68.62636999792748,-31.373630002072517,0.0,0.8338434456610652,0.0,68.62636999792748,0.0,0.0,0.38343655432746276
2024-06-04 13:00:00,70.05067703800675,-11.0,19.8,0.0,0.0,100.0,0.0,70.05067703800675,-29.949322961993246,0.0,0.8889501999111328,0.0,70.05067703800675,0.0,0.0,0.38343655432746276
2024-06-04 14:00:00,70.07740049867228,-11.4,18.8,0.0,0.0,100.0,0.0,70.07740049867228,-29.922599501327724,0.0,0.9440077829935758,0.0,70.07740049867228,0.0,0.0,0.38343655432746276
2024-06-04 15:00:00,74.78066675892438,-12.9,18.9,0.0,0.0,100.0,0.0,74.78066675892438,-25.219333241075617,0.0,0.9904113561571549,0.0,100.0,-25.219333241075617,0.0,0.4298401274910419
2024-06-04 16:00:00,69.94832668952523,-13.5,19.2,0.0,0.0,100.0,0.0,69.94832668952523,-5.2112194798071085,0.0,1.0,0.0,69.94832668952523,0.0,0.0,0.4298401274910419
2024-06-04 17:00:00,66.46097604941744,-13.3,19.8,0.0,0.0,100.0,0.0,66.46097604941744,0.0,0.0,1.0,0.0,100.0,-33.53902395058256,0.0,0.4915519315601138
2024-06-04 18:00:00,57.24364048613433,-13.6,19.8,0.0,0.0,100.0,0.0,57.24364048613433,0.0,0.0,1.0,0.0,57.24364048613433,0.0,0.0,0.4915519315601138
2024-06-04 19:00:00,62.87781882566839,-14.0,20.5,0.0,0.0,100.0,0.0,62.87781882566839,0.0,0.0,1.0,0.0,62.87781882566839,0.0,0.0,0.4915519315601138
2024-06-04 20:00:00,63.14546753311275,-13.6,20.2,0.0,0.0,100.0,0.0,63.14546753311275,0.0,0.0,1.0,0.0,100.0,-36.85453246688725,0.0,0.5593642712991863
2024-06-04 21:00:00,55.887128873898426,-13.8,19.5,0.0,0.0,100.0,0.0,55.887128873898426,0.0,0.0,1.0,0.0,100.0,-44.112871126101574,0.0,0.6405319541712132
2024-06-04 22:00:00,59.26503880411215,-14.7,19.0,0.0,0.0,100.0,0.0,59.26503880411215,0.0,0.0,1.0,0.0,100.0,-40.73496119588785,0.0,0.7154842827716469
2024-06-04 23:00:00,54.351637229725085,-15.4,18.6,0.0,0.0,100.0,0.0,54.351637229725085,0.0,0.0,1.0,0.0,54.351637229725085,0.0,0.0,0.7154842827716469
2024-06-05 00:00:00,51.502293468348896,-15.6,19.5,0.0,0.0,100.0,0.0,51.502293468348896,0.0,0.0,1.0,0.0,100.0,-48.497706531651104,0.0,0.804720062789885
2024-06-05 01:00:00,40.73537223496591,-13.0,24.4,0.0,0.0,100.0,0.0,40.73537223496591,0.0,0.0,1.0,0.0,40.73537223496591,0.0,0.0,0.804720062789885
2024-06-05 02:00:00,38.218681423192976,-13.1,23.4,0.0,0.0,100.0,0.0,38.218681423192976,0.0,0.0,1.0,0.0,38.218681423192976,0.0,0.0,0.804720062789885
2024-06-05 03:00:00,34.19744763031439,-13.7,22.5,0.0,0.0,100.0,0.0,34.19744763031439,0.0,0.0,1.0,0.0,34.19744763031439,0.0,0.0,0.804720062789885
2024-06-05 04:00:00,44.489605549508376,-14.2,22.2,0.0,0.0,100.0,0.0,44.489605549508376,0.0,0.0,1.0,0.0,100.0,-55.510394450491624,0.0,0.9068591885787896
2024-06-05 05:00:00,49.37999379282077,-13.8,23.7,0.0,0.0,100.0,0.0,49.37999379282077,0.0,0.0,1.0,0.0,100.0,-50.62000620717923,0.0,0.9999999999999993
2024-06-05 06:00:00,63.37710548899617,-13.4,26.8,0.0,0.0,0.0,0.0,0.0,63.37710548899617,0.0,0.8622236837195736,0.0,0.0,0.0,63.37710548899617,0.9999999999999993
2024-06-05 07:00:00,64.0666016163944,-13.3,26.9,0.0,0.0,0.0,0.0,0.0,64.0666016163944,0.0,0.7229484628143684,0.0,0.0,64.0666016163944,0.0,0.8607247790947942
2024-06-05 08:00:00,64.17573009931012,-13.4,25.4,0.0,0.0,0.0,0.0,0.0,64.17573009931012,0.0,0.5834360060767377,0.0,0.0,0.0,64.17573009931012,0.8607247790947942
2024-06-05 09:00:00,69.25315862240598,-13.8,24.8,0.0,0.0,100.0,0.0,69.25315862240598,-30.746841377594023,0.0,0.6400101942115107,0.0,100.0,-30.746841377594023,0.0,0.9172989672295672
2024-06-05 10:00:00,79.46723956397713,-14.0,25.8,0.0,0.0,0.0,0.0,0.0,79.46723956397713,0.0,0.46725532559416916,0.0,0.0,0.0,79.46723956397713,0.9172989672295672
2024-06-05 11:00:00,81.60882223413876,-14.2,26.3,0.0,0.0,0.0,0.0,0.0,81.60882223413876,0.0,0.28984484247647624,0.0,0.0,0.0,81.60882223413876,0.9172989672295672
2024-06-05 12:00:00,73.18441831652807,-14.3,26.6,0.0,0.0,0.0,0.0,0.0,41.32862753917907,31.855790777349,0.2,0.0,0.0,0.0,73.18441831652807,0.9172989672295672
2024-06-05 13:00:00,80.53492087502798,-14.3,25.8,0.0,0.0,0.0,0.0,0.0,0.0,80.53492087502798,0.2,0.0,0.0,0.0,80.53492087502798,0.9172989672295672
2024-06-05 14:00:00,80.16937275373904,-14.2,25.3,0.0,0.0,0.0,0.0,0.0,0.0,80.16937275373904,0.2,0.0,0.0,0.0,80.16937275373904,0.9172989672295672
2024-06-05 15:00:00,80.860002173578,-14.1,26.5,0.0,0.0,0.0,0.0,0.0,0.0,80.860002173578,0.2,0.0,0.0,0.0,80.860002173578,0.9172989672295672
2024-06-05 16:00:00,64.20120988647169,-13.5,30.4,0.0,0.0,0.0,0.0,0.0,0.0,64.20120988647169,0.2,0.0,0.0,0.0,64.20120988647169,0.9172989672295672
2024-06-05 17:00:00,77.0209106007305,-13.6,34.5,0.0,0.0,0.0,0.0,0.0,0.0,77.0209106007305,0.2,0.0,0.0,0.0,77.0209106007305,0.9172989672295672
2024-06-05 18:00:00,61.65008275888144,-14.3,34.5,0.0,0.0,0.0,0.0,0.0,0.0,61.65008275888144,0.2,0.0,0.0,61.65008275888144,0.0,0.7832770481885205
2024-06-05 19:00:00,66.96866164864889,-14.0,35.7,0.0,0.0,0.0,0.0,0.0,0.0,66.96866164864889,0.2,0.0,0.0,0.0,66.96866164864889,0.7832770481885205
2024-06-05 20:00:00,58.13908002665522,-14.0,36.1,0.0,0.0,0.0,0.0,0.0,0.0,58.13908002665522,0.2,0.0,0.0,58.13908002665522,0.0,0.6568877437827483
2024-06-05 21:00:00,55.420860498165496,-14.0,36.8,0.0,0.0,0.0,0.0,0.0,0.0,55.420860498165496,0.2,0.0,0.0,0.0,55.420860498165496,0.6568877437827483
2024-06-05 22:00:00,51.294490470149256,-14.0,36.9,0.0,0.0,0.0,0.0,0.0,0.0,51.294490470149256,0.2,0.0,0.0,0.0,51.294490470149256,0.6568877437827483
2024-06-05 23:00:00,50.453022925257464,-14.1,36.4,0.0,0.0,0.0,0.0,0.0,0.0,50.453022925257464,0.2,0.0,0.0,0.0,50.453022925257464,0.6568877437827483
2024-06-06 00:00:00,51.63762271640447,-14.2,38.4,0.0,0.0,0.0,0.0,0.0,0.0,51.63762271640447,0.2,0.0,0.0,0.0,51.63762271640447,0.6568877437827483
2024-06-06 01:00:00,50.95430755911534,-14.1,41.1,0.0,0.0,0.0,0.0,0.0,0.0,50.95430755911534,0.2,0.0,0.0,0.0,50.95430755911534,0.6568877437827483
2024-06-06 02:00:00,49.18974441298689,-14.1,42.0,0.0,0.0,0.0,0.0,0.0,0.0,49.18974441298689,0.2,0.0,0.0,0.0,49.18974441298689,0.6568877437827483
2024-06-06 03:00:00,43.959107733883506,-14.2,42.5,0.0,0.0,0.0,0.0,0.0,0.0,43.959107733883506,0.2,0.0,0.0,0.0,43.959107733883506,0.6568877437827483
2024-06-06 04:00:00,54.393371195841524,-14.2,42.4,0.0,0.0,0.0,0.0,0.0,0.0,54.393371195841524,0.2,0.0,0.0,0.0,54.393371195841524,0.6568877437827483
2024-06-06 05:00:00,50.16486271411239,-14.4,42.6,0.0,0.0,0.0,0.0,0.0,0.0,50.16486271411239,0.2,0.0,0.0,0.0,50.16486271411239,0.6568877437827483
2024-06-06 06:00:00,62.38720181126462,-14.5,41.7,0.0,0.0,0.0,0.0,0.0,0.0,62.38720181126462,0.2,0.0,0.0,0.0,62.38720181126462,0.6568877437827483
2024-06-06 07:00:00,66.49359836453074,-14.6,40.2,0.0,0.0,0.0,0.0,0.0,0.0,66.49359836453074,0.2,0.0,0.0,0.0,66.49359836453074,0.6568877437827483
2024-06-06 08:00:00,69.00397684287317,-14.7,38.8,0.0,0.0,0.0,0.0,0.0,0.0,69.00397684287317,0.2,0.0,0.0,69.00397684287317,0.0,0.5068790984721545
2024-06-06 09:00:00,80.10617077189922,-14.8,37.6,0.0,0.0,0.0,0.0,0.0,0.0,80.10617077189922,0.2,0.0,0.0,0.0,80.10617077189922,0.5068790984721545
2024-06-06 10:00:00,85.60335938754562,-14.9,36.2,0.0,0.0,0.0,0.0,0.0,0.0,85.60335938754562,0.2,0.0,0.0,0.0,85.60335938754562,0.5068790984721545
2024-06-06 11:00:00,79.86400934298698,-15.1,35.2,0.0,0.0,0.0,0.0,0.0,0.0,79.86400934298698,0.2,0.0,0.0,0.0,79.86400934298698,0.5068790984721545
2024-06-06 12:00:00,78.71428258998779,-15.2,33.3,0.0,0.0,0.0,0.0,0.0,0.0,78.71428258998779,0.2,0.0,0.0,78.71428258998779,0.0,0.33576109284174627
2024-06-06 13:00:00,85.17681479663449,-15.4,28.8,0.0,0.0,0.0,0.0,0.0,0.0,85.17681479663449,0.2,0.0,0.0,0.0,85.17681479663449,0.33576109284174627
2024-06-06 14:00:00,84.98313429002053,-15.6,26.3,0.0,0.0,0.0,0.0,0.0,0.0,84.98313429002053,0.2,0.0,0.0,62.45010270720698,22.53303158281355,0.2
2024-06-06 15:00:00,67.2305616565876,-15.8,23.9,0.0,0.0,100.0,0.0,67.2305616565876,-52.7694383434124,20.0,0.29709576655187886,0.0,100.0,-32.7694383434124,0.0,0.26029576655187886
2024-06-06 16:00:00,87.40385075746686,-16.1,22.4,0.0,0.0,100.0,0.0,87.40385075746686,-12.596149242533144,0.0,0.32027268115813984,0.0,100.0,-12.596149242533144,0.0,0.28347268115813984
2024-06-06 17:00:00,74.76204284889836,-16.5,22.5,0.0,0.0,100.0,0.0,74.76204284889836,-25.23795715110164,0.0,0.36671052231616685,0.0,100.0,-25.23795715110164,0.0,0.32991052231616685
2024-06-06 18:00:00,69.50859889583852,-17.0,23.7,0.0,0.0,100.0,0.0,69.50859889583852,-30.491401104161483,0.0,0.422814700347824,0.0,100.0,-30.491401104161483,0.0,0.386014700347824
2024-06-06 19:00:00,65.02944852173592,-17.4,23.5,0.0,0.0,100.0,0.0,65.02944852173592,-34.970551478264085,0.0,0.48716051506782987,0.0,100.0,-34.970551478264085,0.0,0.4503605150678299
2024-06-06 20:00:00,65.68027048833177,-17.7,24.3,0.0,0.0,100.0,0.0,65.68027048833177,-34.31972951166823,0.0,0.5503088173692994,0.0,100.0,-34.31972951166823,0.0,0.5135088173692994
2024-06-06 21:00:00,61.18626084341509,-18.0,24.6,0.0,0.0,100.0,0.0,61.18626084341509,-38.81373915658491,0.0,0.6217260974174156,0.0,100.0,-38.81373915658491,0.0,0.5849260974174156
2024-06-06 22:00:00,56.502452680576546,-18.1,25.5,0.0,0.0,0.0,0.0,0.0,56.502452680576546,0.0,0.498894678546597,0.0,0.0,56.502452680576546,0.0,0.4620946785465971
2024-06-06 23:00:00,53.28936865077713,-18.4,24.2,0.0,0.0,100.0,0.0,53.28936865077713,-46.71063134922287,0.0,0.5848422402291671,0.0,96.91230901709159,-43.62294036631445,0.0,0.5423608888206157
2024-06-07 00:00:00,60.57371412029911,-19.1,20.9,0.0,0.0,100.0,0.0,60.57371412029911,-39.42628587970089,0.0,0.6573866062478168,0.0,100.0,-39.42628587970089,0.0,0.6149052548392654
2024-06-07 01:00:00,64.75181720501551,-19.6,18.0,0.0,0.0,100.0,0.0,64.75181720501551,-35.24818279498449,0.0,0.7222432625905882,0.0,100.0,-35.24818279498449,0.0,0.6797619111820369
2024-06-07 02:00:00,55.102857990074504,-20.0,18.1,0.0,0.0,100.0,0.0,55.102857990074504,-44.897142009925496,0.0,0.8048540038888512,0.0,100.0,-44.897142009925496,0.0,0.7623726524802998
2024-06-07 03:00:00,57.062990923772844,-20.3,18.8,0.0,0.0,100.0,0.0,57.062990923772844,-42.937009076227156,0.0,0.8838581005891092,0.0,100.0,-42.937009076227156,0.0,0.8413767491805578
2024-06-07 04:00:00,54.33794984276631,-20.6,18.4,0.0,0.0,100.0,0.0,54.33794984276631,-45.66205015723369,0.0,0.9678762728784192,0.0,100.0,-45.66205015723369,0.0,0.9253949214698678
2024-06-07 05:00:00,61.77332682775288,-21.0,17.3,0.0,0.0,100.0,0.0,61.77332682775288,-17.458547348685244,0.0,1.0,0.0,61.77332682775288,0.0,0.0,0.9253949214698678
2024-06-07 06:00:00,72.33241202115144,-21.1,17.3,0.0,0.0,100.0,0.0,72.33241202115144,0.0,0.0,1.0,0.0,100.0,-27.66758797884856,0.0,0.9763032833509492
2024-06-07 07:00:00,76.35221053178616,-21.4,16.9,0.0,0.0,100.0,0.0,76.35221053178616,0.0,0.0,1.0,0.0,76.35221053178616,0.0,0.0,0.9763032833509492
2024-06-07 08:00:00,87.12134964725442,-21.7,16.6,0.0,0.0,100.0,0.0,87.12134964725442,0.0,0.0,1.0,0.0,100.0,-12.87865035274558,0.0,1.0
2024-06-07 09:00:00,102.44775979166539,-21.7,17.0,0.0,0.0,100.0,0.0,100.0,2.4477597916653906,0.0,0.994678783061597,0.0,100.0,2.4477597916653906,0.0,0.994678783061597
2024-06-07 10:00:00,107.22646377550053,-21.4,17.4,0.0,0.0,100.0,0.0,100.0,7.226463775500534,0.0,0.9789690792018132,0.0,100.0,7.226463775500534,0.0,0.9789690792018132
2024-06-07 11:00:00,98.2370513475763,-21.6,16.6,0.0,0.0,100.0,0.0,98.2370513475763,-1.7629486524237024,0.0,0.9822129047222729,0.0,100.0,-1.7629486524237024,0.0,0.9822129047222729
2024-06-07 12:00:00,86.68671409610637,-21.3,16.9,0.0,0.0,100.0,0.0,86.68671409610637,-9.666899607460408,0.0,1.0,0.0,86.68671409610637,0.0,0.0,0.9822129047222729
2024-06-07 13:00:00,91.74704008391171,-19.9,20.2,0.0,0.0,100.0,0.0,91.74704008391171,0.0,0.0,1.0,0.0,100.0,-8.252959916088287,0.0,0.9973983509678753
2024-06-07 14:00:00,89.10584432747063,-19.5,21.4,0.0,0.0,100.0,0.0,89.10584432747063,0.0,0.0,1.0,0.0,90.51978401884232,-1.4139396913716837,0.0,0.9999999999999992
2024-06-07 15:00:00,91.67601204917365,-19.2,25.1,0.0,0.0,0.0,0.0,0.0,91.67601204917365,0.0,0.8007043216322312,0.0,0.0,44.836793665534124,46.839218383639526,0.9025287094227511
2024-06-07 16:00:00,88.1645155563571,-19.1,26.3,0.0,0.0,0.0,0.0,0.0,88.1645155563571,0.0,0.6090423312923244,0.0,0.0,88.1645155563571,0.0,0.7108667190828444
2024-06-07 17:00:00,82.64644789481112,-19.6,24.8,0.0,0.0,100.0,0.0,82.64644789481112,-17.353552105188882,0.0,0.640972867165872,0.0,100.0,-17.353552105188882,0.0,0.7427972549563919
2024-06-07 18:00:00,81.48355611191602,-19.8,24.7,0.0,0.0,100.0,0.0,81.48355611191602,-18.516443888083984,0.0,0.6750431239199465,0.0,100.0,-18.516443888083984,0.0,0.7768675117104664
2024-06-07 19:00:00,78.5845061954192,-20.0,24.0,0.0,0.0,100.0,0.0,78.5845061954192,-21.415493804580805,0.0,0.7144476325203751,0.0,100.0,-21.415493804580805,0.0,0.8162720203108951
2024-06-07 20:00:00,73.74681021453561,-20.1,23.8,0.0,0.0,100.0,0.0,73.74681021453561,-26.253189785464386,0.0,0.7627535017256296,0.0,100.0,-26.253189785464386,0.0,0.8645778895161496
2024-06-07 21:00:00,62.79234853851535,-20.4,23.3,0.0,0.0,100.0,0.0,62.79234853851535,-37.20765146148465,0.0,0.8312155804147614,0.0,100.0,-37.20765146148465,0.0,0.9330399682052813
2024-06-07 22:00:00,63.60867837243653,-20.6,23.3,0.0,0.0,100.0,0.0,63.60867837243653,-36.39132162756347,0.0,0.8981756122094782,0.0,100.0,-36.39132162756347,0.0,0.9999999999999981
2024-06-07 23:00:00,61.89921489133133,-20.2,26.6,0.0,0.0,0.0,0.0,0.0,61.89921489133133,0.0,0.7636121015761492,0.0,0.0,0.0,61.89921489133133,0.9999999999999981
2024-06-08 00:00:00,67.04355885653,-19.8,28.6,0.0,0.0,0.0,0.0,0.0,67.04355885653,0.0,0.6178652344967361,0.0,0.0,67.04355885653,0.0,0.8542531329205851
2024-06-08 01:00:00,52.91537124880651,-19.4,31.9,0.0,0.0,0.0,0.0,0.0,52.91537124880651,0.0,0.5028318187384612,0.0,0.0,0.0,52.91537124880651,0.8542531329205851
2024-06-08 02:00:00,52.554201002240546,-19.2,32.7,0.0,0.0,0.0,0.0,0.0,52.554201002240546,0.0,0.38858355569011216,0.0,0.0,0.0,52.554201002240546,0.8542531329205851
2024-06-08 03:00:00,53.89075955961912,-19.0,34.0,0.0,0.0,0.0,0.0,0.0,53.89075955961912,0.0,0.2714297305605054,0.0,0.0,53.89075955961912,0.0,0.7370993077909783
2024-06-08 04:00:00,52.4793615081372,-18.9,35.3,0.0,0.0,0.0,0.0,0.0,32.4793615081372,20.0,0.20069609877143932,0.0,0.0,52.4793615081372,0.0,0.6230137392950279
2024-06-08 05:00:00,62.967038737436695,-18.7,36.7,0.0,0.0,0.0,0.0,0.0,0.3202054348620814,62.64683330257461,0.2,0.0,0.0,0.0,62.967038737436695,0.6230137392950279
2024-06-08 06:00:00,71.01086915715449,-18.5,39.3,0.0,0.0,0.0,0.0,0.0,0.0,71.01086915715449,0.2,0.0,0.0,0.0,71.01086915715449,0.6230137392950279
2024-06-08 07:00:00,79.12692367030596,-18.1,42.4,0.0,0.0,0.0,0.0,0.0,0.0,79.12692367030596,0.2,0.0,0.0,0.0,79.12692367030596,0.6230137392950279
2024-06-08 08:00:00,82.04216084492766,-17.9,40.8,0.0,0.0,0.0,0.0,0.0,0.0,82.04216084492766,0.2,0.0,0.0,0.0,82.04216084492766,0.6230137392950279
2024-06-08 09:00:00,98.97568624828769,-17.7,40.7,0.0,0.0,0.0,0.0,0.0,0.0,98.97568624828769,0.2,0.0,0.0,98.97568624828769,0.0,0.4078492039726634
2024-06-08 10:00:00,86.91108443617829,-17.3,38.9,0.0,0.0,0.0,0.0,0.0,0.0,86.91108443617829,0.2,0.0,0.0,0.0,86.91108443617829,0.4078492039726634
2024-06-08 11:00:00,97.7953879308947,-17.7,39.6,0.0,0.0,0.0,0.0,0.0,0.0,97.7953879308947,0.2,0.0,0.0,0.0,97.7953879308947,0.4078492039726634
2024-06-08 12:00:00,87.05399744329218,-17.7,39.9,0.0,0.0,0.0,0.0,0.0,0.0,87.05399744329218,0.2,0.0,0.0,0.0,87.05399744329218,0.4078492039726634
2024-06-08 13:00:00,94.15193666513359,-17.8,39.1,0.0,0.0,0.0,0.0,0.0,0.0,94.15193666513359,0.2,0.0,0.0,0.0,94.15193666513359,0.4078492039726634
2024-06-08 14:00:00,90.39981122729145,-18.0,39.0,0.0,0.0,0.0,0.0,0.0,0.0,90.39981122729145,0.2,0.0,0.0,0.0,90.39981122729145,0.4078492039726634
2024-06-08 15:00:00,92.22237351481881,-18.0,39.0,0.0,0.0,0.0,0.0,0.0,0.0,92.22237351481881,0.2,0.0,0.0,0.0,92.22237351481881,0.4078492039726634
2024-06-08 16:00:00,91.39737081832182,-18.1,37.7,0.0,0.0,0.0,0.0,0.0,0.0,91.39737081832182,0.2,0.0,0.0,25.16741703940628,66.22995377891553,0.35313742780004104
2024-06-08 17:00:00,74.81320678138064,-18.1,38.8,0.0,0.0,0.0,0.0,0.0,0.0,74.81320678138064,0.2,0.0,0.0,0.0,74.81320678138064,0.35313742780004104
2024-06-08 18:00:00,75.42086859092291,-18.1,38.4,0.0,0.0,0.0,0.0,0.0,0.0,75.42086859092291,0.2,0.0,0.0,0.0,75.42086859092291,0.35313742780004104
2024-06-08 19:00:00,61.74373655884406,-18.2,38.2,0.0,0.0,0.0,0.0,0.0,0.0,61.74373655884406,0.2,0.0,0.0,0.0,61.74373655884406,0.35313742780004104
2024-06-08 20:00:00,67.53333511575421,-18.2,37.7,0.0,0.0,0.0,0.0,0.0,0.0,67.53333511575421,0.2,0.0,0.0,0.0,67.53333511575421,0.35313742780004104
2024-06-08 21:00:00,60.11995903269957,-18.1,37.0,0.0,0.0,0.0,0.0,0.0,0.0,60.11995903269957,0.2,0.0,0.0,0.0,60.11995903269957,0.35313742780004104
2024-06-08 22:00:00,58.91116156016633,-18.0,34.7,0.0,0.0,0.0,0.0,0.0,0.0,58.91116156016633,0.2,0.0,0.0,0.0,58.91116156016633,0.35313742780004104
2024-06-08 23:00:00,70.44321678802329,-17.9,32.4,0.0,0.0,0.0,0.0,0.0,0.0,70.44321678802329,0.2,0.0,0.0,70.44321678802329,0.0,0.2
2024-06-09 00:00:00,64.41401753398598,-17.9,30.0,0.0,0.0,0.0,0.0,0.0,0.0,64.41401753398598,0.2,0.0,0.0,0.0,64.41401753398598,0.2
2024-06-09 01:00:00,43.50276231649684,-17.2,29.3,0.0,0.0,0.0,0.0,0.0,0.0,43.50276231649684,0.2,0.0,0.0,0.0,43.50276231649684,0.2
2024-06-09 02:00:00,49.72869150799702,-17.3,27.0,0.0,0.0,0.0,0.0,0.0,0.0,49.72869150799702,0.2,0.0,0.0,0.0,49.72869150799702,0.2
2024-06-09 03:00:00,51.39465543529619,-17.6,24.1,0.0,0.0,100.0,0.0,51.39465543529619,-68.60534456470381,20.0,0.32623383399905503,0.0,100.0,-48.60534456470381,0.0,0.28943383399905503
2024-06-09 04:00:00,50.79801456647706,-18.3,20.1,0.0,0.0,100.0,0.0,50.79801456647706,-49.20198543352294,0.0,0.4167654871967372,0.0,50.79801456647706,0.0,0.0,0.28943383399905503
2024-06-09 05:00:00,57.76653801579274,-18.5,17.7,0.0,0.0,100.0,0.0,57.76653801579274,-42.23346198420726,0.0,0.4944750572476786,0.0,100.0,-42.23346198420726,0.0,0.3671434040499964
2024-06-09 06:00:00,68.779911037075,-19.7,17.1,0.0,0.0,100.0,0.0,68.779911037075,-31.220088962925004,0.0,0.5519200209394606,0.0,96.17314658963622,-27.393235552561226,0.0,0.41754695746670906
2024-06-09 07:00:00,70.44194313569069,-20.3,17.0,0.0,0.0,100.0,0.0,70.44194313569069,-29.558056864309307,0.0,0.6063068455697898,0.0,70.44194313569069,0.0,0.0,0.41754695746670906
2024-06-09 08:00:00,80.59335322956926,-20.3,16.2,0.0,0.0,100.0,0.0,80.59335322956926,-19.40664677043074,0.0,0.6420150756273824,0.0,100.0,-19.40664677043074,0.0,0.4532551875243016
2024-06-09 09:00:00,95.18648359220495,-20.3,16.1,0.0,0.0,100.0,0.0,95.18648359220495,-4.813516407795049,0.0,0.6508719458177252,0.0,100.0,-4.813516407795049,0.0,0.4621120577146445
2024-06-09 10:00:00,99.10951263990883,-20.3,16.3,0.0,0.0,100.0,0.0,99.10951263990883,-0.8904873600911714,0.0,0.652510442560293,0.0,100.0,-0.8904873600911714,0.0,0.46375055445721225
2024-06-09 11:00:00,91.33218642291367,-20.5,16.3,0.0,0.0,100.0,0.0,91.33218642291367,-8.667813577086335,0.0,0.6684592195421318,0.0,100.0,-8.667813577086335,0.0,0.4796993314390511
2024-06-09 12:00:00,87.11561930073078,-20.7,15.5,0.0,0.0,100.0,0.0,87.11561930073078,-12.884380699269215,0.0,0.6921664800287872,0.0,100.0,-12.884380699269215,0.0,0.5034065919257065
2024-06-09 13:00:00,94.97610375164398,-20.7,13.5,0.0,0.0,100.0,0.0,94.97610375164398,-5.023896248356024,0.0,0.7014104491257623,0.0,100.0,-5.023896248356024,0.0,0.5126505610226816
2024-06-09 14:00:00,106.20575476491635,-21.4,14.6,0.0,0.0,100.0,0.0,100.0,6.20575476491635,0.0,0.6879196778976833,0.0,100.0,6.20575476491635,0.0,0.49915978979460257
2024-06-09 15:00:00,97.79257114526565,-21.7,14.8,0.0,0.0,100.0,0.0,97.79257114526565,-2.2074288547343457,0.0,0.6919813469903945,0.0,100.0,-2.2074288547343457,0.0,0.5032214588873137
2024-06-09 16:00:00,102.87615415317825,-22.1,14.4,0.0,0.0,100.0,0.0,100.0,2.8761541531782484,0.0,0.6857288379617461,0.0,100.0,2.8761541531782484,0.0,0.49696894985866535
2024-06-09 17:00:00,87.5208972616872,-22.4,13.8,0.0,0.0,100.0,0.0,87.5208972616872,-12.479102738312804,0.0,0.7086903870002417,0.0,100.0,-12.479102738312804,0.0,0.5199304988971609
2024-06-09 18:00:00,87.41554900727414,-22.4,11.7,0.0,0.0,90.32962962962961,0.0,87.41554900727414,-2.9140806223554705,0.0,0.7140522953453757,0.0,90.32962962962961,-2.9140806223554705,0.0,0.525292407242295
2024-06-09 19:00:00,78.77852285447997,-21.8,10.9,0.0,0.0,67.63223593964335,0.0,67.63223593964335,11.146286914836622,0.0,0.6898212368348613,0.0,67.63223593964335,11.146286914836622,0.0,0.5010613487317805
2024-06-09 20:00:00,80.07730473206556,-22.3,11.1,0.0,0.0,72.89999999999998,0.0,72.89999999999998,7.177304732065579,0.0,0.6742184004608057,0.0,72.89999999999998,7.177304732065579,0.0,0.4854585123577249
2024-06-09 21:00:00,70.29206058887402,-23.1,11.8,0.0,0.0,93.4803840877915,0.0,70.29206058887402,-23.188323498917484,0.0,0.7168849156988139,0.0,93.4803840877915,-23.188323498917484,0.0,0.5281250275957331
2024-06-09 22:00:00,80.13698876996878,-23.6,12.8,0.0,0.0,100.0,0.0,80.13698876996878,-19.86301123003122,0.0,0.7534328563620712,0.0,100.0,-19.86301123003122,0.0,0.5646729682589905
2024-06-09 23:00:00,57.34693798461997,-23.6,12.2,0.0,0.0,100.0,0.0,57.34693798461997,-42.65306201538003,0.0,0.8319144904703705,0.0,100.0,-42.65306201538003,0.0,0.6431546023672897
2024-06-10 00:00:00,73.15240119840124,-22.9,11.6,0.0,0.0,87.25048010973934,0.0,73.15240119840124,-14.098078911338106,0.0,0.8578549556672326,0.0,87.25048010973934,-14.098078911338106,0.0,0.6690950675641518
2024-06-10 01:00:00,62.199942345544166,-24.0,16.2,0.0,0.0,100.0,0.0,62.199942345544166,-37.800057654455834,0.0,0.9274070617514313,0.0,100.0,-37.800057654455834,0.0,0.7386471736483505
2024-06-10 02:00:00,59.91212290873457,-24.1,15.5,0.0,0.0,100.0,0.0,59.91212290873457,-39.452683830743865,0.0,1.0,0.0,100.0,-40.08787709126543,0.0,0.8124088674962789
2024-06-10 03:00:00,64.5726245154598,-24.6,15.2,0.0,0.0,100.0,0.0,64.5726245154598,0.0,0.0,1.0,0.0,100.0,-35.42737548454021,0.0,0.8775952383878329
2024-06-10 04:00:00,67.82580747583035,-25.1,14.4,0.0,0.0,100.0,0.0,67.82580747583035,0.0,0.0,1.0,0.0,100.0,-32.174192524169655,0.0,0.9367957526323051
2024-06-10 05:00:00,65.64986556103469,-25.6,13.1,0.0,0.0,100.0,0.0,65.64986556103469,0.0,0.0,1.0,0.0,100.0,-34.35013443896531,0.0,1.0
2024-06-10 06:00:00,80.60044777631302,-24.8,10.6,0.0,0.0,60.2161865569273,0.0,60.2161865569273,20.38426121938572,0.0,0.9556863886535093,0.0,60.2161865569273,0.0,20.38426121938572,1.0
2024-06-10 07:00:00,91.01236986317308,-22.3,8.9,0.0,0.0,28.17270233196159,0.0,28.17270233196159,62.83966753121149,0.0,0.8190784157595713,0.0,28.17270233196159,-0.0,62.83966753121149,1.0
2024-06-10 08:00:00,83.56354143919589,-21.2,8.0,0.0,0.0,17.14677640603567,0.0,17.14677640603567,66.41676503316022,0.0,0.6746941439483534,0.0,17.14677640603567,0.0,66.41676503316022,1.0
2024-06-10 09:00:00,114.54214255596989,-23.8,10.0,0.0,0.0,47.05075445816187,0.0,47.05075445816187,67.49138809780803,0.0,0.527973735040075,0.0,47.05075445816187,0.0,67.49138809780803,1.0
2024-06-10 10:00:00,114.91601242984282,-25.3,10.8,0.0,0.0,65.0962962962963,0.0,65.0962962962963,49.81971613354652,0.0,0.4196700043149739,0.0,65.0962962962963,0.0,49.81971613354652,1.0
2024-06-10 11:00:00,107.83386114039872,-26.0,11.6,0.0,0.0,87.25048010973934,0.0,87.25048010973934,20.583381030659382,0.0,0.3749235238135405,0.0,87.25048010973934,0.0,20.583381030659382,1.0
2024-06-10 12:00:00,99.22105307695873,-25.5,11.6,0.0,0.0,87.25048010973934,0.0,87.25048010973934,11.970572967219383,0.0,0.348900539102194,0.0,87.25048010973934,0.0,11.970572967219383,1.0
2024-06-10 13:00:00,84.13356462795862,-17.0,4.3,0.0,0.0,0.30137174211248274,0.0,0.30137174211248274,63.83219288584614,20.0,0.20857818138614007,0.0,0.30137174211248274,0.0,83.83219288584614,1.0
2024-06-10 14:00:00,79.9236083446475,-17.2,5.5,0.0,0.0,2.1433470507544587,0.0,2.1433470507544587,3.945963437624425,73.83429785626862,0.2,0.0,2.1433470507544587,0.0,77.78026129389305,1.0
2024-06-10 15:00:00,80.42377765470606,-16.0,3.4,0.0,0.0,0.008779149519890254,0.0,0.008779149519890254,0.0,80.41499850518616,0.2,0.0,0.008779149519890254,0.0,80.41499850518616,1.0
2024-06-10 16:00:00,76.12286378072194,-15.5,5.8,0.0,0.0,3.0112482853223597,0.0,3.0112482853223597,0.0,73.11161549539958,0.2,0.0,3.0112482853223597,0.0,73.11161549539958,1.0
2024-06-10 17:00:00,69.8779317544379,-16.1,6.5,0.0,0.0,5.881344307270234,0.0,5.881344307270234,0.0,63.99658744716766,0.2,0.0,5.881344307270234,0.0,63.99658744716766,1.0
2024-06-10 18:00:00,75.4642259745218,-16.2,6.2,0.0,0.0,4.4949245541838145,0.0,4.4949245541838145,0.0,70.96930142033798,0.2,0.0,4.4949245541838145,0.0,70.96930142033798,1.0
2024-06-10 19:00:00,65.73116856105307,-15.7,7.2,0.0,0.0,10.162962962962965,0.0,10.162962962962965,0.0,55.5682055980901,0.2,0.0,10.162962962962965,0.0,55.5682055980901,1.0
2024-06-10 20:00:00,59.29602727692786,-15.4,7.7,0.0,0.0,14.24183813443073,0.0,14.24183813443073,0.0,45.05418914249713,0.2,0.0,14.24183813443073,0.0,45.05418914249713,1.0
2024-06-10 21:00:00,57.573330324657285,-15.6,9.0,0.0,0.0,29.629629629629623,0.0,29.629629629629623,0.0,27.943700695027662,0.2,0.0,29.629629629629623,11.087627468392908,16.856073226634756,0.9758964620252328
2024-06-10 22:00:00,66.27553736657923,-20.4,11.0,0.0,0.0,70.23319615912207,0.0,66.27553736657923,-23.957658792542844,20.0,0.24408209217827884,0.0,70.23319615912207,-3.957658792542844,0.0,0.9831785542035116
2024-06-10 23:00:00,61.091106052334965,-20.7,11.0,0.0,0.0,70.23319615912207,0.0,61.091106052334965,-9.142090106787109,0.0,0.2609035379747671,0.0,70.23319615912207,-9.142090106787109,0.0,0.9999999999999999
2024-06-11 00:00:00,48.47012455956211,-15.7,8.6,0.0,0.0,24.089986282578877,0.0,24.089986282578877,24.38013827698323,0.0,0.20790323737262967,0.0,24.089986282578877,0.0,24.38013827698323,0.9999999999999999
2024-06-11 01:00:00,49.70326737020223,-16.2,5.5,0.0,0.0,2.1433470507544587,0.0,2.1433470507544587,3.635489191409642,43.92443112803813,0.2,0.0,2.1433470507544587,0.0,47.55992031944777,0.9999999999999999
2024-06-11 02:00:00,43.69662021216871,-15.3,4.2,0.0,0.0,0.23703703703703716,0.0,0.23703703703703716,0.0,43.45958317513168,0.2,0.0,0.23703703703703716,0.0,43.45958317513168,0.9999999999999999
2024-06-11 03:00:00,35.85267888425594,-13.7,3.3,0.0,0.0,0.003703703703703697,0.0,0.003703703703703697,0.0,35.84897518055223,0.2,0.0,0.003703703703703697,0.0,35.84897518055223,0.9999999999999999
2024-06-11 04:00:00,41.9449765324637,-12.7,3.3,0.0,0.0,0.003703703703703697,0.0,0.003703703703703697,0.0,41.94127282875999,0.2,0.0,0.003703703703703697,0.0,41.94127282875999,0.9999999999999999
2024-06-11 05:00:00,51.02169135210444,-13.5,4.1,0.0,0.0,0.18257887517146756,0.0,0.18257887517146756,0.0,50.839112476932975,0.2,0.0,0.18257887517146756,0.0,50.839112476932975,0.9999999999999999
2024-06-11 06:00:00,58.260691299482545,-13.7,8.2,0.0,0.0,19.287791495198896,0.0,19.287791495198896,0.0,38.97289980428365,0.2,0.0,19.287791495198896,0.0,38.97289980428365,0.9999999999999999
2024-06-11 07:00:00,62.525178337983036,-14.3,9.6,0.0,0.0,39.43703703703703,0.0,39.43703703703703,0.0,23.088141300946006,0.2,0.0,39.43703703703703,0.0,23.088141300946006,0.9999999999999999
2024-06-11 08:00:00,82.88386397392988,-17.8,10.2,0.0,0.0,51.19999999999999,0.0,51.19999999999999,0.0,31.68386397392989,0.2,0.0,51.19999999999999,0.0,31.68386397392989,0.9999999999999999
2024-06-11 09:00:00,84.47522251507691,-18.5,11.1,0.0,0.0,72.89999999999998,0.0,72.89999999999998,-8.42477748492307,20.0,0.21550159057225846,0.0,72.89999999999998,0.0,11.57522251507693,0.9999999999999999
2024-06-11 10:00:00,90.70506080903336,-19.2,10.8,0.0,0.0,65.0962962962963,0.0,65.0962962962963,5.608764512737055,20.0,0.20280041955692338,0.0,65.0962962962963,0.0,25.608764512737054,0.9999999999999999
2024-06-11 11:00:00,86.1937251835316,-17.8,10.5,0.0,0.0,57.87037037037038,0.0,57.87037037037038,1.2881929961847487,27.03516181697647,0.2,0.0,57.87037037037038,19.38177949297112,8.941575320190097,0.9578656967544105
2024-06-11 12:00:00,92.80033068043568,-18.5,11.3,0.0,0.0,78.43443072702333,0.0,78.43443072702333,-5.634100046587648,20.0,0.21036674408572129,0.0,78.43443072702333,0.0,14.365899953412352,0.9578656967544105
2024-06-11 13:00:00,94.59125813269104,-20.1,18.4,0.0,0.0,100.0,0.0,94.59125813269104,-25.40874186730896,20.0,0.25711882912156975,0.0,100.0,-5.408741867308962,0.0,0.9678177817902589
2024-06-11 14:00:00,100.39817095167113,-21.4,17.7,0.0,0.0,100.0,0.0,100.0,0.39817095167113337,0.0,0.2562532400961977,0.0,100.0,0.0,0.39817095167113337,0.9678177817902589
2024-06-11 15:00:00,99.29569000603324,-19.3,20.4,0.0,0.0,100.0,0.0,99.29569000603324,-0.7043099939667599,0.0,0.25754917048509657,0.0,100.0,-0.7043099939667599,0.0,0.9691137121791578
2024-06-11 16:00:00,87.29030782398232,-19.8,19.5,0.0,0.0,100.0,0.0,87.29030782398232,-12.709692176017683,0.0,0.2809350040889691,0.0,100.0,-12.709692176017683,0.0,0.9924995457830303
2024-06-11 17:00:00,95.92366618642997,-19.9,19.9,0.0,0.0,100.0,0.0,95.92366618642997,-4.076333813570031,0.0,0.288435458305938,0.0,100.0,-4.076333813570031,0.0,0.9999999999999992
2024-06-11 18:00:00,68.93108438189627,-16.1,26.1,0.0,0.0,0.0,0.0,0.0,40.68031082073147,28.2507735611648,0.2,0.0,0.0,0.0,68.93108438189627,0.9999999999999992
2024-06-11 19:00:00,59.5163563537435,-14.7,26.9,0.0,0.0,0.0,0.0,0.0,0.0,59.5163563537435,0.2,0.0,0.0,0.0,59.5163563537435,0.9999999999999992
2024-06-11 20:00:00,59.518190125740624,-14.4,28.0,0.0,0.0,0.0,0.0,0.0,0.0,59.518190125740624,0.2,0.0,0.0,0.0,59.518190125740624,0.9999999999999992
2024-06-11 21:00:00,52.55457869581492,-12.9,31.7,0.0,0.0,0.0,0.0,0.0,0.0,52.55457869581492,0.2,0.0,0.0,50.12636134560246,2.4282173502124564,0.8910296492486895
2024-06-11 22:00:00,43.023900118253586,-11.1,38.4,0.0,0.0,0.0,0.0,0.0,0.0,43.023900118253586,0.2,0.0,0.0,0.0,43.023900118253586,0.8910296492486895
2024-06-11 23:00:00,55.53487039079218,-10.3,46.2,0.0,0.0,0.0,0.0,0.0,0.0,55.53487039079218,0.2,0.0,0.0,0.0,55.53487039079218,0.8910296492486895
2024-06-12 00:00:00,44.643132839026244,-10.6,45.9,0.0,0.0,0.0,0.0,0.0,0.0,44.643132839026244,0.2,0.0,0.0,0.0,44.643132839026244,0.8910296492486895
2024-06-12 01:00:00,42.78374786835791,-10.9,42.9,0.0,0.0,0.0,0.0,0.0,0.0,42.78374786835791,0.2,0.0,0.0,0.0,42.78374786835791,0.8910296492486895
2024-06-12 02:00:00,36.090603664315395,-11.6,37.5,0.0,0.0,0.0,0.0,0.0,0.0,36.090603664315395,0.2,0.0,0.0,0.0,36.090603664315395,0.8910296492486895
2024-06-12 03:00:00,35.96165307627435,-11.9,36.1,0.0,0.0,0.0,0.0,0.0,0.0,35.96165307627435,0.2,0.0,0.0,0.0,35.96165307627435,0.8910296492486895
2024-06-12 04:00:00,47.3777917785885,-12.0,36.2,0.0,0.0,0.0,0.0,0.0,0.0,47.3777917785885,0.2,0.0,0.0,0.0,47.3777917785885,0.8910296492486895
2024-06-12 05:00:00,37.470791137051194,-12.2,37.2,0.0,0.0,0.0,0.0,0.0,0.0,37.470791137051194,0.2,0.0,0.0,0.0,37.470791137051194,0.8910296492486895
2024-06-12 06:00:00,46.68567763604816,-12.2,39.8,0.0,0.0,0.0,0.0,0.0,0.0,46.68567763604816,0.2,0.0,0.0,0.0,46.68567763604816,0.8910296492486895
2024-06-12 07:00:00,58.61345747196223,-12.6,40.1,0.0,0.0,0.0,0.0,0.0,0.0,58.61345747196223,0.2,0.0,0.0,0.0,58.61345747196223,0.8910296492486895
2024-06-12 08:00:00,74.25523652817157,-13.0,38.8,0.0,0.0,0.0,0.0,0.0,0.0,74.25523652817157,0.2,0.0,0.0,74.25523652817157,0.0,0.729605222013534
2024-06-12 09:00:00,73.75241513515263,-13.5,37.4,0.0,0.0,0.0,0.0,0.0,0.0,73.75241513515263,0.2,0.0,0.0,73.75241513515263,0.0,0.5692738847632022
2024-06-12 10:00:00,82.00575778637098,-13.8,35.5,0.0,0.0,0.0,0.0,0.0,0.0,82.00575778637098,0.2,0.0,0.0,0.0,82.00575778637098,0.5692738847632022
2024-06-12 11:00:00,76.58864339694045,-13.8,35.3,0.0,0.0,0.0,0.0,0.0,0.0,76.58864339694045,0.2,0.0,0.0,0.0,76.58864339694045,0.5692738847632022
2024-06-12 12:00:00,79.45629206468405,-13.8,39.1,0.0,0.0,0.0,0.0,0.0,0.0,79.45629206468405,0.2,0.0,0.0,0.0,79.45629206468405,0.5692738847632022
2024-06-12 13:00:00,71.2763849089354,-14.8,42.1,0.0,0.0,0.0,0.0,0.0,0.0,71.2763849089354,0.2,0.0,0.0,0.0,71.2763849089354,0.5692738847632022
2024-06-12 14:00:00,87.34231601861389,-15.1,35.1,0.0,0.0,0.0,0.0,0.0,0.0,87.34231601861389,0.2,0.0,0.0,0.0,87.34231601861389,0.5692738847632022
2024-06-12 15:00:00,78.75550535128701,-15.0,35.3,0.0,0.0,0.0,0.0,0.0,0.0,78.75550535128701,0.2,0.0,0.0,0.0,78.75550535128701,0.5692738847632022
2024-06-12 16:00:00,80.48692096959704,-14.9,36.4,0.0,0.0,0.0,0.0,0.0,0.0,80.48692096959704,0.2,0.0,0.0,0.0,80.48692096959704,0.5692738847632022
2024-06-12 17:00:00,68.15358946949843,-14.9,38.3,0.0,0.0,0.0,0.0,0.0,0.0,68.15358946949843,0.2,0.0,0.0,0.0,68.15358946949843,0.5692738847632022
2024-06-12 18:00:00,68.9969653493142,-15.0,38.7,0.0,0.0,0.0,0.0,0.0,0.0,68.9969653493142,0.2,0.0,0.0,0.0,68.9969653493142,0.5692738847632022
2024-06-12 19:00:00,64.96246644543659,-15.1,36.3,0.0,0.0,0.0,0.0,0.0,0.0,64.96246644543659,0.2,0.0,0.0,0.0,64.96246644543659,0.5692738847632022
2024-06-12 20:00:00,56.82532264339794,-15.1,31.9,0.0,0.0,0.0,0.0,0.0,0.0,56.82532264339794,0.2,0.0,0.0,0.0,56.82532264339794,0.5692738847632022
2024-06-12 21:00:00,50.19793493526518,-14.3,40.3,0.0,0.0,0.0,0.0,0.0,0.0,50.19793493526518,0.2,0.0,0.0,0.0,50.19793493526518,0.5692738847632022
2024-06-12 22:00:00,50.91044319068429,-14.7,40.0,0.0,0.0,0.0,0.0,0.0,0.0,50.91044319068429,0.2,0.0,0.0,0.0,50.91044319068429,0.5692738847632022
2024-06-12 23:00:00,51.049655644975,-14.8,33.2,0.0,0.0,0.0,0.0,0.0,0.0,51.049655644975,0.2,0.0,0.0,0.0,51.049655644975,0.5692738847632022
2024-06-13 00:00:00,46.61543887847753,-14.8,29.8,0.0,0.0,0.0,0.0,0.0,0.0,46.61543887847753,0.2,0.0,0.0,0.0,46.61543887847753,0.5692738847632022
2024-06-13 01:00:00,45.96213218486091,-15.3,27.8,0.0,0.0,0.0,0.0,0.0,0.0,45.96213218486091,0.2,0.0,0.0,0.0,45.96213218486091,0.5692738847632022
2024-06-13 02:00:00,35.271013227582145,-15.8,23.8,0.0,0.0,100.0,0.0,35.271013227582145,-84.72898677241785,20.0,0.3559013356612489,0.0,100.0,-64.72898677241785,0.0,0.688375220424451
2024-06-13 03:00:00,43.29675039758135,-16.1,23.1,0.0,0.0,100.0,0.0,43.29675039758135,-56.70324960241865,0.0,0.4602353149296992,0.0,100.0,-56.70324960241865,0.0,0.7927091996929013
2024-06-13 04:00:00,54.19293323312504,-16.2,26.1,0.0,0.0,0.0,0.0,0.0,54.19293323312504,0.0,0.3424245905098622,0.0,0.0,0.0,54.19293323312504,0.7927091996929013
2024-06-13 05:00:00,56.37590162985041,-16.2,29.1,0.0,0.0,0.0,0.0,0.0,56.37590162985041,0.0,0.21986828261888303,0.0,0.0,0.0,56.37590162985041,0.7927091996929013
2024-06-13 06:00:00,59.96539031486429,-16.2,26.5,0.0,0.0,0.0,0.0,0.0,9.139410004686187,50.825980310178096,0.2,0.0,0.0,0.0,59.96539031486429,0.7927091996929013
2024-06-13 07:00:00,69.16826362507082,-16.2,23.8,0.0,0.0,100.0,0.0,69.16826362507082,-50.83173637492918,20.0,0.2935303949298697,0.0,100.0,-30.83173637492918,0.0,0.849439594622771
2024-06-13 08:00:00,70.35869802202922,-15.8,26.0,0.0,0.0,0.0,0.0,0.0,43.02398166774007,27.33471635428915,0.2,0.0,0.0,70.35869802202922,0.0,0.6964859032705335
2024-06-13 09:00:00,89.24719341645701,-15.5,27.7,0.0,0.0,0.0,0.0,0.0,0.0,89.24719341645701,0.2,0.0,0.0,0.0,89.24719341645701,0.6964859032705335
2024-06-13 10:00:00,94.86381253256951,-15.4,28.8,0.0,0.0,0.0,0.0,0.0,0.0,94.86381253256951,0.2,0.0,0.0,94.86381253256951,0.0,0.49026022385190415
2024-06-13 11:00:00,81.12411815352988,-15.2,27.8,0.0,0.0,0.0,0.0,0.0,0.0,81.12411815352988,0.2,0.0,0.0,0.0,81.12411815352988,0.49026022385190415
2024-06-13 12:00:00,89.60342918030747,-15.2,25.2,0.0,0.0,0.0,0.0,0.0,0.0,89.60342918030747,0.2,0.0,0.0,0.0,89.60342918030747,0.49026022385190415
2024-06-13 13:00:00,76.07408814232329,-14.9,25.2,0.0,0.0,0.0,0.0,0.0,0.0,76.07408814232329,0.2,0.0,0.0,0.0,76.07408814232329,0.49026022385190415
2024-06-13 14:00:00,76.25710379965523,-14.7,25.7,0.0,0.0,0.0,0.0,0.0,0.0,76.25710379965523,0.2,0.0,0.0,0.0,76.25710379965523,0.49026022385190415
2024-06-13 15:00:00,74.8268812295294,-14.5,24.5,0.0,0.0,100.0,0.0,74.8268812295294,-45.173118770470595,20.0,0.2831185385376659,0.0,100.0,-25.173118770470595,0.0,0.53657876238957
2024-06-13 16:00:00,73.97754867462506,-14.6,20.4,0.0,0.0,100.0,0.0,73.97754867462506,-26.022451325374945,0.0,0.3309998489763558,0.0,100.0,-26.022451325374945,0.0,0.58446007282826
2024-06-13 17:00:00,83.06033275601482,-14.6,18.7,0.0,0.0,100.0,0.0,83.06033275601482,-16.939667243985184,0.0,0.36216883670528854,0.0,100.0,-16.939667243985184,0.0,0.6156290605571927
2024-06-13 18:00:00,65.8067043629702,-14.3,21.4,0.0,0.0,100.0,0.0,65.8067043629702,-34.193295637029806,0.0,0.42508450067742337,0.0,100.0,-34.193295637029806,0.0,0.6785447245293276
2024-06-13 19:00:00,57.801720935979894,-13.6,22.9,0.0,0.0,100.0,0.0,57.801720935979894,-42.198279064020106,0.0,0.5027293341552204,0.0,100.0,-42.198279064020106,0.0,0.7561895580071245
2024-06-13 20:00:00,53.30770570211281,-13.2,24.0,0.0,0.0,100.0,0.0,53.30770570211281,-46.69229429788719,0.0,0.5886431556633328,0.0,100.0,-46.69229429788719,0.0,0.842103379515237
2024-06-13 21:00:00,59.7001105602164,-13.0,22.9,0.0,0.0,100.0,0.0,59.7001105602164,-40.2998894397836,0.0,0.6627949522325346,0.0,100.0,-40.2998894397836,0.0,0.9162551760844387
2024-06-13 22:00:00,54.48650874154518,-12.4,24.2,0.0,0.0,100.0,0.0,54.48650874154518,-45.51349125845482,0.0,0.7465397761480914,0.0,100.0,-45.51349125845482,0.0,0.9999999999999956
2024-06-13 23:00:00,42.897609068231944,-11.9,25.7,0.0,0.0,0.0,0.0,0.0,42.897609068231944,0.0,0.6532841042606307,0.0,0.0,0.0,42.897609068231944,0.9999999999999956
2024-06-14 00:00:00,35.59607941961421,-11.7,25.4,0.0,0.0,0.0,0.0,0.0,35.59607941961421,0.0,0.5759013229136433,0.0,0.0,0.0,35.59607941961421,0.9999999999999956
2024-06-14 01:00:00,35.144532276453575,-11.1,28.2,0.0,0.0,0.0,0.0,0.0,35.144532276453575,0.0,0.4995001657909181,0.0,0.0,0.0,35.144532276453575,0.9999999999999956
2024-06-14 02:00:00,46.25621918749771,-11.1,25.6,0.0,0.0,0.0,0.0,0.0,46.25621918749771,0.0,0.3989431675572274,0.0,0.0,0.0,46.25621918749771,0.9999999999999956
2024-06-14 03:00:00,40.79403942274735,-10.9,25.8,0.0,0.0,0.0,0.0,0.0,40.79403942274735,0.0,0.3102604731599506,0.0,0.0,0.0,40.79403942274735,0.9999999999999956
2024-06-14 04:00:00,40.78980687779153,-10.9,25.3,0.0,0.0,0.0,0.0,0.0,40.78980687779153,0.0,0.22158697994736032,0.0,0.0,0.0,40.78980687779153,0.9999999999999956
2024-06-14 05:00:00,53.269165865755284,-11.1,25.1,0.0,0.0,0.0,0.0,0.0,9.930010775785743,43.33915508996954,0.2,0.0,0.0,0.0,53.269165865755284,0.9999999999999956
2024-06-14 06:00:00,59.79163136405758,-11.0,27.1,0.0,0.0,0.0,0.0,0.0,0.0,59.79163136405758,0.2,0.0,0.0,0.0,59.79163136405758,0.9999999999999956
2024-06-14 07:00:00,56.29530199019351,-11.1,28.7,0.0,0.0,0.0,0.0,0.0,0.0,56.29530199019351,0.2,0.0,0.0,0.0,56.29530199019351,0.9999999999999956
2024-06-14 08:00:00,62.66214119734167,-11.1,28.2,0.0,0.0,0.0,0.0,0.0,0.0,62.66214119734167,0.2,0.0,0.0,0.0,62.66214119734167,0.9999999999999956
2024-06-14 09:00:00,66.66476658943962,-11.3,27.4,0.0,0.0,0.0,0.0,0.0,0.0,66.66476658943962,0.2,0.0,0.0,0.0,66.66476658943962,0.9999999999999956
2024-06-14 10:00:00,71.02698356257432,-11.2,27.9,0.0,0.0,0.0,0.0,0.0,0.0,71.02698356257432,0.2,0.0,0.0,71.02698356257432,0.0,0.8455935139943993
2024-06-14 11:00:00,61.8683751209994,-11.2,29.0,0.0,0.0,0.0,0.0,0.0,0.0,61.8683751209994,0.2,0.0,0.0,0.0,61.8683751209994,0.8455935139943993
2024-06-14 12:00:00,58.435568119079704,-11.1,30.1,0.0,0.0,0.0,0.0,0.0,0.0,58.435568119079704,0.2,0.0,0.0,58.435568119079704,0.0,0.7185596702572695
2024-06-14 13:00:00,59.8617056554705,-10.9,39.0,0.0,0.0,0.0,0.0,0.0,0.0,59.8617056554705,0.2,0.0,0.0,0.0,59.8617056554705,0.7185596702572695
2024-06-14 14:00:00,77.58418503459721,-11.1,41.8,0.0,0.0,0.0,0.0,0.0,0.0,77.58418503459721,0.2,0.0,0.0,0.0,77.58418503459721,0.7185596702572695
2024-06-14 15:00:00,61.21798888543719,-11.1,44.8,0.0,0.0,0.0,0.0,0.0,0.0,61.21798888543719,0.2,0.0,0.0,0.0,61.21798888543719,0.7185596702572695
2024-06-14 16:00:00,75.89981149353078,-11.2,45.9,0.0,0.0,0.0,0.0,0.0,0.0,75.89981149353078,0.2,0.0,0.0,0.0,75.89981149353078,0.7185596702572695
2024-06-14 17:00:00,60.34811054400297,-11.6,44.8,0.0,0.0,0.0,0.0,0.0,0.0,60.34811054400297,0.2,0.0,0.0,0.0,60.34811054400297,0.7185596702572695
2024-06-14 18:00:00,71.14924953391268,-12.3,43.9,0.0,0.0,0.0,0.0,0.0,0.0,71.14924953391268,0.2,0.0,0.0,0.0,71.14924953391268,0.7185596702572695
2024-06-14 19:00:00,58.24972828567263,-12.7,42.4,0.0,0.0,0.0,0.0,0.0,0.0,58.24972828567263,0.2,0.0,0.0,0.0,58.24972828567263,0.7185596702572695
2024-06-14 20:00:00,48.90656614539761,-12.7,37.2,0.0,0.0,0.0,0.0,0.0,0.0,48.90656614539761,0.2,0.0,0.0,0.0,48.90656614539761,0.7185596702572695
2024-06-14 21:00:00,60.21889449032735,-12.9,33.9,0.0,0.0,0.0,0.0,0.0,0.0,60.21889449032735,0.2,0.0,0.0,46.10986603995047,14.109028450376883,0.6183208310399859
2024-06-14 22:00:00,58.009328138166126,-13.2,33.0,0.0,0.0,0.0,0.0,0.0,0.0,58.009328138166126,0.2,0.0,0.0,0.0,58.009328138166126,0.6183208310399859
2024-06-14 23:00:00,43.76974499866494,-13.6,33.7,0.0,0.0,0.0,0.0,0.0,0.0,43.76974499866494,0.2,0.0,0.0,0.0,43.76974499866494,0.6183208310399859
2024-06-15 00:00:00,46.641738667012746,-13.6,32.2,0.0,0.0,0.0,0.0,0.0,0.0,46.641738667012746,0.2,0.0,0.0,46.641738667012746,0.0,0.5169257469812626
2024-06-15 01:00:00,39.346020317195105,-13.0,34.4,0.0,0.0,0.0,0.0,0.0,0.0,39.346020317195105,0.2,0.0,0.0,0.0,39.346020317195105,0.5169257469812626
2024-06-15 02:00:00,38.99736652771141,-12.4,37.4,0.0,0.0,0.0,0.0,0.0,0.0,38.99736652771141,0.2,0.0,0.0,0.0,38.99736652771141,0.5169257469812626
2024-06-15 03:00:00,39.83914573720427,-12.2,37.8,0.0,0.0,0.0,0.0,0.0,0.0,39.83914573720427,0.2,0.0,0.0,39.83914573720427,0.0,0.4303189084221229
2024-06-15 04:00:00,40.493084704422856,-12.0,36.7,0.0,0.0,0.0,0.0,0.0,0.0,40.493084704422856,0.2,0.0,0.0,40.493084704422856,0.0,0.342290463412508
2024-06-15 05:00:00,35.88054302304573,-11.7,36.0,0.0,0.0,0.0,0.0,0.0,0.0,35.88054302304573,0.2,0.0,0.0,0.0,35.88054302304573,0.342290463412508
2024-06-15 06:00:00,48.09560342454989,-11.5,35.9,0.0,0.0,0.0,0.0,0.0,0.0,48.09560342454989,0.2,0.0,0.0,0.0,48.09560342454989,0.342290463412508
2024-06-15 07:00:00,60.217593817770215,-11.2,35.3,0.0,0.0,0.0,0.0,0.0,0.0,60.217593817770215,0.2,0.0,0.0,0.0,60.217593817770215,0.342290463412508
2024-06-15 08:00:00,61.45550228702042,-11.0,36.3,0.0,0.0,0.0,0.0,0.0,0.0,61.45550228702042,0.2,0.0,0.0,0.0,61.45550228702042,0.342290463412508
2024-06-15 09:00:00,67.66279686219148,-11.2,35.9,0.0,0.0,0.0,0.0,0.0,0.0,67.66279686219148,0.2,0.0,0.0,0.0,67.66279686219148,0.342290463412508
2024-06-15 10:00:00,68.94611727484617,-11.6,34.9,0.0,0.0,0.0,0.0,0.0,0.0,68.94611727484617,0.2,0.0,0.0,0.0,68.94611727484617,0.342290463412508
2024-06-15 11:00:00,69.54974315401192,-12.4,33.9,0.0,0.0,0.0,0.0,0.0,0.0,69.54974315401192,0.2,0.0,0.0,0.0,69.54974315401192,0.342290463412508
2024-06-15 12:00:00,77.9197405329098,-13.0,33.1,0.0,0.0,0.0,0.0,0.0,0.0,77.9197405329098,0.2,0.0,0.0,0.0,77.9197405329098,0.342290463412508
2024-06-15 13:00:00,68.27611371598947,-12.9,33.5,0.0,0.0,0.0,0.0,0.0,0.0,68.27611371598947,0.2,0.0,0.0,0.0,68.27611371598947,0.342290463412508
2024-06-15 14:00:00,82.09161548342614,-13.3,33.7,0.0,0.0,0.0,0.0,0.0,0.0,82.09161548342614,0.2,0.0,0.0,0.0,82.09161548342614,0.342290463412508
2024-06-15 15:00:00,75.58527610451763,-13.4,32.4,0.0,0.0,0.0,0.0,0.0,0.0,75.58527610451763,0.2,0.0,0.0,0.0,75.58527610451763,0.342290463412508
2024-06-15 16:00:00,74.19905331560702,-13.8,30.2,0.0,0.0,0.0,0.0,0.0,0.0,74.19905331560702,0.2,0.0,0.0,0.0,74.19905331560702,0.342290463412508
2024-06-15 17:00:00,66.33821859492691,-14.0,28.5,0.0,0.0,0.0,0.0,0.0,0.0,66.33821859492691,0.2,0.0,0.0,0.0,66.33821859492691,0.342290463412508
2024-06-15 18:00:00,65.4536131697604,-14.3,26.2,0.0,0.0,0.0,0.0,0.0,0.0,65.4536131697604,0.2,0.0,0.0,65.4536131697604,0.0,0.2
2024-06-15 19:00:00,64.32139909914022,-14.6,24.9,0.0,0.0,100.0,0.0,64.32139909914022,-55.67860090085978,20.0,0.302448625657582,0.0,100.0,-35.67860090085978,0.0,0.265648625657582
2024-06-15 20:00:00,59.65916517695401,-15.3,22.7,0.0,0.0,100.0,0.0,59.65916517695401,-40.34083482304599,0.0,0.37667576173198664,0.0,100.0,-40.34083482304599,0.0,0.33987576173198664
2024-06-15 21:00:00,61.65716052018275,-16.0,22.0,0.0,0.0,100.0,0.0,61.65716052018275,-38.34283947981725,0.0,0.44722658637485035,0.0,100.0,-38.34283947981725,0.0,0.4104265863748504
2024-06-15 22:00:00,59.287195080615355,-16.4,21.6,0.0,0.0,100.0,0.0,59.287195080615355,-40.712804919384645,0.0,0.5221381474265181,0.0,100.0,-40.712804919384645,0.0,0.48533814742651815
2024-06-15 23:00:00,64.5885331180996,-16.7,20.9,0.0,0.0,100.0,0.0,64.5885331180996,-35.411466881900395,0.0,0.5872952464892148,0.0,100.0,-35.411466881900395,0.0,0.5504952464892149
2024-06-16 00:00:00,55.64095014681185,-17.0,21.3,0.0,0.0,100.0,0.0,55.64095014681185,-44.35904985318815,0.0,0.668915898219081,0.0,100.0,-44.35904985318815,0.0,0.6321158982190811
2024-06-16 01:00:00,40.651286722405814,-16.9,20.5,0.0,0.0,100.0,0.0,40.651286722405814,-59.348713277594186,0.0,0.7781175306498543,0.0,100.0,-59.348713277594186,0.0,0.7413175306498544
2024-06-16 02:00:00,50.0650954041934,-15.5,26.9,0.0,0.0,0.0,0.0,0.0,50.0650954041934,0.0,0.6692803667276948,0.0,0.0,0.0,50.0650954041934,0.7413175306498544
2024-06-16 03:00:00,41.88064679181904,-14.6,32.6,0.0,0.0,0.0,0.0,0.0,41.88064679181904,0.0,0.5782354823976533,0.0,0.0,0.0,41.88064679181904,0.7413175306498544
2024-06-16 04:00:00,55.72212681468427,-14.1,30.7,0.0,0.0,0.0,0.0,0.0,55.72212681468427,0.0,0.4571004241048614,0.0,0.0,0.0,55.72212681468427,0.7413175306498544
2024-06-16 05:00:00,56.87962226252654,-14.3,28.2,0.0,0.0,0.0,0.0,0.0,56.87962226252654,0.0,0.3334490713602385,0.0,0.0,0.0,56.87962226252654,0.7413175306498544
2024-06-16 06:00:00,53.67366308144217,-14.1,30.0,0.0,0.0,0.0,0.0,0.0,53.67366308144217,0.0,0.21676719509623377,0.0,0.0,0.0,53.67366308144217,0.7413175306498544
2024-06-16 07:00:00,64.35951391935588,-13.0,36.3,0.0,0.0,0.0,0.0,0.0,7.712909744267528,56.64660417508835,0.2,0.0,0.0,0.0,64.35951391935588,0.7413175306498544
2024-06-16 08:00:00,64.03022426126056,-12.8,40.0,0.0,0.0,0.0,0.0,0.0,0.0,64.03022426126056,0.2,0.0,0.0,0.0,64.03022426126056,0.7413175306498544
2024-06-16 09:00:00,72.61345413207347,-12.4,40.3,0.0,0.0,0.0,0.0,0.0,0.0,72.61345413207347,0.2,0.0,0.0,0.0,72.61345413207347,0.7413175306498544
2024-06-16 10:00:00,78.12992407176976,-12.0,39.5,0.0,0.0,0.0,0.0,0.0,0.0,78.12992407176976,0.2,0.0,0.0,0.0,78.12992407176976,0.7413175306498544
2024-06-16 11:00:00,75.14000103023255,-11.3,39.0,0.0,0.0,0.0,0.0,0.0,0.0,75.14000103023255,0.2,0.0,0.0,75.14000103023255,0.0,0.577969702323262
2024-06-16 12:00:00,69.3135291444312,-10.7,37.7,0.0,0.0,0.0,0.0,0.0,0.0,69.3135291444312,0.2,0.0,0.0,0.0,69.3135291444312,0.577969702323262
2024-06-16 13:00:00,66.37494815956414,-9.5,37.7,0.0,0.0,0.0,0.0,0.0,0.0,66.37494815956414,0.2,0.0,0.0,0.0,66.37494815956414,0.577969702323262
2024-06-16 14:00:00,81.41711950040609,-9.4,34.9,0.0,0.0,0.0,0.0,0.0,0.0,81.41711950040609,0.2,0.0,0.0,0.0,81.41711950040609,0.577969702323262
2024-06-16 15:00:00,64.17489796736456,-9.3,33.3,0.0,0.0,0.0,0.0,0.0,0.0,64.17489796736456,0.2,0.0,0.0,0.0,64.17489796736456,0.577969702323262
2024-06-16 16:00:00,54.963996841503516,-9.4,31.3,0.0,0.0,0.0,0.0,0.0,0.0,54.963996841503516,0.2,0.0,0.0,0.0,54.963996841503516,0.577969702323262
2024-06-16 17:00:00,52.92650352395338,-9.3,30.3,0.0,0.0,0.0,0.0,0.0,0.0,52.92650352395338,0.2,0.0,0.0,0.0,52.92650352395338,0.577969702323262
2024-06-16 18:00:00,64.37003865061172,-9.3,29.5,0.0,0.0,0.0,0.0,0.0,0.0,64.37003865061172,0.2,0.0,0.0,0.0,64.37003865061172,0.577969702323262
2024-06-16 19:00:00,53.616735400765975,-9.6,28.7,0.0,0.0,0.0,0.0,0.0,0.0,53.616735400765975,0.2,0.0,0.0,0.0,53.616735400765975,0.577969702323262
2024-06-16 20:00:00,52.22028749027046,-10.2,27.9,0.0,0.0,0.0,0.0,0.0,0.0,52.22028749027046,0.2,0.0,0.0,0.0,52.22028749027046,0.577969702323262
2024-06-16 21:00:00,46.487380600378316,-10.6,27.0,0.0,0.0,0.0,0.0,0.0,0.0,46.487380600378316,0.2,0.0,0.0,0.0,46.487380600378316,0.577969702323262
2024-06-16 22:00:00,44.61148760350405,-11.0,27.9,0.0,0.0,0.0,0.0,0.0,0.0,44.61148760350405,0.2,0.0,0.0,0.0,44.61148760350405,0.577969702323262
2024-06-16 23:00:00,40.16452069525352,-11.2,29.1,0.0,0.0,0.0,0.0,0.0,0.0,40.16452069525352,0.2,0.0,0.0,0.0,40.16452069525352,0.577969702323262
2024-06-17 00:00:00,47.15575406665044,-11.6,30.6,0.0,0.0,0.0,0.0,0.0,0.0,47.15575406665044,0.2,0.0,0.0,0.0,47.15575406665044,0.577969702323262
2024-06-17 01:00:00,40.3006004123145,-11.1,34.0,0.0,0.0,0.0,0.0,0.0,0.0,40.3006004123145,0.2,0.0,0.0,0.0,40.3006004123145,0.577969702323262
2024-06-17 02:00:00,40.575026889017,-11.6,32.1,0.0,0.0,0.0,0.0,0.0,0.0,40.575026889017,0.2,0.0,0.0,0.0,40.575026889017,0.577969702323262
2024-06-17 03:00:00,40.24719192658741,-11.7,31.7,0.0,0.0,0.0,0.0,0.0,0.0,40.24719192658741,0.2,0.0,0.0,0.0,40.24719192658741,0.577969702323262
2024-06-17 04:00:00,40.44560633183552,-12.2,31.8,0.0,0.0,0.0,0.0,0.0,0.0,40.44560633183552,0.2,0.0,0.0,0.0,40.44560633183552,0.577969702323262
2024-06-17 05:00:00,39.95634687348606,-13.0,33.9,0.0,0.0,0.0,0.0,0.0,0.0,39.95634687348606,0.2,0.0,0.0,0.0,39.95634687348606,0.577969702323262
2024-06-17 06:00:00,47.27100202000321,-13.5,34.9,0.0,0.0,0.0,0.0,0.0,0.0,47.27100202000321,0.2,0.0,0.0,0.0,47.27100202000321,0.577969702323262
2024-06-17 07:00:00,77.68325795847534,-13.8,34.2,0.0,0.0,0.0,0.0,0.0,0.0,77.68325795847534,0.2,0.0,0.0,0.0,77.68325795847534,0.577969702323262
2024-06-17 08:00:00,77.64086722211655,-14.1,31.0,0.0,0.0,0.0,0.0,0.0,0.0,77.64086722211655,0.2,0.0,0.0,0.0,77.64086722211655,0.577969702323262
2024-06-17 09:00:00,85.07591283445608,-14.5,23.9,0.0,0.0,100.0,0.0,85.07591283445608,-34.924087165543924,20.0,0.26426032038460084,0.0,100.0,-14.924087165543924,0.0,0.6054300227078627
2024-06-17 10:00:00,76.55196596506552,-13.8,31.9,0.0,0.0,0.0,0.0,0.0,29.559747376916384,46.992218588149136,0.2,0.0,0.0,0.0,76.55196596506552,0.6054300227078627
2024-06-17 11:00:00,79.79754866881561,-15.0,30.9,0.0,0.0,0.0,0.0,0.0,0.0,79.79754866881561,0.2,0.0,0.0,0.0,79.79754866881561,0.6054300227078627
2024-06-17 12:00:00,73.36068603808414,-15.5,29.8,0.0,0.0,0.0,0.0,0.0,0.0,73.36068603808414,0.2,0.0,0.0,0.0,73.36068603808414,0.6054300227078627
2024-06-17 13:00:00,74.01458952417055,-15.3,29.6,0.0,0.0,0.0,0.0,0.0,0.0,74.01458952417055,0.2,0.0,0.0,0.0,74.01458952417055,0.6054300227078627
2024-06-17 14:00:00,81.00613239812148,-15.2,26.3,0.0,0.0,0.0,0.0,0.0,0.0,81.00613239812148,0.2,0.0,0.0,0.0,81.00613239812148,0.6054300227078627
2024-06-17 15:00:00,88.85592481714791,-15.9,19.4,0.0,0.0,100.0,0.0,88.85592481714791,-31.14407518285209,20.0,0.2573050983364479,0.0,100.0,-11.144075182852092,0.0,0.6259351210443106
2024-06-17 16:00:00,80.85372683461985,-15.2,23.9,0.0,0.0,100.0,0.0,80.85372683461985,-19.14627316538015,0.0,0.29253424096074737,0.0,100.0,-19.14627316538015,0.0,0.66116426366861
2024-06-17 17:00:00,68.3997599918899,-15.3,30.6,0.0,0.0,0.0,0.0,0.0,42.56575084194378,25.834009149946112,0.2,0.0,0.0,0.0,68.3997599918899,0.66116426366861
2024-06-17 18:00:00,68.01341974921262,-15.3,32.8,0.0,0.0,0.0,0.0,0.0,0.0,68.01341974921262,0.2,0.0,0.0,0.0,68.01341974921262,0.66116426366861
2024-06-17 19:00:00,69.22061585968291,-15.1,33.7,0.0,0.0,0.0,0.0,0.0,0.0,69.22061585968291,0.2,0.0,0.0,0.0,69.22061585968291,0.66116426366861
2024-06-17 20:00:00,59.19514302406331,-15.2,36.8,0.0,0.0,0.0,0.0,0.0,0.0,59.19514302406331,0.2,0.0,0.0,0.0,59.19514302406331,0.66116426366861
2024-06-17 21:00:00,58.797931224163655,-15.2,37.6,0.0,0.0,0.0,0.0,0.0,0.0,58.797931224163655,0.2,0.0,0.0,0.0,58.797931224163655,0.66116426366861
2024-06-17 22:00:00,57.32173723532406,-15.5,36.4,0.0,0.0,0.0,0.0,0.0,0.0,57.32173723532406,0.2,0.0,0.0,0.0,57.32173723532406,0.66116426366861
2024-06-17 23:00:00,53.754652759220654,-15.6,36.6,0.0,0.0,0.0,0.0,0.0,0.0,53.754652759220654,0.2,0.0,0.0,0.0,53.754652759220654,0.66116426366861
2024-06-18 00:00:00,53.420727138451426,-15.8,37.1,0.0,0.0,0.0,0.0,0.0,0.0,53.420727138451426,0.2,0.0,0.0,0.0,53.420727138451426,0.66116426366861
2024-06-18 01:00:00,44.344014131087455,-15.3,38.0,0.0,0.0,0.0,0.0,0.0,0.0,44.344014131087455,0.2,0.0,0.0,0.0,44.344014131087455,0.66116426366861
2024-06-18 02:00:00,41.34512706240592,-15.4,38.7,0.0,0.0,0.0,0.0,0.0,0.0,41.34512706240592,0.2,0.0,0.0,0.0,41.34512706240592,0.66116426366861
2024-06-18 03:00:00,38.43175074239687,-15.4,39.4,0.0,0.0,0.0,0.0,0.0,0.0,38.43175074239687,0.2,0.0,0.0,0.0,38.43175074239687,0.66116426366861
2024-06-18 04:00:00,39.64331703248864,-15.2,39.5,0.0,0.0,0.0,0.0,0.0,0.0,39.64331703248864,0.2,0.0,0.0,0.0,39.64331703248864,0.66116426366861
2024-06-18 05:00:00,50.35125629154885,-15.1,39.2,0.0,0.0,0.0,0.0,0.0,0.0,50.35125629154885,0.2,0.0,0.0,0.0,50.35125629154885,0.66116426366861
2024-06-18 06:00:00,62.08129807293596,-15.0,39.1,0.0,0.0,0.0,0.0,0.0,0.0,62.08129807293596,0.2,0.0,0.0,0.0,62.08129807293596,0.66116426366861
2024-06-18 07:00:00,58.348588029230264,-15.0,37.8,0.0,0.0,0.0,0.0,0.0,0.0,58.348588029230264,0.2,0.0,0.0,0.0,58.348588029230264,0.66116426366861
2024-06-18 08:00:00,74.11486622062128,-15.1,37.0,0.0,0.0,0.0,0.0,0.0,0.0,74.11486622062128,0.2,0.0,0.0,0.0,74.11486622062128,0.66116426366861
2024-06-18 09:00:00,84.22315606691699,-15.2,36.8,0.0,0.0,0.0,0.0,0.0,0.0,84.22315606691699,0.2,0.0,0.0,0.0,84.22315606691699,0.66116426366861
2024-06-18 10:00:00,74.76633115589325,-15.2,37.1,0.0,0.0,0.0,0.0,0.0,0.0,74.76633115589325,0.2,0.0,0.0,6.487864430587571,68.27846672530569,0.647060210558637
2024-06-18 11:00:00,79.49709449931892,-15.4,36.2,0.0,0.0,0.0,0.0,0.0,0.0,79.49709449931892,0.2,0.0,0.0,0.0,79.49709449931892,0.647060210558637
2024-06-18 12:00:00,85.66855100229186,-15.5,35.7,0.0,0.0,0.0,0.0,0.0,0.0,85.66855100229186,0.2,0.0,0.0,0.0,85.66855100229186,0.647060210558637
2024-06-18 13:00:00,83.88470508878686,-15.5,34.6,0.0,0.0,0.0,0.0,0.0,0.0,83.88470508878686,0.2,0.0,0.0,0.0,83.88470508878686,0.647060210558637
2024-06-18 14:00:00,75.46021425468857,-15.5,34.9,0.0,0.0,0.0,0.0,0.0,0.0,75.46021425468857,0.2,0.0,0.0,0.0,75.46021425468857,0.647060210558637
2024-06-18 15:00:00,84.14169731205806,-15.4,34.6,0.0,0.0,0.0,0.0,0.0,0.0,84.14169731205806,0.2,0.0,0.0,0.0,84.14169731205806,0.647060210558637
2024-06-18 16:00:00,73.43631602885836,-15.4,34.4,0.0,0.0,0.0,0.0,0.0,0.0,73.43631602885836,0.2,0.0,0.0,0.0,73.43631602885836,0.647060210558637
2024-06-18 17:00:00,76.9565346504638,-15.4,34.4,0.0,0.0,0.0,0.0,0.0,0.0,76.9565346504638,0.2,0.0,0.0,0.0,76.9565346504638,0.647060210558637
2024-06-18 18:00:00,66.61209116699612,-15.5,35.5,0.0,0.0,0.0,0.0,0.0,0.0,66.61209116699612,0.2,0.0,0.0,66.61209116699612,0.0,0.5022513167173411
2024-06-18 19:00:00,66.33483777794018,-15.6,36.0,0.0,0.0,0.0,0.0,0.0,0.0,66.33483777794018,0.2,0.0,0.0,0.0,66.33483777794018,0.5022513167173411
2024-06-18 20:00:00,60.212286157185254,-15.6,35.4,0.0,0.0,0.0,0.0,0.0,0.0,60.212286157185254,0.2,0.0,0.0,0.0,60.212286157185254,0.5022513167173411
2024-06-18 21:00:00,59.01578861369253,-15.5,35.1,0.0,0.0,0.0,0.0,0.0,0.0,59.01578861369253,0.2,0.0,0.0,0.0,59.01578861369253,0.5022513167173411
2024-06-18 22:00:00,52.47609913044494,-15.5,35.0,0.0,0.0,0.0,0.0,0.0,0.0,52.47609913044494,0.2,0.0,0.0,0.0,52.47609913044494,0.5022513167173411
2024-06-18 23:00:00,50.50730879222761,-15.5,35.5,0.0,0.0,0.0,0.0,0.0,0.0,50.50730879222761,0.2,0.0,0.0,0.0,50.50730879222761,0.5022513167173411
2024-06-19 00:00:00,45.57197495844661,-15.4,34.9,0.0,0.0,0.0,0.0,0.0,0.0,45.57197495844661,0.2,0.0,0.0,0.0,45.57197495844661,0.5022513167173411
2024-06-19 01:00:00,50.22829797706996,-15.4,34.4,0.0,0.0,0.0,0.0,0.0,0.0,50.22829797706996,0.2,0.0,0.0,0.0,50.22829797706996,0.5022513167173411
2024-06-19 02:00:00,45.126426043219624,-15.5,33.8,0.0,0.0,0.0,0.0,0.0,0.0,45.126426043219624,0.2,0.0,0.0,0.0,45.126426043219624,0.5022513167173411
2024-06-19 03:00:00,36.317339129479244,-15.6,32.2,0.0,0.0,0.0,0.0,0.0,0.0,36.317339129479244,0.2,0.0,0.0,0.0,36.317339129479244,0.5022513167173411
2024-06-19 04:00:00,53.38958330100964,-15.8,30.9,0.0,0.0,0.0,0.0,0.0,0.0,53.38958330100964,0.2,0.0,0.0,53.38958330100964,0.0,0.38618700519340715
2024-06-19 05:00:00,50.918560201727516,-15.6,30.5,0.0,0.0,0.0,0.0,0.0,0.0,50.918560201727516,0.2,0.0,0.0,0.0,50.918560201727516,0.38618700519340715
2024-06-19 06:00:00,60.008811981179555,-15.6,29.8,0.0,0.0,0.0,0.0,0.0,0.0,60.008811981179555,0.2,0.0,0.0,0.0,60.008811981179555,0.38618700519340715
2024-06-19 07:00:00,70.42280836014594,-15.6,29.1,0.0,0.0,0.0,0.0,0.0,0.0,70.42280836014594,0.2,0.0,0.0,0.0,70.42280836014594,0.38618700519340715
2024-06-19 08:00:00,75.89121121179991,-15.7,27.9,0.0,0.0,0.0,0.0,0.0,0.0,75.89121121179991,0.2,0.0,0.0,0.0,75.89121121179991,0.38618700519340715
2024-06-19 09:00:00,88.87601579230451,-16.2,27.7,0.0,0.0,0.0,0.0,0.0,0.0,88.87601579230451,0.2,0.0,0.0,0.0,88.87601579230451,0.38618700519340715
2024-06-19 10:00:00,85.64602238897294,-16.3,27.4,0.0,0.0,0.0,0.0,0.0,0.0,85.64602238897294,0.2,0.0,0.0,85.64602238897294,0.0,0.2
2024-06-19 11:00:00,89.32214693113521,-16.6,26.3,0.0,0.0,0.0,0.0,0.0,0.0,89.32214693113521,0.2,0.0,0.0,0.0,89.32214693113521,0.2
2024-06-19 12:00:00,81.9896230890366,-17.0,25.1,0.0,0.0,0.0,0.0,0.0,0.0,81.9896230890366,0.2,0.0,0.0,0.0,81.9896230890366,0.2
2024-06-19 13:00:00,87.51316712253346,-16.9,19.3,0.0,0.0,100.0,0.0,87.51316712253346,-32.48683287746654,20.0,0.2597757724945384,0.0,100.0,-12.48683287746654,0.0,0.22297577249453845
2024-06-19 14:00:00,92.58064586398952,-17.5,17.6,0.0,0.0,100.0,0.0,92.58064586398952,-7.419354136010483,0.0,0.2734273841047977,0.0,100.0,-7.419354136010483,0.0,0.23662738410479775
2024-06-19 15:00:00,93.65365162654763,-17.8,16.1,0.0,0.0,100.0,0.0,93.65365162654763,-6.346348373452372,0.0,0.2851046651119501,0.0,100.0,-6.346348373452372,0.0,0.24830466511195012
2024-06-19 16:00:00,89.70706186779648,-18.8,14.8,0.0,0.0,100.0,0.0,89.70706186779648,-10.292938132203517,0.0,0.3040436712752046,0.0,100.0,-10.292938132203517,0.0,0.2672436712752046
2024-06-19 17:00:00,81.78527259845077,-19.6,13.0,0.0,0.0,100.0,0.0,81.78527259845077,-18.214727401549226,0.0,0.3375587696940552,0.0,100.0,-18.214727401549226,0.0,0.3007587696940552
2024-06-19 18:00:00,78.73116478000077,-20.5,12.6,0.0,0.0,100.0,0.0,78.73116478000077,-21.268835219999232,0.0,0.3766934264988538,0.0,100.0,-21.268835219999232,0.0,0.3398934264988538
2024-06-19 19:00:00,78.95122926202583,-21.2,11.4,0.0,0.0,81.30370370370372,0.0,78.95122926202583,-2.3524744416778844,0.0,0.3810219794715411,0.0,81.30370370370372,-2.3524744416778844,0.0,0.3442219794715411
2024-06-19 20:00:00,69.08699279460377,-20.3,9.5,0.0,0.0,37.67146776406036,0.0,37.67146776406036,31.415525030543414,0.0,0.31272735983992495,0.0,37.67146776406036,0.0,31.415525030543414,0.3442219794715411
2024-06-19 21:00:00,61.939038993368264,-19.6,8.7,0.0,0.0,25.4037037037037,0.0,25.4037037037037,36.53533528966456,0.0,0.23330271790587156,0.0,25.4037037037037,0.0,36.53533528966456,0.3442219794715411
2024-06-19 22:00:00,53.1097376535098,-20.0,8.8,0.0,0.0,26.76433470507545,0.0,26.76433470507545,6.345402948434348,20.0,0.2165118790104105,0.0,26.76433470507545,0.0,26.345402948434348,0.3442219794715411
2024-06-19 23:00:00,54.02868621085645,-21.3,9.3,0.0,0.0,34.30000000000001,0.0,34.30000000000001,-0.2713137891435613,20.0,0.2144748717664356,0.0,34.30000000000001,0.0,19.728686210856438,0.3442219794715411
2024-06-20 00:00:00,72.40203180555761,-21.7,9.7,0.0,0.0,41.25692729766802,0.0,41.25692729766802,6.658441012560368,24.486663495329225,0.2,0.0,41.25692729766802,0.0,31.14510450788959,0.3442219794715411
2024-06-20 01:00:00,55.70499875185112,-22.3,9.0,0.0,0.0,29.629629629629623,0.0,29.629629629629623,0.0,26.0753691222215,0.2,0.0,29.629629629629623,26.0753691222215,0.0,0.2875363944232335
2024-06-20 02:00:00,65.16730149910572,-23.1,10.2,0.0,0.0,51.19999999999999,0.0,51.19999999999999,-6.03269850089427,20.0,0.21110016524164546,0.0,51.19999999999999,0.0,13.96730149910573,0.2875363944232335
2024-06-20 03:00:00,55.7157730057779,-21.8,8.4,0.0,0.0,21.600000000000012,0.0,21.600000000000012,5.106076011156906,29.009696994620974,0.2,0.0,21.600000000000012,0.0,34.11577300577788,0.2875363944232335
2024-06-20 04:00:00,51.26370989181948,-17.7,4.1,0.0,0.0,0.18257887517146756,0.0,0.18257887517146756,0.0,51.081131016648015,0.2,0.0,0.18257887517146756,0.0,51.081131016648015,0.2875363944232335
2024-06-20 05:00:00,49.19697441589383,-18.4,5.1,0.0,0.0,1.2703703703703695,0.0,1.2703703703703695,0.0,47.926604045523455,0.2,0.0,1.2703703703703695,0.0,47.926604045523455,0.2875363944232335
2024-06-20 06:00:00,66.82334447788024,-19.4,4.2,0.0,0.0,0.23703703703703716,0.0,0.23703703703703716,0.0,66.5863074408432,0.2,0.0,0.23703703703703716,0.0,66.5863074408432,0.2875363944232335
2024-06-20 07:00:00,82.81091883484116,-18.6,0.7,0.0,0.0,0.0,0.0,0.0,0.0,82.81091883484116,0.2,0.0,0.0,0.0,82.81091883484116,0.2875363944232335
2024-06-20 08:00:00,89.5381837200837,-18.7,1.8,0.0,0.0,0.0,0.0,0.0,0.0,89.5381837200837,0.2,0.0,0.0,0.0,89.5381837200837,0.2875363944232335
2024-06-20 09:00:00,92.3961932634879,-19.1,4.4,0.0,0.0,0.3764060356652952,0.0,0.3764060356652952,0.0,92.0197872278226,0.2,0.0,0.3764060356652952,0.0,92.0197872278226,0.2875363944232335
2024-06-20 10:00:00,101.78165817047491,-23.4,9.4,0.0,0.0,35.959396433470516,0.0,35.959396433470516,0.0,65.8222617370044,0.2,0.0,35.959396433470516,0.0,65.8222617370044,0.2875363944232335
2024-06-20 11:00:00,102.73917327375425,-25.1,12.8,0.0,0.0,100.0,0.0,100.0,-17.260826726245753,20.0,0.23175992117629218,0.0,100.0,0.0,2.739173273754247,0.2875363944232335
2024-06-20 12:00:00,98.3745407830377,-25.1,13.5,0.0,0.0,100.0,0.0,98.3745407830377,-21.625459216962298,20.0,0.27155076613550283,0.0,100.0,-1.6254592169622981,0.0,0.2905272393824441
2024-06-20 13:00:00,115.01577463681352,-25.5,13.3,0.0,0.0,100.0,0.0,100.0,15.015774636813518,0.0,0.23890777779460387,0.0,100.0,0.0,15.015774636813518,0.2905272393824441
2024-06-20 14:00:00,121.14610218054379,-25.3,15.4,0.0,0.0,100.0,0.0,100.0,1.1461021805437923,20.0,0.23082271511315214,0.0,100.0,0.0,21.146102180543792,0.2905272393824441
2024-06-20 15:00:00,108.22946417483794,-25.0,16.9,0.0,0.0,100.0,0.0,100.0,-11.770535825162057,20.0,0.24973257560263487,0.0,100.0,0.0,8.229464174837943,0.2905272393824441
2024-06-20 16:00:00,98.49709782238423,-24.1,20.2,0.0,0.0,100.0,0.0,98.49709782238423,-1.5029021776157663,0.0,0.2524979156094479,0.0,100.0,-1.5029021776157663,0.0,0.2932925793892571
2024-06-20 17:00:00,101.74355248330492,-23.6,21.7,0.0,0.0,100.0,0.0,100.0,1.7435524833049243,0.0,0.2487075841240024,0.0,100.0,0.0,1.7435524833049243,0.2932925793892571
2024-06-20 18:00:00,86.06963229567522,-24.3,17.9,0.0,0.0,100.0,0.0,86.06963229567522,-13.93036770432478,0.0,0.27433946069996,0.0,100.0,-13.93036770432478,0.0,0.31892445596521474
2024-06-20 19:00:00,91.38411663800183,-26.5,14.1,0.0,0.0,100.0,0.0,91.38411663800183,-8.615883361998172,0.0,0.29019268608603666,0.0,100.0,-8.615883361998172,0.0,0.3347776813512914
2024-06-20 20:00:00,89.43982999773066,-27.0,17.2,0.0,0.0,100.0,0.0,89.43982999773066,-10.560170002269345,0.0,0.30962339889021223,0.0,100.0,-10.560170002269345,0.0,0.35420839415546695
2024-06-20 21:00:00,78.88599696411801,-27.6,17.7,0.0,0.0,100.0,0.0,78.88599696411801,-21.114003035881993,0.0,0.3484731644762351,0.0,100.0,-21.114003035881993,0.0,0.39305815974148983
2024-06-20 22:00:00,74.63292889304347,-27.5,17.4,0.0,0.0,100.0,0.0,74.63292889304347,-25.36707110695653,0.0,0.39514857531303516,0.0,100.0,-25.36707110695653,0.0,0.4397335705782899
2024-06-20 23:00:00,69.58131210406198,-27.8,18.1,0.0,0.0,100.0,0.0,69.58131210406198,-30.41868789593802,0.0,0.45111896104156113,0.0,100.0,-30.41868789593802,0.0,0.49570395630681585
2024-06-21 00:00:00,80.75863427994042,-28.1,18.3,0.0,0.0,100.0,0.0,80.75863427994042,-19.241365720059576,0.0,0.48652307396647076,0.0,100.0,-19.241365720059576,0.0,0.5311080692317255
2024-06-21 01:00:00,69.37183638528545,-22.8,27.4,0.0,0.0,0.0,0.0,0.0,69.37183638528545,0.0,0.33571473399845897,0.0,0.0,0.0,69.37183638528545,0.5311080692317255
2024-06-21 02:00:00,56.0739626511828,-23.0,24.8,0.0,0.0,100.0,0.0,56.0739626511828,-43.9260373488172,0.0,0.4165386427202826,0.0,100.0,-43.9260373488172,0.0,0.6119319779535491
2024-06-21 03:00:00,54.908907064786064,-23.5,22.2,0.0,0.0,100.0,0.0,54.908907064786064,-45.091092935213936,0.0,0.49950625372107627,0.0,100.0,-45.091092935213936,0.0,0.6948995889543428
2024-06-21 04:00:00,58.75079462503352,-24.0,20.8,0.0,0.0,100.0,0.0,58.75079462503352,-41.24920537496648,0.0,0.5754047916110145,0.0,100.0,-41.24920537496648,0.0,0.7707981268442811
2024-06-21 05:00:00,67.38373156725164,-24.5,20.6,0.0,0.0,100.0,0.0,67.38373156725164,-32.616268432748356,0.0,0.6354187255272715,0.0,100.0,-32.616268432748356,0.0,0.830812060760538
2024-06-21 06:00:00,73.84889124281607,-24.3,21.0,0.0,0.0,100.0,0.0,73.84889124281607,-26.151108757183934,0.0,0.6835367656404899,0.0,100.0,-26.151108757183934,0.0,0.8789301008737564
2024-06-21 07:00:00,85.23984878822391,-24.1,21.2,0.0,0.0,100.0,0.0,85.23984878822391,-14.76015121177609,0.0,0.7106954438701579,0.0,100.0,-14.76015121177609,0.0,0.9060887791034244
2024-06-21 08:00:00,96.56616411501962,-23.8,22.7,0.0,0.0,100.0,0.0,96.56616411501962,-3.4338358849803825,0.0,0.7170137018985219,0.0,100.0,-3.4338358849803825,0.0,0.9124070371317884
2024-06-21 09:00:00,100.82343528604817,-23.4,23.1,0.0,0.0,100.0,0.0,100.0,0.8234352860481664,0.0,0.7152236251897215,0.0,100.0,0.0,0.8234352860481664,0.9124070371317884
2024-06-21 10:00:00,106.8645596869295,-23.5,23.3,0.0,0.0,100.0,0.0,100.0,6.864559686929496,0.0,0.7003006693485704,0.0,100.0,0.0,6.864559686929496,0.9124070371317884
2024-06-21 11:00:00,101.37272757463849,-23.2,24.2,0.0,0.0,100.0,0.0,100.0,1.372727574638489,0.0,0.6973164789689215,0.0,100.0,0.0,1.372727574638489,0.9124070371317884
2024-06-21 12:00:00,95.5371828263693,-23.0,24.5,0.0,0.0,100.0,0.0,95.5371828263693,-4.462817173630697,0.0,0.705528062568402,0.0,100.0,-4.462817173630697,0.0,0.9206186207312689
2024-06-21 13:00:00,101.46776061491896,-23.7,22.0,0.0,0.0,100.0,0.0,100.0,1.4677606149189586,0.0,0.7023372786229259,0.0,100.0,0.0,1.4677606149189586,0.9206186207312689
2024-06-21 14:00:00,114.21098301468402,-24.4,20.0,0.0,0.0,100.0,0.0,100.0,14.210983014684018,0.0,0.6714438372866564,0.0,100.0,0.0,14.210983014684018,0.9206186207312689
2024-06-21 15:00:00,98.67131985511779,-25.1,18.8,0.0,0.0,100.0,0.0,98.67131985511779,-1.3286801448822132,0.0,0.6738886087532396,0.0,100.0,-1.3286801448822132,0.0,0.9230633921978522
2024-06-21 16:00:00,113.13389929500632,-26.1,17.3,0.0,0.0,100.0,0.0,100.0,13.133899295006316,0.0,0.6453366537640954,0.0,100.0,0.0,13.133899295006316,0.9230633921978522
2024-06-21 17:00:00,103.42764731601498,-27.1,16.2,0.0,0.0,100.0,0.0,100.0,3.4276473160149834,0.0,0.6378852465553672,0.0,100.0,0.0,3.4276473160149834,0.9230633921978522
2024-06-21 18:00:00,102.56258787993256,-27.9,15.2,0.0,0.0,100.0,0.0,100.0,2.5625878799325648,0.0,0.6323144033381225,0.0,100.0,0.0,2.5625878799325648,0.9230633921978522
2024-06-21 19:00:00,99.47538891574439,-28.6,13.2,0.0,0.0,100.0,0.0,99.47538891574439,-0.5246110842556106,0.0,0.6332796877331528,0.0,100.0,-0.5246110842556106,0.0,0.9240286765928825
2024-06-21 20:00:00,84.64720419984714,-27.5,10.3,0.0,0.0,53.363100137174236,0.0,53.363100137174236,31.284104062672903,0.0,0.5652707658577769,0.0,53.363100137174236,0.0,31.284104062672903,0.9240286765928825
2024-06-21 21:00:00,73.6282072191038,-25.1,8.6,0.0,0.0,24.089986282578877,0.0,24.089986282578877,49.53822093652492,0.0,0.45757898121315754,0.0,24.089986282578877,0.0,49.53822093652492,0.9240286765928825
2024-06-21 22:00:00,63.08865357673086,-22.4,6.6,0.0,0.0,6.399999999999999,0.0,6.399999999999999,56.688653576730864,0.0,0.33434277778548177,0.0,6.399999999999999,0.0,56.688653576730864,0.9240286765928825
2024-06-21 23:00:00,62.289659850857056,-22.3,6.5,0.0,0.0,5.881344307270234,0.0,5.881344307270234,56.40831554358682,0.0,0.21171600486464084,0.0,5.881344307270234,0.0,56.40831554358682,0.9240286765928825
2024-06-22 00:00:00,68.07102345775515,-22.9,7.9,0.0,0.0,16.138408779149525,0.0,16.138408779149525,5.389362237734784,46.54325244087083,0.2,0.0,16.138408779149525,0.0,51.93261467860562,0.9240286765928825
2024-06-22 01:00:00,56.068689873895885,-22.3,7.2,0.0,0.0,10.162962962962965,0.0,10.162962962962965,0.0,45.90572691093292,0.2,0.0,10.162962962962965,0.0,45.90572691093292,0.9240286765928825
2024-06-22 02:00:00,60.03965820089152,-24.0,8.3,0.0,0.0,20.422085048010988,0.0,20.422085048010988,0.0,39.61757315288054,0.2,0.0,20.422085048010988,0.0,39.61757315288054,0.9240286765928825
2024-06-22 03:00:00,49.360393905694,-26.8,9.5,0.0,0.0,37.67146776406036,0.0,37.67146776406036,-8.311073858366356,20.0,0.2152923758993941,0.0,37.67146776406036,0.0,11.688926141633644,0.9240286765928825
2024-06-22 04:00:00,65.83466399012376,-27.7,9.9,0.0,0.0,45.06296296296297,0.0,45.06296296296297,0.7717010271607867,20.0,0.2115235370712713,0.0,45.06296296296297,0.0,20.771701027160788,0.9240286765928825
2024-06-22 05:00:00,78.1106868380578,-27.3,9.2,0.0,0.0,32.69245541838133,0.0,32.69245541838133,5.300827052784796,40.11740436689168,0.2,0.0,32.69245541838133,0.0,45.418231419676474,0.9240286765928825
2024-06-22 06:00:00,79.14514355483533,-26.0,7.7,0.0,0.0,14.24183813443073,0.0,14.24183813443073,0.0,64.90330542040459,0.2,0.0,14.24183813443073,0.0,64.90330542040459,0.9240286765928825
2024-06-22 07:00:00,84.27928181916917,-25.3,5.9,0.0,0.0,3.345541838134431,0.0,3.345541838134431,0.0,80.93373998103473,0.2,0.0,3.345541838134431,0.0,80.93373998103473,0.9240286765928825
2024-06-22 08:00:00,96.46578388931202,-25.9,4.0,0.0,0.0,0.1371742112482853,0.0,0.1371742112482853,0.0,96.32860967806374,0.2,0.0,0.1371742112482853,0.0,96.32860967806374,0.9240286765928825
2024-06-22 09:00:00,94.85988718465894,-26.0,2.5,0.0,0.0,0.0,0.0,0.0,0.0,94.85988718465894,0.2,0.0,0.0,0.0,94.85988718465894,0.9240286765928825
2024-06-22 10:00:00,108.79099014794039,-25.6,3.6,0.0,0.0,0.029629629629629645,0.0,0.029629629629629645,0.0,108.76136051831077,0.2,0.0,0.029629629629629645,0.0,108.76136051831077,0.9240286765928825
2024-06-22 11:00:00,112.81120686256291,-25.1,5.1,0.0,0.0,1.2703703703703695,0.0,1.2703703703703695,0.0,111.54083649219254,0.2,0.0,1.2703703703703695,100.0,11.54083649219254,0.7066373722450564
2024-06-22 12:00:00,99.19948616551885,-24.9,4.4,0.0,0.0,0.3764060356652952,0.0,0.3764060356652952,0.0,98.82308012985355,0.2,0.0,0.3764060356652952,0.0,98.82308012985355,0.7066373722450564
2024-06-22 13:00:00,108.77727818999388,-26.4,7.9,0.0,0.0,16.138408779149525,0.0,16.138408779149525,0.0,92.63886941084435,0.2,0.0,16.138408779149525,0.0,92.63886941084435,0.7066373722450564
2024-06-22 14:00:00,97.30343906481795,-23.9,2.4,0.0,0.0,0.0,0.0,0.0,0.0,97.30343906481795,0.2,0.0,0.0,0.0,97.30343906481795,0.7066373722450564
2024-06-22 15:00:00,96.3458110344372,-24.0,1.4,0.0,0.0,0.0,0.0,0.0,0.0,96.3458110344372,0.2,0.0,0.0,96.3458110344372,0.0,0.4971899569528016
2024-06-22 16:00:00,107.53774589299877,-24.7,2.7,0.0,0.0,0.0,0.0,0.0,0.0,107.53774589299877,0.2,0.0,0.0,0.0,107.53774589299877,0.4971899569528016
2024-06-22 17:00:00,98.0864704033078,-24.0,5.4,0.0,0.0,1.8962962962962973,0.0,1.8962962962962973,0.0,96.1901741070115,0.2,0.0,1.8962962962962973,0.0,96.1901741070115,0.4971899569528016
2024-06-22 18:00:00,83.52530484280285,-23.9,6.6,0.0,0.0,6.399999999999999,0.0,6.399999999999999,0.0,77.12530484280285,0.2,0.0,6.399999999999999,0.0,77.12530484280285,0.4971899569528016
2024-06-22 19:00:00,81.6721380421339,-23.7,7.3,0.0,0.0,10.906310013717418,0.0,10.906310013717418,0.0,70.76582802841648,0.2,0.0,10.906310013717418,0.0,70.76582802841648,0.4971899569528016
2024-06-22 20:00:00,85.06663828500608,-26.1,10.2,0.0,0.0,51.19999999999999,0.0,51.19999999999999,0.0,33.86663828500609,0.2,0.0,51.19999999999999,0.0,33.86663828500609,0.4971899569528016
2024-06-22 21:00:00,80.61936133921623,-29.3,13.2,0.0,0.0,100.0,0.0,80.61936133921623,-39.380638660783774,20.0,0.27246037513584215,0.0,100.0,-19.380638660783774,0.0,0.5328503320886437
2024-06-22 22:00:00,72.479280582432,-30.0,13.8,0.0,0.0,100.0,0.0,72.479280582432,-27.520719417568003,0.0,0.3230984988641673,0.0,100.0,-27.520719417568003,0.0,0.5834884558169688
2024-06-22 23:00:00,76.20394806280282,-30.0,16.6,0.0,0.0,100.0,0.0,76.20394806280282,-23.796051937197177,0.0,0.3668832344286101,0.0,100.0,-23.796051937197177,0.0,0.6272731913814117
2024-06-23 00:00:00,79.1630428108662,-29.6,16.9,0.0,0.0,100.0,0.0,79.1630428108662,-20.8369571891338,0.0,0.4052232356566163,0.0,100.0,-20.8369571891338,0.0,0.6656131926094179
2024-06-23 01:00:00,58.53428659864977,-20.2,8.8,0.0,0.0,26.76433470507545,0.0,26.76433470507545,31.769951893574323,0.0,0.3361581228444982,0.0,26.76433470507545,0.0,31.769951893574323,0.6656131926094179
2024-06-23 02:00:00,56.42618692771073,-20.7,6.2,0.0,0.0,4.4949245541838145,0.0,4.4949245541838145,51.93126237352692,0.0,0.2232640742063962,0.0,4.4949245541838145,0.0,51.93126237352692,0.6656131926094179
2024-06-23 03:00:00,45.63221369110088,-21.6,6.2,0.0,0.0,4.4949245541838145,0.0,4.4949245541838145,10.701474134942254,30.43581500197481,0.2,0.0,4.4949245541838145,0.0,41.13728913691706,0.6656131926094179
2024-06-23 04:00:00,56.677009549134695,-20.7,6.7,0.0,0.0,6.948285322359399,0.0,6.948285322359399,0.0,49.7287242267753,0.2,0.0,6.948285322359399,0.0,49.7287242267753,0.6656131926094179
2024-06-23 05:00:00,58.50774317885438,-20.2,6.5,0.0,0.0,5.881344307270234,0.0,5.881344307270234,0.0,52.62639887158415,0.2,0.0,5.881344307270234,0.0,52.62639887158415,0.6656131926094179
2024-06-23 06:00:00,71.96389657251405,-22.2,9.0,0.0,0.0,29.629629629629623,0.0,29.629629629629623,0.0,42.334266942884426,0.2,0.0,29.629629629629623,0.0,42.334266942884426,0.6656131926094179
2024-06-23 07:00:00,98.39109183182931,-30.2,15.2,0.0,0.0,100.0,0.0,98.39109183182931,-21.608908168170686,20.0,0.23976039102943408,0.0,100.0,-1.6089081681706858,0.0,0.6685735836388519
2024-06-23 08:00:00,98.94775909696241,-26.9,22.4,0.0,0.0,100.0,0.0,98.94775909696241,-1.0522409030375854,0.0,0.24169651429102323,0.0,100.0,-1.0522409030375854,0.0,0.6705097069004411
2024-06-23 09:00:00,100.41104772892199,-28.0,21.0,0.0,0.0,100.0,0.0,100.0,0.4110477289219858,0.0,0.2408029322716276,0.0,100.0,0.0,0.4110477289219858,0.6705097069004411
2024-06-23 10:00:00,116.49664510285335,-24.5,31.6,0.0,0.0,0.0,0.0,0.0,18.769348844948695,97.72729625790465,0.2,0.0,0.0,0.0,116.49664510285335,0.6705097069004411
2024-06-23 11:00:00,104.22495082737545,-23.3,43.1,0.0,0.0,0.0,0.0,0.0,0.0,104.22495082737545,0.2,0.0,0.0,0.0,104.22495082737545,0.6705097069004411
2024-06-23 12:00:00,90.75355106231746,-23.4,43.6,0.0,0.0,0.0,0.0,0.0,0.0,90.75355106231746,0.2,0.0,0.0,0.0,90.75355106231746,0.6705097069004411
2024-06-23 13:00:00,103.84065826496378,-22.9,42.2,0.0,0.0,0.0,0.0,0.0,0.0,103.84065826496378,0.2,0.0,0.0,0.0,103.84065826496378,0.6705097069004411
2024-06-23 14:00:00,103.27597596499264,-22.7,43.6,0.0,0.0,0.0,0.0,0.0,0.0,103.27597596499264,0.2,0.0,0.0,0.0,103.27597596499264,0.6705097069004411
2024-06-23 15:00:00,97.73013841791135,-22.3,44.7,0.0,0.0,0.0,0.0,0.0,0.0,97.73013841791135,0.2,0.0,0.0,97.73013841791135,0.0,0.45805288425280777
2024-06-23 16:00:00,90.39542699255483,-21.9,45.3,0.0,0.0,0.0,0.0,0.0,0.0,90.39542699255483,0.2,0.0,0.0,0.0,90.39542699255483,0.45805288425280777
2024-06-23 17:00:00,91.68465236326132,-21.6,45.4,0.0,0.0,0.0,0.0,0.0,0.0,91.68465236326132,0.2,0.0,0.0,0.0,91.68465236326132,0.45805288425280777
2024-06-23 18:00:00,79.600882142419,-21.2,45.4,0.0,0.0,0.0,0.0,0.0,0.0,79.600882142419,0.2,0.0,0.0,0.0,79.600882142419,0.45805288425280777
2024-06-23 19:00:00,72.140826569547,-20.5,44.3,0.0,0.0,0.0,0.0,0.0,0.0,72.140826569547,0.2,0.0,0.0,0.0,72.140826569547,0.45805288425280777
2024-06-23 20:00:00,77.90872405302997,-20.0,43.5,0.0,0.0,0.0,0.0,0.0,0.0,77.90872405302997,0.2,0.0,0.0,0.0,77.90872405302997,0.45805288425280777
2024-06-23 21:00:00,66.70559295116638,-19.8,42.9,0.0,0.0,0.0,0.0,0.0,0.0,66.70559295116638,0.2,0.0,0.0,0.0,66.70559295116638,0.45805288425280777
2024-06-23 22:00:00,62.63756805003896,-19.8,41.5,0.0,0.0,0.0,0.0,0.0,0.0,62.63756805003896,0.2,0.0,0.0,0.0,62.63756805003896,0.45805288425280777
2024-06-23 23:00:00,62.26232060138332,-19.6,40.6,0.0,0.0,0.0,0.0,0.0,0.0,62.26232060138332,0.2,0.0,0.0,0.0,62.26232060138332,0.45805288425280777
2024-06-24 00:00:00,55.28706649576911,-19.5,40.0,0.0,0.0,0.0,0.0,0.0,0.0,55.28706649576911,0.2,0.0,0.0,0.0,55.28706649576911,0.45805288425280777
2024-06-24 01:00:00,49.98423413676558,-18.2,43.5,0.0,0.0,0.0,0.0,0.0,0.0,49.98423413676558,0.2,0.0,0.0,0.0,49.98423413676558,0.45805288425280777
2024-06-24 02:00:00,49.978576348614176,-18.3,43.6,0.0,0.0,0.0,0.0,0.0,0.0,49.978576348614176,0.2,0.0,0.0,0.0,49.978576348614176,0.45805288425280777
2024-06-24 03:00:00,41.04311198768117,-18.5,42.0,0.0,0.0,0.0,0.0,0.0,0.0,41.04311198768117,0.2,0.0,0.0,0.0,41.04311198768117,0.45805288425280777
2024-06-24 04:00:00,54.24299523384108,-18.7,38.6,0.0,0.0,0.0,0.0,0.0,0.0,54.24299523384108,0.2,0.0,0.0,0.0,54.24299523384108,0.45805288425280777
2024-06-24 05:00:00,53.62144270409316,-18.8,36.6,0.0,0.0,0.0,0.0,0.0,0.0,53.62144270409316,0.2,0.0,0.0,0.0,53.62144270409316,0.45805288425280777
2024-06-24 06:00:00,69.47736296227575,-18.6,36.5,0.0,0.0,0.0,0.0,0.0,0.0,69.47736296227575,0.2,0.0,0.0,0.0,69.47736296227575,0.45805288425280777
2024-06-24 07:00:00,75.63331663424955,-18.4,36.7,0.0,0.0,0.0,0.0,0.0,0.0,75.63331663424955,0.2,0.0,0.0,0.0,75.63331663424955,0.45805288425280777
2024-06-24 08:00:00,83.07274178487515,-18.4,35.8,0.0,0.0,0.0,0.0,0.0,0.0,83.07274178487515,0.2,0.0,0.0,0.0,83.07274178487515,0.45805288425280777
2024-06-24 09:00:00,81.61520675722721,-18.6,33.7,0.0,0.0,0.0,0.0,0.0,0.0,81.61520675722721,0.2,0.0,0.0,74.13434409656479,7.4808626606624244,0.29689126665157994
2024-06-24 10:00:00,93.7830230241309,-18.8,31.4,0.0,0.0,0.0,0.0,0.0,0.0,93.7830230241309,0.2,0.0,0.0,0.0,93.7830230241309,0.29689126665157994
2024-06-24 11:00:00,83.48866719792863,-18.5,32.8,0.0,0.0,0.0,0.0,0.0,0.0,83.48866719792863,0.2,0.0,0.0,0.0,83.48866719792863,0.29689126665157994
2024-06-24 12:00:00,85.12818048511487,-18.5,31.8,0.0,0.0,0.0,0.0,0.0,0.0,85.12818048511487,0.2,0.0,0.0,0.0,85.12818048511487,0.29689126665157994
2024-06-24 13:00:00,75.32360161555131,-17.6,33.6,0.0,0.0,0.0,0.0,0.0,0.0,75.32360161555131,0.2,0.0,0.0,0.0,75.32360161555131,0.29689126665157994
2024-06-24 14:00:00,83.14583865812378,-17.6,32.1,0.0,0.0,0.0,0.0,0.0,0.0,83.14583865812378,0.2,0.0,0.0,0.0,83.14583865812378,0.29689126665157994
2024-06-24 15:00:00,92.57016804420094,-17.5,31.3,0.0,0.0,0.0,0.0,0.0,0.0,92.57016804420094,0.2,0.0,0.0,0.0,92.57016804420094,0.29689126665157994
2024-06-24 16:00:00,84.0077658800328,-17.3,31.6,0.0,0.0,0.0,0.0,0.0,0.0,84.0077658800328,0.2,0.0,0.0,0.0,84.0077658800328,0.29689126665157994
2024-06-24 17:00:00,75.98092076260167,-17.1,32.4,0.0,0.0,0.0,0.0,0.0,0.0,75.98092076260167,0.2,0.0,0.0,0.0,75.98092076260167,0.29689126665157994
2024-06-24 18:00:00,69.31878338656888,-17.1,30.6,0.0,0.0,0.0,0.0,0.0,0.0,69.31878338656888,0.2,0.0,0.0,0.0,69.31878338656888,0.29689126665157994
2024-06-24 19:00:00,65.45373041206453,-17.5,27.4,0.0,0.0,0.0,0.0,0.0,0.0,65.45373041206453,0.2,0.0,0.0,0.0,65.45373041206453,0.29689126665157994
2024-06-24 20:00:00,69.21327877544262,-18.1,26.6,0.0,0.0,0.0,0.0,0.0,0.0,69.21327877544262,0.2,0.0,0.0,0.0,69.21327877544262,0.29689126665157994
2024-06-24 21:00:00,61.881838452038274,-17.8,28.4,0.0,0.0,0.0,0.0,0.0,0.0,61.881838452038274,0.2,0.0,0.0,0.0,61.881838452038274,0.29689126665157994
2024-06-24 22:00:00,67.17073591658638,-17.7,29.6,0.0,0.0,0.0,0.0,0.0,0.0,67.17073591658638,0.2,0.0,0.0,0.0,67.17073591658638,0.29689126665157994
2024-06-24 23:00:00,54.726181399948246,-17.8,28.5,0.0,0.0,0.0,0.0,0.0,0.0,54.726181399948246,0.2,0.0,0.0,0.0,54.726181399948246,0.29689126665157994
2024-06-25 00:00:00,56.118602461222665,-17.9,27.0,0.0,0.0,0.0,0.0,0.0,0.0,56.118602461222665,0.2,0.0,0.0,0.0,56.118602461222665,0.29689126665157994
2024-06-25 01:00:00,44.569982659723145,-17.7,26.5,0.0,0.0,0.0,0.0,0.0,0.0,44.569982659723145,0.2,0.0,0.0,44.569982659723145,0.0,0.2000000000000079
2024-06-25 02:00:00,46.3465038741143,-18.1,25.0,0.0,0.0,100.0,0.0,46.3465038741143,-73.65349612588571,20.0,0.3355224328716297,0.0,100.0,-53.6534961258857,0.0,0.2987224328716376
2024-06-25 03:00:00,49.184957025339926,-18.2,24.7,0.0,0.0,100.0,0.0,49.184957025339926,-50.815042974660074,0.0,0.4290221119450042,0.0,100.0,-50.815042974660074,0.0,0.3922221119450121
2024-06-25 04:00:00,50.46107144393407,-18.2,24.5,0.0,0.0,100.0,0.0,50.46107144393407,-49.53892855606593,0.0,0.5201737404881656,0.0,100.0,-49.53892855606593,0.0,0.48337374048817344
2024-06-25 05:00:00,53.571857332128836,-18.0,25.5,0.0,0.0,0.0,0.0,0.0,53.571857332128836,0.0,0.4037131810704942,0.0,0.0,0.0,53.571857332128836,0.48337374048817344
2024-06-25 06:00:00,65.43454812807661,-17.9,25.3,0.0,0.0,0.0,0.0,0.0,65.43454812807661,0.0,0.26146416340076245,0.0,0.0,0.0,65.43454812807661,0.48337374048817344
2024-06-25 07:00:00,79.12411640780495,-17.8,26.0,0.0,0.0,0.0,0.0,0.0,28.273515164350723,50.85060124345422,0.2,0.0,0.0,0.0,79.12411640780495,0.48337374048817344
2024-06-25 08:00:00,79.72484685153914,-17.6,26.3,0.0,0.0,0.0,0.0,0.0,0.0,79.72484685153914,0.2,0.0,0.0,0.0,79.72484685153914,0.48337374048817344
2024-06-25 09:00:00,92.6209314173657,-17.6,26.7,0.0,0.0,0.0,0.0,0.0,0.0,92.6209314173657,0.2,0.0,0.0,92.6209314173657,0.0,0.2820238895808567
2024-06-25 10:00:00,94.2455118875939,-17.7,26.0,0.0,0.0,0.0,0.0,0.0,0.0,94.2455118875939,0.2,0.0,0.0,0.0,94.2455118875939,0.2820238895808567
2024-06-25 11:00:00,92.87176687333925,-17.8,25.3,0.0,0.0,0.0,0.0,0.0,0.0,92.87176687333925,0.2,0.0,0.0,0.0,92.87176687333925,0.2820238895808567
2024-06-25 12:00:00,81.21390038326682,-18.1,23.4,0.0,0.0,100.0,0.0,81.21390038326682,-38.78609961673318,20.0,0.27136642329478905,0.0,100.0,-18.786099616733182,0.0,0.31659031287564576
2024-06-25 13:00:00,88.340362525078,-18.5,22.0,0.0,0.0,100.0,0.0,88.340362525078,-11.659637474921993,0.0,0.29282015624864555,0.0,100.0,-11.659637474921993,0.0,0.3380440458295022
2024-06-25 14:00:00,94.43613214617666,-19.2,19.8,0.0,0.0,100.0,0.0,94.43613214617666,-5.563867853823339,0.0,0.3030576730996805,0.0,100.0,-5.563867853823339,0.0,0.34828156268053717
2024-06-25 15:00:00,96.23138618281989,-20.0,19.1,0.0,0.0,100.0,0.0,96.23138618281989,-3.7686138171801105,0.0,0.30999192252329194,0.0,100.0,-3.7686138171801105,0.0,0.3552158121041486
2024-06-25 16:00:00,95.31206411105933,-20.8,17.6,0.0,0.0,100.0,0.0,95.31206411105933,-4.687935888940672,0.0,0.31861772455894277,0.0,100.0,-4.687935888940672,0.0,0.36384161413979943
2024-06-25 17:00:00,89.87528095555946,-21.7,15.1,0.0,0.0,100.0,0.0,89.87528095555946,-10.124719044440539,0.0,0.33724720760071336,0.0,100.0,-10.124719044440539,0.0,0.38247109718157
2024-06-25 18:00:00,85.13353288687932,-20.0,11.9,0.0,0.0,96.70356652949246,0.0,85.13353288687932,-11.57003364261314,0.0,0.35853606950312156,0.0,96.70356652949246,-11.57003364261314,0.0,0.4037599590839782
2024-06-25 19:00:00,69.85834261509314,-18.3,10.8,0.0,0.0,65.0962962962963,0.0,65.0962962962963,4.762046318796834,0.0,0.3481837948970415,0.0,65.0962962962963,0.0,4.762046318796834,0.4037599590839782
2024-06-25 20:00:00,68.17688776449563,-16.0,9.2,0.0,0.0,32.69245541838133,0.0,32.69245541838133,35.4844323461143,0.0,0.27104372457940173,0.0,32.69245541838133,0.0,35.4844323461143,0.4037599590839782
2024-06-25 21:00:00,61.479047210929345,-14.2,7.9,0.0,0.0,16.138408779149525,0.0,16.138408779149525,25.340638431779823,20.0,0.21350463376953077,0.0,16.138408779149525,0.0,45.34063843177982,0.4037599590839782
2024-06-25 22:00:00,55.88748172962332,-14.0,7.2,0.0,0.0,10.162962962962965,0.0,10.162962962962965,6.2121315339841505,39.512387232676204,0.2,0.0,10.162962962962965,0.0,45.72451876666035,0.4037599590839782
2024-06-25 23:00:00,49.84584891740606,-14.1,7.1,0.0,0.0,9.45418381344307,0.0,9.45418381344307,0.0,40.39166510396299,0.2,0.0,9.45418381344307,0.0,40.39166510396299,0.4037599590839782
2024-06-26 00:00:00,54.14161666202483,-14.9,6.2,0.0,0.0,4.4949245541838145,0.0,4.4949245541838145,0.0,49.64669210784102,0.2,0.0,4.4949245541838145,0.0,49.64669210784102,0.4037599590839782
2024-06-26 01:00:00,48.829977673807555,-18.8,9.4,0.0,0.0,35.959396433470516,0.0,35.959396433470516,-7.129418759662961,20.0,0.21311813051777986,0.0,35.959396433470516,0.0,12.870581240337039,0.4037599590839782
2024-06-26 02:00:00,46.89181132180104,-16.6,8.0,0.0,0.0,17.14677640603567,0.0,17.14677640603567,6.034340038178732,23.71069487758664,0.2,0.0,17.14677640603567,0.0,29.745034915765373,0.4037599590839782
2024-06-26 03:00:00,45.15255238412561,-15.1,4.4,0.0,0.0,0.3764060356652952,0.0,0.3764060356652952,0.0,44.776146348460315,0.2,0.0,0.3764060356652952,0.0,44.776146348460315,0.4037599590839782
2024-06-26 04:00:00,40.15242168424258,-14.8,5.2,0.0,0.0,1.4606310013717423,0.0,1.4606310013717423,0.0,38.69179068287084,0.2,0.0,1.4606310013717423,0.0,38.69179068287084,0.4037599590839782
2024-06-26 05:00:00,52.5979212646976,-14.7,5.9,0.0,0.0,3.345541838134431,0.0,3.345541838134431,0.0,49.25237942656317,0.2,0.0,3.345541838134431,0.0,49.25237942656317,0.4037599590839782
2024-06-26 06:00:00,51.55590637159093,-14.9,7.2,0.0,0.0,10.162962962962965,0.0,10.162962962962965,0.0,41.392943408627964,0.2,0.0,10.162962962962965,0.0,41.392943408627964,0.4037599590839782
2024-06-26 07:00:00,65.36040851045284,-16.0,7.3,0.0,0.0,10.906310013717418,0.0,10.906310013717418,0.0,54.454098496735426,0.2,0.0,10.906310013717418,0.0,54.454098496735426,0.4037599590839782
2024-06-26 08:00:00,79.1988047963815,-17.6,4.7,0.0,0.0,0.6739368998628261,0.0,0.6739368998628261,0.0,78.52486789651867,0.2,0.0,0.6739368998628261,0.0,78.52486789651867,0.4037599590839782
2024-06-26 09:00:00,85.17131807683597,-18.3,4.3,0.0,0.0,0.30137174211248274,0.0,0.30137174211248274,0.0,84.8699463347235,0.2,0.0,0.30137174211248274,0.0,84.8699463347235,0.4037599590839782
2024-06-26 10:00:00,93.85027019310158,-18.5,4.0,0.0,0.0,0.1371742112482853,0.0,0.1371742112482853,0.0,93.7130959818533,0.2,0.0,0.1371742112482853,0.0,93.7130959818533,0.4037599590839782
2024-06-26 11:00:00,88.6077849521811,-18.1,3.6,0.0,0.0,0.029629629629629645,0.0,0.029629629629629645,0.0,88.57815532255148,0.2,0.0,0.029629629629629645,0.0,88.57815532255148,0.4037599590839782
2024-06-26 12:00:00,80.4240918032058,-18.2,3.8,0.0,0.0,0.07023319615912203,0.0,0.07023319615912203,0.0,80.35385860704667,0.2,0.0,0.07023319615912203,0.0,80.35385860704667,0.4037599590839782
2024-06-26 13:00:00,91.93987229412166,-18.4,5.4,0.0,0.0,1.8962962962962973,0.0,1.8962962962962973,0.0,90.04357599782536,0.2,0.0,1.8962962962962973,0.0,90.04357599782536,0.4037599590839782
2024-06-26 14:00:00,90.76671748346884,-18.9,3.4,0.0,0.0,0.008779149519890254,0.0,0.008779149519890254,0.0,90.75793833394894,0.2,0.0,0.008779149519890254,0.0,90.75793833394894,0.4037599590839782
2024-06-26 15:00:00,103.01487187367347,-19.3,4.7,0.0,0.0,0.6739368998628261,0.0,0.6739368998628261,0.0,102.34093497381065,0.2,0.0,0.6739368998628261,0.0,102.34093497381065,0.4037599590839782
2024-06-26 16:00:00,87.39010588334698,-19.5,5.2,0.0,0.0,1.4606310013717423,0.0,1.4606310013717423,0.0,85.92947488197524,0.2,0.0,1.4606310013717423,0.0,85.92947488197524,0.4037599590839782
2024-06-26 17:00:00,77.64352927504984,-19.4,4.3,0.0,0.0,0.30137174211248274,0.0,0.30137174211248274,0.0,77.34215753293736,0.2,0.0,0.30137174211248274,0.0,77.34215753293736,0.4037599590839782
2024-06-26 18:00:00,73.45329116893114,-19.0,2.3,0.0,0.0,0.0,0.0,0.0,0.0,73.45329116893114,0.2,0.0,0.0,0.0,73.45329116893114,0.4037599590839782
2024-06-26 19:00:00,81.33790232349152,-19.6,1.9,0.0,0.0,0.0,0.0,0.0,0.0,81.33790232349152,0.2,0.0,0.0,0.0,81.33790232349152,0.4037599590839782
2024-06-26 20:00:00,67.65424175140774,-18.8,1.8,0.0,0.0,0.0,0.0,0.0,0.0,67.65424175140774,0.2,0.0,0.0,0.0,67.65424175140774,0.4037599590839782
2024-06-26 21:00:00,58.58118096085016,-18.7,4.0,0.0,0.0,0.1371742112482853,0.0,0.1371742112482853,0.0,58.444006749601876,0.2,0.0,0.1371742112482853,0.0,58.444006749601876,0.4037599590839782
2024-06-26 22:00:00,65.20606373563884,-18.5,4.7,0.0,0.0,0.6739368998628261,0.0,0.6739368998628261,0.0,64.53212683577601,0.2,0.0,0.6739368998628261,0.0,64.53212683577601,0.4037599590839782
2024-06-26 23:00:00,56.72213056110958,-19.6,4.5,0.0,0.0,0.46296296296296285,0.0,0.46296296296296285,0.0,56.25916759814662,0.2,0.0,0.46296296296296285,0.0,56.25916759814662,0.4037599590839782
2024-06-27 00:00:00,63.81709755559675,-20.6,4.7,0.0,0.0,0.6739368998628261,0.0,0.6739368998628261,0.0,63.14316065573393,0.2,0.0,0.6739368998628261,0.0,63.14316065573393,0.4037599590839782
2024-06-27 01:00:00,59.277830128280634,-19.6,8.5,0.0,0.0,22.822359396433477,0.0,22.822359396433477,0.0,36.45547073184716,0.2,0.0,22.822359396433477,36.45547073184716,0.0,0.3245089357538757
2024-06-27 02:00:00,55.22231769404272,-21.9,7.0,0.0,0.0,8.77914951989026,0.0,8.77914951989026,0.0,46.44316817415246,0.2,0.0,8.77914951989026,0.0,46.44316817415246,0.3245089357538757
2024-06-27 03:00:00,67.02953697842666,-22.7,6.8,0.0,0.0,7.527023319615912,0.0,7.527023319615912,0.0,59.50251365881075,0.2,0.0,7.527023319615912,0.0,59.50251365881075,0.3245089357538757
2024-06-27 04:00:00,49.87628753533388,-22.0,5.5,0.0,0.0,2.1433470507544587,0.0,2.1433470507544587,0.0,47.73294048457942,0.2,0.0,2.1433470507544587,0.0,47.73294048457942,0.3245089357538757
2024-06-27 05:00:00,58.03524962364095,-21.5,2.2,0.0,0.0,0.0,0.0,0.0,0.0,58.03524962364095,0.2,0.0,0.0,0.0,58.03524962364095,0.3245089357538757
2024-06-27 06:00:00,70.52024997698021,-21.9,1.6,0.0,0.0,0.0,0.0,0.0,0.0,70.52024997698021,0.2,0.0,0.0,0.0,70.52024997698021,0.3245089357538757
2024-06-27 07:00:00,92.53086764304062,-22.1,4.0,0.0,0.0,0.1371742112482853,0.0,0.1371742112482853,0.0,92.39369343179234,0.2,0.0,0.1371742112482853,0.0,92.39369343179234,0.3245089357538757
2024-06-27 08:00:00,97.74001235051107,-21.5,5.9,0.0,0.0,3.345541838134431,0.0,3.345541838134431,0.0,94.39447051237663,0.2,0.0,3.345541838134431,0.0,94.39447051237663,0.3245089357538757
2024-06-27 09:00:00,103.24345433696959,-21.2,7.3,0.0,0.0,10.906310013717418,0.0,10.906310013717418,0.0,92.33714432325218,0.2,0.0,10.906310013717418,0.0,92.33714432325218,0.3245089357538757
2024-06-27 10:00:00,96.65438029627043,-21.0,3.3,0.0,0.0,0.003703703703703697,0.0,0.003703703703703697,0.0,96.65067659256673,0.2,0.0,0.003703703703703697,0.0,96.65067659256673,0.3245089357538757
2024-06-27 11:00:00,106.06242630114785,-25.8,10.7,0.0,0.0,62.62455418381343,0.0,62.62455418381343,0.0,43.43787211733442,0.2,0.0,62.62455418381343,0.0,43.43787211733442,0.3245089357538757
2024-06-27 12:00:00,104.26969982429773,-27.3,11.9,0.0,0.0,96.70356652949246,0.0,96.70356652949246,-12.433866705194731,20.0,0.22287831473755831,0.0,96.70356652949246,0.0,7.566133294805269,0.3245089357538757
2024-06-27 13:00:00,112.9578655597962,-28.5,20.7,0.0,0.0,100.0,0.0,100.0,-7.042134440203798,20.0,0.23232173296384434,0.0,100.0,0.0,12.957865559796204,0.3245089357538757
2024-06-27 14:00:00,117.00102303637986,-24.1,31.0,0.0,0.0,0.0,0.0,0.0,14.86799716336839,102.13302587301148,0.2,0.0,0.0,0.0,117.00102303637986,0.3245089357538757
2024-06-27 15:00:00,104.10616438302078,-24.3,27.9,0.0,0.0,0.0,0.0,0.0,0.0,104.10616438302078,0.2,0.0,0.0,0.0,104.10616438302078,0.3245089357538757
2024-06-27 16:00:00,101.0300091767803,-24.7,26.7,0.0,0.0,0.0,0.0,0.0,0.0,101.0300091767803,0.2,0.0,0.0,0.0,101.0300091767803,0.3245089357538757
2024-06-27 17:00:00,102.37193393461716,-25.4,25.2,0.0,0.0,0.0,0.0,0.0,0.0,102.37193393461716,0.2,0.0,0.0,57.274110446777165,45.097823487839996,0.20000000000001228
2024-06-27 18:00:00,86.68236012983013,-26.0,26.0,0.0,0.0,0.0,0.0,0.0,0.0,86.68236012983013,0.2,0.0,0.0,0.0,86.68236012983013,0.20000000000001228
2024-06-27 19:00:00,85.0882291063457,-23.7,30.2,0.0,0.0,0.0,0.0,0.0,0.0,85.0882291063457,0.2,0.0,0.0,0.0,85.0882291063457,0.20000000000001228
2024-06-27 20:00:00,75.2656413566354,-24.0,27.4,0.0,0.0,0.0,0.0,0.0,0.0,75.2656413566354,0.2,0.0,0.0,0.0,75.2656413566354,0.20000000000001228
2024-06-27 21:00:00,76.12792539720841,-24.8,25.7,0.0,0.0,0.0,0.0,0.0,0.0,76.12792539720841,0.2,0.0,0.0,0.0,76.12792539720841,0.20000000000001228
2024-06-27 22:00:00,68.88039653020394,-24.3,26.2,0.0,0.0,0.0,0.0,0.0,0.0,68.88039653020394,0.2,0.0,0.0,0.0,68.88039653020394,0.20000000000001228
2024-06-27 23:00:00,63.8350962698437,-24.3,26.4,0.0,0.0,0.0,0.0,0.0,0.0,63.8350962698437,0.2,0.0,0.0,0.0,63.8350962698437,0.20000000000001228
2024-06-28 00:00:00,68.85290903353182,-24.7,25.2,0.0,0.0,0.0,0.0,0.0,0.0,68.85290903353182,0.2,0.0,0.0,0.0,68.85290903353182,0.20000000000001228
2024-06-28 01:00:00,65.13106701196256,-25.4,22.7,0.0,0.0,100.0,0.0,65.13106701196256,-54.86893298803744,20.0,0.3009588366979889,0.0,100.0,-34.86893298803744,0.0,0.26415883669800116
2024-06-28 02:00:00,58.750897053830066,-25.9,21.6,0.0,0.0,100.0,0.0,58.750897053830066,-41.249102946169934,0.0,0.3768571861189416,0.0,100.0,-41.249102946169934,0.0,0.34005718611895386
2024-06-28 03:00:00,59.75342171495578,-24.6,24.1,0.0,0.0,100.0,0.0,59.75342171495578,-40.24657828504422,0.0,0.45091089016342295,0.0,100.0,-40.24657828504422,0.0,0.4141108901634352
2024-06-28 04:00:00,56.43192729573225,-23.4,25.7,0.0,0.0,0.0,0.0,0.0,56.43192729573225,0.0,0.3282327873466137,0.0,0.0,45.22168582300608,11.210241472726175,0.31580287750472635
2024-06-28 05:00:00,70.25792934519713,-24.2,23.4,0.0,0.0,100.0,0.0,70.25792934519713,-29.742070654802873,0.0,0.382958197351451,0.0,100.0,-29.742070654802873,0.0,0.3705282875095636
2024-06-28 06:00:00,79.36900488921198,-26.2,23.5,0.0,0.0,100.0,0.0,79.36900488921198,-20.63099511078802,0.0,0.42091922835530093,0.0,100.0,-20.63099511078802,0.0,0.4084893185134136
2024-06-28 07:00:00,88.93168218931052,-26.6,21.1,0.0,0.0,100.0,0.0,88.93168218931052,-11.068317810689479,0.0,0.4412849331269696,0.0,100.0,-11.068317810689479,0.0,0.42885502328508224
2024-06-28 08:00:00,94.02620594148509,-25.2,22.0,0.0,0.0,100.0,0.0,94.02620594148509,-5.973794058514912,0.0,0.45227671419463705,0.0,100.0,-5.973794058514912,0.0,0.4398468043527497
2024-06-28 09:00:00,104.3930126976666,-24.4,21.3,0.0,0.0,100.0,0.0,100.0,4.393012697666606,0.0,0.442726686591014,0.0,100.0,4.393012697666606,0.0,0.43029677674912664
2024-06-28 10:00:00,122.9156962842296,-25.5,20.6,0.0,0.0,100.0,0.0,100.0,22.915696284229597,0.0,0.39290995553834096,0.0,100.0,0.0,22.915696284229597,0.43029677674912664
2024-06-28 11:00:00,108.58343114948705,-25.6,19.8,0.0,0.0,100.0,0.0,100.0,8.583431149487055,0.0,0.37425032260467345,0.0,100.0,0.0,8.583431149487055,0.43029677674912664
2024-06-28 12:00:00,99.01548231928281,-25.9,18.4,0.0,0.0,100.0,0.0,99.01548231928281,-0.9845176807171896,0.0,0.3760618351371931,0.0,100.0,-0.9845176807171896,0.0,0.4321082892816463
2024-06-28 13:00:00,112.11909533392523,-25.1,16.5,0.0,0.0,100.0,0.0,100.0,12.11909533392523,0.0,0.3497159757156165,0.0,100.0,0.0,12.11909533392523,0.4321082892816463
2024-06-28 14:00:00,111.77785782104122,-25.7,13.0,0.0,0.0,100.0,0.0,100.0,11.777857821041223,0.0,0.3241119369742226,0.0,100.0,0.0,11.777857821041223,0.4321082892816463
2024-06-28 15:00:00,112.24379502176235,-26.3,12.6,0.0,0.0,100.0,0.0,100.0,12.243795021762352,0.0,0.2974949912747392,0.0,100.0,0.0,12.243795021762352,0.4321082892816463
2024-06-28 16:00:00,102.23419724786712,-26.1,11.8,0.0,0.0,93.4803840877915,0.0,93.4803840877915,8.753813160075609,0.0,0.2784649626658792,0.0,93.4803840877915,8.753813160075609,0.0,0.4130782606727863
2024-06-28 17:00:00,105.90386658071586,-25.8,11.5,0.0,0.0,84.24211248285322,0.0,84.24211248285322,21.66175409786264,0.0,0.23137419288791697,0.0,84.24211248285322,21.66175409786264,0.0,0.3659874908948241
2024-06-28 18:00:00,92.99620121677017,-26.4,12.2,0.0,0.0,100.0,0.0,92.99620121677017,-7.003798783229826,0.0,0.24426118264905985,0.0,100.0,-7.003798783229826,0.0,0.37887448065596696
2024-06-28 19:00:00,97.88928989288769,-26.4,12.6,0.0,0.0,100.0,0.0,97.88928989288769,-2.110710107112311,0.0,0.2481448892461465,0.0,100.0,-2.110710107112311,0.0,0.3827581872530536
2024-06-28 20:00:00,81.45369707735607,-26.8,13.8,0.0,0.0,100.0,0.0,81.45369707735607,-18.54630292264393,0.0,0.2822700866238113,0.0,100.0,-18.54630292264393,0.0,0.41688338463071845
2024-06-28 21:00:00,79.9354680714226,-26.7,15.3,0.0,0.0,100.0,0.0,79.9354680714226,-20.064531928577395,0.0,0.31918882537239374,0.0,100.0,-20.064531928577395,0.0,0.45380212337930087
2024-06-28 22:00:00,81.62497892953391,-25.8,13.3,0.0,0.0,100.0,0.0,81.62497892953391,-18.37502107046609,0.0,0.35299886414205134,0.0,100.0,-18.37502107046609,0.0,0.4876121621489585
2024-06-28 23:00:00,68.39087112390669,-24.6,11.9,0.0,0.0,96.70356652949246,0.0,68.39087112390669,-28.31269540558577,0.0,0.40509422368832915,0.0,96.70356652949246,-28.31269540558577,0.0,0.5397075216952363
2024-06-29 00:00:00,81.00732970902816,-25.8,12.7,0.0,0.0,100.0,0.0,81.00732970902816,-18.992670290971844,0.0,0.4400407370237173,0.0,100.0,-18.992670290971844,0.0,0.5746540350306245
2024-06-29 01:00:00,63.16679775380992,-25.7,13.8,0.0,0.0,100.0,0.0,63.16679775380992,-36.83320224619008,0.0,0.5078138291567071,0.0,100.0,-36.83320224619008,0.0,0.6424271271636143
2024-06-29 02:00:00,59.93521426480337,-25.1,17.4,0.0,0.0,100.0,0.0,59.93521426480337,-40.06478573519663,0.0,0.581533034909469,0.0,100.0,-40.06478573519663,0.0,0.7161463329163761
2024-06-29 03:00:00,67.72574636024409,-24.8,18.6,0.0,0.0,100.0,0.0,67.72574636024409,-32.27425363975591,0.0,0.6409176616066198,0.0,100.0,-32.27425363975591,0.0,0.7755309596135269
2024-06-29 04:00:00,55.155383916288656,-24.6,18.8,0.0,0.0,100.0,0.0,55.155383916288656,-44.844616083711344,0.0,0.7234317552006486,0.0,100.0,-44.844616083711344,0.0,0.8580450532075558
2024-06-29 05:00:00,58.6612498340923,-24.2,19.4,0.0,0.0,100.0,0.0,58.6612498340923,-41.3387501659077,0.0,0.7994950555059188,0.0,100.0,-41.3387501659077,0.0,0.934108353512826
2024-06-29 06:00:00,72.82245911395297,-24.4,18.4,0.0,0.0,100.0,0.0,72.82245911395297,-27.177540886047026,0.0,0.8495017307362454,0.0,100.0,-27.177540886047026,0.0,0.9841150287431525
2024-06-29 07:00:00,91.36686344736663,-24.8,13.5,0.0,0.0,100.0,0.0,91.36686344736663,-8.633136552633374,0.0,0.8653867019930908,0.0,100.0,-8.633136552633374,0.0,0.9999999999999979
2024-06-29 08:00:00,69.70074408334031,-17.1,6.6,0.0,0.0,6.399999999999999,0.0,6.399999999999999,63.30074408334031,0.0,0.7277763887684379,0.0,6.399999999999999,0.0,63.30074408334031,0.9999999999999979
2024-06-29 09:00:00,89.0602452828101,-17.3,6.9,0.0,0.0,8.137037037037038,0.0,8.137037037037038,80.92320824577307,0.0,0.5518563708428442,0.0,8.137037037037038,80.92320824577307,0.0,0.8240799820744042
2024-06-29 10:00:00,93.48353347244446,-17.6,7.7,0.0,0.0,14.24183813443073,0.0,14.24183813443073,79.24169533801373,0.0,0.3795918157602057,0.0,14.24183813443073,0.0,79.24169533801373,0.8240799820744042
2024-06-29 11:00:00,98.07195116600978,-18.0,7.9,0.0,0.0,16.138408779149525,0.0,16.138408779149525,81.93354238686025,0.0,0.20147541926703122,0.0,16.138408779149525,81.93354238686025,0.0,0.6459635855812298
2024-06-29 12:00:00,99.72742462756186,-22.0,9.9,0.0,0.0,45.06296296296297,0.0,45.06296296296297,0.6786928628343558,53.985768801764536,0.2,0.0,45.06296296296297,0.0,54.66446166459889,0.6459635855812298
2024-06-29 13:00:00,107.42025118748889,-24.4,11.9,0.0,0.0,96.70356652949246,0.0,96.70356652949246,-9.283315342003576,20.0,0.2170813002292866,0.0,96.70356652949246,0.0,10.716684657996424,0.6459635855812298
2024-06-29 14:00:00,103.68316467576479,-19.7,9.0,0.0,0.0,29.629629629629623,0.0,29.629629629629623,7.8573981054718285,66.19613694066334,0.2,0.0,29.629629629629623,0.0,74.05353504613517,0.6459635855812298
2024-06-29 15:00:00,89.59451970557434,-17.6,5.2,0.0,0.0,1.4606310013717423,0.0,1.4606310013717423,0.0,88.1338887042026,0.2,0.0,1.4606310013717423,88.1338887042026,0.0,0.4543681753547024
2024-06-29 16:00:00,90.62464972686399,-21.4,10.2,0.0,0.0,51.19999999999999,0.0,51.19999999999999,0.0,39.424649726864004,0.2,0.0,51.19999999999999,0.0,39.424649726864004,0.4543681753547024
2024-06-29 17:00:00,81.0269711147557,-20.7,10.2,0.0,0.0,51.19999999999999,0.0,51.19999999999999,0.0,29.826971114755708,0.2,0.0,51.19999999999999,0.0,29.826971114755708,0.4543681753547024
2024-06-29 18:00:00,72.67817198153459,-17.8,5.6,0.0,0.0,2.410973936899862,0.0,2.410973936899862,0.0,70.26719804463472,0.2,0.0,2.410973936899862,0.0,70.26719804463472,0.4543681753547024
2024-06-29 19:00:00,73.14963062726441,-18.6,8.9,0.0,0.0,28.17270233196159,0.0,28.17270233196159,0.0,44.97692829530283,0.2,0.0,28.17270233196159,0.0,44.97692829530283,0.4543681753547024
2024-06-29 20:00:00,84.60009202674802,-25.4,20.4,0.0,0.0,100.0,0.0,84.60009202674802,-35.399907973251985,20.0,0.26513583067078367,0.0,100.0,-15.399907973251985,0.0,0.4827040060254861
2024-06-29 21:00:00,54.32402200956621,-18.5,45.8,0.0,0.0,0.0,0.0,0.0,29.962482108560486,24.36153990100572,0.2,0.0,0.0,0.0,54.32402200956621,0.4827040060254861
2024-06-29 22:00:00,61.15219832538003,-19.2,43.3,0.0,0.0,0.0,0.0,0.0,0.0,61.15219832538003,0.2,0.0,0.0,0.0,61.15219832538003,0.4827040060254861
2024-06-29 23:00:00,59.46790884774722,-19.9,39.2,0.0,0.0,0.0,0.0,0.0,0.0,59.46790884774722,0.2,0.0,0.0,59.46790884774722,0.0,0.35342594331299215
2024-06-30 00:00:00,63.112687224399195,-20.5,41.6,0.0,0.0,0.0,0.0,0.0,0.0,63.112687224399195,0.2,0.0,0.0,0.0,63.112687224399195,0.35342594331299215
2024-06-30 01:00:00,66.95900441253175,-22.2,36.7,0.0,0.0,0.0,0.0,0.0,0.0,66.95900441253175,0.2,0.0,0.0,0.0,66.95900441253175,0.35342594331299215
2024-06-30 02:00:00,55.97826767722635,-22.7,31.2,0.0,0.0,0.0,0.0,0.0,0.0,55.97826767722635,0.2,0.0,0.0,19.92374830521287,36.05451937201347,0.310113446997312
2024-06-30 03:00:00,50.65218561876141,-22.8,27.7,0.0,0.0,0.0,0.0,0.0,0.0,50.65218561876141,0.2,0.0,0.0,50.65218561876141,0.0,0.20000000000000462
2024-06-30 04:00:00,52.00960308199264,-23.6,23.2,0.0,0.0,100.0,0.0,52.00960308199264,-67.99039691800736,20.0,0.32510233032913355,0.0,100.0,-47.99039691800736,0.0,0.28830233032913816
2024-06-30 05:00:00,71.3350547905619,-24.8,20.5,0.0,0.0,100.0,0.0,71.3350547905619,-28.664945209438102,0.0,0.37784582951449963,0.0,100.0,-28.664945209438102,0.0,0.34104582951450424
2024-06-30 06:00:00,72.45456320261295,-24.4,21.9,0.0,0.0,100.0,0.0,72.45456320261295,-27.545436797387055,0.0,0.4285294332216918,0.0,100.0,-27.545436797387055,0.0,0.3917294332216964
2024-06-30 07:00:00,86.90918488580674,-22.7,23.5,0.0,0.0,100.0,0.0,86.90918488580674,-13.090815114193262,0.0,0.4526165330318074,0.0,100.0,-13.090815114193262,0.0,0.415816533031812
2024-06-30 08:00:00,100.23710076081284,-23.3,22.7,0.0,0.0,100.0,0.0,100.0,0.2371007608128366,0.0,0.4521010965952577,0.0,100.0,0.0,0.2371007608128366,0.415816533031812
2024-06-30 09:00:00,93.47962617010413,-22.8,23.8,0.0,0.0,100.0,0.0,93.47962617010413,-6.520373829895874,0.0,0.4640985844422661,0.0,100.0,-6.520373829895874,0.0,0.42781402087882037
2024-06-30 10:00:00,105.69446279379481,-21.8,27.5,0.0,0.0,0.0,0.0,0.0,85.69446279379481,20.0,0.27302946855385757,0.0,0.0,100.0,5.694462793794813,0.2104227165309943
2024-06-30 11:00:00,104.36311205169673,-21.6,27.7,0.0,0.0,0.0,0.0,0.0,33.593555534774474,70.76955651692225,0.2,0.0,0.0,0.0,104.36311205169673,0.2104227165309943
2024-06-30 12:00:00,98.2826966264014,-21.5,27.3,0.0,0.0,0.0,0.0,0.0,0.0,98.2826966264014,0.2,0.0,0.0,4.794449604261784,93.48824702213962,0.2
2024-06-30 13:00:00,89.61810281544773,-22.4,22.9,0.0,0.0,100.0,0.0,89.61810281544773,-30.381897184552273,20.0,0.2559026908195762,0.0,100.0,-10.381897184552273,0.0,0.2191026908195762
2024-06-30 14:00:00,100.66923977603146,-22.5,22.4,0.0,0.0,100.0,0.0,100.0,0.6692397760314606,0.0,0.2544478217412469,0.0,100.0,0.6692397760314606,0.0,0.21764782174124694
2024-06-30 15:00:00,92.3240974712479,-21.9,24.0,0.0,0.0,100.0,0.0,92.3240974712479,-7.675902528752104,0.0,0.2685714823941508,0.0,100.0,-7.675902528752104,0.0,0.23177148239415082
2024-06-30 16:00:00,97.11736377573526,-22.0,23.3,0.0,0.0,100.0,0.0,97.11736377573526,-2.8826362242647434,0.0,0.2738755330467979,0.0,100.0,-2.8826362242647434,0.0,0.23707553304679796
2024-06-30 17:00:00,93.06663311742749,-22.4,22.2,0.0,0.0,100.0,0.0,93.06663311742749,-6.933366882572514,0.0,0.2866329281107313,0.0,100.0,-6.933366882572514,0.0,0.24983292811073138
2024-06-30 18:00:00,73.19804061029687,-22.5,22.3,0.0,0.0,100.0,0.0,73.19804061029687,-26.80195938970313,0.0,0.3359485333877851,0.0,100.0,-26.80195938970313,0.0,0.29914853338778513
2024-06-30 19:00:00,80.62084189336079,-22.5,21.9,0.0,0.0,100.0,0.0,80.62084189336079,-19.37915810663921,0.0,0.3716061843040012,0.0,100.0,-19.37915810663921,0.0,0.3348061843040013
2024-06-30 20:00:00,81.77859915170552,-22.6,22.2,0.0,0.0,100.0,0.0,81.77859915170552,-18.22140084829448,0.0,0.40513356186486305,0.0,100.0,-18.22140084829448,0.0,0.3683335618648631
2024-06-30 21:00:00,71.33987995612063,-21.3,25.0,0.0,0.0,100.0,0.0,71.33987995612063,-28.660120043879374,0.0,0.4578681827456011,0.0,100.0,-28.660120043879374,0.0,0.42106818274560115
2024-06-30 22:00:00,65.04383459749931,-20.3,27.4,0.0,0.0,0.0,0.0,0.0,65.04383459749931,0.0,0.31646854231625476,0.0,0.0,65.04383459749931,0.0,0.2796685423162548
2024-06-30 23:00:00,58.37503156640644,-20.4,27.2,0.0,0.0,0.0,0.0,0.0,38.37503156640644,20.0,0.22796891613429018,0.0,0.0,36.647529465478975,21.727502100927467,0.2
