timestamp,temperature,wind_speed,cloud_cover,irradiance,cloud_cover_frac
2023-01-01 00:00:00,-2.8,25.6,100,41.0,1.0
2023-01-01 01:00:00,-2.5,25.9,90,50.0,0.9
2023-01-01 02:00:00,-2.6,26.7,60,86.0,0.6
2023-01-01 03:00:00,-2.7,27.8,24,151.0,0.24
2023-01-01 04:00:00,-2.7,30.4,16,228.0,0.16
2023-01-01 05:00:00,-2.7,30.1,4,322.0,0.04
2023-01-01 06:00:00,-2.6,30.4,32,425.0,0.32
2023-01-01 07:00:00,-2.3,31.3,49,518.0,0.49
2023-01-01 08:00:00,-2.1,31.8,89,614.0,0.89
2023-01-01 09:00:00,-1.8,31.9,99,643.0,0.99
2023-01-01 10:00:00,-1.6,33.6,100,640.0,1.0
2023-01-01 11:00:00,-1.7,32.8,100,746.0,1.0
2023-01-01 12:00:00,-1.7,32.3,91,713.0,0.91
2023-01-01 13:00:00,-1.6,32.3,92,687.0,0.92
2023-01-01 14:00:00,-1.5,31.9,69,674.0,0.69
2023-01-01 15:00:00,-1.7,30.0,80,638.0,0.8
2023-01-01 16:00:00,-1.7,29.0,81,569.0,0.81
2023-01-01 17:00:00,-1.9,27.7,86,461.0,0.86
2023-01-01 18:00:00,-2.0,26.7,100,353.0,1.0
2023-01-01 19:00:00,-2.0,26.9,100,227.0,1.0
2023-01-01 20:00:00,-2.3,26.9,100,144.0,1.0
2023-01-01 21:00:00,-2.5,26.8,100,92.0,1.0
2023-01-01 22:00:00,-2.8,26.4,100,57.0,1.0
2023-01-01 23:00:00,-2.9,26.6,100,39.0,1.0
2023-01-02 00:00:00,-3.1,27.7,100,34.0,1.0
2023-01-02 01:00:00,-2.9,28.2,100,45.0,1.0
2023-01-02 02:00:00,-2.9,29.0,100,67.0,1.0
2023-01-02 03:00:00,-2.8,30.1,100,104.0,1.0
2023-01-02 04:00:00,-2.7,30.8,100,164.0,1.0
2023-01-02 05:00:00,-2.6,31.3,100,249.0,1.0
2023-01-02 06:00:00,-2.6,30.8,91,363.0,0.91
2023-01-02 07:00:00,-2.3,31.3,88,485.0,0.88
2023-01-02 08:00:00,-2.0,32.5,55,590.0,0.55
2023-01-02 09:00:00,-1.9,32.7,36,686.0,0.36
2023-01-02 10:00:00,-1.8,32.0,46,753.0,0.46
2023-01-02 11:00:00,-1.7,31.2,48,790.0,0.48
2023-01-02 12:00:00,-1.5,28.5,49,787.0,0.49
2023-01-02 13:00:00,-1.4,27.1,32,772.0,0.32
2023-01-02 14:00:00,-1.5,25.8,19,725.0,0.19
2023-01-02 15:00:00,-1.5,25.7,17,664.0,0.17
2023-01-02 16:00:00,-1.7,25.7,10,578.0,0.1
2023-01-02 17:00:00,-1.9,25.0,0,480.0,0.0
2023-01-02 18:00:00,-2.2,25.3,15,375.0,0.15
2023-01-02 19:00:00,-2.6,26.6,46,274.0,0.46
2023-01-02 20:00:00,-2.9,27.1,88,184.0,0.88
2023-01-02 21:00:00,-3.3,27.9,100,114.0,1.0
2023-01-02 22:00:00,-3.5,28.8,100,65.0,1.0
2023-01-02 23:00:00,-3.6,29.6,76,44.0,0.76
2023-01-03 00:00:00,-3.5,29.5,48,41.0,0.48
2023-01-03 01:00:00,-3.4,30.1,100,56.0,1.0
2023-01-03 02:00:00,-3.3,31.1,99,83.0,0.99
2023-01-03 03:00:00,-3.2,32.2,96,130.0,0.96
2023-01-03 04:00:00,-3.1,32.7,98,204.0,0.98
2023-01-03 05:00:00,-2.9,33.5,98,301.0,0.98
2023-01-03 06:00:00,-2.8,33.7,97,389.0,0.97
2023-01-03 07:00:00,-2.7,33.2,49,505.0,0.49
2023-01-03 08:00:00,-2.4,31.9,37,617.0,0.37
2023-01-03 09:00:00,-2.1,31.8,58,691.0,0.58
2023-01-03 10:00:00,-1.8,31.3,69,745.0,0.69
2023-01-03 11:00:00,-1.6,30.6,77,784.0,0.77
2023-01-03 12:00:00,-1.3,29.5,82,789.0,0.82
2023-01-03 13:00:00,-1.2,27.7,91,752.0,0.91
2023-01-03 14:00:00,-1.0,26.5,77,700.0,0.77
2023-01-03 15:00:00,-1.1,25.0,66,624.0,0.66
2023-01-03 16:00:00,-1.2,23.9,66,535.0,0.66
2023-01-03 17:00:00,-1.6,21.3,67,452.0,0.67
2023-01-03 18:00:00,-1.8,20.2,74,344.0,0.74
2023-01-03 19:00:00,-2.1,20.6,65,254.0,0.65
2023-01-03 20:00:00,-2.6,21.2,48,174.0,0.48
2023-01-03 21:00:00,-3.4,21.4,36,113.0,0.36
2023-01-03 22:00:00,-3.8,21.9,30,71.0,0.3
2023-01-03 23:00:00,-3.8,21.5,27,46.0,0.27
2023-01-04 00:00:00,-3.8,22.1,26,41.0,0.26
2023-01-04 01:00:00,-3.6,21.3,45,52.0,0.45
2023-01-04 02:00:00,-3.7,21.3,55,83.0,0.55
2023-01-04 03:00:00,-3.7,21.6,52,138.0,0.52
2023-01-04 04:00:00,-3.6,21.1,41,213.0,0.41
2023-01-04 05:00:00,-3.4,20.3,7,309.0,0.07
2023-01-04 06:00:00,-3.0,19.2,0,417.0,0.0
2023-01-04 07:00:00,-2.6,16.9,0,522.0,0.0
2023-01-04 08:00:00,-2.1,14.0,0,619.0,0.0
2023-01-04 09:00:00,-1.6,10.6,0,702.0,0.0
2023-01-04 10:00:00,-1.2,7.2,0,765.0,0.0
2023-01-04 11:00:00,-1.0,3.1,0,802.0,0.0
2023-01-04 12:00:00,-0.8,5.4,0,811.0,0.0
2023-01-04 13:00:00,-0.9,3.1,0,790.0,0.0
2023-01-04 14:00:00,-1.1,2.4,0,743.0,0.0
2023-01-04 15:00:00,-1.5,5.4,0,673.0,0.0
2023-01-04 16:00:00,-2.2,7.0,0,585.0,0.0
2023-01-04 17:00:00,-3.1,7.3,0,485.0,0.0
2023-01-04 18:00:00,-4.1,7.5,0,381.0,0.0
2023-01-04 19:00:00,-4.1,6.6,0,280.0,0.0
2023-01-04 20:00:00,-3.6,6.6,0,192.0,0.0
2023-01-04 21:00:00,-6.3,10.7,0,122.0,0.0
2023-01-04 22:00:00,-6.6,14.0,0,74.0,0.0
2023-01-04 23:00:00,-7.2,17.3,0,48.0,0.0
2023-01-05 00:00:00,-7.4,19.9,0,43.0,0.0
2023-01-05 01:00:00,-6.2,18.8,0,55.0,0.0
2023-01-05 02:00:00,-5.7,18.6,0,89.0,0.0
2023-01-05 03:00:00,-5.4,17.8,0,146.0,0.0
2023-01-05 04:00:00,-5.1,17.5,0,224.0,0.0
2023-01-05 05:00:00,-4.6,16.8,0,319.0,0.0
2023-01-05 06:00:00,-4.0,16.2,2,422.0,0.02
2023-01-05 07:00:00,-3.5,17.9,4,527.0,0.04
2023-01-05 08:00:00,-3.2,18.6,1,623.0,0.01
2023-01-05 09:00:00,-2.9,17.7,0,705.0,0.0
2023-01-05 10:00:00,-2.7,17.6,0,766.0,0.0
2023-01-05 11:00:00,-2.6,17.6,0,802.0,0.0
2023-01-05 12:00:00,-2.3,14.3,0,810.0,0.0
2023-01-05 13:00:00,-2.4,13.1,0,789.0,0.0
2023-01-05 14:00:00,-2.4,12.9,0,741.0,0.0
2023-01-05 15:00:00,-2.5,12.7,0,670.0,0.0
2023-01-05 16:00:00,-2.8,13.6,0,581.0,0.0
2023-01-05 17:00:00,-3.3,14.9,0,480.0,0.0
2023-01-05 18:00:00,-4.0,15.8,0,377.0,0.0
2023-01-05 19:00:00,-4.7,16.6,0,277.0,0.0
2023-01-05 20:00:00,-5.4,17.3,0,189.0,0.0
2023-01-05 21:00:00,-5.9,18.2,0,119.0,0.0
2023-01-05 22:00:00,-6.1,18.9,0,71.0,0.0
2023-01-05 23:00:00,-6.4,19.5,0,46.0,0.0
2023-01-06 00:00:00,-6.2,19.2,0,40.0,0.0
2023-01-06 01:00:00,-5.9,19.2,0,53.0,0.0
2023-01-06 02:00:00,-6.1,19.8,0,87.0,0.0
2023-01-06 03:00:00,-6.0,19.9,0,143.0,0.0
2023-01-06 04:00:00,-5.5,19.0,0,220.0,0.0
2023-01-06 05:00:00,-4.9,18.7,0,314.0,0.0
2023-01-06 06:00:00,-4.3,19.0,0,418.0,0.0
2023-01-06 07:00:00,-3.8,19.9,0,522.0,0.0
2023-01-06 08:00:00,-3.4,20.1,0,620.0,0.0
2023-01-06 09:00:00,-3.1,20.2,0,703.0,0.0
2023-01-06 10:00:00,-2.8,19.0,0,764.0,0.0
2023-01-06 11:00:00,-2.6,17.2,0,800.0,0.0
2023-01-06 12:00:00,-2.6,14.0,0,809.0,0.0
2023-01-06 13:00:00,-2.4,11.3,0,789.0,0.0
2023-01-06 14:00:00,-2.4,8.8,0,741.0,0.0
2023-01-06 15:00:00,-2.6,7.3,0,670.0,0.0
2023-01-06 16:00:00,-3.1,7.4,0,581.0,0.0
2023-01-06 17:00:00,-3.8,9.5,0,481.0,0.0
2023-01-06 18:00:00,-4.5,11.3,0,377.0,0.0
2023-01-06 19:00:00,-5.1,13.2,20,276.0,0.2
2023-01-06 20:00:00,-5.6,15.3,0,187.0,0.0
2023-01-06 21:00:00,-5.9,18.1,0,117.0,0.0
2023-01-06 22:00:00,-5.9,19.9,1,70.0,0.01
2023-01-06 23:00:00,-6.3,22.0,29,44.0,0.29
2023-01-07 00:00:00,-6.1,22.0,46,37.0,0.46
2023-01-07 01:00:00,-5.7,23.0,90,47.0,0.9
2023-01-07 02:00:00,-5.5,22.7,85,78.0,0.85
2023-01-07 03:00:00,-5.4,22.6,98,129.0,0.98
2023-01-07 04:00:00,-4.5,21.8,100,178.0,1.0
2023-01-07 05:00:00,-3.9,18.9,100,264.0,1.0
2023-01-07 06:00:00,-3.4,18.2,100,376.0,1.0
2023-01-07 07:00:00,-3.1,21.5,100,501.0,1.0
2023-01-07 08:00:00,-2.8,21.4,98,599.0,0.98
2023-01-07 09:00:00,-2.4,20.0,97,679.0,0.97
2023-01-07 10:00:00,-2.0,18.1,100,736.0,1.0
2023-01-07 11:00:00,-1.7,15.8,100,760.0,1.0
2023-01-07 12:00:00,-1.5,10.5,95,771.0,0.95
2023-01-07 13:00:00,-1.4,9.5,90,754.0,0.9
2023-01-07 14:00:00,-1.5,8.0,78,720.0,0.78
2023-01-07 15:00:00,-1.9,6.3,80,654.0,0.8
2023-01-07 16:00:00,-2.4,4.3,50,567.0,0.5
2023-01-07 17:00:00,-3.2,5.9,27,469.0,0.27
2023-01-07 18:00:00,-4.4,8.0,0,366.0,0.0
2023-01-07 19:00:00,-5.2,10.9,0,272.0,0.0
2023-01-07 20:00:00,-5.7,14.0,0,184.0,0.0
2023-01-07 21:00:00,-6.5,16.2,0,115.0,0.0
2023-01-07 22:00:00,-7.2,18.0,0,68.0,0.0
2023-01-07 23:00:00,-7.3,18.0,0,43.0,0.0
2023-01-08 00:00:00,-7.1,19.5,0,37.0,0.0
2023-01-08 01:00:00,-6.5,18.2,0,49.0,0.0
2023-01-08 02:00:00,-6.4,18.7,0,83.0,0.0
2023-01-08 03:00:00,-6.1,20.3,0,139.0,0.0
2023-01-08 04:00:00,-5.7,20.7,0,217.0,0.0
2023-01-08 05:00:00,-5.3,21.5,0,312.0,0.0
2023-01-08 06:00:00,-4.9,22.3,0,416.0,0.0
2023-01-08 07:00:00,-4.6,23.4,0,521.0,0.0
2023-01-08 08:00:00,-4.5,23.5,0,619.0,0.0
2023-01-08 09:00:00,-4.5,22.1,0,700.0,0.0
2023-01-08 10:00:00,-4.4,20.1,0,761.0,0.0
2023-01-08 11:00:00,-4.2,17.4,3,798.0,0.03
2023-01-08 12:00:00,-4.3,18.2,9,807.0,0.09
2023-01-08 13:00:00,-4.2,14.7,6,786.0,0.06
2023-01-08 14:00:00,-4.1,10.1,0,740.0,0.0
2023-01-08 15:00:00,-4.2,9.2,0,671.0,0.0
2023-01-08 16:00:00,-4.6,11.0,0,583.0,0.0
2023-01-08 17:00:00,-5.2,12.1,0,482.0,0.0
2023-01-08 18:00:00,-6.0,12.2,0,377.0,0.0
2023-01-08 19:00:00,-6.8,13.6,0,276.0,0.0
2023-01-08 20:00:00,-7.4,14.8,0,187.0,0.0
2023-01-08 21:00:00,-7.9,15.6,0,116.0,0.0
2023-01-08 22:00:00,-8.1,17.0,0,67.0,0.0
2023-01-08 23:00:00,-8.2,17.7,0,42.0,0.0
2023-01-09 00:00:00,-7.4,19.8,0,36.0,0.0
2023-01-09 01:00:00,-6.8,21.4,0,47.0,0.0
2023-01-09 02:00:00,-6.8,23.2,0,79.0,0.0
2023-01-09 03:00:00,-7.0,25.3,0,135.0,0.0
2023-01-09 04:00:00,-6.8,25.5,0,212.0,0.0
2023-01-09 05:00:00,-6.4,24.3,0,306.0,0.0
2023-01-09 06:00:00,-6.0,23.7,0,410.0,0.0
2023-01-09 07:00:00,-5.6,22.9,0,514.0,0.0
2023-01-09 08:00:00,-5.2,22.2,0,612.0,0.0
2023-01-09 09:00:00,-4.9,19.8,0,695.0,0.0
2023-01-09 10:00:00,-4.6,16.2,0,758.0,0.0
2023-01-09 11:00:00,-4.3,10.6,0,795.0,0.0
2023-01-09 12:00:00,-4.2,5.8,0,806.0,0.0
2023-01-09 13:00:00,-3.9,1.8,0,787.0,0.0
2023-01-09 14:00:00,-3.9,2.3,0,741.0,0.0
2023-01-09 15:00:00,-4.2,2.6,0,671.0,0.0
2023-01-09 16:00:00,-3.9,1.6,0,582.0,0.0
2023-01-09 17:00:00,-4.2,3.5,0,481.0,0.0
2023-01-09 18:00:00,-6.0,5.9,0,375.0,0.0
2023-01-09 19:00:00,-6.7,6.4,2,273.0,0.02
2023-01-09 20:00:00,-8.5,9.4,38,183.0,0.38
2023-01-09 21:00:00,-8.9,11.2,0,113.0,0.0
2023-01-09 22:00:00,-9.1,12.6,3,65.0,0.03
2023-01-09 23:00:00,-9.3,15.9,0,39.0,0.0
2023-01-10 00:00:00,-8.8,10.5,9,33.0,0.09
2023-01-10 01:00:00,-8.4,12.6,0,44.0,0.0
2023-01-10 02:00:00,-9.1,15.5,0,75.0,0.0
2023-01-10 03:00:00,-8.7,18.7,0,130.0,0.0
2023-01-10 04:00:00,-7.7,17.9,0,207.0,0.0
2023-01-10 05:00:00,-7.1,16.4,0,301.0,0.0
2023-01-10 06:00:00,-6.5,15.9,0,404.0,0.0
2023-01-10 07:00:00,-6.0,15.8,0,508.0,0.0
2023-01-10 08:00:00,-5.6,15.6,0,605.0,0.0
2023-01-10 09:00:00,-5.5,17.2,0,689.0,0.0
2023-01-10 10:00:00,-5.3,17.4,11,752.0,0.11
2023-01-10 11:00:00,-5.1,15.8,31,787.0,0.31
2023-01-10 12:00:00,-4.9,14.5,57,791.0,0.57
2023-01-10 13:00:00,-4.8,13.6,37,774.0,0.37
2023-01-10 14:00:00,-4.8,13.0,33,729.0,0.33
2023-01-10 15:00:00,-4.8,13.6,28,656.0,0.28
2023-01-10 16:00:00,-5.2,14.3,3,572.0,0.03
2023-01-10 17:00:00,-5.7,15.5,0,471.0,0.0
2023-01-10 18:00:00,-6.2,17.0,0,366.0,0.0
2023-01-10 19:00:00,-6.9,18.4,0,265.0,0.0
2023-01-10 20:00:00,-7.4,19.9,6,176.0,0.06
2023-01-10 21:00:00,-7.9,21.1,7,106.0,0.07
2023-01-10 22:00:00,-8.3,21.9,7,60.0,0.07
2023-01-10 23:00:00,-8.6,22.4,8,36.0,0.08
2023-01-11 00:00:00,-8.4,21.7,10,30.0,0.1
2023-01-11 01:00:00,-8.1,22.4,13,41.0,0.13
2023-01-11 02:00:00,-8.1,24.2,9,71.0,0.09
2023-01-11 03:00:00,-8.0,25.0,5,124.0,0.05
2023-01-11 04:00:00,-7.8,25.9,25,199.0,0.25
2023-01-11 05:00:00,-7.4,26.2,51,289.0,0.51
2023-01-11 06:00:00,-7.0,25.9,99,384.0,0.99
2023-01-11 07:00:00,-6.2,25.6,91,430.0,0.91
2023-01-11 08:00:00,-5.6,24.5,86,506.0,0.86
2023-01-11 09:00:00,-5.4,23.7,70,622.0,0.7
2023-01-11 10:00:00,-5.3,24.0,77,708.0,0.77
2023-01-11 11:00:00,-5.2,23.7,94,756.0,0.94
2023-01-11 12:00:00,-4.9,25.1,100,758.0,1.0
2023-01-11 13:00:00,-4.8,24.8,100,651.0,1.0
2023-01-11 14:00:00,-4.9,24.4,100,637.0,1.0
2023-01-11 15:00:00,-5.2,24.7,100,579.0,1.0
2023-01-11 16:00:00,-5.5,24.6,98,512.0,0.98
2023-01-11 17:00:00,-5.9,24.2,89,435.0,0.89
2023-01-11 18:00:00,-6.4,24.2,65,344.0,0.65
2023-01-11 19:00:00,-6.8,24.5,70,245.0,0.7
2023-01-11 20:00:00,-7.1,24.3,92,159.0,0.92
2023-01-11 21:00:00,-7.5,23.8,93,94.0,0.93
2023-01-11 22:00:00,-7.8,23.5,96,51.0,0.96
2023-01-11 23:00:00,-8.2,23.4,99,30.0,0.99
2023-01-12 00:00:00,-7.8,20.6,92,24.0,0.92
2023-01-12 01:00:00,-7.5,19.9,60,33.0,0.6
2023-01-12 02:00:00,-7.8,19.1,46,63.0,0.46
2023-01-12 03:00:00,-7.7,18.1,47,118.0,0.47
2023-01-12 04:00:00,-7.4,18.8,52,195.0,0.52
2023-01-12 05:00:00,-7.1,20.7,43,286.0,0.43
2023-01-12 06:00:00,-6.9,21.6,45,390.0,0.45
2023-01-12 07:00:00,-6.6,21.0,64,493.0,0.64
2023-01-12 08:00:00,-6.1,19.2,74,586.0,0.74
2023-01-12 09:00:00,-5.8,18.9,95,673.0,0.95
2023-01-12 10:00:00,-5.4,18.5,99,738.0,0.99
2023-01-12 11:00:00,-5.2,18.4,99,776.0,0.99
2023-01-12 12:00:00,-5.0,17.3,100,782.0,1.0
2023-01-12 13:00:00,-4.9,17.7,100,762.0,1.0
2023-01-12 14:00:00,-4.9,17.8,100,707.0,1.0
2023-01-12 15:00:00,-5.2,18.5,100,637.0,1.0
2023-01-12 16:00:00,-5.8,21.3,100,546.0,1.0
2023-01-12 17:00:00,-6.3,24.0,100,449.0,1.0
2023-01-12 18:00:00,-6.7,23.6,100,340.0,1.0
2023-01-12 19:00:00,-7.1,16.2,99,242.0,0.99
2023-01-12 20:00:00,-7.7,17.9,100,149.0,1.0
2023-01-12 21:00:00,-7.5,19.1,99,90.0,0.99
2023-01-12 22:00:00,-8.0,21.1,97,51.0,0.97
2023-01-12 23:00:00,-8.0,24.1,98,29.0,0.98
2023-01-13 00:00:00,-8.3,21.8,94,24.0,0.94
2023-01-13 01:00:00,-7.8,23.6,31,36.0,0.31
2023-01-13 02:00:00,-7.6,25.7,30,67.0,0.3
2023-01-13 03:00:00,-7.5,27.3,40,121.0,0.4
2023-01-13 04:00:00,-7.2,28.4,57,193.0,0.57
2023-01-13 05:00:00,-6.9,28.4,38,286.0,0.38
2023-01-13 06:00:00,-6.6,27.4,36,389.0,0.36
2023-01-13 07:00:00,-6.1,25.8,68,493.0,0.68
2023-01-13 08:00:00,-5.7,24.6,77,589.0,0.77
2023-01-13 09:00:00,-5.2,23.7,76,666.0,0.76
2023-01-13 10:00:00,-4.9,22.7,40,735.0,0.4
2023-01-13 11:00:00,-4.7,21.9,42,775.0,0.42
2023-01-13 12:00:00,-4.7,19.5,23,784.0,0.23
2023-01-13 13:00:00,-4.5,18.1,0,770.0,0.0
2023-01-13 14:00:00,-4.5,16.6,0,725.0,0.0
2023-01-13 15:00:00,-4.6,15.6,1,656.0,0.01
2023-01-13 16:00:00,-4.9,14.1,19,569.0,0.19
2023-01-13 17:00:00,-5.6,12.5,18,469.0,0.18
2023-01-13 18:00:00,-6.4,12.6,1,364.0,0.01
2023-01-13 19:00:00,-7.3,14.2,0,263.0,0.0
2023-01-13 20:00:00,-7.7,15.0,0,174.0,0.0
2023-01-13 21:00:00,-8.5,18.4,0,104.0,0.0
2023-01-13 22:00:00,-10.7,22.6,0,56.0,0.0
2023-01-13 23:00:00,-9.1,23.1,0,31.0,0.0
2023-01-14 00:00:00,-7.9,23.5,0,24.0,0.0
2023-01-14 01:00:00,-7.7,22.8,0,35.0,0.0
2023-01-14 02:00:00,-7.5,24.6,3,65.0,0.03
2023-01-14 03:00:00,-7.1,25.5,4,118.0,0.04
2023-01-14 04:00:00,-6.8,24.6,1,194.0,0.01
2023-01-14 05:00:00,-6.5,23.8,3,285.0,0.03
2023-01-14 06:00:00,-6.0,22.3,4,390.0,0.04
2023-01-14 07:00:00,-5.4,21.2,0,496.0,0.0
2023-01-14 08:00:00,-4.8,19.5,0,596.0,0.0
2023-01-14 09:00:00,-4.0,16.9,0,680.0,0.0
2023-01-14 10:00:00,-3.5,15.5,13,742.0,0.13
2023-01-14 11:00:00,-3.0,14.4,18,779.0,0.18
2023-01-14 12:00:00,-3.0,12.3,1,788.0,0.01
2023-01-14 13:00:00,-2.7,11.2,8,768.0,0.08
2023-01-14 14:00:00,-2.8,10.4,2,721.0,0.02
2023-01-14 15:00:00,-3.1,11.5,9,647.0,0.09
2023-01-14 16:00:00,-3.8,13.8,28,560.0,0.28
2023-01-14 17:00:00,-4.5,15.5,46,458.0,0.46
2023-01-14 18:00:00,-5.0,16.9,26,352.0,0.26
2023-01-14 19:00:00,-5.5,18.4,0,253.0,0.0
2023-01-14 20:00:00,-6.1,20.2,0,166.0,0.0
2023-01-14 21:00:00,-6.9,22.6,0,98.0,0.0
2023-01-14 22:00:00,-7.3,24.7,0,51.0,0.0
2023-01-14 23:00:00,-7.1,27.1,1,28.0,0.01
2023-01-15 00:00:00,-6.2,27.7,21,22.0,0.21
2023-01-15 01:00:00,-5.3,27.1,95,28.0,0.95
2023-01-15 02:00:00,-4.6,26.7,100,50.0,1.0
2023-01-15 03:00:00,-4.0,26.1,100,90.0,1.0
2023-01-15 04:00:00,-3.4,24.8,100,144.0,1.0
2023-01-15 05:00:00,-2.6,22.6,100,208.0,1.0
2023-01-15 06:00:00,-1.9,23.0,100,309.0,1.0
2023-01-15 07:00:00,-1.6,21.7,100,425.0,1.0
2023-01-15 08:00:00,-1.0,22.3,100,510.0,1.0
2023-01-15 09:00:00,-0.8,22.7,100,601.0,1.0
2023-01-15 10:00:00,-0.7,23.2,96,666.0,0.96
2023-01-15 11:00:00,-0.5,23.2,93,725.0,0.93
2023-01-15 12:00:00,-0.6,22.2,37,747.0,0.37
2023-01-15 13:00:00,-0.4,18.9,24,734.0,0.24
2023-01-15 14:00:00,-0.4,16.2,14,701.0,0.14
2023-01-15 15:00:00,-0.9,13.9,4,638.0,0.04
2023-01-15 16:00:00,-1.6,13.7,0,552.0,0.0
2023-01-15 17:00:00,-2.2,14.6,0,453.0,0.0
2023-01-15 18:00:00,-2.8,15.8,0,349.0,0.0
2023-01-15 19:00:00,-3.3,17.3,0,251.0,0.0
2023-01-15 20:00:00,-3.9,18.9,0,164.0,0.0
2023-01-15 21:00:00,-4.4,20.9,0,96.0,0.0
2023-01-15 22:00:00,-5.0,22.2,0,49.0,0.0
2023-01-15 23:00:00,-5.2,24.4,0,26.0,0.0
2023-01-16 00:00:00,-5.6,25.9,0,20.0,0.0
2023-01-16 01:00:00,-4.5,28.0,0,29.0,0.0
2023-01-16 02:00:00,-4.2,30.0,0,58.0,0.0
2023-01-16 03:00:00,-3.9,28.6,0,109.0,0.0
2023-01-16 04:00:00,-3.5,28.5,0,184.0,0.0
2023-01-16 05:00:00,-3.2,27.9,0,275.0,0.0
2023-01-16 06:00:00,-2.9,25.5,0,378.0,0.0
2023-01-16 07:00:00,-2.5,22.4,0,483.0,0.0
2023-01-16 08:00:00,-2.1,20.3,0,581.0,0.0
2023-01-16 09:00:00,-1.7,20.7,0,666.0,0.0
2023-01-16 10:00:00,-1.5,20.8,0,730.0,0.0
2023-01-16 11:00:00,-1.5,20.4,0,769.0,0.0
2023-01-16 12:00:00,-1.5,18.8,0,779.0,0.0
2023-01-16 13:00:00,-1.4,19.4,0,761.0,0.0
2023-01-16 14:00:00,-1.6,19.9,0,715.0,0.0
2023-01-16 15:00:00,-1.8,20.8,0,646.0,0.0
2023-01-16 16:00:00,-2.1,21.9,0,558.0,0.0
2023-01-16 17:00:00,-2.5,23.0,0,457.0,0.0
2023-01-16 18:00:00,-2.8,24.8,0,352.0,0.0
2023-01-16 19:00:00,-3.2,24.4,0,251.0,0.0
2023-01-16 20:00:00,-4.4,17.2,0,162.0,0.0
2023-01-16 21:00:00,-3.9,30.0,0,93.0,0.0
2023-01-16 22:00:00,-4.1,30.5,0,47.0,0.0
2023-01-16 23:00:00,-4.1,31.6,0,23.0,0.0
2023-01-17 00:00:00,-4.0,30.1,0,17.0,0.0
2023-01-17 01:00:00,-3.8,30.4,0,26.0,0.0
2023-01-17 02:00:00,-3.6,31.6,0,54.0,0.0
2023-01-17 03:00:00,-3.6,33.1,0,105.0,0.0
2023-01-17 04:00:00,-3.5,34.7,0,179.0,0.0
2023-01-17 05:00:00,-3.4,36.7,40,265.0,0.4
2023-01-17 06:00:00,-3.0,35.3,96,349.0,0.96
2023-01-17 07:00:00,-2.5,32.9,100,425.0,1.0
2023-01-17 08:00:00,-2.1,31.8,100,446.0,1.0
2023-01-17 09:00:00,-1.8,31.3,100,432.0,1.0
2023-01-17 10:00:00,-1.7,31.8,97,575.0,0.97
2023-01-17 11:00:00,-1.8,33.5,95,674.0,0.95
2023-01-17 12:00:00,-2.0,33.2,96,665.0,0.96
2023-01-17 13:00:00,-1.9,32.2,99,608.0,0.99
2023-01-17 14:00:00,-1.9,32.0,96,632.0,0.96
2023-01-17 15:00:00,-2.0,31.5,92,551.0,0.92
2023-01-17 16:00:00,-2.3,30.8,90,453.0,0.9
2023-01-17 17:00:00,-2.5,29.5,96,352.0,0.96
2023-01-17 18:00:00,-2.7,30.0,100,284.0,1.0
2023-01-17 19:00:00,-3.0,30.9,100,155.0,1.0
2023-01-17 20:00:00,-3.2,31.1,100,93.0,1.0
2023-01-17 21:00:00,-3.3,31.2,100,54.0,1.0
2023-01-17 22:00:00,-3.5,31.0,100,27.0,1.0
2023-01-17 23:00:00,-3.8,30.8,100,13.0,1.0
2023-01-18 00:00:00,-3.8,29.0,100,9.0,1.0
2023-01-18 01:00:00,-3.8,28.2,100,14.0,1.0
2023-01-18 02:00:00,-3.9,27.2,100,30.0,1.0
2023-01-18 03:00:00,-3.9,25.7,100,58.0,1.0
2023-01-18 04:00:00,-3.9,24.7,100,100.0,1.0
2023-01-18 05:00:00,-3.8,26.0,100,152.0,1.0
2023-01-18 06:00:00,-3.9,26.4,100,211.0,1.0
2023-01-18 07:00:00,-3.7,26.0,100,302.0,1.0
2023-01-18 08:00:00,-3.5,24.9,100,425.0,1.0
2023-01-18 09:00:00,-3.2,22.6,100,544.0,1.0
2023-01-18 10:00:00,-3.0,21.9,100,619.0,1.0
2023-01-18 11:00:00,-2.9,22.7,98,694.0,0.98
2023-01-18 12:00:00,-3.1,23.5,90,745.0,0.9
2023-01-18 13:00:00,-3.3,24.2,100,725.0,1.0
2023-01-18 14:00:00,-3.4,24.1,91,682.0,0.91
2023-01-18 15:00:00,-3.6,23.5,74,617.0,0.74
2023-01-18 16:00:00,-3.9,23.5,68,538.0,0.68
2023-01-18 17:00:00,-4.1,24.0,81,415.0,0.81
2023-01-18 18:00:00,-4.5,24.3,65,317.0,0.65
2023-01-18 19:00:00,-5.0,24.2,61,227.0,0.61
2023-01-18 20:00:00,-5.4,23.9,47,145.0,0.47
2023-01-18 21:00:00,-5.8,22.9,30,80.0,0.3
2023-01-18 22:00:00,-6.2,23.6,30,39.0,0.3
2023-01-18 23:00:00,-6.5,24.0,72,17.0,0.72
2023-01-19 00:00:00,-5.6,25.9,88,12.0,0.88
2023-01-19 01:00:00,-5.6,25.9,100,17.0,1.0
2023-01-19 02:00:00,-5.5,26.2,99,36.0,0.99
2023-01-19 03:00:00,-5.3,24.8,100,75.0,1.0
2023-01-19 04:00:00,-4.9,22.2,100,137.0,1.0
2023-01-19 05:00:00,-5.2,28.6,99,212.0,0.99
2023-01-19 06:00:00,-5.2,26.8,100,316.0,1.0
2023-01-19 07:00:00,-4.9,25.6,89,458.0,0.89
2023-01-19 08:00:00,-4.6,23.1,43,560.0,0.43
2023-01-19 09:00:00,-4.3,23.8,28,650.0,0.28
2023-01-19 10:00:00,-4.3,25.8,16,719.0,0.16
2023-01-19 11:00:00,-4.3,27.9,13,757.0,0.13
2023-01-19 12:00:00,-4.2,28.9,14,765.0,0.14
2023-01-19 13:00:00,-4.3,29.8,11,749.0,0.11
2023-01-19 14:00:00,-4.4,30.9,29,702.0,0.29
2023-01-19 15:00:00,-4.6,31.3,55,627.0,0.55
2023-01-19 16:00:00,-4.7,32.8,100,535.0,1.0
2023-01-19 17:00:00,-4.7,33.2,100,413.0,1.0
2023-01-19 18:00:00,-4.6,34.4,100,272.0,1.0
2023-01-19 19:00:00,-4.9,39.3,100,176.0,1.0
2023-01-19 20:00:00,-5.1,41.3,100,101.0,1.0
2023-01-19 21:00:00,-5.1,43.5,100,56.0,1.0
2023-01-19 22:00:00,-5.1,45.3,100,26.0,1.0
2023-01-19 23:00:00,-5.1,47.8,100,12.0,1.0
2023-01-20 00:00:00,-5.0,47.5,100,7.0,1.0
2023-01-20 01:00:00,-5.1,49.2,100,13.0,1.0
2023-01-20 02:00:00,-5.1,51.4,100,26.0,1.0
2023-01-20 03:00:00,-5.0,53.6,100,48.0,1.0
2023-01-20 04:00:00,-4.8,54.8,100,75.0,1.0
2023-01-20 05:00:00,-4.5,54.0,100,112.0,1.0
2023-01-20 06:00:00,-4.2,53.8,100,168.0,1.0
2023-01-20 07:00:00,-4.1,52.9,100,204.0,1.0
2023-01-20 08:00:00,-4.0,50.7,100,250.0,1.0
2023-01-20 09:00:00,-3.9,49.3,100,321.0,1.0
2023-01-20 10:00:00,-3.9,46.8,100,344.0,1.0
2023-01-20 11:00:00,-3.9,44.5,100,361.0,1.0
2023-01-20 12:00:00,-3.8,43.0,100,360.0,1.0
2023-01-20 13:00:00,-3.8,41.3,100,342.0,1.0
2023-01-20 14:00:00,-3.7,39.7,100,348.0,1.0
2023-01-20 15:00:00,-3.6,38.4,100,296.0,1.0
2023-01-20 16:00:00,-3.4,38.4,100,246.0,1.0
2023-01-20 17:00:00,-3.3,37.5,100,210.0,1.0
2023-01-20 18:00:00,-3.3,36.9,100,153.0,1.0
2023-01-20 19:00:00,-3.2,36.2,100,103.0,1.0
2023-01-20 20:00:00,-3.2,35.9,100,68.0,1.0
2023-01-20 21:00:00,-3.1,36.6,100,38.0,1.0
2023-01-20 22:00:00,-3.1,38.6,100,19.0,1.0
2023-01-20 23:00:00,-3.0,40.1,100,7.0,1.0
2023-01-21 00:00:00,-3.1,44.1,100,4.0,1.0
2023-01-21 01:00:00,-3.1,46.5,100,8.0,1.0
2023-01-21 02:00:00,-3.1,46.7,100,18.0,1.0
2023-01-21 03:00:00,-3.2,46.9,100,35.0,1.0
2023-01-21 04:00:00,-3.1,47.5,100,65.0,1.0
2023-01-21 05:00:00,-3.0,50.2,100,105.0,1.0
2023-01-21 06:00:00,-2.7,50.6,100,195.0,1.0
2023-01-21 07:00:00,-2.4,51.2,100,277.0,1.0
2023-01-21 08:00:00,-2.2,51.7,100,330.0,1.0
2023-01-21 09:00:00,-2.0,52.7,100,345.0,1.0
2023-01-21 10:00:00,-1.8,54.3,100,410.0,1.0
2023-01-21 11:00:00,-1.8,54.6,100,435.0,1.0
2023-01-21 12:00:00,-1.8,56.9,100,389.0,1.0
2023-01-21 13:00:00,-1.7,57.4,100,415.0,1.0
2023-01-21 14:00:00,-1.7,58.4,100,391.0,1.0
2023-01-21 15:00:00,-1.7,59.2,100,311.0,1.0
2023-01-21 16:00:00,-1.6,58.7,100,268.0,1.0
2023-01-21 17:00:00,-1.5,57.2,100,209.0,1.0
2023-01-21 18:00:00,-1.6,55.9,100,147.0,1.0
2023-01-21 19:00:00,-1.6,57.6,100,113.0,1.0
2023-01-21 20:00:00,-1.5,58.5,100,63.0,1.0
2023-01-21 21:00:00,-1.5,58.0,100,34.0,1.0
2023-01-21 22:00:00,-1.3,57.3,100,17.0,1.0
2023-01-21 23:00:00,-1.2,57.0,100,6.0,1.0
2023-01-22 00:00:00,-1.3,63.2,100,3.0,1.0
2023-01-22 01:00:00,-1.2,63.7,100,7.0,1.0
2023-01-22 02:00:00,-1.2,62.9,100,17.0,1.0
2023-01-22 03:00:00,-1.2,62.6,100,33.0,1.0
2023-01-22 04:00:00,-1.2,64.8,100,60.0,1.0
2023-01-22 05:00:00,-1.1,63.7,100,106.0,1.0
2023-01-22 06:00:00,-1.1,62.9,100,141.0,1.0
2023-01-22 07:00:00,-1.1,62.3,100,186.0,1.0
2023-01-22 08:00:00,-1.0,61.3,100,245.0,1.0
2023-01-22 09:00:00,-1.0,58.8,100,238.0,1.0
2023-01-22 10:00:00,-1.0,57.7,100,252.0,1.0
2023-01-22 11:00:00,-0.9,56.1,100,304.0,1.0
2023-01-22 12:00:00,-0.9,54.2,100,346.0,1.0
2023-01-22 13:00:00,-0.8,53.1,100,330.0,1.0
2023-01-22 14:00:00,-0.8,51.6,100,355.0,1.0
2023-01-22 15:00:00,-0.8,49.4,100,321.0,1.0
2023-01-22 16:00:00,-0.8,47.0,100,243.0,1.0
2023-01-22 17:00:00,-0.9,43.4,100,179.0,1.0
2023-01-22 18:00:00,-0.8,40.4,100,125.0,1.0
2023-01-22 19:00:00,-0.7,36.4,100,86.0,1.0
2023-01-22 20:00:00,-0.7,33.2,100,58.0,1.0
2023-01-22 21:00:00,-0.7,28.0,100,37.0,1.0
2023-01-22 22:00:00,-0.6,24.8,100,15.0,1.0
2023-01-22 23:00:00,-0.5,25.7,100,5.0,1.0
2023-01-23 00:00:00,-0.3,31.6,100,2.0,1.0
2023-01-23 01:00:00,-0.1,32.1,100,7.0,1.0
2023-01-23 02:00:00,-0.0,31.2,100,21.0,1.0
2023-01-23 03:00:00,-0.0,32.3,100,47.0,1.0
2023-01-23 04:00:00,0.1,33.2,100,83.0,1.0
2023-01-23 05:00:00,-0.0,33.9,100,150.0,1.0
2023-01-23 06:00:00,0.2,29.9,100,222.0,1.0
2023-01-23 07:00:00,0.7,34.8,100,284.0,1.0
2023-01-23 08:00:00,0.6,40.2,100,363.0,1.0
2023-01-23 09:00:00,0.1,45.1,100,369.0,1.0
2023-01-23 10:00:00,-0.4,45.3,100,426.0,1.0
2023-01-23 11:00:00,-0.9,41.2,100,413.0,1.0
2023-01-23 12:00:00,-1.2,33.9,100,414.0,1.0
2023-01-23 13:00:00,-1.4,31.1,100,389.0,1.0
2023-01-23 14:00:00,-1.4,27.9,100,312.0,1.0
2023-01-23 15:00:00,-1.3,23.5,100,261.0,1.0
2023-01-23 16:00:00,-1.3,18.8,100,228.0,1.0
2023-01-23 17:00:00,-1.2,15.9,100,202.0,1.0
2023-01-23 18:00:00,-1.1,12.1,100,152.0,1.0
2023-01-23 19:00:00,-0.9,10.5,100,106.0,1.0
2023-01-23 20:00:00,-0.8,10.0,100,68.0,1.0
2023-01-23 21:00:00,-0.7,9.2,100,39.0,1.0
2023-01-23 22:00:00,-0.8,9.0,100,17.0,1.0
2023-01-23 23:00:00,-0.4,10.2,100,4.0,1.0
2023-01-24 00:00:00,1.6,22.9,100,1.0,1.0
2023-01-24 01:00:00,1.8,31.8,100,6.0,1.0
2023-01-24 02:00:00,1.2,31.1,100,21.0,1.0
2023-01-24 03:00:00,0.8,31.6,100,49.0,1.0
2023-01-24 04:00:00,0.9,33.6,100,96.0,1.0
2023-01-24 05:00:00,1.0,33.5,100,145.0,1.0
2023-01-24 06:00:00,1.1,33.1,100,183.0,1.0
2023-01-24 07:00:00,1.0,31.8,100,214.0,1.0
2023-01-24 08:00:00,1.2,31.0,100,331.0,1.0
2023-01-24 09:00:00,1.2,30.6,100,406.0,1.0
2023-01-24 10:00:00,1.1,28.7,100,479.0,1.0
2023-01-24 11:00:00,1.2,27.0,100,570.0,1.0
2023-01-24 12:00:00,1.2,20.3,100,592.0,1.0
2023-01-24 13:00:00,1.3,18.1,98,594.0,0.98
2023-01-24 14:00:00,1.4,19.1,81,612.0,0.81
2023-01-24 15:00:00,1.0,21.6,54,584.0,0.54
2023-01-24 16:00:00,0.5,20.7,91,511.0,0.91
2023-01-24 17:00:00,0.2,19.8,69,407.0,0.69
2023-01-24 18:00:00,-0.2,19.5,10,310.0,0.1
2023-01-24 19:00:00,-1.5,16.1,0,216.0,0.0
2023-01-24 20:00:00,-1.6,23.3,0,129.0,0.0
2023-01-24 21:00:00,-1.6,24.5,0,63.0,0.0
2023-01-24 22:00:00,-1.7,26.6,0,22.0,0.0
2023-01-24 23:00:00,-2.0,25.2,0,4.0,0.0
2023-01-25 00:00:00,-2.0,23.2,0,0.0,0.0
2023-01-25 01:00:00,-1.5,24.0,0,5.0,0.0
2023-01-25 02:00:00,-1.2,25.0,0,26.0,0.0
2023-01-25 03:00:00,-0.9,26.0,0,71.0,0.0
2023-01-25 04:00:00,-0.7,28.8,0,140.0,0.0
2023-01-25 05:00:00,-0.5,29.1,0,229.0,0.0
2023-01-25 06:00:00,-0.3,28.6,0,329.0,0.0
2023-01-25 07:00:00,-0.0,25.8,0,434.0,0.0
2023-01-25 08:00:00,0.2,22.5,0,532.0,0.0
2023-01-25 09:00:00,0.4,19.0,5,617.0,0.05
2023-01-25 10:00:00,0.6,14.6,3,682.0,0.03
2023-01-25 11:00:00,1.0,9.9,0,723.0,0.0
2023-01-25 12:00:00,1.8,2.9,4,738.0,0.04
2023-01-25 13:00:00,1.4,4.6,0,726.0,0.0
2023-01-25 14:00:00,1.1,7.1,0,684.0,0.0
2023-01-25 15:00:00,0.7,9.2,0,614.0,0.0
2023-01-25 16:00:00,-0.0,9.7,0,525.0,0.0
2023-01-25 17:00:00,-0.7,10.7,0,424.0,0.0
2023-01-25 18:00:00,-1.4,9.7,0,318.0,0.0
2023-01-25 19:00:00,-1.9,12.4,0,217.0,0.0
2023-01-25 20:00:00,-2.2,17.0,0,128.0,0.0
2023-01-25 21:00:00,-2.0,17.4,4,61.0,0.04
2023-01-25 22:00:00,-2.6,16.5,12,20.0,0.12
2023-01-25 23:00:00,-2.5,20.7,18,2.0,0.18
2023-01-26 00:00:00,-2.4,21.7,21,0.0,0.21
2023-01-26 01:00:00,-1.8,27.1,28,3.0,0.28
2023-01-26 02:00:00,-1.7,27.9,0,24.0,0.0
2023-01-26 03:00:00,-1.6,26.0,0,68.0,0.0
2023-01-26 04:00:00,-1.2,26.0,0,138.0,0.0
2023-01-26 05:00:00,-1.1,23.3,12,227.0,0.12
2023-01-26 06:00:00,-1.1,22.2,13,329.0,0.13
2023-01-26 07:00:00,-1.1,26.7,6,434.0,0.06
2023-01-26 08:00:00,-1.3,29.8,0,531.0,0.0
2023-01-26 09:00:00,-1.6,31.9,0,615.0,0.0
2023-01-26 10:00:00,-1.6,31.2,0,678.0,0.0
2023-01-26 11:00:00,-1.5,30.1,16,717.0,0.16
2023-01-26 12:00:00,-1.4,27.6,17,725.0,0.17
2023-01-26 13:00:00,-1.3,24.6,3,714.0,0.03
2023-01-26 14:00:00,-1.3,23.1,0,670.0,0.0
2023-01-26 15:00:00,-1.4,23.2,0,601.0,0.0
2023-01-26 16:00:00,-1.7,23.5,0,512.0,0.0
2023-01-26 17:00:00,-2.1,22.4,7,411.0,0.07
2023-01-26 18:00:00,-2.5,23.4,7,306.0,0.07
2023-01-26 19:00:00,-3.0,24.9,0,206.0,0.0
2023-01-26 20:00:00,-3.4,24.3,0,121.0,0.0
2023-01-26 21:00:00,-3.9,24.0,3,56.0,0.03
2023-01-26 22:00:00,-4.3,25.2,100,17.0,1.0
2023-01-26 23:00:00,-4.4,26.3,100,1.0,1.0
2023-01-27 00:00:00,-4.3,26.0,94,0.0,0.94
2023-01-27 01:00:00,-4.6,26.5,77,2.0,0.77
2023-01-27 02:00:00,-4.7,26.4,100,19.0,1.0
2023-01-27 03:00:00,-4.6,25.7,92,54.0,0.92
2023-01-27 04:00:00,-4.6,24.3,57,122.0,0.57
2023-01-27 05:00:00,-4.4,22.9,28,216.0,0.28
2023-01-27 06:00:00,-4.2,20.0,45,319.0,0.45
2023-01-27 07:00:00,-3.9,17.6,85,425.0,0.85
2023-01-27 08:00:00,-3.5,15.6,74,523.0,0.74
2023-01-27 09:00:00,-3.1,14.9,98,602.0,0.98
2023-01-27 10:00:00,-2.9,13.7,81,661.0,0.81
2023-01-27 11:00:00,-2.7,12.3,29,711.0,0.29
2023-01-27 12:00:00,-2.8,7.3,27,733.0,0.27
2023-01-27 13:00:00,-2.8,4.5,41,715.0,0.41
2023-01-27 14:00:00,-2.9,2.5,10,671.0,0.1
2023-01-27 15:00:00,-3.2,4.9,28,601.0,0.28
2023-01-27 16:00:00,-3.6,8.8,0,513.0,0.0
2023-01-27 17:00:00,-4.1,9.4,0,412.0,0.0
2023-01-27 18:00:00,-4.7,11.2,1,307.0,0.01
2023-01-27 19:00:00,-5.6,12.4,6,207.0,0.06
2023-01-27 20:00:00,-7.2,10.3,68,119.0,0.68
2023-01-27 21:00:00,-7.6,11.6,100,50.0,1.0
2023-01-27 22:00:00,-6.6,18.1,83,13.0,0.83
2023-01-27 23:00:00,-6.8,19.6,58,0.0,0.58
2023-01-28 00:00:00,-6.8,19.5,7,0.0,0.07
2023-01-28 01:00:00,-6.8,19.4,0,1.0,0.0
2023-01-28 02:00:00,-6.6,18.2,0,17.0,0.0
2023-01-28 03:00:00,-6.4,18.2,0,59.0,0.0
2023-01-28 04:00:00,-6.1,20.0,0,128.0,0.0
2023-01-28 05:00:00,-5.7,21.9,0,218.0,0.0
2023-01-28 06:00:00,-5.4,21.4,0,320.0,0.0
2023-01-28 07:00:00,-5.1,18.9,0,426.0,0.0
2023-01-28 08:00:00,-4.6,17.2,0,525.0,0.0
2023-01-28 09:00:00,-4.2,15.8,0,612.0,0.0
2023-01-28 10:00:00,-3.9,14.0,0,678.0,0.0
2023-01-28 11:00:00,-3.9,13.4,0,719.0,0.0
2023-01-28 12:00:00,-4.6,9.5,0,731.0,0.0
2023-01-28 13:00:00,-4.8,7.2,0,714.0,0.0
2023-01-28 14:00:00,-4.9,4.4,0,670.0,0.0
2023-01-28 15:00:00,-4.9,2.9,0,602.0,0.0
2023-01-28 16:00:00,-5.2,2.3,0,513.0,0.0
2023-01-28 17:00:00,-5.1,2.1,0,412.0,0.0
2023-01-28 18:00:00,-6.1,4.5,0,305.0,0.0
2023-01-28 19:00:00,-7.4,8.4,0,203.0,0.0
2023-01-28 20:00:00,-7.1,14.0,0,116.0,0.0
2023-01-28 21:00:00,-7.0,17.6,0,50.0,0.0
2023-01-28 22:00:00,-8.5,12.1,0,12.0,0.0
2023-01-28 23:00:00,-8.9,11.8,0,0.0,0.0
2023-01-29 00:00:00,-8.4,13.5,5,0.0,0.05
2023-01-29 01:00:00,-8.2,11.5,0,0.0,0.0
2023-01-29 02:00:00,-8.3,11.9,0,15.0,0.0
2023-01-29 03:00:00,-8.2,10.5,0,57.0,0.0
2023-01-29 04:00:00,-7.9,8.0,45,125.0,0.45
2023-01-29 05:00:00,-7.3,7.6,30,215.0,0.3
2023-01-29 06:00:00,-5.5,5.0,90,317.0,0.9
2023-01-29 07:00:00,-4.9,4.4,58,418.0,0.58
2023-01-29 08:00:00,-4.4,4.9,99,518.0,0.99
2023-01-29 09:00:00,-3.5,4.7,84,596.0,0.84
2023-01-29 10:00:00,-3.4,6.6,100,663.0,1.0
2023-01-29 11:00:00,-3.5,5.7,100,699.0,1.0
2023-01-29 12:00:00,-3.5,4.6,100,679.0,1.0
2023-01-29 13:00:00,-3.4,4.3,100,631.0,1.0
2023-01-29 14:00:00,-3.3,3.3,100,572.0,1.0
2023-01-29 15:00:00,-3.2,1.1,100,495.0,1.0
2023-01-29 16:00:00,-3.7,5.4,100,404.0,1.0
2023-01-29 17:00:00,-4.6,5.9,100,309.0,1.0
2023-01-29 18:00:00,-5.6,5.8,99,230.0,0.99
2023-01-29 19:00:00,-6.0,9.5,100,156.0,1.0
2023-01-29 20:00:00,-6.3,10.9,100,81.0,1.0
2023-01-29 21:00:00,-6.4,14.6,100,35.0,1.0
2023-01-29 22:00:00,-6.3,16.5,100,7.0,1.0
2023-01-29 23:00:00,-6.2,19.3,100,0.0,1.0
2023-01-30 00:00:00,-5.7,18.4,100,0.0,1.0
2023-01-30 01:00:00,-5.2,19.5,100,0.0,1.0
2023-01-30 02:00:00,-5.1,20.0,100,8.0,1.0
2023-01-30 03:00:00,-5.2,22.8,100,32.0,1.0
2023-01-30 04:00:00,-5.6,23.7,100,82.0,1.0
2023-01-30 05:00:00,-5.6,25.2,100,111.0,1.0
2023-01-30 06:00:00,-5.9,26.3,100,134.0,1.0
2023-01-30 07:00:00,-5.7,28.1,100,211.0,1.0
2023-01-30 08:00:00,-5.4,25.5,100,320.0,1.0
2023-01-30 09:00:00,-5.2,25.4,100,412.0,1.0
2023-01-30 10:00:00,-5.0,28.1,100,465.0,1.0
2023-01-30 11:00:00,-4.9,27.8,100,497.0,1.0
2023-01-30 12:00:00,-4.7,29.2,100,510.0,1.0
2023-01-30 13:00:00,-4.4,29.5,100,513.0,1.0
2023-01-30 14:00:00,-4.2,28.3,100,453.0,1.0
2023-01-30 15:00:00,-4.1,27.6,100,376.0,1.0
2023-01-30 16:00:00,-4.0,27.0,100,318.0,1.0
2023-01-30 17:00:00,-4.0,26.2,100,243.0,1.0
2023-01-30 18:00:00,-4.1,24.9,100,174.0,1.0
2023-01-30 19:00:00,-4.2,23.5,100,112.0,1.0
2023-01-30 20:00:00,-4.4,22.1,100,65.0,1.0
2023-01-30 21:00:00,-4.7,21.0,100,29.0,1.0
2023-01-30 22:00:00,-5.0,21.7,100,6.0,1.0
2023-01-30 23:00:00,-5.0,24.5,100,0.0,1.0
2023-01-31 00:00:00,-5.0,30.5,100,0.0,1.0
2023-01-31 01:00:00,-5.5,26.7,74,0.0,0.74
2023-01-31 02:00:00,-5.4,21.1,91,7.0,0.91
2023-01-31 03:00:00,-4.6,24.9,99,36.0,0.99
2023-01-31 04:00:00,-5.3,27.3,100,89.0,1.0
2023-01-31 05:00:00,-5.7,33.0,100,161.0,1.0
2023-01-31 06:00:00,-5.6,31.0,100,240.0,1.0
2023-01-31 07:00:00,-5.1,31.4,100,327.0,1.0
2023-01-31 08:00:00,-5.0,35.4,100,417.0,1.0
2023-01-31 09:00:00,-4.9,36.7,100,506.0,1.0
2023-01-31 10:00:00,-4.7,36.6,100,572.0,1.0
2023-01-31 11:00:00,-4.5,36.4,100,613.0,1.0
2023-01-31 12:00:00,-4.2,37.5,100,615.0,1.0
2023-01-31 13:00:00,-4.2,38.8,100,614.0,1.0
2023-01-31 14:00:00,-4.2,38.5,100,567.0,1.0
2023-01-31 15:00:00,-4.2,37.1,100,496.0,1.0
2023-01-31 16:00:00,-4.1,37.7,100,407.0,1.0
2023-01-31 17:00:00,-4.1,38.6,100,304.0,1.0
2023-01-31 18:00:00,-4.2,39.0,100,211.0,1.0
2023-01-31 19:00:00,-4.1,39.2,100,130.0,1.0
2023-01-31 20:00:00,-4.1,39.0,100,71.0,1.0
2023-01-31 21:00:00,-3.9,40.3,100,26.0,1.0
2023-01-31 22:00:00,-3.9,43.2,100,3.0,1.0
2023-01-31 23:00:00,-3.8,45.4,100,0.0,1.0
2023-02-01 00:00:00,-3.7,47.2,100,0.0,1.0
2023-02-01 01:00:00,-3.6,47.2,100,0.0,1.0
2023-02-01 02:00:00,-3.5,48.6,100,3.0,1.0
2023-02-01 03:00:00,-3.5,50.1,100,20.0,1.0
2023-02-01 04:00:00,-3.5,50.6,100,49.0,1.0
2023-02-01 05:00:00,-3.4,51.5,100,91.0,1.0
2023-02-01 06:00:00,-3.2,51.5,100,141.0,1.0
2023-02-01 07:00:00,-3.0,52.0,100,195.0,1.0
2023-02-01 08:00:00,-2.7,52.7,100,266.0,1.0
2023-02-01 09:00:00,-2.6,53.0,100,286.0,1.0
2023-02-01 10:00:00,-2.5,53.0,100,337.0,1.0
2023-02-01 11:00:00,-2.5,53.8,100,351.0,1.0
2023-02-01 12:00:00,-2.3,54.9,100,388.0,1.0
2023-02-01 13:00:00,-2.2,55.2,100,352.0,1.0
2023-02-01 14:00:00,-2.2,54.9,100,336.0,1.0
2023-02-01 15:00:00,-2.3,54.5,100,262.0,1.0
2023-02-01 16:00:00,-2.4,56.4,100,229.0,1.0
2023-02-01 17:00:00,-2.4,57.1,100,166.0,1.0
2023-02-01 18:00:00,-2.5,57.8,100,123.0,1.0
2023-02-01 19:00:00,-2.6,58.4,100,78.0,1.0
2023-02-01 20:00:00,-2.7,59.5,100,43.0,1.0
2023-02-01 21:00:00,-2.8,59.1,100,15.0,1.0
2023-02-01 22:00:00,-3.0,59.0,100,1.0,1.0
2023-02-01 23:00:00,-3.2,58.2,100,0.0,1.0
2023-02-02 00:00:00,-3.4,57.5,100,0.0,1.0
2023-02-02 01:00:00,-3.5,55.6,100,0.0,1.0
2023-02-02 02:00:00,-3.7,54.4,100,2.0,1.0
2023-02-02 03:00:00,-3.8,52.8,100,16.0,1.0
2023-02-02 04:00:00,-4.0,50.2,100,40.0,1.0
2023-02-02 05:00:00,-4.0,48.4,100,68.0,1.0
2023-02-02 06:00:00,-3.9,47.2,100,124.0,1.0
2023-02-02 07:00:00,-3.8,45.3,100,158.0,1.0
2023-02-02 08:00:00,-3.7,43.5,100,207.0,1.0
2023-02-02 09:00:00,-3.6,42.2,100,276.0,1.0
2023-02-02 10:00:00,-3.5,40.8,100,285.0,1.0
2023-02-02 11:00:00,-3.2,39.7,100,344.0,1.0
2023-02-02 12:00:00,-3.1,39.4,100,406.0,1.0
2023-02-02 13:00:00,-2.8,38.3,100,418.0,1.0
2023-02-02 14:00:00,-2.6,35.7,100,462.0,1.0
2023-02-02 15:00:00,-2.7,32.7,100,509.0,1.0
2023-02-02 16:00:00,-3.1,28.7,99,442.0,0.99
2023-02-02 17:00:00,-3.9,22.2,100,343.0,1.0
2023-02-02 18:00:00,-4.7,19.1,53,256.0,0.53
2023-02-02 19:00:00,-4.7,21.5,2,173.0,0.02
2023-02-02 20:00:00,-4.3,23.3,12,91.0,0.12
2023-02-02 21:00:00,-5.1,21.7,54,30.0,0.54
2023-02-02 22:00:00,-4.8,22.4,72,2.0,0.72
2023-02-02 23:00:00,-5.0,21.7,63,0.0,0.63
2023-02-03 00:00:00,-5.0,23.9,46,0.0,0.46
2023-02-03 01:00:00,-4.6,26.3,14,0.0,0.14
2023-02-03 02:00:00,-4.8,25.0,9,3.0,0.09
2023-02-03 03:00:00,-4.8,24.5,22,34.0,0.22
2023-02-03 04:00:00,-4.6,24.4,33,97.0,0.33
2023-02-03 05:00:00,-4.2,24.4,41,184.0,0.41
2023-02-03 06:00:00,-4.1,24.5,38,285.0,0.38
2023-02-03 07:00:00,-4.0,24.4,35,393.0,0.35
2023-02-03 08:00:00,-3.9,25.4,58,493.0,0.58
2023-02-03 09:00:00,-3.7,27.0,86,581.0,0.86
2023-02-03 10:00:00,-3.5,29.4,97,646.0,0.97
2023-02-03 11:00:00,-3.4,31.1,89,688.0,0.89
2023-02-03 12:00:00,-3.5,32.1,7,700.0,0.07
2023-02-03 13:00:00,-3.3,32.0,4,686.0,0.04
2023-02-03 14:00:00,-3.2,30.9,0,640.0,0.0
2023-02-03 15:00:00,-3.2,30.6,0,569.0,0.0
2023-02-03 16:00:00,-3.5,30.1,0,478.0,0.0
2023-02-03 17:00:00,-3.8,30.1,5,376.0,0.05
2023-02-03 18:00:00,-4.3,30.2,15,267.0,0.15
2023-02-03 19:00:00,-4.7,30.8,14,167.0,0.14
2023-02-03 20:00:00,-5.0,31.9,15,84.0,0.15
2023-02-03 21:00:00,-5.3,33.1,21,26.0,0.21
2023-02-03 22:00:00,-5.5,34.2,29,1.0,0.29
2023-02-03 23:00:00,-5.6,34.2,39,0.0,0.39
2023-02-04 00:00:00,-5.7,34.8,70,0.0,0.7
2023-02-04 01:00:00,-5.5,34.8,62,0.0,0.62
2023-02-04 02:00:00,-5.8,34.3,69,1.0,0.69
2023-02-04 03:00:00,-5.9,34.7,41,28.0,0.41
2023-02-04 04:00:00,-5.8,34.1,59,83.0,0.59
2023-02-04 05:00:00,-5.7,32.2,83,159.0,0.83
2023-02-04 06:00:00,-5.6,29.6,89,258.0,0.89
2023-02-04 07:00:00,-5.1,28.2,86,351.0,0.86
2023-02-04 08:00:00,-4.8,27.1,48,417.0,0.48
2023-02-04 09:00:00,-4.8,26.9,70,542.0,0.7
2023-02-04 10:00:00,-4.7,27.1,83,598.0,0.83
2023-02-04 11:00:00,-4.5,27.5,61,651.0,0.61
2023-02-04 12:00:00,-4.6,26.5,42,673.0,0.42
2023-02-04 13:00:00,-4.6,26.2,0,656.0,0.0
2023-02-04 14:00:00,-4.8,26.0,4,617.0,0.04
2023-02-04 15:00:00,-5.0,26.2,7,555.0,0.07
2023-02-04 16:00:00,-5.4,27.1,1,471.0,0.01
2023-02-04 17:00:00,-5.8,28.1,2,369.0,0.02
2023-02-04 18:00:00,-6.4,27.9,29,265.0,0.29
2023-02-04 19:00:00,-6.8,27.9,32,163.0,0.32
2023-02-04 20:00:00,-7.0,27.1,81,78.0,0.81
2023-02-04 21:00:00,-7.2,27.2,94,21.0,0.94
2023-02-04 22:00:00,-7.0,28.1,99,0.0,0.99
2023-02-04 23:00:00,-6.7,29.5,100,0.0,1.0
2023-02-05 00:00:00,-7.0,32.1,100,0.0,1.0
2023-02-05 01:00:00,-6.6,32.3,100,0.0,1.0
2023-02-05 02:00:00,-6.4,32.4,100,1.0,1.0
2023-02-05 03:00:00,-6.4,32.4,100,21.0,1.0
2023-02-05 04:00:00,-6.4,31.9,100,66.0,1.0
2023-02-05 05:00:00,-6.2,32.1,100,131.0,1.0
2023-02-05 06:00:00,-6.0,32.4,100,214.0,1.0
2023-02-05 07:00:00,-5.7,32.3,100,305.0,1.0
2023-02-05 08:00:00,-5.4,32.2,100,391.0,1.0
2023-02-05 09:00:00,-5.1,32.2,100,463.0,1.0
2023-02-05 10:00:00,-4.8,33.0,97,548.0,0.97
2023-02-05 11:00:00,-4.4,32.9,99,600.0,0.99
2023-02-05 12:00:00,-3.9,31.1,100,630.0,1.0
2023-02-05 13:00:00,-3.9,31.1,100,498.0,1.0
2023-02-05 14:00:00,-3.7,31.8,100,450.0,1.0
2023-02-05 15:00:00,-3.7,32.6,100,402.0,1.0
2023-02-05 16:00:00,-3.7,32.6,100,314.0,1.0
2023-02-05 17:00:00,-3.9,33.2,100,220.0,1.0
2023-02-05 18:00:00,-4.1,34.0,100,157.0,1.0
2023-02-05 19:00:00,-4.3,33.8,100,100.0,1.0
2023-02-05 20:00:00,-4.4,34.3,100,52.0,1.0
2023-02-05 21:00:00,-4.5,34.5,100,11.0,1.0
2023-02-05 22:00:00,-4.5,35.3,100,0.0,1.0
2023-02-05 23:00:00,-4.8,35.4,98,0.0,0.98
2023-02-06 00:00:00,-4.6,36.2,100,0.0,1.0
2023-02-06 01:00:00,-4.7,36.5,92,0.0,0.92
2023-02-06 02:00:00,-5.1,35.8,93,0.0,0.93
2023-02-06 03:00:00,-5.0,33.7,100,18.0,1.0
2023-02-06 04:00:00,-4.7,33.7,100,51.0,1.0
2023-02-06 05:00:00,-4.6,33.0,100,94.0,1.0
2023-02-06 06:00:00,-4.4,32.4,100,167.0,1.0
2023-02-06 07:00:00,-4.3,31.5,100,289.0,1.0
2023-02-06 08:00:00,-4.0,30.5,100,315.0,1.0
2023-02-06 09:00:00,-3.8,29.0,100,361.0,1.0
2023-02-06 10:00:00,-3.5,26.8,100,440.0,1.0
2023-02-06 11:00:00,-3.4,25.0,100,454.0,1.0
2023-02-06 12:00:00,-3.1,23.6,100,471.0,1.0
2023-02-06 13:00:00,-3.0,21.7,100,503.0,1.0
2023-02-06 14:00:00,-3.1,20.5,100,460.0,1.0
2023-02-06 15:00:00,-3.2,18.9,100,423.0,1.0
2023-02-06 16:00:00,-3.4,18.2,100,333.0,1.0
2023-02-06 17:00:00,-3.7,19.2,100,259.0,1.0
2023-02-06 18:00:00,-4.1,20.0,100,177.0,1.0
2023-02-06 19:00:00,-4.7,20.6,100,107.0,1.0
2023-02-06 20:00:00,-5.3,22.3,100,52.0,1.0
2023-02-06 21:00:00,-5.5,22.8,100,13.0,1.0
2023-02-06 22:00:00,-5.6,24.0,100,0.0,1.0
2023-02-06 23:00:00,-5.5,25.7,100,0.0,1.0
2023-02-07 00:00:00,-5.4,28.3,100,0.0,1.0
2023-02-07 01:00:00,-4.9,28.8,100,0.0,1.0
2023-02-07 02:00:00,-4.7,29.3,100,0.0,1.0
2023-02-07 03:00:00,-4.6,28.3,100,13.0,1.0
2023-02-07 04:00:00,-4.1,28.8,100,52.0,1.0
2023-02-07 05:00:00,-4.1,29.3,100,110.0,1.0
2023-02-07 06:00:00,-4.2,27.7,100,192.0,1.0
2023-02-07 07:00:00,-4.1,27.4,100,281.0,1.0
2023-02-07 08:00:00,-4.0,29.1,100,380.0,1.0
2023-02-07 09:00:00,-3.9,30.7,100,478.0,1.0
2023-02-07 10:00:00,-3.7,32.1,99,534.0,0.99
2023-02-07 11:00:00,-3.7,31.8,100,581.0,1.0
2023-02-07 12:00:00,-3.6,32.2,100,600.0,1.0
2023-02-07 13:00:00,-3.3,32.3,100,535.0,1.0
2023-02-07 14:00:00,-2.9,32.6,97,488.0,0.97
2023-02-07 15:00:00,-3.0,31.2,99,412.0,0.99
2023-02-07 16:00:00,-3.2,29.7,91,360.0,0.91
2023-02-07 17:00:00,-3.1,29.6,76,268.0,0.76
2023-02-07 18:00:00,-3.7,29.4,69,220.0,0.69
2023-02-07 19:00:00,-3.9,29.2,98,132.0,0.98
2023-02-07 20:00:00,-4.0,30.4,100,54.0,1.0
2023-02-07 21:00:00,-3.8,30.4,100,10.0,1.0
2023-02-07 22:00:00,-3.4,29.9,100,0.0,1.0
2023-02-07 23:00:00,-3.6,28.8,98,0.0,0.98
2023-02-08 00:00:00,-4.3,25.7,100,0.0,1.0
2023-02-08 01:00:00,-3.9,26.8,99,0.0,0.99
2023-02-08 02:00:00,-4.0,26.7,100,0.0,1.0
2023-02-08 03:00:00,-3.8,28.7,100,12.0,1.0
2023-02-08 04:00:00,-3.8,27.9,100,50.0,1.0
2023-02-08 05:00:00,-3.3,27.1,100,102.0,1.0
2023-02-08 06:00:00,-3.2,26.3,100,165.0,1.0
2023-02-08 07:00:00,-2.9,24.6,100,259.0,1.0
2023-02-08 08:00:00,-2.7,23.5,100,348.0,1.0
2023-02-08 09:00:00,-2.6,22.2,76,475.0,0.76
2023-02-08 10:00:00,-2.5,20.3,100,575.0,1.0
2023-02-08 11:00:00,-2.3,19.0,100,563.0,1.0
2023-02-08 12:00:00,-2.1,19.7,100,540.0,1.0
2023-02-08 13:00:00,-2.1,19.1,100,498.0,1.0
2023-02-08 14:00:00,-2.0,17.1,100,467.0,1.0
2023-02-08 15:00:00,-2.0,12.5,100,385.0,1.0
2023-02-08 16:00:00,-2.0,8.4,100,310.0,1.0
2023-02-08 17:00:00,-2.1,9.0,100,234.0,1.0
2023-02-08 18:00:00,-2.4,14.0,100,157.0,1.0
2023-02-08 19:00:00,-2.8,15.8,100,93.0,1.0
2023-02-08 20:00:00,-3.1,19.5,100,42.0,1.0
2023-02-08 21:00:00,-3.3,22.4,100,8.0,1.0
2023-02-08 22:00:00,-3.7,20.4,100,0.0,1.0
2023-02-08 23:00:00,-4.2,18.5,100,0.0,1.0
2023-02-09 00:00:00,-3.3,24.3,99,0.0,0.99
2023-02-09 01:00:00,-3.2,24.9,100,0.0,1.0
2023-02-09 02:00:00,-3.3,25.0,100,0.0,1.0
2023-02-09 03:00:00,-3.6,23.1,100,9.0,1.0
2023-02-09 04:00:00,-3.7,19.0,100,44.0,1.0
2023-02-09 05:00:00,-3.3,19.7,100,96.0,1.0
2023-02-09 06:00:00,-3.4,19.1,100,170.0,1.0
2023-02-09 07:00:00,-3.2,21.2,100,259.0,1.0
2023-02-09 08:00:00,-3.2,23.2,100,357.0,1.0
2023-02-09 09:00:00,-3.1,25.4,100,440.0,1.0
2023-02-09 10:00:00,-3.1,27.9,100,533.0,1.0
2023-02-09 11:00:00,-3.1,30.5,100,599.0,1.0
2023-02-09 12:00:00,-3.0,31.1,100,598.0,1.0
2023-02-09 13:00:00,-3.0,31.2,100,594.0,1.0
2023-02-09 14:00:00,-2.9,30.0,98,550.0,0.98
2023-02-09 15:00:00,-2.9,30.7,100,474.0,1.0
2023-02-09 16:00:00,-3.0,31.3,99,372.0,0.99
2023-02-09 17:00:00,-3.2,32.6,100,264.0,1.0
2023-02-09 18:00:00,-3.4,34.0,100,174.0,1.0
2023-02-09 19:00:00,-3.6,35.2,100,99.0,1.0
2023-02-09 20:00:00,-3.8,35.1,100,42.0,1.0
2023-02-09 21:00:00,-3.7,35.3,100,6.0,1.0
2023-02-09 22:00:00,-3.7,35.1,100,0.0,1.0
2023-02-09 23:00:00,-3.7,34.8,100,0.0,1.0
2023-02-10 00:00:00,-3.7,37.0,100,0.0,1.0
2023-02-10 01:00:00,-3.2,36.7,100,0.0,1.0
2023-02-10 02:00:00,-3.0,35.8,100,0.0,1.0
2023-02-10 03:00:00,-3.0,36.6,100,5.0,1.0
2023-02-10 04:00:00,-3.0,36.9,100,34.0,1.0
2023-02-10 05:00:00,-2.9,37.2,100,61.0,1.0
2023-02-10 06:00:00,-2.8,37.6,100,120.0,1.0
2023-02-10 07:00:00,-2.6,37.5,100,173.0,1.0
2023-02-10 08:00:00,-2.5,37.1,100,236.0,1.0
2023-02-10 09:00:00,-2.3,35.6,100,306.0,1.0
2023-02-10 10:00:00,-2.1,35.1,100,365.0,1.0
2023-02-10 11:00:00,-1.8,34.2,100,390.0,1.0
2023-02-10 12:00:00,-1.8,35.5,100,502.0,1.0
2023-02-10 13:00:00,-1.7,35.9,100,441.0,1.0
2023-02-10 14:00:00,-1.7,35.4,100,421.0,1.0
2023-02-10 15:00:00,-1.7,34.8,100,361.0,1.0
2023-02-10 16:00:00,-1.9,33.2,100,282.0,1.0
2023-02-10 17:00:00,-2.0,32.1,100,180.0,1.0
2023-02-10 18:00:00,-2.1,33.3,100,120.0,1.0
2023-02-10 19:00:00,-2.3,35.0,100,74.0,1.0
2023-02-10 20:00:00,-2.6,35.6,100,30.0,1.0
2023-02-10 21:00:00,-2.6,35.6,100,3.0,1.0
2023-02-10 22:00:00,-2.8,36.9,100,0.0,1.0
2023-02-10 23:00:00,-2.7,37.2,100,0.0,1.0
2023-02-11 00:00:00,-2.7,34.9,100,0.0,1.0
2023-02-11 01:00:00,-2.6,34.5,100,0.0,1.0
2023-02-11 02:00:00,-2.7,33.2,100,0.0,1.0
2023-02-11 03:00:00,-3.0,32.2,100,5.0,1.0
2023-02-11 04:00:00,-3.2,32.2,100,34.0,1.0
2023-02-11 05:00:00,-3.6,31.9,100,91.0,1.0
2023-02-11 06:00:00,-3.7,31.7,100,176.0,1.0
2023-02-11 07:00:00,-3.7,31.1,100,266.0,1.0
2023-02-11 08:00:00,-3.4,29.8,100,339.0,1.0
2023-02-11 09:00:00,-3.1,28.3,100,426.0,1.0
2023-02-11 10:00:00,-3.0,27.3,100,490.0,1.0
2023-02-11 11:00:00,-2.9,25.9,100,578.0,1.0
2023-02-11 12:00:00,-3.2,25.0,100,605.0,1.0
2023-02-11 13:00:00,-3.2,25.5,80,612.0,0.8
2023-02-11 14:00:00,-3.4,25.3,18,574.0,0.18
2023-02-11 15:00:00,-3.6,22.2,13,509.0,0.13
2023-02-11 16:00:00,-4.0,17.4,20,422.0,0.2
2023-02-11 17:00:00,-4.2,18.2,25,322.0,0.25
2023-02-11 18:00:00,-4.4,20.3,19,218.0,0.19
2023-02-11 19:00:00,-5.1,20.1,77,122.0,0.77
2023-02-11 20:00:00,-5.6,21.6,90,45.0,0.9
2023-02-11 21:00:00,-5.8,23.2,99,4.0,0.99
2023-02-11 22:00:00,-6.0,24.2,100,0.0,1.0
2023-02-11 23:00:00,-6.0,24.3,100,0.0,1.0
2023-02-12 00:00:00,-6.1,22.9,100,0.0,1.0
2023-02-12 01:00:00,-5.9,23.2,100,0.0,1.0
2023-02-12 02:00:00,-6.5,20.4,87,0.0,0.87
2023-02-12 03:00:00,-7.1,19.5,36,5.0,0.36
2023-02-12 04:00:00,-6.7,25.6,1,51.0,0.01
2023-02-12 05:00:00,-6.9,20.6,0,130.0,0.0
2023-02-12 06:00:00,-6.3,19.6,20,228.0,0.2
2023-02-12 07:00:00,-5.8,20.4,26,331.0,0.26
2023-02-12 08:00:00,-5.5,20.5,37,429.0,0.37
2023-02-12 09:00:00,-5.4,19.5,33,515.0,0.33
2023-02-12 10:00:00,-5.3,19.7,21,584.0,0.21
2023-02-12 11:00:00,-5.3,20.7,5,628.0,0.05
2023-02-12 12:00:00,-5.5,19.5,99,641.0,0.99
2023-02-12 13:00:00,-5.5,11.4,99,606.0,0.99
2023-02-12 14:00:00,-5.4,1.1,100,563.0,1.0
2023-02-12 15:00:00,-5.7,5.4,100,495.0,1.0
2023-02-12 16:00:00,-6.4,4.7,100,398.0,1.0
2023-02-12 17:00:00,-7.4,9.0,99,298.0,0.99
2023-02-12 18:00:00,-7.6,14.1,95,202.0,0.95
2023-02-12 19:00:00,-8.1,15.2,84,105.0,0.84
2023-02-12 20:00:00,-8.7,16.4,100,38.0,1.0
2023-02-12 21:00:00,-9.1,19.8,99,2.0,0.99
2023-02-12 22:00:00,-8.9,20.5,83,0.0,0.83
2023-02-12 23:00:00,-8.4,21.0,31,0.0,0.31
2023-02-13 00:00:00,-8.3,20.6,15,0.0,0.15
2023-02-13 01:00:00,-8.1,20.5,25,0.0,0.25
2023-02-13 02:00:00,-8.6,22.1,24,0.0,0.24
2023-02-13 03:00:00,-8.7,21.0,19,3.0,0.19
2023-02-13 04:00:00,-8.6,20.7,20,44.0,0.2
2023-02-13 05:00:00,-8.4,21.3,14,121.0,0.14
2023-02-13 06:00:00,-7.7,21.7,4,218.0,0.04
2023-02-13 07:00:00,-7.1,21.4,5,323.0,0.05
2023-02-13 08:00:00,-6.5,21.5,2,422.0,0.02
2023-02-13 09:00:00,-6.2,21.7,7,509.0,0.07
2023-02-13 10:00:00,-5.9,22.7,28,574.0,0.28
2023-02-13 11:00:00,-5.6,23.5,27,613.0,0.27
2023-02-13 12:00:00,-5.9,22.2,8,627.0,0.08
2023-02-13 13:00:00,-5.8,21.7,9,610.0,0.09
2023-02-13 14:00:00,-6.0,20.8,8,565.0,0.08
2023-02-13 15:00:00,-6.3,20.0,4,495.0,0.04
2023-02-13 16:00:00,-6.5,20.5,23,406.0,0.23
2023-02-13 17:00:00,-6.8,21.3,38,305.0,0.38
2023-02-13 18:00:00,-7.2,22.1,35,202.0,0.35
2023-02-13 19:00:00,-7.6,23.0,25,107.0,0.25
2023-02-13 20:00:00,-7.8,23.3,68,34.0,0.68
2023-02-13 21:00:00,-7.7,23.5,83,1.0,0.83
2023-02-13 22:00:00,-7.6,24.9,98,0.0,0.98
2023-02-13 23:00:00,-7.3,24.9,95,0.0,0.95
2023-02-14 00:00:00,-7.2,26.7,100,0.0,1.0
2023-02-14 01:00:00,-7.1,26.5,96,0.0,0.96
2023-02-14 02:00:00,-6.9,26.3,97,0.0,0.97
2023-02-14 03:00:00,-7.0,26.0,100,2.0,1.0
2023-02-14 04:00:00,-7.0,25.0,99,35.0,0.99
2023-02-14 05:00:00,-6.8,24.2,99,99.0,0.99
2023-02-14 06:00:00,-6.5,24.1,99,186.0,0.99
2023-02-14 07:00:00,-6.2,23.4,93,291.0,0.93
2023-02-14 08:00:00,-5.8,22.2,20,403.0,0.2
2023-02-14 09:00:00,-5.5,21.7,10,498.0,0.1
2023-02-14 10:00:00,-5.1,21.6,2,566.0,0.02
2023-02-14 11:00:00,-4.8,21.6,0,610.0,0.0
2023-02-14 12:00:00,-4.8,20.8,1,623.0,0.01
2023-02-14 13:00:00,-4.5,19.8,1,606.0,0.01
2023-02-14 14:00:00,-4.5,19.1,0,563.0,0.0
2023-02-14 15:00:00,-4.8,18.8,0,494.0,0.0
2023-02-14 16:00:00,-5.1,18.8,0,404.0,0.0
2023-02-14 17:00:00,-5.8,19.6,0,304.0,0.0
2023-02-14 18:00:00,-6.5,20.9,0,201.0,0.0
2023-02-14 19:00:00,-7.2,22.7,0,106.0,0.0
2023-02-14 20:00:00,-7.9,23.4,0,32.0,0.0
2023-02-14 21:00:00,-8.3,24.5,0,1.0,0.0
2023-02-14 22:00:00,-8.6,25.2,0,0.0,0.0
2023-02-14 23:00:00,-8.8,25.2,0,0.0,0.0
2023-02-15 00:00:00,-8.9,25.6,0,0.0,0.0
2023-02-15 01:00:00,-8.9,22.8,0,0.0,0.0
2023-02-15 02:00:00,-9.3,19.8,0,0.0,0.0
2023-02-15 03:00:00,-9.4,19.5,0,1.0,0.0
2023-02-15 04:00:00,-9.3,19.9,0,36.0,0.0
2023-02-15 05:00:00,-9.0,19.5,0,113.0,0.0
2023-02-15 06:00:00,-8.6,18.0,0,210.0,0.0
2023-02-15 07:00:00,-8.1,17.3,0,314.0,0.0
2023-02-15 08:00:00,-7.2,17.2,0,414.0,0.0
2023-02-15 09:00:00,-6.6,20.2,0,502.0,0.0
2023-02-15 10:00:00,-6.4,21.7,0,570.0,0.0
2023-02-15 11:00:00,-6.3,22.5,0,611.0,0.0
2023-02-15 12:00:00,-6.5,22.5,0,624.0,0.0
2023-02-15 13:00:00,-6.4,21.7,0,608.0,0.0
2023-02-15 14:00:00,-6.5,20.3,0,564.0,0.0
2023-02-15 15:00:00,-6.7,17.7,0,494.0,0.0
2023-02-15 16:00:00,-6.7,25.1,0,404.0,0.0
2023-02-15 17:00:00,-7.2,28.7,0,303.0,0.0
2023-02-15 18:00:00,-7.7,29.8,0,198.0,0.0
2023-02-15 19:00:00,-8.0,30.7,0,103.0,0.0
2023-02-15 20:00:00,-8.2,31.2,0,29.0,0.0
2023-02-15 21:00:00,-8.2,33.1,0,0.0,0.0
2023-02-15 22:00:00,-8.4,35.0,0,0.0,0.0
2023-02-15 23:00:00,-8.5,35.6,0,0.0,0.0
2023-02-16 00:00:00,-8.6,35.0,0,0.0,0.0
2023-02-16 01:00:00,-8.7,34.5,0,0.0,0.0
2023-02-16 02:00:00,-8.8,33.3,0,0.0,0.0
2023-02-16 03:00:00,-9.0,32.2,0,0.0,0.0
2023-02-16 04:00:00,-8.9,31.4,0,32.0,0.0
2023-02-16 05:00:00,-8.7,30.4,0,107.0,0.0
2023-02-16 06:00:00,-8.4,29.1,0,204.0,0.0
2023-02-16 07:00:00,-8.0,27.2,0,309.0,0.0
2023-02-16 08:00:00,-7.6,24.7,0,409.0,0.0
2023-02-16 09:00:00,-7.2,22.6,0,497.0,0.0
2023-02-16 10:00:00,-6.8,21.1,0,564.0,0.0
2023-02-16 11:00:00,-6.5,19.3,0,606.0,0.0
2023-02-16 12:00:00,-6.4,17.0,0,619.0,0.0
2023-02-16 13:00:00,-6.2,14.9,1,601.0,0.01
2023-02-16 14:00:00,-6.3,13.9,3,555.0,0.03
2023-02-16 15:00:00,-6.7,14.0,1,485.0,0.01
2023-02-16 16:00:00,-7.2,15.2,3,396.0,0.03
2023-02-16 17:00:00,-7.9,16.6,16,295.0,0.16
2023-02-16 18:00:00,-8.6,17.6,33,191.0,0.33
2023-02-16 19:00:00,-9.3,18.8,69,95.0,0.69
2023-02-16 20:00:00,-9.8,20.6,87,23.0,0.87
2023-02-16 21:00:00,-9.6,23.0,89,0.0,0.89
2023-02-16 22:00:00,-9.4,24.6,5,0.0,0.05
2023-02-16 23:00:00,-9.7,25.3,0,0.0,0.0
2023-02-17 00:00:00,-9.6,26.0,5,0.0,0.05
2023-02-17 01:00:00,-9.4,25.1,17,0.0,0.17
2023-02-17 02:00:00,-9.5,24.7,94,0.0,0.94
2023-02-17 03:00:00,-9.4,24.0,37,0.0,0.37
2023-02-17 04:00:00,-9.4,23.4,8,26.0,0.08
2023-02-17 05:00:00,-9.1,22.3,0,100.0,0.0
2023-02-17 06:00:00,-8.6,21.3,4,195.0,0.04
2023-02-17 07:00:00,-8.1,20.6,2,298.0,0.02
2023-02-17 08:00:00,-7.8,20.0,0,398.0,0.0
2023-02-17 09:00:00,-7.4,19.3,0,485.0,0.0
2023-02-17 10:00:00,-7.1,17.8,0,552.0,0.0
2023-02-17 11:00:00,-6.8,15.8,2,594.0,0.02
2023-02-17 12:00:00,-6.6,14.4,1,607.0,0.01
2023-02-17 13:00:00,-6.3,13.6,1,590.0,0.01
2023-02-17 14:00:00,-6.5,12.8,0,545.0,0.0
2023-02-17 15:00:00,-7.0,12.6,0,476.0,0.0
2023-02-17 16:00:00,-7.5,13.7,5,387.0,0.05
2023-02-17 17:00:00,-8.1,16.3,1,286.0,0.01
2023-02-17 18:00:00,-8.7,17.9,0,183.0,0.0
2023-02-17 19:00:00,-9.5,17.8,0,89.0,0.0
2023-02-17 20:00:00,-10.7,19.8,0,20.0,0.0
2023-02-17 21:00:00,-10.9,22.0,0,0.0,0.0
2023-02-17 22:00:00,-10.0,25.2,0,0.0,0.0
2023-02-17 23:00:00,-9.7,28.0,0,0.0,0.0
2023-02-18 00:00:00,-9.7,26.9,0,0.0,0.0
2023-02-18 01:00:00,-9.5,28.4,0,0.0,0.0
2023-02-18 02:00:00,-9.4,29.6,0,0.0,0.0
2023-02-18 03:00:00,-9.4,27.8,0,0.0,0.0
2023-02-18 04:00:00,-9.3,27.4,0,23.0,0.0
2023-02-18 05:00:00,-9.0,28.0,0,95.0,0.0
2023-02-18 06:00:00,-8.5,28.2,0,189.0,0.0
2023-02-18 07:00:00,-8.1,28.2,0,292.0,0.0
2023-02-18 08:00:00,-8.0,26.3,0,391.0,0.0
2023-02-18 09:00:00,-7.7,25.3,0,477.0,0.0
2023-02-18 10:00:00,-7.4,25.5,0,543.0,0.0
2023-02-18 11:00:00,-7.2,25.2,0,584.0,0.0
2023-02-18 12:00:00,-7.2,21.6,0,597.0,0.0
2023-02-18 13:00:00,-6.9,19.5,0,580.0,0.0
2023-02-18 14:00:00,-6.9,16.6,0,535.0,0.0
2023-02-18 15:00:00,-7.2,13.9,0,465.0,0.0
2023-02-18 16:00:00,-7.9,12.5,0,377.0,0.0
2023-02-18 17:00:00,-8.4,14.2,0,277.0,0.0
2023-02-18 18:00:00,-8.8,16.9,0,175.0,0.0
2023-02-18 19:00:00,-9.3,18.9,0,83.0,0.0
2023-02-18 20:00:00,-9.8,20.5,0,16.0,0.0
2023-02-18 21:00:00,-9.8,22.3,0,0.0,0.0
2023-02-18 22:00:00,-9.7,24.5,0,0.0,0.0
2023-02-18 23:00:00,-9.7,25.2,0,0.0,0.0
2023-02-19 00:00:00,-9.2,29.6,0,0.0,0.0
2023-02-19 01:00:00,-9.2,28.7,0,0.0,0.0
2023-02-19 02:00:00,-9.4,27.4,0,0.0,0.0
2023-02-19 03:00:00,-9.5,26.7,0,0.0,0.0
2023-02-19 04:00:00,-9.4,26.0,0,19.0,0.0
2023-02-19 05:00:00,-8.9,25.8,0,89.0,0.0
2023-02-19 06:00:00,-8.4,26.1,0,183.0,0.0
2023-02-19 07:00:00,-7.9,24.2,0,285.0,0.0
2023-02-19 08:00:00,-7.3,21.7,0,384.0,0.0
2023-02-19 09:00:00,-6.7,20.2,0,470.0,0.0
2023-02-19 10:00:00,-6.2,18.3,0,537.0,0.0
2023-02-19 11:00:00,-5.8,17.7,0,579.0,0.0
2023-02-19 12:00:00,-5.4,18.1,0,592.0,0.0
2023-02-19 13:00:00,-5.1,18.1,0,575.0,0.0
2023-02-19 14:00:00,-5.2,18.2,0,530.0,0.0
2023-02-19 15:00:00,-5.5,18.5,0,461.0,0.0
2023-02-19 16:00:00,-5.9,19.2,0,372.0,0.0
2023-02-19 17:00:00,-6.5,19.9,0,271.0,0.0
2023-02-19 18:00:00,-7.1,20.7,0,169.0,0.0
2023-02-19 19:00:00,-7.5,22.3,0,77.0,0.0
2023-02-19 20:00:00,-7.7,24.1,0,13.0,0.0
2023-02-19 21:00:00,-7.7,25.0,0,0.0,0.0
2023-02-19 22:00:00,-7.7,25.2,0,0.0,0.0
2023-02-19 23:00:00,-7.7,25.7,0,0.0,0.0
2023-02-20 00:00:00,-7.4,26.3,0,0.0,0.0
2023-02-20 01:00:00,-7.1,25.5,0,0.0,0.0
2023-02-20 02:00:00,-7.3,24.1,0,0.0,0.0
2023-02-20 03:00:00,-7.5,23.5,0,0.0,0.0
2023-02-20 04:00:00,-7.4,24.6,0,15.0,0.0
2023-02-20 05:00:00,-7.0,24.6,0,82.0,0.0
2023-02-20 06:00:00,-6.6,24.4,0,175.0,0.0
2023-02-20 07:00:00,-6.3,22.7,0,276.0,0.0
2023-02-20 08:00:00,-5.9,22.2,0,375.0,0.0
2023-02-20 09:00:00,-5.7,21.9,0,462.0,0.0
2023-02-20 10:00:00,-5.6,20.8,0,528.0,0.0
2023-02-20 11:00:00,-5.6,19.6,0,570.0,0.0
2023-02-20 12:00:00,-5.7,15.2,0,582.0,0.0
2023-02-20 13:00:00,-5.5,14.8,0,565.0,0.0
2023-02-20 14:00:00,-5.7,15.1,0,520.0,0.0
2023-02-20 15:00:00,-6.0,15.3,0,451.0,0.0
2023-02-20 16:00:00,-6.5,15.6,0,362.0,0.0
2023-02-20 17:00:00,-6.9,17.0,0,262.0,0.0
2023-02-20 18:00:00,-7.5,18.2,0,160.0,0.0
2023-02-20 19:00:00,-8.0,19.1,0,70.0,0.0
2023-02-20 20:00:00,-8.2,20.4,0,10.0,0.0
2023-02-20 21:00:00,-8.2,20.9,0,0.0,0.0
2023-02-20 22:00:00,-8.1,22.4,0,0.0,0.0
2023-02-20 23:00:00,-8.1,22.4,0,0.0,0.0
2023-02-21 00:00:00,-8.8,17.8,0,0.0,0.0
2023-02-21 01:00:00,-8.0,22.7,0,0.0,0.0
2023-02-21 02:00:00,-7.8,23.0,0,0.0,0.0
2023-02-21 03:00:00,-8.6,18.2,0,0.0,0.0
2023-02-21 04:00:00,-9.1,15.8,0,12.0,0.0
2023-02-21 05:00:00,-9.3,12.7,0,75.0,0.0
2023-02-21 06:00:00,-9.1,10.5,0,167.0,0.0
2023-02-21 07:00:00,-8.1,11.2,0,268.0,0.0
2023-02-21 08:00:00,-7.3,12.0,10,367.0,0.1
2023-02-21 09:00:00,-6.7,11.5,23,453.0,0.23
2023-02-21 10:00:00,-6.5,8.4,0,519.0,0.0
2023-02-21 11:00:00,-6.5,5.2,0,560.0,0.0
2023-02-21 12:00:00,-6.3,5.1,0,573.0,0.0
2023-02-21 13:00:00,-5.9,5.2,0,557.0,0.0
2023-02-21 14:00:00,-6.2,6.7,0,512.0,0.0
2023-02-21 15:00:00,-6.7,8.6,0,443.0,0.0
2023-02-21 16:00:00,-7.3,10.6,0,355.0,0.0
2023-02-21 17:00:00,-8.2,13.4,0,256.0,0.0
2023-02-21 18:00:00,-9.1,15.9,0,155.0,0.0
2023-02-21 19:00:00,-9.9,16.7,0,65.0,0.0
2023-02-21 20:00:00,-10.3,16.2,0,7.0,0.0
2023-02-21 21:00:00,-10.4,14.9,0,0.0,0.0
2023-02-21 22:00:00,-10.7,13.4,0,0.0,0.0
2023-02-21 23:00:00,-11.2,12.1,0,0.0,0.0
2023-02-22 00:00:00,-8.2,6.6,0,0.0,0.0
2023-02-22 01:00:00,-10.2,7.9,0,0.0,0.0
2023-02-22 02:00:00,-11.7,12.9,0,0.0,0.0
2023-02-22 03:00:00,-11.2,15.7,0,0.0,0.0
2023-02-22 04:00:00,-11.1,15.8,0,10.0,0.0
2023-02-22 05:00:00,-11.1,12.3,0,71.0,0.0
2023-02-22 06:00:00,-10.8,11.4,0,163.0,0.0
2023-02-22 07:00:00,-9.8,11.0,0,264.0,0.0
2023-02-22 08:00:00,-9.4,9.4,0,363.0,0.0
2023-02-22 09:00:00,-8.7,8.6,0,449.0,0.0
2023-02-22 10:00:00,-8.0,7.2,0,516.0,0.0
2023-02-22 11:00:00,-7.5,6.0,0,556.0,0.0
2023-02-22 12:00:00,-6.6,1.8,0,568.0,0.0
2023-02-22 13:00:00,-6.6,1.9,0,552.0,0.0
2023-02-22 14:00:00,-6.9,2.3,0,507.0,0.0
2023-02-22 15:00:00,-7.3,1.1,0,437.0,0.0
2023-02-22 16:00:00,-7.8,3.3,0,349.0,0.0
2023-02-22 17:00:00,-8.5,4.6,0,249.0,0.0
2023-02-22 18:00:00,-9.8,5.5,0,148.0,0.0
2023-02-22 19:00:00,-11.9,7.9,0,59.0,0.0
2023-02-22 20:00:00,-12.8,10.8,0,5.0,0.0
2023-02-22 21:00:00,-12.7,11.9,0,0.0,0.0
2023-02-22 22:00:00,-12.5,13.0,0,0.0,0.0
2023-02-22 23:00:00,-12.5,14.1,0,0.0,0.0
2023-02-23 00:00:00,-13.1,8.7,0,0.0,0.0
2023-02-23 01:00:00,-14.0,10.9,0,0.0,0.0
2023-02-23 02:00:00,-13.2,14.8,0,0.0,0.0
2023-02-23 03:00:00,-12.4,16.9,0,0.0,0.0
2023-02-23 04:00:00,-12.1,15.6,0,7.0,0.0
2023-02-23 05:00:00,-13.1,10.7,0,65.0,0.0
2023-02-23 06:00:00,-12.3,10.5,0,154.0,0.0
2023-02-23 07:00:00,-11.2,10.4,0,255.0,0.0
2023-02-23 08:00:00,-10.1,11.4,0,354.0,0.0
2023-02-23 09:00:00,-9.6,11.3,0,440.0,0.0
2023-02-23 10:00:00,-9.1,11.2,0,507.0,0.0
2023-02-23 11:00:00,-8.3,13.9,0,547.0,0.0
2023-02-23 12:00:00,-9.6,6.5,0,560.0,0.0
2023-02-23 13:00:00,-9.3,6.8,0,543.0,0.0
2023-02-23 14:00:00,-9.2,8.9,0,498.0,0.0
2023-02-23 15:00:00,-9.7,7.6,0,429.0,0.0
2023-02-23 16:00:00,-9.3,5.4,0,340.0,0.0
2023-02-23 17:00:00,-9.5,6.4,0,241.0,0.0
2023-02-23 18:00:00,-10.3,8.0,0,141.0,0.0
2023-02-23 19:00:00,-11.8,9.7,0,53.0,0.0
2023-02-23 20:00:00,-12.7,12.2,0,4.0,0.0
2023-02-23 21:00:00,-12.8,12.2,0,0.0,0.0
2023-02-23 22:00:00,-13.1,12.2,0,0.0,0.0
2023-02-23 23:00:00,-13.1,14.1,0,0.0,0.0
2023-02-24 00:00:00,-13.1,14.0,0,0.0,0.0
2023-02-24 01:00:00,-12.2,14.4,0,0.0,0.0
2023-02-24 02:00:00,-12.0,15.5,0,0.0,0.0
2023-02-24 03:00:00,-11.8,16.3,0,0.0,0.0
2023-02-24 04:00:00,-11.5,17.4,0,5.0,0.0
2023-02-24 05:00:00,-10.8,18.4,0,60.0,0.0
2023-02-24 06:00:00,-10.0,19.7,0,150.0,0.0
2023-02-24 07:00:00,-9.3,20.9,0,251.0,0.0
2023-02-24 08:00:00,-9.0,24.0,0,349.0,0.0
2023-02-24 09:00:00,-9.1,24.5,0,433.0,0.0
2023-02-24 10:00:00,-8.8,22.2,0,498.0,0.0
2023-02-24 11:00:00,-8.4,19.4,2,540.0,0.02
2023-02-24 12:00:00,-8.4,14.0,38,553.0,0.38
2023-02-24 13:00:00,-7.4,11.5,78,475.0,0.78
2023-02-24 14:00:00,-7.8,10.2,28,442.0,0.28
2023-02-24 15:00:00,-9.1,10.6,9,418.0,0.09
2023-02-24 16:00:00,-9.9,11.6,24,331.0,0.24
2023-02-24 17:00:00,-10.6,13.0,50,231.0,0.5
2023-02-24 18:00:00,-11.2,14.3,63,131.0,0.63
2023-02-24 19:00:00,-11.6,16.2,91,46.0,0.91
2023-02-24 20:00:00,-11.7,18.7,61,2.0,0.61
2023-02-24 21:00:00,-12.2,20.5,35,0.0,0.35
2023-02-24 22:00:00,-12.4,22.0,2,0.0,0.02
2023-02-24 23:00:00,-12.2,23.0,0,0.0,0.0
2023-02-25 00:00:00,-11.3,23.9,0,0.0,0.0
2023-02-25 01:00:00,-11.1,24.3,0,0.0,0.0
2023-02-25 02:00:00,-11.0,24.0,0,0.0,0.0
2023-02-25 03:00:00,-10.9,24.0,0,0.0,0.0
2023-02-25 04:00:00,-10.9,24.4,0,3.0,0.0
2023-02-25 05:00:00,-10.5,24.2,7,53.0,0.07
2023-02-25 06:00:00,-10.0,23.3,0,141.0,0.0
2023-02-25 07:00:00,-9.5,22.7,0,241.0,0.0
2023-02-25 08:00:00,-9.0,22.1,2,339.0,0.02
2023-02-25 09:00:00,-8.5,21.6,0,427.0,0.0
2023-02-25 10:00:00,-8.0,20.5,0,493.0,0.0
2023-02-25 11:00:00,-7.8,19.6,0,534.0,0.0
2023-02-25 12:00:00,-7.6,17.6,0,547.0,0.0
2023-02-25 13:00:00,-7.3,16.0,0,530.0,0.0
2023-02-25 14:00:00,-7.5,14.7,0,485.0,0.0
2023-02-25 15:00:00,-8.1,13.8,0,416.0,0.0
2023-02-25 16:00:00,-9.0,14.1,0,328.0,0.0
2023-02-25 17:00:00,-9.9,15.6,0,228.0,0.0
2023-02-25 18:00:00,-10.7,17.0,4,128.0,0.04
2023-02-25 19:00:00,-11.0,18.4,3,43.0,0.03
2023-02-25 20:00:00,-10.8,18.9,0,1.0,0.0
2023-02-25 21:00:00,-10.7,19.8,0,0.0,0.0
2023-02-25 22:00:00,-10.5,22.0,0,0.0,0.0
2023-02-25 23:00:00,-10.2,22.6,3,0.0,0.03
2023-02-26 00:00:00,-9.4,24.8,80,0.0,0.8
2023-02-26 01:00:00,-9.3,24.2,9,0.0,0.09
2023-02-26 02:00:00,-9.5,23.5,0,0.0,0.0
2023-02-26 03:00:00,-9.5,23.5,76,0.0,0.76
2023-02-26 04:00:00,-9.5,25.5,33,2.0,0.33
2023-02-26 05:00:00,-9.2,26.7,1,48.0,0.01
2023-02-26 06:00:00,-9.0,27.6,86,135.0,0.86
2023-02-26 07:00:00,-8.7,25.9,53,226.0,0.53
2023-02-26 08:00:00,-8.4,23.6,56,327.0,0.56
2023-02-26 09:00:00,-8.0,22.3,99,415.0,0.99
2023-02-26 10:00:00,-7.7,21.0,100,473.0,1.0
2023-02-26 11:00:00,-7.4,20.5,73,510.0,0.73
2023-02-26 12:00:00,-7.3,18.7,86,532.0,0.86
2023-02-26 13:00:00,-7.2,17.2,68,518.0,0.68
2023-02-26 14:00:00,-7.3,16.1,100,465.0,1.0
2023-02-26 15:00:00,-7.4,15.3,100,383.0,1.0
2023-02-26 16:00:00,-7.9,14.6,100,279.0,1.0
2023-02-26 17:00:00,-7.9,15.3,100,171.0,1.0
2023-02-26 18:00:00,-7.9,15.1,100,85.0,1.0
2023-02-26 19:00:00,-8.2,15.0,100,26.0,1.0
2023-02-26 20:00:00,-8.2,14.3,100,0.0,1.0
2023-02-26 21:00:00,-8.7,13.5,100,0.0,1.0
2023-02-26 22:00:00,-8.7,12.9,100,0.0,1.0
2023-02-26 23:00:00,-8.8,12.7,100,0.0,1.0
2023-02-27 00:00:00,-9.5,13.2,100,0.0,1.0
2023-02-27 01:00:00,-8.6,11.8,100,0.0,1.0
2023-02-27 02:00:00,-8.5,11.0,100,0.0,1.0
2023-02-27 03:00:00,-8.7,8.9,100,0.0,1.0
2023-02-27 04:00:00,-8.5,5.7,100,1.0,1.0
2023-02-27 05:00:00,-7.3,3.9,100,30.0,1.0
2023-02-27 06:00:00,-7.5,3.1,100,84.0,1.0
2023-02-27 07:00:00,-8.4,3.6,100,148.0,1.0
2023-02-27 08:00:00,-8.2,3.3,100,223.0,1.0
2023-02-27 09:00:00,-8.2,3.2,74,331.0,0.74
2023-02-27 10:00:00,-8.2,2.9,20,453.0,0.2
2023-02-27 11:00:00,-8.5,3.6,8,509.0,0.08
2023-02-27 12:00:00,-8.6,8.4,6,525.0,0.06
2023-02-27 13:00:00,-8.5,8.2,1,508.0,0.01
2023-02-27 14:00:00,-8.9,7.9,1,464.0,0.01
2023-02-27 15:00:00,-9.5,7.8,8,394.0,0.08
2023-02-27 16:00:00,-10.3,6.9,12,307.0,0.12
2023-02-27 17:00:00,-9.8,5.8,14,209.0,0.14
2023-02-27 18:00:00,-9.2,5.6,9,112.0,0.09
2023-02-27 19:00:00,-10.6,7.2,16,31.0,0.16
2023-02-27 20:00:00,-11.8,8.7,20,0.0,0.2
2023-02-27 21:00:00,-9.2,4.4,4,0.0,0.04
2023-02-27 22:00:00,-9.7,1.1,3,0.0,0.03
2023-02-27 23:00:00,-11.0,7.0,1,0.0,0.01
2023-02-28 00:00:00,-14.0,11.7,3,0.0,0.03
2023-02-28 01:00:00,-13.8,12.0,18,0.0,0.18
2023-02-28 02:00:00,-14.1,10.9,19,0.0,0.19
2023-02-28 03:00:00,-14.4,10.9,6,0.0,0.06
2023-02-28 04:00:00,-14.6,10.5,0,1.0,0.0
2023-02-28 05:00:00,-14.1,10.2,0,38.0,0.0
2023-02-28 06:00:00,-13.5,10.1,0,123.0,0.0
2023-02-28 07:00:00,-12.6,11.5,0,222.0,0.0
2023-02-28 08:00:00,-11.7,14.9,0,320.0,0.0
2023-02-28 09:00:00,-11.0,17.8,0,406.0,0.0
2023-02-28 10:00:00,-10.4,17.2,0,472.0,0.0
2023-02-28 11:00:00,-10.0,17.1,0,512.0,0.0
2023-02-28 12:00:00,-9.8,17.6,0,525.0,0.0
2023-02-28 13:00:00,-9.3,19.6,0,507.0,0.0
2023-02-28 14:00:00,-9.2,21.0,1,461.0,0.01
2023-02-28 15:00:00,-9.3,20.7,0,392.0,0.0
2023-02-28 16:00:00,-9.6,20.7,0,301.0,0.0
2023-02-28 17:00:00,-9.9,21.8,0,202.0,0.0
2023-02-28 18:00:00,-10.3,23.3,0,105.0,0.0
2023-02-28 19:00:00,-10.6,25.1,0,26.0,0.0
2023-02-28 20:00:00,-10.8,26.6,0,0.0,0.0
2023-02-28 21:00:00,-10.8,27.8,0,0.0,0.0
2023-02-28 22:00:00,-10.7,29.3,23,0.0,0.23
2023-02-28 23:00:00,-10.7,30.7,89,0.0,0.89
2023-03-01 00:00:00,-9.5,29.5,91,0.0,0.91
2023-03-01 01:00:00,-9.0,31.6,100,0.0,1.0
2023-03-01 02:00:00,-8.5,30.3,100,0.0,1.0
2023-03-01 03:00:00,-7.9,30.9,100,0.0,1.0
2023-03-01 04:00:00,-7.7,32.7,100,0.0,1.0
2023-03-01 05:00:00,-7.1,34.0,100,22.0,1.0
2023-03-01 06:00:00,-6.9,35.6,100,64.0,1.0
2023-03-01 07:00:00,-6.8,35.4,100,114.0,1.0
2023-03-01 08:00:00,-6.6,35.4,100,175.0,1.0
2023-03-01 09:00:00,-6.2,34.3,100,253.0,1.0
2023-03-01 10:00:00,-6.0,35.1,100,304.0,1.0
2023-03-01 11:00:00,-5.9,37.6,100,339.0,1.0
2023-03-01 12:00:00,-5.9,38.7,100,341.0,1.0
2023-03-01 13:00:00,-5.8,39.4,100,323.0,1.0
2023-03-01 14:00:00,-5.7,39.0,100,284.0,1.0
2023-03-01 15:00:00,-5.6,38.5,100,237.0,1.0
2023-03-01 16:00:00,-5.8,39.0,100,171.0,1.0
2023-03-01 17:00:00,-5.8,38.5,100,122.0,1.0
2023-03-01 18:00:00,-6.1,39.8,100,63.0,1.0
2023-03-01 19:00:00,-6.2,40.6,100,16.0,1.0
2023-03-01 20:00:00,-6.2,40.6,100,0.0,1.0
2023-03-01 21:00:00,-6.3,41.5,100,0.0,1.0
2023-03-01 22:00:00,-6.2,42.4,100,0.0,1.0
2023-03-01 23:00:00,-6.1,41.9,100,0.0,1.0
2023-03-02 00:00:00,-5.8,44.2,100,0.0,1.0
2023-03-02 01:00:00,-5.7,43.3,100,0.0,1.0
2023-03-02 02:00:00,-5.4,44.2,100,0.0,1.0
2023-03-02 03:00:00,-5.3,42.4,100,0.0,1.0
2023-03-02 04:00:00,-5.1,43.8,100,0.0,1.0
2023-03-02 05:00:00,-5.0,45.0,100,17.0,1.0
2023-03-02 06:00:00,-5.0,45.6,100,63.0,1.0
2023-03-02 07:00:00,-5.0,45.8,100,110.0,1.0
2023-03-02 08:00:00,-4.7,44.4,100,169.0,1.0
2023-03-02 09:00:00,-4.5,43.2,100,242.0,1.0
2023-03-02 10:00:00,-4.3,41.1,100,319.0,1.0
2023-03-02 11:00:00,-4.2,38.5,95,406.0,0.95
2023-03-02 12:00:00,-4.2,36.4,99,461.0,0.99
2023-03-02 13:00:00,-4.1,36.0,99,456.0,0.99
2023-03-02 14:00:00,-4.2,35.4,94,418.0,0.94
2023-03-02 15:00:00,-4.5,34.9,44,350.0,0.44
2023-03-02 16:00:00,-4.6,34.4,47,271.0,0.47
2023-03-02 17:00:00,-4.8,34.6,84,175.0,0.84
2023-03-02 18:00:00,-4.9,35.4,100,78.0,1.0
2023-03-02 19:00:00,-4.9,35.7,100,14.0,1.0
2023-03-02 20:00:00,-4.5,36.1,100,0.0,1.0
2023-03-02 21:00:00,-4.3,37.0,100,0.0,1.0
2023-03-02 22:00:00,-4.3,37.1,100,0.0,1.0
2023-03-02 23:00:00,-4.1,36.2,87,0.0,0.87
2023-03-03 00:00:00,-5.5,36.5,98,0.0,0.98
2023-03-03 01:00:00,-5.9,36.7,100,0.0,1.0
2023-03-03 02:00:00,-6.0,36.4,100,0.0,1.0
2023-03-03 03:00:00,-6.1,36.1,100,0.0,1.0
2023-03-03 04:00:00,-6.4,35.9,100,0.0,1.0
2023-03-03 05:00:00,-6.4,35.8,100,19.0,1.0
2023-03-03 06:00:00,-6.4,36.0,100,77.0,1.0
2023-03-03 07:00:00,-5.9,35.8,100,150.0,1.0
2023-03-03 08:00:00,-5.7,35.1,98,231.0,0.98
2023-03-03 09:00:00,-5.4,34.7,100,336.0,1.0
2023-03-03 10:00:00,-5.0,34.4,100,405.0,1.0
2023-03-03 11:00:00,-4.7,33.3,100,423.0,1.0
2023-03-03 12:00:00,-4.6,32.4,100,416.0,1.0
2023-03-03 13:00:00,-4.3,31.0,100,340.0,1.0
2023-03-03 14:00:00,-4.2,30.1,100,324.0,1.0
2023-03-03 15:00:00,-4.3,29.2,100,291.0,1.0
2023-03-03 16:00:00,-4.8,30.1,100,231.0,1.0
2023-03-03 17:00:00,-5.4,31.4,98,143.0,0.98
2023-03-03 18:00:00,-5.8,33.0,100,68.0,1.0
2023-03-03 19:00:00,-6.0,35.3,100,12.0,1.0
2023-03-03 20:00:00,-6.1,36.7,100,0.0,1.0
2023-03-03 21:00:00,-6.4,38.3,94,0.0,0.94
2023-03-03 22:00:00,-6.6,38.9,95,0.0,0.95
2023-03-03 23:00:00,-6.7,39.0,97,0.0,0.97
2023-03-04 00:00:00,-6.4,38.9,100,0.0,1.0
2023-03-04 01:00:00,-6.4,38.4,96,0.0,0.96
2023-03-04 02:00:00,-6.5,37.7,94,0.0,0.94
2023-03-04 03:00:00,-6.3,36.8,99,0.0,0.99
2023-03-04 04:00:00,-6.1,35.8,100,0.0,1.0
2023-03-04 05:00:00,-5.4,34.0,100,15.0,1.0
2023-03-04 06:00:00,-4.5,33.5,100,60.0,1.0
2023-03-04 07:00:00,-3.7,33.6,100,113.0,1.0
2023-03-04 08:00:00,-3.2,35.2,100,171.0,1.0
2023-03-04 09:00:00,-2.9,35.4,100,214.0,1.0
2023-03-04 10:00:00,-2.6,34.8,100,271.0,1.0
2023-03-04 11:00:00,-2.5,33.2,100,243.0,1.0
2023-03-04 12:00:00,-2.6,32.2,100,241.0,1.0
2023-03-04 13:00:00,-2.4,34.0,100,237.0,1.0
2023-03-04 14:00:00,-2.3,35.1,100,208.0,1.0
2023-03-04 15:00:00,-2.3,35.8,100,166.0,1.0
2023-03-04 16:00:00,-2.4,36.3,100,120.0,1.0
2023-03-04 17:00:00,-2.5,35.7,100,77.0,1.0
2023-03-04 18:00:00,-2.5,35.1,100,37.0,1.0
2023-03-04 19:00:00,-2.4,34.0,100,6.0,1.0
2023-03-04 20:00:00,-2.3,33.2,100,0.0,1.0
2023-03-04 21:00:00,-2.2,32.5,100,0.0,1.0
2023-03-04 22:00:00,-2.2,34.0,100,0.0,1.0
2023-03-04 23:00:00,-2.3,35.4,100,0.0,1.0
2023-03-05 00:00:00,-2.8,39.8,100,0.0,1.0
2023-03-05 01:00:00,-2.7,44.5,100,0.0,1.0
2023-03-05 02:00:00,-2.6,47.1,100,0.0,1.0
2023-03-05 03:00:00,-2.6,46.9,100,0.0,1.0
2023-03-05 04:00:00,-2.5,49.3,100,0.0,1.0
2023-03-05 05:00:00,-2.5,51.6,100,8.0,1.0
2023-03-05 06:00:00,-2.4,52.8,100,34.0,1.0
2023-03-05 07:00:00,-2.2,56.2,100,68.0,1.0
2023-03-05 08:00:00,-2.0,57.9,100,119.0,1.0
2023-03-05 09:00:00,-1.9,59.7,100,150.0,1.0
2023-03-05 10:00:00,-1.8,61.7,100,204.0,1.0
2023-03-05 11:00:00,-1.9,62.6,100,204.0,1.0
2023-03-05 12:00:00,-1.7,60.3,100,234.0,1.0
2023-03-05 13:00:00,-1.6,59.1,100,237.0,1.0
2023-03-05 14:00:00,-1.5,59.8,100,215.0,1.0
2023-03-05 15:00:00,-1.6,60.4,100,182.0,1.0
2023-03-05 16:00:00,-1.8,60.0,100,138.0,1.0
2023-03-05 17:00:00,-1.9,59.2,100,82.0,1.0
2023-03-05 18:00:00,-2.0,59.3,100,38.0,1.0
2023-03-05 19:00:00,-2.2,60.2,100,5.0,1.0
2023-03-05 20:00:00,-2.4,60.0,100,0.0,1.0
2023-03-05 21:00:00,-2.6,58.4,100,0.0,1.0
2023-03-05 22:00:00,-2.7,56.3,100,0.0,1.0
2023-03-05 23:00:00,-2.8,53.7,100,0.0,1.0
2023-03-06 00:00:00,-3.0,50.1,100,0.0,1.0
2023-03-06 01:00:00,-3.4,47.2,100,0.0,1.0
2023-03-06 02:00:00,-3.8,44.3,100,0.0,1.0
2023-03-06 03:00:00,-4.0,42.0,96,0.0,0.96
2023-03-06 04:00:00,-4.3,39.1,100,0.0,1.0
2023-03-06 05:00:00,-4.3,37.6,98,10.0,0.98
2023-03-06 06:00:00,-4.2,37.0,100,60.0,1.0
2023-03-06 07:00:00,-4.1,35.3,98,135.0,0.98
2023-03-06 08:00:00,-4.0,33.2,98,230.0,0.98
2023-03-06 09:00:00,-3.8,31.5,85,318.0,0.85
2023-03-06 10:00:00,-3.5,29.7,59,397.0,0.59
2023-03-06 11:00:00,-3.5,28.2,8,452.0,0.08
2023-03-06 12:00:00,-3.3,28.4,5,465.0,0.05
2023-03-06 13:00:00,-3.0,28.1,3,447.0,0.03
2023-03-06 14:00:00,-3.0,27.0,31,401.0,0.31
2023-03-06 15:00:00,-3.3,26.2,60,333.0,0.6
2023-03-06 16:00:00,-3.6,24.5,58,242.0,0.58
2023-03-06 17:00:00,-4.4,22.7,13,152.0,0.13
2023-03-06 18:00:00,-5.2,24.1,16,64.0,0.16
2023-03-06 19:00:00,-5.5,27.8,28,6.0,0.28
2023-03-06 20:00:00,-5.5,29.6,20,0.0,0.2
2023-03-06 21:00:00,-5.6,30.6,0,0.0,0.0
2023-03-06 22:00:00,-5.8,30.7,0,0.0,0.0
2023-03-06 23:00:00,-6.0,30.1,0,0.0,0.0
2023-03-07 00:00:00,-6.0,34.5,0,0.0,0.0
2023-03-07 01:00:00,-6.0,34.1,0,0.0,0.0
2023-03-07 02:00:00,-6.3,32.4,0,0.0,0.0
2023-03-07 03:00:00,-6.4,29.5,0,0.0,0.0
2023-03-07 04:00:00,-6.4,29.3,0,0.0,0.0
2023-03-07 05:00:00,-6.3,28.9,2,10.0,0.02
2023-03-07 06:00:00,-6.1,29.4,0,77.0,0.0
2023-03-07 07:00:00,-5.5,29.2,0,168.0,0.0
2023-03-07 08:00:00,-5.0,28.3,2,261.0,0.02
2023-03-07 09:00:00,-4.5,26.6,0,343.0,0.0
2023-03-07 10:00:00,-4.0,25.5,0,407.0,0.0
2023-03-07 11:00:00,-3.7,24.0,1,447.0,0.01
2023-03-07 12:00:00,-3.9,23.1,9,457.0,0.09
2023-03-07 13:00:00,-3.6,21.8,15,438.0,0.15
2023-03-07 14:00:00,-3.7,20.3,18,393.0,0.18
2023-03-07 15:00:00,-4.0,20.3,15,325.0,0.15
2023-03-07 16:00:00,-4.5,21.1,0,239.0,0.0
2023-03-07 17:00:00,-5.0,21.9,0,145.0,0.0
2023-03-07 18:00:00,-5.5,23.0,0,57.0,0.0
2023-03-07 19:00:00,-5.8,24.1,0,4.0,0.0
2023-03-07 20:00:00,-6.0,25.0,0,0.0,0.0
2023-03-07 21:00:00,-6.1,25.1,0,0.0,0.0
2023-03-07 22:00:00,-6.1,25.4,3,0.0,0.03
2023-03-07 23:00:00,-6.2,26.3,4,0.0,0.04
2023-03-08 00:00:00,-6.0,27.3,8,0.0,0.08
2023-03-08 01:00:00,-5.8,27.0,4,0.0,0.04
2023-03-08 02:00:00,-5.8,26.8,2,0.0,0.02
2023-03-08 03:00:00,-5.9,25.2,4,0.0,0.04
2023-03-08 04:00:00,-5.7,31.3,8,0.0,0.08
2023-03-08 05:00:00,-5.7,31.6,0,8.0,0.0
2023-03-08 06:00:00,-5.5,33.2,0,70.0,0.0
2023-03-08 07:00:00,-5.2,34.6,0,160.0,0.0
2023-03-08 08:00:00,-5.0,35.4,0,253.0,0.0
2023-03-08 09:00:00,-4.9,34.8,0,335.0,0.0
2023-03-08 10:00:00,-4.7,34.5,0,398.0,0.0
2023-03-08 11:00:00,-4.6,35.1,3,437.0,0.03
2023-03-08 12:00:00,-4.7,34.0,21,448.0,0.21
2023-03-08 13:00:00,-4.6,35.9,12,430.0,0.12
2023-03-08 14:00:00,-4.7,37.6,21,385.0,0.21
2023-03-08 15:00:00,-4.9,38.8,45,314.0,0.45
2023-03-08 16:00:00,-5.2,39.5,88,217.0,0.88
2023-03-08 17:00:00,-5.2,39.8,100,116.0,1.0
2023-03-08 18:00:00,-5.1,41.1,100,36.0,1.0
2023-03-08 19:00:00,-4.7,42.1,100,2.0,1.0
2023-03-08 20:00:00,-4.5,41.9,100,0.0,1.0
2023-03-08 21:00:00,-4.3,43.0,100,0.0,1.0
2023-03-08 22:00:00,-4.1,44.2,100,0.0,1.0
2023-03-08 23:00:00,-4.2,45.9,100,0.0,1.0
2023-03-09 00:00:00,-4.3,45.5,100,0.0,1.0
2023-03-09 01:00:00,-4.0,45.7,100,0.0,1.0
2023-03-09 02:00:00,-4.1,47.0,100,0.0,1.0
2023-03-09 03:00:00,-4.2,47.2,100,0.0,1.0
2023-03-09 04:00:00,-4.4,48.0,100,0.0,1.0
2023-03-09 05:00:00,-4.3,47.8,100,4.0,1.0
2023-03-09 06:00:00,-4.2,48.2,100,43.0,1.0
2023-03-09 07:00:00,-3.9,48.5,100,97.0,1.0
2023-03-09 08:00:00,-3.5,48.8,100,163.0,1.0
2023-03-09 09:00:00,-3.2,48.7,100,220.0,1.0
2023-03-09 10:00:00,-2.9,50.0,100,287.0,1.0
2023-03-09 11:00:00,-2.6,49.8,100,298.0,1.0
2023-03-09 12:00:00,-2.3,52.0,100,302.0,1.0
2023-03-09 13:00:00,-2.0,52.7,100,314.0,1.0
2023-03-09 14:00:00,-1.9,51.2,100,264.0,1.0
2023-03-09 15:00:00,-1.9,53.0,100,209.0,1.0
2023-03-09 16:00:00,-1.8,53.4,100,142.0,1.0
2023-03-09 17:00:00,-1.8,53.6,100,80.0,1.0
2023-03-09 18:00:00,-1.7,54.0,100,28.0,1.0
2023-03-09 19:00:00,-1.6,55.6,100,1.0,1.0
2023-03-09 20:00:00,-1.6,56.1,100,0.0,1.0
2023-03-09 21:00:00,-1.6,57.7,100,0.0,1.0
2023-03-09 22:00:00,-1.6,58.5,100,0.0,1.0
2023-03-09 23:00:00,-1.5,60.7,100,0.0,1.0
2023-03-10 00:00:00,-1.6,63.5,100,0.0,1.0
2023-03-10 01:00:00,-1.6,64.1,100,0.0,1.0
2023-03-10 02:00:00,-1.6,64.9,100,0.0,1.0
2023-03-10 03:00:00,-1.7,65.0,100,0.0,1.0
2023-03-10 04:00:00,-1.8,65.5,100,0.0,1.0
2023-03-10 05:00:00,-1.9,65.8,100,3.0,1.0
2023-03-10 06:00:00,-2.0,65.0,100,34.0,1.0
2023-03-10 07:00:00,-1.9,64.3,100,76.0,1.0
2023-03-10 08:00:00,-1.9,63.9,100,125.0,1.0
2023-03-10 09:00:00,-1.8,64.2,100,154.0,1.0
2023-03-10 10:00:00,-1.8,64.4,100,211.0,1.0
2023-03-10 11:00:00,-1.8,63.6,100,254.0,1.0
2023-03-10 12:00:00,-1.8,63.5,100,262.0,1.0
2023-03-10 13:00:00,-1.9,63.2,100,241.0,1.0
2023-03-10 14:00:00,-2.0,60.9,100,206.0,1.0
2023-03-10 15:00:00,-2.1,59.1,100,155.0,1.0
2023-03-10 16:00:00,-2.2,57.4,100,102.0,1.0
2023-03-10 17:00:00,-2.3,55.7,100,61.0,1.0
2023-03-10 18:00:00,-2.4,53.9,100,20.0,1.0
2023-03-10 19:00:00,-2.5,51.6,100,0.0,1.0
2023-03-10 20:00:00,-2.6,48.9,100,0.0,1.0
2023-03-10 21:00:00,-2.7,47.1,100,0.0,1.0
2023-03-10 22:00:00,-2.8,45.3,100,0.0,1.0
2023-03-10 23:00:00,-2.9,42.9,100,0.0,1.0
2023-03-11 00:00:00,-3.1,40.8,100,0.0,1.0
2023-03-11 01:00:00,-3.1,39.2,100,0.0,1.0
2023-03-11 02:00:00,-3.2,36.7,100,0.0,1.0
2023-03-11 03:00:00,-3.2,35.6,100,0.0,1.0
2023-03-11 04:00:00,-3.4,34.5,100,0.0,1.0
2023-03-11 05:00:00,-3.5,32.9,100,1.0,1.0
2023-03-11 06:00:00,-3.6,31.6,100,25.0,1.0
2023-03-11 07:00:00,-3.6,30.7,100,64.0,1.0
2023-03-11 08:00:00,-3.6,30.3,100,110.0,1.0
2023-03-11 09:00:00,-3.4,30.3,100,153.0,1.0
2023-03-11 10:00:00,-3.3,29.8,100,192.0,1.0
2023-03-11 11:00:00,-3.3,28.9,100,193.0,1.0
2023-03-11 12:00:00,-3.5,25.9,100,246.0,1.0
2023-03-11 13:00:00,-3.3,26.2,100,218.0,1.0
2023-03-11 14:00:00,-3.2,25.3,100,194.0,1.0
2023-03-11 15:00:00,-3.3,23.6,100,159.0,1.0
2023-03-11 16:00:00,-3.4,22.4,100,116.0,1.0
2023-03-11 17:00:00,-3.5,20.9,100,69.0,1.0
2023-03-11 18:00:00,-3.8,19.6,99,21.0,0.99
2023-03-11 19:00:00,-3.9,18.1,98,0.0,0.98
2023-03-11 20:00:00,-3.9,16.3,97,0.0,0.97
2023-03-11 21:00:00,-4.5,14.8,100,0.0,1.0
2023-03-11 22:00:00,-5.4,15.5,100,0.0,1.0
2023-03-11 23:00:00,-4.3,14.6,100,0.0,1.0
2023-03-12 00:00:00,-3.4,14.3,100,0.0,1.0
2023-03-12 01:00:00,-3.3,16.8,100,0.0,1.0
2023-03-12 02:00:00,-2.6,19.7,100,0.0,1.0
2023-03-12 03:00:00,-2.3,21.7,100,0.0,1.0
2023-03-12 04:00:00,-2.4,21.3,100,0.0,1.0
2023-03-12 05:00:00,-2.3,23.4,100,1.0,1.0
2023-03-12 06:00:00,-2.2,26.5,100,26.0,1.0
2023-03-12 07:00:00,-2.1,28.4,100,61.0,1.0
2023-03-12 08:00:00,-2.1,28.8,100,125.0,1.0
2023-03-12 09:00:00,-2.2,28.9,100,162.0,1.0
2023-03-12 10:00:00,-2.3,26.6,100,170.0,1.0
2023-03-12 11:00:00,-2.1,22.9,100,223.0,1.0
2023-03-12 12:00:00,-2.3,19.3,100,292.0,1.0
2023-03-12 13:00:00,-2.0,16.1,86,313.0,0.86
2023-03-12 14:00:00,-2.5,14.4,81,301.0,0.81
2023-03-12 15:00:00,-2.9,13.8,72,250.0,0.72
2023-03-12 16:00:00,-3.2,15.5,93,180.0,0.93
2023-03-12 17:00:00,-3.4,16.6,99,94.0,0.99
2023-03-12 18:00:00,-3.3,19.0,100,22.0,1.0
2023-03-12 19:00:00,-3.5,20.8,100,0.0,1.0
2023-03-12 20:00:00,-3.9,21.7,99,0.0,0.99
2023-03-12 21:00:00,-4.1,22.4,89,0.0,0.89
2023-03-12 22:00:00,-4.2,22.9,67,0.0,0.67
2023-03-12 23:00:00,-4.3,22.2,52,0.0,0.52
2023-03-13 00:00:00,-4.1,23.4,70,0.0,0.7
2023-03-13 01:00:00,-3.7,22.1,99,0.0,0.99
2023-03-13 02:00:00,-3.7,20.0,96,0.0,0.96
2023-03-13 03:00:00,-4.0,18.0,94,0.0,0.94
2023-03-13 04:00:00,-3.9,17.9,98,0.0,0.98
2023-03-13 05:00:00,-4.2,14.7,100,1.0,1.0
2023-03-13 06:00:00,-4.6,9.5,100,30.0,1.0
2023-03-13 07:00:00,-5.2,5.0,100,83.0,1.0
2023-03-13 08:00:00,-4.9,3.3,100,146.0,1.0
2023-03-13 09:00:00,-4.2,3.7,100,194.0,1.0
2023-03-13 10:00:00,-3.4,5.6,100,239.0,1.0
2023-03-13 11:00:00,-3.1,6.0,100,274.0,1.0
2023-03-13 12:00:00,-3.6,2.5,100,290.0,1.0
2023-03-13 13:00:00,-3.4,0.7,100,279.0,1.0
2023-03-13 14:00:00,-3.2,2.4,100,247.0,1.0
2023-03-13 15:00:00,-2.7,3.1,100,194.0,1.0
2023-03-13 16:00:00,-2.5,4.0,100,129.0,1.0
2023-03-13 17:00:00,-4.0,7.6,100,68.0,1.0
2023-03-13 18:00:00,-4.5,10.8,100,18.0,1.0
2023-03-13 19:00:00,-4.6,14.8,100,0.0,1.0
2023-03-13 20:00:00,-5.0,17.3,96,0.0,0.96
2023-03-13 21:00:00,-6.4,15.1,61,0.0,0.61
2023-03-13 22:00:00,-6.7,13.0,34,0.0,0.34
2023-03-13 23:00:00,-4.2,7.1,16,0.0,0.16
2023-03-14 00:00:00,-8.4,12.4,0,0.0,0.0
2023-03-14 01:00:00,-8.5,12.3,26,0.0,0.26
2023-03-14 02:00:00,-8.7,11.2,6,0.0,0.06
2023-03-14 03:00:00,-8.6,9.7,11,0.0,0.11
2023-03-14 04:00:00,-9.3,10.4,13,0.0,0.13
2023-03-14 05:00:00,-7.5,17.7,39,0.0,0.39
2023-03-14 06:00:00,-7.2,15.8,82,36.0,0.82
2023-03-14 07:00:00,-7.0,12.4,100,102.0,1.0
2023-03-14 08:00:00,-6.0,15.2,100,181.0,1.0
2023-03-14 09:00:00,-5.5,16.1,98,270.0,0.98
2023-03-14 10:00:00,-5.3,12.9,88,329.0,0.88
2023-03-14 11:00:00,-5.9,6.1,38,367.0,0.38
2023-03-14 12:00:00,-6.7,6.1,1,386.0,0.01
2023-03-14 13:00:00,-7.1,8.2,2,375.0,0.02
2023-03-14 14:00:00,-7.5,7.1,1,333.0,0.01
2023-03-14 15:00:00,-6.2,5.9,1,268.0,0.01
2023-03-14 16:00:00,-7.1,7.1,6,179.0,0.06
2023-03-14 17:00:00,-8.4,8.2,8,93.0,0.08
2023-03-14 18:00:00,-10.1,10.2,6,19.0,0.06
2023-03-14 19:00:00,-10.3,11.6,43,0.0,0.43
2023-03-14 20:00:00,-9.2,12.6,86,0.0,0.86
2023-03-14 21:00:00,-8.6,14.8,59,0.0,0.59
2023-03-14 22:00:00,-8.1,15.9,54,0.0,0.54
2023-03-14 23:00:00,-7.9,17.9,91,0.0,0.91
2023-03-15 00:00:00,-7.4,17.9,100,0.0,1.0
2023-03-15 01:00:00,-6.5,20.6,100,0.0,1.0
2023-03-15 02:00:00,-5.8,24.0,100,0.0,1.0
2023-03-15 03:00:00,-5.6,29.7,100,0.0,1.0
2023-03-15 04:00:00,-6.1,35.9,100,0.0,1.0
2023-03-15 05:00:00,-6.8,37.3,100,0.0,1.0
2023-03-15 06:00:00,-6.8,42.4,100,20.0,1.0
2023-03-15 07:00:00,-6.8,44.4,100,64.0,1.0
2023-03-15 08:00:00,-6.9,47.9,100,110.0,1.0
2023-03-15 09:00:00,-6.9,51.0,100,172.0,1.0
2023-03-15 10:00:00,-6.8,54.0,100,193.0,1.0
2023-03-15 11:00:00,-6.5,55.1,100,205.0,1.0
2023-03-15 12:00:00,-6.5,58.2,100,193.0,1.0
2023-03-15 13:00:00,-6.2,59.8,100,182.0,1.0
2023-03-15 14:00:00,-6.1,62.4,100,158.0,1.0
2023-03-15 15:00:00,-5.8,63.8,100,127.0,1.0
2023-03-15 16:00:00,-5.6,64.2,100,81.0,1.0
2023-03-15 17:00:00,-5.4,63.8,100,40.0,1.0
2023-03-15 18:00:00,-5.5,62.3,100,7.0,1.0
2023-03-15 19:00:00,-5.5,60.1,100,0.0,1.0
2023-03-15 20:00:00,-5.5,58.3,100,0.0,1.0
2023-03-15 21:00:00,-5.5,56.7,100,0.0,1.0
2023-03-15 22:00:00,-5.4,55.6,100,0.0,1.0
2023-03-15 23:00:00,-5.4,54.0,100,0.0,1.0
2023-03-16 00:00:00,-5.3,53.8,100,0.0,1.0
2023-03-16 01:00:00,-5.3,53.6,100,0.0,1.0
2023-03-16 02:00:00,-5.4,53.3,100,0.0,1.0
2023-03-16 03:00:00,-5.4,52.2,100,0.0,1.0
2023-03-16 04:00:00,-5.4,49.8,100,0.0,1.0
2023-03-16 05:00:00,-5.4,47.2,100,0.0,1.0
2023-03-16 06:00:00,-5.2,46.5,100,16.0,1.0
2023-03-16 07:00:00,-5.0,46.4,100,53.0,1.0
2023-03-16 08:00:00,-4.7,45.1,99,111.0,0.99
2023-03-16 09:00:00,-4.4,42.7,100,169.0,1.0
2023-03-16 10:00:00,-4.2,40.8,76,253.0,0.76
2023-03-16 11:00:00,-4.2,38.3,54,338.0,0.54
2023-03-16 12:00:00,-4.0,36.9,57,372.0,0.57
2023-03-16 13:00:00,-3.9,34.3,65,329.0,0.65
2023-03-16 14:00:00,-4.0,32.5,46,301.0,0.46
2023-03-16 15:00:00,-4.3,32.5,39,234.0,0.39
2023-03-16 16:00:00,-4.7,31.9,98,158.0,0.98
2023-03-16 17:00:00,-4.6,31.2,100,59.0,1.0
2023-03-16 18:00:00,-4.6,30.9,100,9.0,1.0
2023-03-16 19:00:00,-4.8,31.3,100,0.0,1.0
2023-03-16 20:00:00,-5.0,29.9,100,0.0,1.0
2023-03-16 21:00:00,-5.2,27.5,100,0.0,1.0
2023-03-16 22:00:00,-5.5,25.1,100,0.0,1.0
2023-03-16 23:00:00,-5.6,23.5,98,0.0,0.98
2023-03-17 00:00:00,-6.1,20.2,65,0.0,0.65
2023-03-17 01:00:00,-6.5,18.1,99,0.0,0.99
2023-03-17 02:00:00,-7.6,17.4,41,0.0,0.41
2023-03-17 03:00:00,-8.3,17.4,32,0.0,0.32
2023-03-17 04:00:00,-8.7,18.1,22,0.0,0.22
2023-03-17 05:00:00,-8.9,18.6,23,0.0,0.23
2023-03-17 06:00:00,-8.8,18.7,28,23.0,0.28
2023-03-17 07:00:00,-8.5,17.7,33,95.0,0.33
2023-03-17 08:00:00,-8.3,16.8,13,178.0,0.13
2023-03-17 09:00:00,-8.1,16.2,6,266.0,0.06
2023-03-17 10:00:00,-7.9,15.9,0,329.0,0.0
2023-03-17 11:00:00,-7.7,16.8,0,369.0,0.0
2023-03-17 12:00:00,-8.2,14.7,0,380.0,0.0
2023-03-17 13:00:00,-7.9,14.5,0,363.0,0.0
2023-03-17 14:00:00,-8.4,13.8,0,318.0,0.0
2023-03-17 15:00:00,-9.0,13.6,3,249.0,0.03
2023-03-17 16:00:00,-9.8,14.1,10,165.0,0.1
2023-03-17 17:00:00,-10.5,15.0,19,76.0,0.19
2023-03-17 18:00:00,-11.0,15.5,53,10.0,0.53
2023-03-17 19:00:00,-11.2,16.0,37,0.0,0.37
2023-03-17 20:00:00,-11.5,16.0,19,0.0,0.19
2023-03-17 21:00:00,-11.9,16.2,0,0.0,0.0
2023-03-17 22:00:00,-12.4,17.1,0,0.0,0.0
2023-03-17 23:00:00,-12.9,17.7,0,0.0,0.0
2023-03-18 00:00:00,-12.4,19.5,0,0.0,0.0
2023-03-18 01:00:00,-12.3,15.5,93,0.0,0.93
2023-03-18 02:00:00,-12.6,13.8,88,0.0,0.88
2023-03-18 03:00:00,-12.9,13.0,69,0.0,0.69
2023-03-18 04:00:00,-13.3,11.2,51,0.0,0.51
2023-03-18 05:00:00,-13.1,8.8,57,0.0,0.57
2023-03-18 06:00:00,-13.0,8.4,56,19.0,0.56
2023-03-18 07:00:00,-12.8,8.7,22,92.0,0.22
2023-03-18 08:00:00,-12.0,7.7,0,180.0,0.0
2023-03-18 09:00:00,-11.6,6.6,4,261.0,0.04
2023-03-18 10:00:00,-12.0,7.3,7,323.0,0.07
2023-03-18 11:00:00,-11.9,8.7,18,362.0,0.18
2023-03-18 12:00:00,-11.7,6.2,36,371.0,0.36
2023-03-18 13:00:00,-11.4,6.3,86,334.0,0.86
2023-03-18 14:00:00,-12.0,8.6,30,299.0,0.3
2023-03-18 15:00:00,-12.6,10.9,3,240.0,0.03
2023-03-18 16:00:00,-13.3,12.6,17,156.0,0.17
2023-03-18 17:00:00,-14.1,13.0,0,68.0,0.0
2023-03-18 18:00:00,-14.7,12.0,0,7.0,0.0
2023-03-18 19:00:00,-15.0,10.2,0,0.0,0.0
2023-03-18 20:00:00,-14.4,9.0,1,0.0,0.01
2023-03-18 21:00:00,-15.6,11.2,0,0.0,0.0
2023-03-18 22:00:00,-15.3,14.1,7,0.0,0.07
2023-03-18 23:00:00,-15.1,15.5,43,0.0,0.43
2023-03-19 00:00:00,-15.0,16.7,100,0.0,1.0
2023-03-19 01:00:00,-14.1,15.5,100,0.0,1.0
2023-03-19 02:00:00,-13.7,13.8,100,0.0,1.0
2023-03-19 03:00:00,-13.4,14.8,100,0.0,1.0
2023-03-19 04:00:00,-13.1,18.2,100,0.0,1.0
2023-03-19 05:00:00,-12.7,22.4,100,0.0,1.0
2023-03-19 06:00:00,-12.7,26.0,100,13.0,1.0
2023-03-19 07:00:00,-12.4,28.6,100,66.0,1.0
2023-03-19 08:00:00,-12.1,30.5,100,129.0,1.0
2023-03-19 09:00:00,-11.8,30.7,100,196.0,1.0
2023-03-19 10:00:00,-11.4,30.1,100,255.0,1.0
2023-03-19 11:00:00,-11.1,30.9,100,289.0,1.0
2023-03-19 12:00:00,-11.5,30.6,100,289.0,1.0
2023-03-19 13:00:00,-11.3,31.7,100,291.0,1.0
2023-03-19 14:00:00,-11.2,31.4,100,234.0,1.0
2023-03-19 15:00:00,-11.0,32.9,100,171.0,1.0
2023-03-19 16:00:00,-10.9,34.5,100,99.0,1.0
2023-03-19 17:00:00,-10.9,35.9,100,42.0,1.0
2023-03-19 18:00:00,-10.9,37.6,100,4.0,1.0
2023-03-19 19:00:00,-10.9,39.1,100,0.0,1.0
2023-03-19 20:00:00,-10.7,40.3,100,0.0,1.0
2023-03-19 21:00:00,-10.6,40.8,100,0.0,1.0
2023-03-19 22:00:00,-10.5,41.6,100,0.0,1.0
2023-03-19 23:00:00,-10.4,42.1,100,0.0,1.0
2023-03-20 00:00:00,-10.3,41.1,100,0.0,1.0
2023-03-20 01:00:00,-10.2,41.6,100,0.0,1.0
2023-03-20 02:00:00,-10.4,40.8,100,0.0,1.0
2023-03-20 03:00:00,-10.5,39.5,100,0.0,1.0
2023-03-20 04:00:00,-10.5,38.5,100,0.0,1.0
2023-03-20 05:00:00,-10.5,37.9,100,0.0,1.0
2023-03-20 06:00:00,-10.4,38.1,100,10.0,1.0
2023-03-20 07:00:00,-10.3,38.1,100,61.0,1.0
2023-03-20 08:00:00,-10.1,37.5,100,125.0,1.0
2023-03-20 09:00:00,-10.2,35.7,55,200.0,0.55
2023-03-20 10:00:00,-10.1,32.0,21,284.0,0.21
2023-03-20 11:00:00,-10.0,27.3,6,336.0,0.06
2023-03-20 12:00:00,-9.8,23.7,12,350.0,0.12
2023-03-20 13:00:00,-9.6,19.7,21,333.0,0.21
2023-03-20 14:00:00,-10.0,16.7,0,290.0,0.0
2023-03-20 15:00:00,-11.1,14.0,0,223.0,0.0
2023-03-20 16:00:00,-12.1,13.3,0,141.0,0.0
2023-03-20 17:00:00,-13.3,12.4,0,56.0,0.0
2023-03-20 18:00:00,-11.1,9.2,0,3.0,0.0
2023-03-20 19:00:00,-13.1,13.4,0,0.0,0.0
2023-03-20 20:00:00,-14.1,13.2,0,0.0,0.0
2023-03-20 21:00:00,-14.2,16.3,0,0.0,0.0
2023-03-20 22:00:00,-14.4,16.1,0,0.0,0.0
2023-03-20 23:00:00,-15.1,14.5,0,0.0,0.0
2023-03-21 00:00:00,-14.8,6.8,0,0.0,0.0
2023-03-21 01:00:00,-13.3,5.9,0,0.0,0.0
2023-03-21 02:00:00,-16.6,10.1,0,0.0,0.0
2023-03-21 03:00:00,-16.5,10.9,0,0.0,0.0
2023-03-21 04:00:00,-16.1,12.6,0,0.0,0.0
2023-03-21 05:00:00,-16.2,12.8,0,0.0,0.0
2023-03-21 06:00:00,-16.3,12.5,0,11.0,0.0
2023-03-21 07:00:00,-16.0,10.2,0,77.0,0.0
2023-03-21 08:00:00,-14.2,6.4,0,162.0,0.0
2023-03-21 09:00:00,-13.7,5.7,29,241.0,0.29
2023-03-21 10:00:00,-14.3,13.0,92,303.0,0.92
2023-03-21 11:00:00,-14.3,12.7,99,333.0,0.99
2023-03-21 12:00:00,-13.0,1.8,94,339.0,0.94
2023-03-21 13:00:00,-13.0,2.2,57,324.0,0.57
2023-03-21 14:00:00,-12.8,0.8,74,280.0,0.74
2023-03-21 15:00:00,-13.2,2.2,56,204.0,0.56
2023-03-21 16:00:00,-13.9,2.8,12,130.0,0.12
2023-03-21 17:00:00,-14.8,5.5,0,50.0,0.0
2023-03-21 18:00:00,-16.8,7.9,0,2.0,0.0
2023-03-21 19:00:00,-13.5,1.4,89,0.0,0.89
2023-03-21 20:00:00,-14.3,3.3,27,0.0,0.27
2023-03-21 21:00:00,-13.6,6.1,35,0.0,0.35
2023-03-21 22:00:00,-15.5,8.5,69,0.0,0.69
2023-03-21 23:00:00,-14.6,8.2,62,0.0,0.62
2023-03-22 00:00:00,-12.1,3.3,90,0.0,0.9
2023-03-22 01:00:00,-12.1,7.1,100,0.0,1.0
2023-03-22 02:00:00,-12.0,7.1,100,0.0,1.0
2023-03-22 03:00:00,-11.9,7.1,100,0.0,1.0
2023-03-22 04:00:00,-12.5,10.1,100,0.0,1.0
2023-03-22 05:00:00,-12.1,12.2,100,0.0,1.0
2023-03-22 06:00:00,-11.7,13.8,100,6.0,1.0
2023-03-22 07:00:00,-10.0,17.1,100,40.0,1.0
2023-03-22 08:00:00,-8.8,19.2,100,73.0,1.0
2023-03-22 09:00:00,-8.3,19.9,100,108.0,1.0
2023-03-22 10:00:00,-8.6,22.7,100,123.0,1.0
2023-03-22 11:00:00,-8.8,26.6,100,149.0,1.0
2023-03-22 12:00:00,-8.4,26.7,100,174.0,1.0
2023-03-22 13:00:00,-8.3,28.4,100,151.0,1.0
2023-03-22 14:00:00,-8.3,29.4,100,114.0,1.0
2023-03-22 15:00:00,-8.4,30.6,100,91.0,1.0
2023-03-22 16:00:00,-8.4,30.7,100,57.0,1.0
2023-03-22 17:00:00,-8.6,35.1,100,21.0,1.0
2023-03-22 18:00:00,-9.4,37.2,100,0.0,1.0
2023-03-22 19:00:00,-9.5,38.3,100,0.0,1.0
2023-03-22 20:00:00,-9.6,40.3,100,0.0,1.0
2023-03-22 21:00:00,-9.7,41.3,100,0.0,1.0
2023-03-22 22:00:00,-9.4,41.1,100,0.0,1.0
2023-03-22 23:00:00,-9.1,39.2,100,0.0,1.0
2023-03-23 00:00:00,-8.8,39.1,100,0.0,1.0
2023-03-23 01:00:00,-8.3,38.2,100,0.0,1.0
2023-03-23 02:00:00,-8.1,36.3,100,0.0,1.0
2023-03-23 03:00:00,-7.9,34.4,100,0.0,1.0
2023-03-23 04:00:00,-7.8,33.1,100,0.0,1.0
2023-03-23 05:00:00,-7.6,31.9,100,0.0,1.0
2023-03-23 06:00:00,-7.4,31.1,100,3.0,1.0
2023-03-23 07:00:00,-7.1,30.2,100,36.0,1.0
2023-03-23 08:00:00,-6.9,30.2,100,82.0,1.0
2023-03-23 09:00:00,-6.7,29.7,100,127.0,1.0
2023-03-23 10:00:00,-6.5,28.5,100,165.0,1.0
2023-03-23 11:00:00,-6.3,27.7,100,182.0,1.0
2023-03-23 12:00:00,-6.0,29.4,100,189.0,1.0
2023-03-23 13:00:00,-5.9,28.2,100,187.0,1.0
2023-03-23 14:00:00,-5.8,27.3,100,148.0,1.0
2023-03-23 15:00:00,-5.7,26.2,100,114.0,1.0
2023-03-23 16:00:00,-5.7,23.6,100,65.0,1.0
2023-03-23 17:00:00,-5.8,20.6,100,22.0,1.0
2023-03-23 18:00:00,-5.9,18.2,100,0.0,1.0
2023-03-23 19:00:00,-5.8,17.5,100,0.0,1.0
2023-03-23 20:00:00,-5.8,16.7,100,0.0,1.0
2023-03-23 21:00:00,-6.2,15.8,95,0.0,0.95
2023-03-23 22:00:00,-7.1,16.5,100,0.0,1.0
2023-03-23 23:00:00,-7.4,16.9,100,0.0,1.0
2023-03-24 00:00:00,-5.7,16.9,100,0.0,1.0
2023-03-24 01:00:00,-6.6,12.7,100,0.0,1.0
2023-03-24 02:00:00,-7.5,11.8,100,0.0,1.0
2023-03-24 03:00:00,-7.0,11.3,100,0.0,1.0
2023-03-24 04:00:00,-7.6,11.1,100,0.0,1.0
2023-03-24 05:00:00,-7.2,12.5,98,0.0,0.98
2023-03-24 06:00:00,-7.2,18.7,94,4.0,0.94
2023-03-24 07:00:00,-7.2,24.5,100,50.0,1.0
2023-03-24 08:00:00,-6.6,27.2,100,108.0,1.0
2023-03-24 09:00:00,-6.2,26.9,100,166.0,1.0
2023-03-24 10:00:00,-6.1,25.5,100,214.0,1.0
2023-03-24 11:00:00,-5.9,22.7,100,247.0,1.0
2023-03-24 12:00:00,-6.3,24.7,64,280.0,0.64
2023-03-24 13:00:00,-6.5,26.9,8,301.0,0.08
2023-03-24 14:00:00,-6.8,27.9,0,257.0,0.0
2023-03-24 15:00:00,-7.1,27.6,0,191.0,0.0
2023-03-24 16:00:00,-7.6,27.8,0,111.0,0.0
2023-03-24 17:00:00,-7.8,31.7,0,33.0,0.0
2023-03-24 18:00:00,-8.5,30.6,0,0.0,0.0
2023-03-24 19:00:00,-8.8,32.1,0,0.0,0.0
2023-03-24 20:00:00,-9.2,30.1,0,0.0,0.0
2023-03-24 21:00:00,-9.5,29.7,0,0.0,0.0
2023-03-24 22:00:00,-9.3,33.8,0,0.0,0.0
2023-03-24 23:00:00,-9.6,33.2,0,0.0,0.0
2023-03-25 00:00:00,-9.4,35.7,0,0.0,0.0
2023-03-25 01:00:00,-9.6,34.9,0,0.0,0.0
2023-03-25 02:00:00,-9.7,33.8,0,0.0,0.0
2023-03-25 03:00:00,-9.7,32.8,0,0.0,0.0
2023-03-25 04:00:00,-9.9,31.5,0,0.0,0.0
2023-03-25 05:00:00,-10.3,29.8,0,0.0,0.0
2023-03-25 06:00:00,-10.4,29.1,0,3.0,0.0
2023-03-25 07:00:00,-10.2,28.8,0,55.0,0.0
2023-03-25 08:00:00,-10.0,27.9,0,137.0,0.0
2023-03-25 09:00:00,-9.9,26.4,0,215.0,0.0
2023-03-25 10:00:00,-9.8,24.8,0,276.0,0.0
2023-03-25 11:00:00,-9.6,25.1,0,313.0,0.0
2023-03-25 12:00:00,-9.1,23.7,0,322.0,0.0
2023-03-25 13:00:00,-9.5,20.7,0,299.0,0.0
2023-03-25 14:00:00,-9.8,22.2,0,254.0,0.0
2023-03-25 15:00:00,-10.0,27.9,0,186.0,0.0
2023-03-25 16:00:00,-10.7,31.0,0,105.0,0.0
2023-03-25 17:00:00,-11.6,30.5,0,28.0,0.0
2023-03-25 18:00:00,-12.2,32.0,0,0.0,0.0
2023-03-25 19:00:00,-12.6,34.3,0,0.0,0.0
2023-03-25 20:00:00,-12.9,34.4,0,0.0,0.0
2023-03-25 21:00:00,-13.3,34.2,0,0.0,0.0
2023-03-25 22:00:00,-13.6,35.6,0,0.0,0.0
2023-03-25 23:00:00,-13.8,35.7,0,0.0,0.0
2023-03-26 00:00:00,-14.2,35.6,0,0.0,0.0
2023-03-26 01:00:00,-14.2,34.5,0,0.0,0.0
2023-03-26 02:00:00,-14.2,34.9,0,0.0,0.0
2023-03-26 03:00:00,-14.3,34.1,0,0.0,0.0
2023-03-26 04:00:00,-14.3,34.1,0,0.0,0.0
2023-03-26 05:00:00,-14.3,33.5,0,0.0,0.0
2023-03-26 06:00:00,-14.2,33.3,0,2.0,0.0
2023-03-26 07:00:00,-13.8,34.0,0,48.0,0.0
2023-03-26 08:00:00,-13.4,33.7,0,127.0,0.0
2023-03-26 09:00:00,-12.8,34.7,19,202.0,0.19
2023-03-26 10:00:00,-12.3,35.4,0,262.0,0.0
2023-03-26 11:00:00,-12.0,37.0,0,298.0,0.0
2023-03-26 12:00:00,-12.1,34.1,2,306.0,0.02
2023-03-26 13:00:00,-11.9,34.1,29,285.0,0.29
2023-03-26 14:00:00,-11.9,34.0,29,238.0,0.29
2023-03-26 15:00:00,-12.1,34.1,13,171.0,0.13
2023-03-26 16:00:00,-12.2,35.9,72,94.0,0.72
2023-03-26 17:00:00,-12.3,36.9,100,20.0,1.0
2023-03-26 18:00:00,-12.1,38.4,100,0.0,1.0
2023-03-26 19:00:00,-11.7,40.0,100,0.0,1.0
2023-03-26 20:00:00,-11.4,41.8,100,0.0,1.0
2023-03-26 21:00:00,-11.3,41.8,100,0.0,1.0
2023-03-26 22:00:00,-11.2,43.2,100,0.0,1.0
2023-03-26 23:00:00,-11.2,44.5,100,0.0,1.0
2023-03-27 00:00:00,-10.6,44.6,100,0.0,1.0
2023-03-27 01:00:00,-10.6,43.8,100,0.0,1.0
2023-03-27 02:00:00,-10.5,42.3,100,0.0,1.0
2023-03-27 03:00:00,-10.4,42.0,100,0.0,1.0
2023-03-27 04:00:00,-10.5,40.1,100,0.0,1.0
2023-03-27 05:00:00,-10.5,38.6,100,0.0,1.0
2023-03-27 06:00:00,-10.5,36.5,100,1.0,1.0
2023-03-27 07:00:00,-10.3,36.2,100,29.0,1.0
2023-03-27 08:00:00,-10.2,36.3,100,78.0,1.0
2023-03-27 09:00:00,-10.4,35.4,100,133.0,1.0
2023-03-27 10:00:00,-10.3,35.6,100,184.0,1.0
2023-03-27 11:00:00,-10.0,35.3,100,210.0,1.0
2023-03-27 12:00:00,-10.1,34.4,100,217.0,1.0
2023-03-27 13:00:00,-9.8,32.5,100,214.0,1.0
2023-03-27 14:00:00,-9.9,28.8,100,184.0,1.0
2023-03-27 15:00:00,-10.2,25.3,100,128.0,1.0
2023-03-27 16:00:00,-10.7,23.3,100,65.0,1.0
2023-03-27 17:00:00,-11.3,21.0,100,14.0,1.0
2023-03-27 18:00:00,-11.8,19.5,100,0.0,1.0
2023-03-27 19:00:00,-12.1,20.2,100,0.0,1.0
2023-03-27 20:00:00,-12.0,19.8,100,0.0,1.0
2023-03-27 21:00:00,-12.7,18.3,100,0.0,1.0
2023-03-27 22:00:00,-13.0,14.8,87,0.0,0.87
2023-03-27 23:00:00,-14.1,9.9,15,0.0,0.15
2023-03-28 00:00:00,-13.2,8.4,0,0.0,0.0
2023-03-28 01:00:00,-10.0,1.8,2,0.0,0.02
2023-03-28 02:00:00,-10.4,2.7,12,0.0,0.12
2023-03-28 03:00:00,-13.6,8.2,10,0.0,0.1
2023-03-28 04:00:00,-15.6,9.9,1,0.0,0.01
2023-03-28 05:00:00,-14.6,8.5,0,0.0,0.0
2023-03-28 06:00:00,-11.9,5.5,0,0.0,0.0
2023-03-28 07:00:00,-13.8,6.6,15,38.0,0.15
2023-03-28 08:00:00,-15.6,9.0,34,112.0,0.34
2023-03-28 09:00:00,-14.9,12.7,22,184.0,0.22
2023-03-28 10:00:00,-15.0,8.9,26,243.0,0.26
2023-03-28 11:00:00,-14.8,9.7,37,279.0,0.37
2023-03-28 12:00:00,-14.0,8.4,0,290.0,0.0
2023-03-28 13:00:00,-12.1,5.8,0,271.0,0.0
2023-03-28 14:00:00,-12.8,7.2,0,225.0,0.0
2023-03-28 15:00:00,-13.7,7.3,0,159.0,0.0
2023-03-28 16:00:00,-11.2,5.2,0,82.0,0.0
2023-03-28 17:00:00,-16.4,10.0,0,14.0,0.0
2023-03-28 18:00:00,-16.7,12.0,0,0.0,0.0
2023-03-28 19:00:00,-16.7,11.9,0,0.0,0.0
2023-03-28 20:00:00,-16.3,11.0,0,0.0,0.0
2023-03-28 21:00:00,-16.1,11.5,0,0.0,0.0
2023-03-28 22:00:00,-16.3,12.0,0,0.0,0.0
2023-03-28 23:00:00,-12.4,8.0,0,0.0,0.0
2023-03-29 00:00:00,-14.0,10.4,0,0.0,0.0
2023-03-29 01:00:00,-10.6,6.6,48,0.0,0.48
2023-03-29 02:00:00,-10.9,7.2,1,0.0,0.01
2023-03-29 03:00:00,-11.9,8.7,0,0.0,0.0
2023-03-29 04:00:00,-14.9,10.7,0,0.0,0.0
2023-03-29 05:00:00,-10.9,7.9,0,0.0,0.0
2023-03-29 06:00:00,-10.0,6.8,0,0.0,0.0
2023-03-29 07:00:00,-10.0,7.8,0,33.0,0.0
2023-03-29 08:00:00,-15.4,15.8,0,108.0,0.0
2023-03-29 09:00:00,-11.5,34.8,0,183.0,0.0
2023-03-29 10:00:00,-12.5,25.7,0,242.0,0.0
2023-03-29 11:00:00,-12.2,24.2,0,278.0,0.0
2023-03-29 12:00:00,-11.5,32.4,0,286.0,0.0
2023-03-29 13:00:00,-11.5,26.1,0,265.0,0.0
2023-03-29 14:00:00,-10.8,29.7,0,219.0,0.0
2023-03-29 15:00:00,-10.9,28.4,12,153.0,0.12
2023-03-29 16:00:00,-10.5,32.1,71,75.0,0.71
2023-03-29 17:00:00,-10.3,33.2,1,11.0,0.01
2023-03-29 18:00:00,-10.0,35.8,10,0.0,0.1
2023-03-29 19:00:00,-9.8,37.7,41,0.0,0.41
2023-03-29 20:00:00,-9.4,39.8,25,0.0,0.25
2023-03-29 21:00:00,-9.5,40.0,100,0.0,1.0
2023-03-29 22:00:00,-9.7,40.0,100,0.0,1.0
2023-03-29 23:00:00,-9.3,43.1,100,0.0,1.0
2023-03-30 00:00:00,-8.6,45.3,99,0.0,0.99
2023-03-30 01:00:00,-8.2,45.1,99,0.0,0.99
2023-03-30 02:00:00,-8.2,42.8,99,0.0,0.99
2023-03-30 03:00:00,-7.8,41.5,100,0.0,1.0
2023-03-30 04:00:00,-7.5,40.2,100,0.0,1.0
2023-03-30 05:00:00,-7.4,41.2,100,0.0,1.0
2023-03-30 06:00:00,-7.5,43.7,100,0.0,1.0
2023-03-30 07:00:00,-7.4,44.5,100,18.0,1.0
2023-03-30 08:00:00,-7.4,44.8,100,64.0,1.0
2023-03-30 09:00:00,-7.2,47.0,100,116.0,1.0
2023-03-30 10:00:00,-7.0,48.5,100,150.0,1.0
2023-03-30 11:00:00,-6.5,47.5,100,152.0,1.0
2023-03-30 12:00:00,-6.2,45.1,100,156.0,1.0
2023-03-30 13:00:00,-5.7,44.6,100,160.0,1.0
2023-03-30 14:00:00,-5.7,45.1,100,125.0,1.0
2023-03-30 15:00:00,-5.8,44.8,100,84.0,1.0
2023-03-30 16:00:00,-5.8,44.8,100,42.0,1.0
2023-03-30 17:00:00,-5.8,46.0,100,5.0,1.0
2023-03-30 18:00:00,-5.3,47.2,100,0.0,1.0
2023-03-30 19:00:00,-5.0,48.0,100,0.0,1.0
2023-03-30 20:00:00,-4.7,48.2,100,0.0,1.0
2023-03-30 21:00:00,-4.6,48.7,100,0.0,1.0
2023-03-30 22:00:00,-4.4,50.0,100,0.0,1.0
2023-03-30 23:00:00,-4.3,51.3,100,0.0,1.0
2023-03-31 00:00:00,-4.7,55.8,100,0.0,1.0
2023-03-31 01:00:00,-4.4,56.7,100,0.0,1.0
2023-03-31 02:00:00,-4.4,58.6,100,0.0,1.0
2023-03-31 03:00:00,-4.4,63.6,100,0.0,1.0
2023-03-31 04:00:00,-4.6,66.4,100,0.0,1.0
2023-03-31 05:00:00,-4.6,68.6,100,0.0,1.0
2023-03-31 06:00:00,-4.8,69.0,100,0.0,1.0
2023-03-31 07:00:00,-4.9,67.1,100,7.0,1.0
2023-03-31 08:00:00,-4.9,64.0,100,28.0,1.0
2023-03-31 09:00:00,-4.8,59.8,100,50.0,1.0
2023-03-31 10:00:00,-4.8,57.4,100,67.0,1.0
2023-03-31 11:00:00,-4.6,55.1,100,85.0,1.0
2023-03-31 12:00:00,-5.3,55.6,100,71.0,1.0
2023-03-31 13:00:00,-5.2,55.3,100,81.0,1.0
2023-03-31 14:00:00,-5.1,55.7,100,65.0,1.0
2023-03-31 15:00:00,-5.2,55.8,100,47.0,1.0
2023-03-31 16:00:00,-5.2,57.0,100,23.0,1.0
2023-03-31 17:00:00,-5.2,57.4,100,3.0,1.0
2023-03-31 18:00:00,-5.1,55.8,100,0.0,1.0
2023-03-31 19:00:00,-5.0,54.1,100,0.0,1.0
2023-03-31 20:00:00,-5.0,53.9,100,0.0,1.0
2023-03-31 21:00:00,-5.0,53.4,100,0.0,1.0
2023-03-31 22:00:00,-5.0,53.5,100,0.0,1.0
2023-03-31 23:00:00,-4.9,54.0,100,0.0,1.0
2023-04-01 00:00:00,-4.9,53.3,100,0.0,1.0
2023-04-01 01:00:00,-4.8,51.8,100,0.0,1.0
2023-04-01 02:00:00,-4.8,51.0,100,0.0,1.0
2023-04-01 03:00:00,-4.7,50.1,100,0.0,1.0
2023-04-01 04:00:00,-4.6,48.8,100,0.0,1.0
2023-04-01 05:00:00,-4.5,50.2,100,0.0,1.0
2023-04-01 06:00:00,-4.3,52.8,100,0.0,1.0
2023-04-01 07:00:00,-4.2,53.1,100,8.0,1.0
2023-04-01 08:00:00,-4.3,52.5,100,34.0,1.0
2023-04-01 09:00:00,-4.4,53.6,100,63.0,1.0
2023-04-01 10:00:00,-4.6,53.2,100,89.0,1.0
2023-04-01 11:00:00,-4.5,56.0,100,100.0,1.0
2023-04-01 12:00:00,-4.6,54.0,100,102.0,1.0
2023-04-01 13:00:00,-4.4,53.6,100,104.0,1.0
2023-04-01 14:00:00,-4.4,54.0,100,79.0,1.0
2023-04-01 15:00:00,-4.6,54.1,100,56.0,1.0
2023-04-01 16:00:00,-4.8,52.6,100,24.0,1.0
2023-04-01 17:00:00,-4.9,52.3,100,2.0,1.0
2023-04-01 18:00:00,-5.1,52.5,100,0.0,1.0
2023-04-01 19:00:00,-5.3,52.5,100,0.0,1.0
2023-04-01 20:00:00,-5.5,53.4,100,0.0,1.0
2023-04-01 21:00:00,-5.7,55.4,100,0.0,1.0
2023-04-01 22:00:00,-6.0,56.6,100,0.0,1.0
2023-04-01 23:00:00,-6.2,57.1,100,0.0,1.0
2023-04-02 00:00:00,-6.3,53.7,100,0.0,1.0
2023-04-02 01:00:00,-6.7,53.9,99,0.0,0.99
2023-04-02 02:00:00,-7.3,52.9,100,0.0,1.0
2023-04-02 03:00:00,-7.4,51.8,100,0.0,1.0
2023-04-02 04:00:00,-7.8,53.0,100,0.0,1.0
2023-04-02 05:00:00,-8.4,51.6,100,0.0,1.0
2023-04-02 06:00:00,-8.7,52.4,100,0.0,1.0
2023-04-02 07:00:00,-8.9,50.1,100,14.0,1.0
2023-04-02 08:00:00,-9.0,46.0,100,65.0,1.0
2023-04-02 09:00:00,-9.0,42.9,100,118.0,1.0
2023-04-02 10:00:00,-9.3,39.6,100,163.0,1.0
2023-04-02 11:00:00,-9.6,35.6,100,207.0,1.0
2023-04-02 12:00:00,-9.8,31.1,90,228.0,0.9
2023-04-02 13:00:00,-9.9,30.3,95,205.0,0.95
2023-04-02 14:00:00,-10.0,28.8,70,167.0,0.7
2023-04-02 15:00:00,-9.8,31.6,31,115.0,0.31
2023-04-02 16:00:00,-9.8,37.2,64,48.0,0.64
2023-04-02 17:00:00,-10.0,40.9,50,2.0,0.5
2023-04-02 18:00:00,-10.3,43.8,20,0.0,0.2
2023-04-02 19:00:00,-10.6,43.7,0,0.0,0.0
2023-04-02 20:00:00,-10.9,43.0,0,0.0,0.0
2023-04-02 21:00:00,-11.3,40.7,0,0.0,0.0
2023-04-02 22:00:00,-11.6,38.3,0,0.0,0.0
2023-04-02 23:00:00,-11.9,38.2,0,0.0,0.0
2023-04-03 00:00:00,-13.0,39.8,0,0.0,0.0
2023-04-03 01:00:00,-13.0,36.1,0,0.0,0.0
2023-04-03 02:00:00,-13.1,33.8,0,0.0,0.0
2023-04-03 03:00:00,-13.1,32.7,0,0.0,0.0
2023-04-03 04:00:00,-13.3,31.3,0,0.0,0.0
2023-04-03 05:00:00,-13.4,31.7,0,0.0,0.0
2023-04-03 06:00:00,-13.6,30.5,0,0.0,0.0
2023-04-03 07:00:00,-13.6,30.4,0,13.0,0.0
2023-04-03 08:00:00,-13.4,32.6,0,77.0,0.0
2023-04-03 09:00:00,-13.1,33.1,9,147.0,0.09
2023-04-03 10:00:00,-12.8,33.4,19,201.0,0.19
2023-04-03 11:00:00,-12.5,34.7,44,232.0,0.44
2023-04-03 12:00:00,-12.3,35.9,44,239.0,0.44
2023-04-03 13:00:00,-12.0,35.6,89,206.0,0.89
2023-04-03 14:00:00,-11.5,35.4,99,155.0,0.99
2023-04-03 15:00:00,-10.9,35.7,100,88.0,1.0
2023-04-03 16:00:00,-10.3,34.2,100,32.0,1.0
2023-04-03 17:00:00,-9.8,33.8,100,1.0,1.0
2023-04-03 18:00:00,-9.4,33.9,100,0.0,1.0
2023-04-03 19:00:00,-9.2,34.3,100,0.0,1.0
2023-04-03 20:00:00,-8.9,34.4,100,0.0,1.0
2023-04-03 21:00:00,-8.8,34.0,100,0.0,1.0
2023-04-03 22:00:00,-8.6,33.7,100,0.0,1.0
2023-04-03 23:00:00,-8.6,34.5,100,0.0,1.0
2023-04-04 00:00:00,-8.8,36.8,100,0.0,1.0
2023-04-04 01:00:00,-8.7,33.3,100,0.0,1.0
2023-04-04 02:00:00,-8.8,29.7,100,0.0,1.0
2023-04-04 03:00:00,-8.9,27.2,100,0.0,1.0
2023-04-04 04:00:00,-9.2,25.4,100,0.0,1.0
2023-04-04 05:00:00,-9.7,23.8,100,0.0,1.0
2023-04-04 06:00:00,-10.0,22.3,100,0.0,1.0
2023-04-04 07:00:00,-10.4,21.6,100,8.0,1.0
2023-04-04 08:00:00,-10.5,20.8,99,51.0,0.99
2023-04-04 09:00:00,-10.3,20.5,97,101.0,0.97
2023-04-04 10:00:00,-10.4,20.8,98,155.0,0.98
2023-04-04 11:00:00,-10.2,22.0,99,183.0,0.99
2023-04-04 12:00:00,-11.1,21.2,93,189.0,0.93
2023-04-04 13:00:00,-11.1,21.4,24,202.0,0.24
2023-04-04 14:00:00,-11.3,21.5,67,164.0,0.67
2023-04-04 15:00:00,-11.6,21.7,45,96.0,0.45
2023-04-04 16:00:00,-11.8,21.7,21,34.0,0.21
2023-04-04 17:00:00,-12.1,21.9,0,0.0,0.0
2023-04-04 18:00:00,-12.1,22.7,9,0.0,0.09
2023-04-04 19:00:00,-12.1,22.8,35,0.0,0.35
2023-04-04 20:00:00,-12.1,22.7,58,0.0,0.58
2023-04-04 21:00:00,-12.1,23.1,76,0.0,0.76
2023-04-04 22:00:00,-11.9,23.0,85,0.0,0.85
2023-04-04 23:00:00,-12.1,24.0,35,0.0,0.35
2023-04-05 00:00:00,-12.2,26.6,39,0.0,0.39
2023-04-05 01:00:00,-11.9,27.4,76,0.0,0.76
2023-04-05 02:00:00,-11.6,27.7,100,0.0,1.0
2023-04-05 03:00:00,-11.6,27.7,100,0.0,1.0
2023-04-05 04:00:00,-11.6,27.6,100,0.0,1.0
2023-04-05 05:00:00,-11.3,27.9,99,0.0,0.99
2023-04-05 06:00:00,-11.1,28.5,100,0.0,1.0
2023-04-05 07:00:00,-10.8,29.8,100,6.0,1.0
2023-04-05 08:00:00,-10.6,30.8,100,42.0,1.0
2023-04-05 09:00:00,-10.3,32.4,100,82.0,1.0
2023-04-05 10:00:00,-10.2,32.7,100,126.0,1.0
2023-04-05 11:00:00,-9.9,33.3,100,147.0,1.0
2023-04-05 12:00:00,-9.4,34.0,100,139.0,1.0
2023-04-05 13:00:00,-9.0,33.8,100,108.0,1.0
2023-04-05 14:00:00,-8.8,33.3,100,78.0,1.0
2023-04-05 15:00:00,-8.6,34.5,100,52.0,1.0
2023-04-05 16:00:00,-8.3,35.3,100,17.0,1.0
2023-04-05 17:00:00,-8.2,34.8,100,0.0,1.0
2023-04-05 18:00:00,-8.0,34.0,100,0.0,1.0
2023-04-05 19:00:00,-8.0,33.6,100,0.0,1.0
2023-04-05 20:00:00,-8.1,32.9,100,0.0,1.0
2023-04-05 21:00:00,-8.3,31.9,99,0.0,0.99
2023-04-05 22:00:00,-8.9,30.3,93,0.0,0.93
2023-04-05 23:00:00,-9.3,29.0,69,0.0,0.69
2023-04-06 00:00:00,-8.4,27.7,34,0.0,0.34
2023-04-06 01:00:00,-8.7,26.3,92,0.0,0.92
2023-04-06 02:00:00,-9.1,23.7,50,0.0,0.5
2023-04-06 03:00:00,-9.7,21.4,32,0.0,0.32
2023-04-06 04:00:00,-10.7,20.2,17,0.0,0.17
2023-04-06 05:00:00,-11.2,18.5,3,0.0,0.03
2023-04-06 06:00:00,-11.7,17.3,0,0.0,0.0
2023-04-06 07:00:00,-12.1,15.1,0,6.0,0.0
2023-04-06 08:00:00,-12.2,13.2,0,56.0,0.0
2023-04-06 09:00:00,-10.6,7.9,0,123.0,0.0
2023-04-06 10:00:00,-7.7,3.7,0,178.0,0.0
2023-04-06 11:00:00,-12.2,12.4,0,211.0,0.0
2023-04-06 12:00:00,-12.0,10.1,0,219.0,0.0
2023-04-06 13:00:00,-11.3,14.0,39,195.0,0.39
2023-04-06 14:00:00,-12.5,11.6,37,147.0,0.37
2023-04-06 15:00:00,-13.5,8.6,4,88.0,0.04
2023-04-06 16:00:00,-10.5,5.2,5,27.0,0.05
2023-04-06 17:00:00,-9.7,2.3,0,0.0,0.0
2023-04-06 18:00:00,-10.6,3.1,0,0.0,0.0
2023-04-06 19:00:00,-15.1,18.4,14,0.0,0.14
2023-04-06 20:00:00,-14.7,25.8,0,0.0,0.0
2023-04-06 21:00:00,-14.3,28.7,0,0.0,0.0
2023-04-06 22:00:00,-14.5,30.0,0,0.0,0.0
2023-04-06 23:00:00,-14.4,30.9,0,0.0,0.0
2023-04-07 00:00:00,-14.4,32.5,7,0.0,0.07
2023-04-07 01:00:00,-14.0,32.1,30,0.0,0.3
2023-04-07 02:00:00,-13.8,31.2,86,0.0,0.86
2023-04-07 03:00:00,-13.5,30.9,100,0.0,1.0
2023-04-07 04:00:00,-13.0,30.3,100,0.0,1.0
2023-04-07 05:00:00,-12.5,30.1,100,0.0,1.0
2023-04-07 06:00:00,-12.2,28.5,100,0.0,1.0
2023-04-07 07:00:00,-11.5,27.2,100,3.0,1.0
2023-04-07 08:00:00,-11.2,26.1,100,36.0,1.0
2023-04-07 09:00:00,-10.9,25.9,100,78.0,1.0
2023-04-07 10:00:00,-10.7,26.0,100,102.0,1.0
2023-04-07 11:00:00,-10.5,26.1,100,124.0,1.0
2023-04-07 12:00:00,-10.5,23.8,100,126.0,1.0
2023-04-07 13:00:00,-10.5,24.3,100,109.0,1.0
2023-04-07 14:00:00,-10.5,25.1,100,93.0,1.0
2023-04-07 15:00:00,-10.6,25.1,100,54.0,1.0
2023-04-07 16:00:00,-10.7,24.7,100,14.0,1.0
2023-04-07 17:00:00,-10.8,24.5,100,0.0,1.0
2023-04-07 18:00:00,-10.9,23.9,100,0.0,1.0
2023-04-07 19:00:00,-11.0,23.5,100,0.0,1.0
2023-04-07 20:00:00,-10.9,22.7,100,0.0,1.0
2023-04-07 21:00:00,-11.0,22.2,100,0.0,1.0
2023-04-07 22:00:00,-11.2,22.4,100,0.0,1.0
2023-04-07 23:00:00,-11.5,22.1,100,0.0,1.0
2023-04-08 00:00:00,-11.1,23.6,100,0.0,1.0
2023-04-08 01:00:00,-10.9,22.5,100,0.0,1.0
2023-04-08 02:00:00,-10.9,22.2,100,0.0,1.0
2023-04-08 03:00:00,-11.1,21.2,100,0.0,1.0
2023-04-08 04:00:00,-11.2,21.6,100,0.0,1.0
2023-04-08 05:00:00,-11.4,21.4,100,0.0,1.0
2023-04-08 06:00:00,-11.5,20.7,100,0.0,1.0
2023-04-08 07:00:00,-11.5,18.0,100,2.0,1.0
2023-04-08 08:00:00,-11.3,18.4,100,34.0,1.0
2023-04-08 09:00:00,-11.6,20.1,100,89.0,1.0
2023-04-08 10:00:00,-11.8,17.4,97,144.0,0.97
2023-04-08 11:00:00,-12.2,15.1,81,172.0,0.81
2023-04-08 12:00:00,-12.5,14.7,80,181.0,0.8
2023-04-08 13:00:00,-12.8,13.3,99,161.0,0.99
2023-04-08 14:00:00,-13.4,13.0,18,126.0,0.18
2023-04-08 15:00:00,-14.2,14.3,43,73.0,0.43
2023-04-08 16:00:00,-14.3,15.5,72,15.0,0.72
2023-04-08 17:00:00,-14.6,15.6,7,0.0,0.07
2023-04-08 18:00:00,-15.1,15.2,11,0.0,0.11
2023-04-08 19:00:00,-15.2,15.3,22,0.0,0.22
2023-04-08 20:00:00,-15.3,15.8,9,0.0,0.09
2023-04-08 21:00:00,-15.5,16.3,0,0.0,0.0
2023-04-08 22:00:00,-15.7,16.5,6,0.0,0.06
2023-04-08 23:00:00,-15.5,17.8,0,0.0,0.0
2023-04-09 00:00:00,-15.0,19.9,20,0.0,0.2
2023-04-09 01:00:00,-14.5,20.2,98,0.0,0.98
2023-04-09 02:00:00,-14.2,21.2,97,0.0,0.97
2023-04-09 03:00:00,-14.0,23.0,99,0.0,0.99
2023-04-09 04:00:00,-14.1,24.6,100,0.0,1.0
2023-04-09 05:00:00,-13.8,26.2,100,0.0,1.0
2023-04-09 06:00:00,-14.0,27.9,100,0.0,1.0
2023-04-09 07:00:00,-14.4,29.3,77,1.0,0.77
2023-04-09 08:00:00,-14.3,30.6,99,37.0,0.99
2023-04-09 09:00:00,-14.1,31.3,82,97.0,0.82
2023-04-09 10:00:00,-13.7,31.3,66,143.0,0.66
2023-04-09 11:00:00,-13.1,29.5,67,178.0,0.67
2023-04-09 12:00:00,-13.7,28.5,39,187.0,0.39
2023-04-09 13:00:00,-13.4,28.2,28,171.0,0.28
2023-04-09 14:00:00,-13.3,27.5,9,128.0,0.09
2023-04-09 15:00:00,-13.5,27.9,0,70.0,0.0
2023-04-09 16:00:00,-13.9,29.7,0,13.0,0.0
2023-04-09 17:00:00,-14.1,29.3,0,0.0,0.0
2023-04-09 18:00:00,-14.0,29.7,0,0.0,0.0
2023-04-09 19:00:00,-14.0,29.4,0,0.0,0.0
2023-04-09 20:00:00,-13.9,29.1,0,0.0,0.0
2023-04-09 21:00:00,-13.9,27.8,0,0.0,0.0
2023-04-09 22:00:00,-14.0,26.0,1,0.0,0.01
2023-04-09 23:00:00,-14.0,25.6,0,0.0,0.0
2023-04-10 00:00:00,-13.5,23.2,0,0.0,0.0
2023-04-10 01:00:00,-13.3,20.6,100,0.0,1.0
2023-04-10 02:00:00,-13.4,19.3,75,0.0,0.75
2023-04-10 03:00:00,-14.2,17.8,0,0.0,0.0
2023-04-10 04:00:00,-14.7,17.5,0,0.0,0.0
2023-04-10 05:00:00,-15.3,17.7,0,0.0,0.0
2023-04-10 06:00:00,-15.9,19.1,0,0.0,0.0
2023-04-10 07:00:00,-16.4,19.6,0,1.0,0.0
2023-04-10 08:00:00,-16.3,17.3,0,36.0,0.0
2023-04-10 09:00:00,-16.1,13.7,0,97.0,0.0
2023-04-10 10:00:00,-16.2,10.1,0,149.0,0.0
2023-04-10 11:00:00,-14.7,6.9,0,181.0,0.0
2023-04-10 12:00:00,-15.6,7.1,21,187.0,0.21
2023-04-10 13:00:00,-14.5,6.4,10,167.0,0.1
2023-04-10 14:00:00,-13.0,4.5,0,124.0,0.0
2023-04-10 15:00:00,-15.2,7.1,19,65.0,0.19
2023-04-10 16:00:00,-13.5,5.4,18,10.0,0.18
2023-04-10 17:00:00,-13.6,1.0,12,0.0,0.12
2023-04-10 18:00:00,-14.8,6.9,0,0.0,0.0
2023-04-10 19:00:00,-16.8,9.4,11,0.0,0.11
2023-04-10 20:00:00,-12.8,6.1,15,0.0,0.15
2023-04-10 21:00:00,-12.1,3.3,13,0.0,0.13
2023-04-10 22:00:00,-12.0,5.2,1,0.0,0.01
2023-04-10 23:00:00,-15.2,8.6,0,0.0,0.0
2023-04-11 00:00:00,-17.1,12.0,4,0.0,0.04
2023-04-11 01:00:00,-13.6,8.4,14,0.0,0.14
2023-04-11 02:00:00,-10.6,6.7,7,0.0,0.07
2023-04-11 03:00:00,-16.6,10.6,26,0.0,0.26
2023-04-11 04:00:00,-16.7,10.4,17,0.0,0.17
2023-04-11 05:00:00,-16.0,9.0,61,0.0,0.61
2023-04-11 06:00:00,-15.9,9.7,100,0.0,1.0
2023-04-11 07:00:00,-15.9,9.5,99,0.0,0.99
2023-04-11 08:00:00,-15.5,8.2,97,27.0,0.97
2023-04-11 09:00:00,-16.1,9.2,100,80.0,1.0
2023-04-11 10:00:00,-12.2,4.9,100,129.0,1.0
2023-04-11 11:00:00,-12.4,1.1,100,125.0,1.0
2023-04-11 12:00:00,-13.3,2.2,100,115.0,1.0
2023-04-11 13:00:00,-12.6,4.7,100,99.0,1.0
2023-04-11 14:00:00,-12.1,3.3,100,72.0,1.0
2023-04-11 15:00:00,-11.8,4.5,100,38.0,1.0
2023-04-11 16:00:00,-12.0,3.2,100,5.0,1.0
2023-04-11 17:00:00,-12.3,5.2,100,0.0,1.0
2023-04-11 18:00:00,-11.2,3.2,100,0.0,1.0
2023-04-11 19:00:00,-12.4,5.9,100,0.0,1.0
2023-04-11 20:00:00,-11.3,3.8,100,0.0,1.0
2023-04-11 21:00:00,-11.4,2.0,100,0.0,1.0
2023-04-11 22:00:00,-11.3,4.7,100,0.0,1.0
2023-04-11 23:00:00,-11.2,5.8,100,0.0,1.0
2023-04-12 00:00:00,-13.9,9.2,100,0.0,1.0
2023-04-12 01:00:00,-13.5,9.2,100,0.0,1.0
2023-04-12 02:00:00,-14.3,12.4,100,0.0,1.0
2023-04-12 03:00:00,-14.0,12.6,100,0.0,1.0
2023-04-12 04:00:00,-14.5,12.5,100,0.0,1.0
2023-04-12 05:00:00,-13.6,12.0,100,0.0,1.0
2023-04-12 06:00:00,-12.3,9.4,100,0.0,1.0
2023-04-12 07:00:00,-9.2,6.9,100,0.0,1.0
2023-04-12 08:00:00,-10.0,7.6,100,21.0,1.0
2023-04-12 09:00:00,-9.5,7.9,96,67.0,0.96
2023-04-12 10:00:00,-7.9,7.6,100,114.0,1.0
2023-04-12 11:00:00,-10.5,9.7,98,134.0,0.98
2023-04-12 12:00:00,-13.1,12.9,96,148.0,0.96
2023-04-12 13:00:00,-13.4,14.3,91,130.0,0.91
2023-04-12 14:00:00,-14.1,14.4,92,95.0,0.92
2023-04-12 15:00:00,-12.7,17.8,98,47.0,0.98
2023-04-12 16:00:00,-12.5,18.6,85,5.0,0.85
2023-04-12 17:00:00,-13.6,16.4,59,0.0,0.59
2023-04-12 18:00:00,-15.1,13.8,71,0.0,0.71
2023-04-12 19:00:00,-14.0,12.4,43,0.0,0.43
2023-04-12 20:00:00,-9.5,9.9,97,0.0,0.97
2023-04-12 21:00:00,-5.2,6.3,100,0.0,1.0
2023-04-12 22:00:00,-5.9,1.8,100,0.0,1.0
2023-04-12 23:00:00,-7.1,4.6,100,0.0,1.0
2023-04-13 00:00:00,-8.9,9.2,100,0.0,1.0
2023-04-13 01:00:00,-8.8,9.4,100,0.0,1.0
2023-04-13 02:00:00,-10.4,9.2,100,0.0,1.0
2023-04-13 03:00:00,-12.5,9.4,100,0.0,1.0
2023-04-13 04:00:00,-11.7,7.4,100,0.0,1.0
2023-04-13 05:00:00,-11.2,7.8,100,0.0,1.0
2023-04-13 06:00:00,-10.6,7.7,100,0.0,1.0
2023-04-13 07:00:00,-8.2,5.0,100,0.0,1.0
2023-04-13 08:00:00,-8.5,3.6,100,14.0,1.0
2023-04-13 09:00:00,-9.1,3.1,100,41.0,1.0
2023-04-13 10:00:00,-9.0,2.6,100,73.0,1.0
2023-04-13 11:00:00,-9.2,2.6,100,95.0,1.0
2023-04-13 12:00:00,-9.4,1.9,100,99.0,1.0
2023-04-13 13:00:00,-9.3,3.3,100,90.0,1.0
2023-04-13 14:00:00,-9.7,2.3,100,54.0,1.0
2023-04-13 15:00:00,-10.1,2.2,100,25.0,1.0
2023-04-13 16:00:00,-10.0,3.4,100,2.0,1.0
2023-04-13 17:00:00,-9.9,2.9,100,0.0,1.0
2023-04-13 18:00:00,-11.4,4.8,100,0.0,1.0
2023-04-13 19:00:00,-11.8,5.0,100,0.0,1.0
2023-04-13 20:00:00,-11.8,5.8,100,0.0,1.0
2023-04-13 21:00:00,-11.9,5.4,100,0.0,1.0
2023-04-13 22:00:00,-11.0,4.3,100,0.0,1.0
2023-04-13 23:00:00,-10.7,3.2,100,0.0,1.0
2023-04-14 00:00:00,-12.1,8.2,100,0.0,1.0
2023-04-14 01:00:00,-10.7,13.5,100,0.0,1.0
2023-04-14 02:00:00,-10.5,17.4,100,0.0,1.0
2023-04-14 03:00:00,-11.2,14.8,100,0.0,1.0
2023-04-14 04:00:00,-11.6,10.2,100,0.0,1.0
2023-04-14 05:00:00,-11.5,9.7,100,0.0,1.0
2023-04-14 06:00:00,-11.6,9.8,100,0.0,1.0
2023-04-14 07:00:00,-11.6,11.4,100,0.0,1.0
2023-04-14 08:00:00,-10.9,16.1,100,13.0,1.0
2023-04-14 09:00:00,-10.3,17.9,100,47.0,1.0
2023-04-14 10:00:00,-9.9,22.1,100,73.0,1.0
2023-04-14 11:00:00,-10.0,29.3,100,93.0,1.0
2023-04-14 12:00:00,-10.1,32.1,100,98.0,1.0
2023-04-14 13:00:00,-10.1,37.0,100,86.0,1.0
2023-04-14 14:00:00,-10.2,37.9,100,57.0,1.0
2023-04-14 15:00:00,-10.0,38.6,100,25.0,1.0
2023-04-14 16:00:00,-9.9,39.5,100,2.0,1.0
2023-04-14 17:00:00,-10.0,39.9,100,0.0,1.0
2023-04-14 18:00:00,-9.7,40.6,100,0.0,1.0
2023-04-14 19:00:00,-9.6,40.4,100,0.0,1.0
2023-04-14 20:00:00,-9.2,41.4,100,0.0,1.0
2023-04-14 21:00:00,-9.1,41.7,100,0.0,1.0
2023-04-14 22:00:00,-8.9,41.2,100,0.0,1.0
2023-04-14 23:00:00,-8.7,41.4,100,0.0,1.0
2023-04-15 00:00:00,-8.6,43.4,100,0.0,1.0
2023-04-15 01:00:00,-8.4,43.0,100,0.0,1.0
2023-04-15 02:00:00,-8.2,42.7,100,0.0,1.0
2023-04-15 03:00:00,-8.1,41.9,100,0.0,1.0
2023-04-15 04:00:00,-8.0,41.4,100,0.0,1.0
2023-04-15 05:00:00,-7.9,40.0,100,0.0,1.0
2023-04-15 06:00:00,-8.0,37.8,100,0.0,1.0
2023-04-15 07:00:00,-8.2,35.6,100,0.0,1.0
2023-04-15 08:00:00,-8.2,35.6,100,10.0,1.0
2023-04-15 09:00:00,-8.1,37.2,100,40.0,1.0
2023-04-15 10:00:00,-7.9,38.8,100,70.0,1.0
2023-04-15 11:00:00,-7.8,40.3,100,85.0,1.0
2023-04-15 12:00:00,-8.1,40.3,100,92.0,1.0
2023-04-15 13:00:00,-8.0,40.1,100,79.0,1.0
2023-04-15 14:00:00,-8.0,39.8,100,54.0,1.0
2023-04-15 15:00:00,-8.1,39.8,99,23.0,0.99
2023-04-15 16:00:00,-8.2,38.9,99,1.0,0.99
2023-04-15 17:00:00,-8.1,37.5,100,0.0,1.0
2023-04-15 18:00:00,-7.9,36.7,100,0.0,1.0
2023-04-15 19:00:00,-7.8,36.4,100,0.0,1.0
2023-04-15 20:00:00,-7.7,37.6,100,0.0,1.0
2023-04-15 21:00:00,-7.6,36.8,100,0.0,1.0
2023-04-15 22:00:00,-7.4,36.9,100,0.0,1.0
2023-04-15 23:00:00,-7.3,36.3,100,0.0,1.0
2023-04-16 00:00:00,-7.2,35.6,100,0.0,1.0
2023-04-16 01:00:00,-6.8,33.6,100,0.0,1.0
2023-04-16 02:00:00,-6.5,33.2,100,0.0,1.0
2023-04-16 03:00:00,-6.5,31.4,100,0.0,1.0
2023-04-16 04:00:00,-6.4,28.6,100,0.0,1.0
2023-04-16 05:00:00,-6.5,26.7,100,0.0,1.0
2023-04-16 06:00:00,-6.3,26.7,100,0.0,1.0
2023-04-16 07:00:00,-6.2,25.9,100,0.0,1.0
2023-04-16 08:00:00,-6.4,25.0,100,7.0,1.0
2023-04-16 09:00:00,-6.5,24.3,100,39.0,1.0
2023-04-16 10:00:00,-6.6,25.0,100,68.0,1.0
2023-04-16 11:00:00,-6.7,24.7,100,89.0,1.0
2023-04-16 12:00:00,-6.9,24.2,100,94.0,1.0
2023-04-16 13:00:00,-6.9,21.4,100,78.0,1.0
2023-04-16 14:00:00,-6.8,20.4,100,57.0,1.0
2023-04-16 15:00:00,-7.4,17.5,100,20.0,1.0
2023-04-16 16:00:00,-7.9,14.8,100,0.0,1.0
2023-04-16 17:00:00,-7.6,15.0,100,0.0,1.0
2023-04-16 18:00:00,-7.3,16.2,100,0.0,1.0
2023-04-16 19:00:00,-6.9,18.5,100,0.0,1.0
2023-04-16 20:00:00,-6.8,19.6,100,0.0,1.0
2023-04-16 21:00:00,-6.8,21.5,100,0.0,1.0
2023-04-16 22:00:00,-6.6,21.9,100,0.0,1.0
2023-04-16 23:00:00,-7.0,20.0,100,0.0,1.0
2023-04-17 00:00:00,-7.2,21.7,100,0.0,1.0
2023-04-17 01:00:00,-7.1,24.8,100,0.0,1.0
2023-04-17 02:00:00,-8.2,17.9,100,0.0,1.0
2023-04-17 03:00:00,-8.2,15.0,100,0.0,1.0
2023-04-17 04:00:00,-9.2,14.5,100,0.0,1.0
2023-04-17 05:00:00,-8.5,15.5,100,0.0,1.0
2023-04-17 06:00:00,-8.3,15.0,100,0.0,1.0
2023-04-17 07:00:00,-8.0,15.8,100,0.0,1.0
2023-04-17 08:00:00,-7.5,17.5,100,7.0,1.0
2023-04-17 09:00:00,-6.9,20.3,100,39.0,1.0
2023-04-17 10:00:00,-6.8,19.3,100,69.0,1.0
2023-04-17 11:00:00,-6.9,17.1,100,88.0,1.0
2023-04-17 12:00:00,-8.1,15.3,100,92.0,1.0
2023-04-17 13:00:00,-8.3,13.0,100,78.0,1.0
2023-04-17 14:00:00,-8.4,13.5,100,52.0,1.0
2023-04-17 15:00:00,-8.6,13.4,100,18.0,1.0
2023-04-17 16:00:00,-8.6,13.4,100,0.0,1.0
2023-04-17 17:00:00,-8.0,16.8,100,0.0,1.0
2023-04-17 18:00:00,-7.8,18.2,100,0.0,1.0
2023-04-17 19:00:00,-7.9,17.4,100,0.0,1.0
2023-04-17 20:00:00,-7.6,19.5,100,0.0,1.0
2023-04-17 21:00:00,-7.3,22.2,100,0.0,1.0
2023-04-17 22:00:00,-7.8,18.8,100,0.0,1.0
2023-04-17 23:00:00,-8.2,16.7,100,0.0,1.0
2023-04-18 00:00:00,-7.8,20.1,100,0.0,1.0
2023-04-18 01:00:00,-7.1,21.8,100,0.0,1.0
2023-04-18 02:00:00,-7.6,20.2,100,0.0,1.0
2023-04-18 03:00:00,-8.0,17.7,100,0.0,1.0
2023-04-18 04:00:00,-8.7,16.0,100,0.0,1.0
2023-04-18 05:00:00,-8.7,14.8,100,0.0,1.0
2023-04-18 06:00:00,-9.2,12.6,100,0.0,1.0
2023-04-18 07:00:00,-9.3,12.2,100,0.0,1.0
2023-04-18 08:00:00,-9.4,11.7,100,5.0,1.0
2023-04-18 09:00:00,-9.4,12.3,100,36.0,1.0
2023-04-18 10:00:00,-9.5,13.5,100,68.0,1.0
2023-04-18 11:00:00,-10.0,12.6,100,89.0,1.0
2023-04-18 12:00:00,-10.9,8.9,100,93.0,1.0
2023-04-18 13:00:00,-10.2,15.3,100,82.0,1.0
2023-04-18 14:00:00,-10.1,17.3,100,52.0,1.0
2023-04-18 15:00:00,-11.0,12.5,100,16.0,1.0
2023-04-18 16:00:00,-11.2,8.2,100,0.0,1.0
2023-04-18 17:00:00,-9.0,5.2,100,0.0,1.0
2023-04-18 18:00:00,-9.0,2.2,100,0.0,1.0
2023-04-18 19:00:00,-9.0,3.3,100,0.0,1.0
2023-04-18 20:00:00,-9.1,5.0,100,0.0,1.0
2023-04-18 21:00:00,-9.9,6.2,55,0.0,0.55
2023-04-18 22:00:00,-13.4,9.4,27,0.0,0.27
2023-04-18 23:00:00,-14.3,11.2,8,0.0,0.08
2023-04-19 00:00:00,-14.6,11.0,0,0.0,0.0
2023-04-19 01:00:00,-12.5,7.9,0,0.0,0.0
2023-04-19 02:00:00,-10.3,5.8,0,0.0,0.0
2023-04-19 03:00:00,-15.5,11.7,0,0.0,0.0
2023-04-19 04:00:00,-15.7,13.1,0,0.0,0.0
2023-04-19 05:00:00,-15.9,14.3,0,0.0,0.0
2023-04-19 06:00:00,-16.5,12.3,0,0.0,0.0
2023-04-19 07:00:00,-17.3,10.4,3,0.0,0.03
2023-04-19 08:00:00,-17.3,13.5,2,5.0,0.02
2023-04-19 09:00:00,-16.8,14.4,0,45.0,0.0
2023-04-19 10:00:00,-16.3,13.6,0,90.0,0.0
2023-04-19 11:00:00,-16.5,10.7,0,117.0,0.0
2023-04-19 12:00:00,-15.4,9.7,0,122.0,0.0
2023-04-19 13:00:00,-15.9,11.3,0,103.0,0.0
2023-04-19 14:00:00,-16.7,11.0,0,64.0,0.0
2023-04-19 15:00:00,-12.7,3.4,0,17.0,0.0
2023-04-19 16:00:00,-13.8,4.3,0,0.0,0.0
2023-04-19 17:00:00,-14.3,6.0,0,0.0,0.0
2023-04-19 18:00:00,-15.0,7.2,0,0.0,0.0
2023-04-19 19:00:00,-16.5,8.7,15,0.0,0.15
2023-04-19 20:00:00,-14.8,8.0,11,0.0,0.11
2023-04-19 21:00:00,-16.1,9.5,35,0.0,0.35
2023-04-19 22:00:00,-17.9,15.6,32,0.0,0.32
2023-04-19 23:00:00,-18.0,18.1,48,0.0,0.48
2023-04-20 00:00:00,-18.5,13.7,57,0.0,0.57
2023-04-20 01:00:00,-17.3,16.8,29,0.0,0.29
2023-04-20 02:00:00,-16.9,15.5,23,0.0,0.23
2023-04-20 03:00:00,-17.6,14.3,14,0.0,0.14
2023-04-20 04:00:00,-17.3,15.2,12,0.0,0.12
2023-04-20 05:00:00,-17.7,16.5,51,0.0,0.51
2023-04-20 06:00:00,-17.8,14.0,85,0.0,0.85
2023-04-20 07:00:00,-13.2,7.7,92,0.0,0.92
2023-04-20 08:00:00,-12.0,7.1,78,3.0,0.78
2023-04-20 09:00:00,-11.5,4.4,10,37.0,0.1
2023-04-20 10:00:00,-12.0,1.8,25,84.0,0.25
2023-04-20 11:00:00,-11.3,4.6,8,112.0,0.08
2023-04-20 12:00:00,-12.5,7.7,0,117.0,0.0
2023-04-20 13:00:00,-15.9,9.4,35,97.0,0.35
2023-04-20 14:00:00,-17.1,10.1,20,58.0,0.2
2023-04-20 15:00:00,-12.7,5.5,0,14.0,0.0
2023-04-20 16:00:00,-12.8,2.3,0,0.0,0.0
2023-04-20 17:00:00,-12.5,3.9,0,0.0,0.0
2023-04-20 18:00:00,-10.2,3.0,18,0.0,0.18
2023-04-20 19:00:00,-9.9,2.2,14,0.0,0.14
2023-04-20 20:00:00,-10.5,3.1,0,0.0,0.0
2023-04-20 21:00:00,-10.6,6.5,88,0.0,0.88
2023-04-20 22:00:00,-10.6,7.0,99,0.0,0.99
2023-04-20 23:00:00,-10.2,7.6,48,0.0,0.48
2023-04-21 00:00:00,-9.7,4.6,63,0.0,0.63
2023-04-21 01:00:00,-17.3,14.2,100,0.0,1.0
2023-04-21 02:00:00,-17.7,13.7,100,0.0,1.0
2023-04-21 03:00:00,-17.3,11.8,97,0.0,0.97
2023-04-21 04:00:00,-14.7,9.2,99,0.0,0.99
2023-04-21 05:00:00,-13.2,8.2,100,0.0,1.0
2023-04-21 06:00:00,-12.3,6.9,100,0.0,1.0
2023-04-21 07:00:00,-11.8,5.4,100,0.0,1.0
2023-04-21 08:00:00,-11.3,2.1,100,2.0,1.0
2023-04-21 09:00:00,-11.7,1.1,100,26.0,1.0
2023-04-21 10:00:00,-11.1,6.4,100,55.0,1.0
2023-04-21 11:00:00,-13.4,8.2,100,70.0,1.0
2023-04-21 12:00:00,-15.3,10.2,100,72.0,1.0
2023-04-21 13:00:00,-15.2,10.5,100,55.0,1.0
2023-04-21 14:00:00,-14.1,8.5,100,34.0,1.0
2023-04-21 15:00:00,-12.5,6.5,100,7.0,1.0
2023-04-21 16:00:00,-11.4,6.2,100,0.0,1.0
2023-04-21 17:00:00,-10.6,5.2,100,0.0,1.0
2023-04-21 18:00:00,-10.5,3.3,100,0.0,1.0
2023-04-21 19:00:00,-10.3,2.6,100,0.0,1.0
2023-04-21 20:00:00,-10.2,3.4,100,0.0,1.0
2023-04-21 21:00:00,-10.5,3.3,100,0.0,1.0
2023-04-21 22:00:00,-10.7,3.6,100,0.0,1.0
2023-04-21 23:00:00,-10.6,5.7,100,0.0,1.0
2023-04-22 00:00:00,-10.7,6.6,100,0.0,1.0
2023-04-22 01:00:00,-9.9,4.1,100,0.0,1.0
2023-04-22 02:00:00,-10.8,3.1,100,0.0,1.0
2023-04-22 03:00:00,-11.4,6.4,100,0.0,1.0
2023-04-22 04:00:00,-10.8,6.9,100,0.0,1.0
2023-04-22 05:00:00,-10.1,6.3,100,0.0,1.0
2023-04-22 06:00:00,-9.7,3.7,100,0.0,1.0
2023-04-22 07:00:00,-11.3,1.0,100,0.0,1.0
2023-04-22 08:00:00,-11.8,3.7,100,1.0,1.0
2023-04-22 09:00:00,-10.7,3.1,100,22.0,1.0
2023-04-22 10:00:00,-10.6,5.8,100,54.0,1.0
2023-04-22 11:00:00,-12.3,8.1,100,75.0,1.0
2023-04-22 12:00:00,-10.4,6.8,100,82.0,1.0
2023-04-22 13:00:00,-10.8,4.8,100,65.0,1.0
2023-04-22 14:00:00,-11.2,5.3,100,39.0,1.0
2023-04-22 15:00:00,-11.6,7.4,100,6.0,1.0
2023-04-22 16:00:00,-12.1,4.3,100,0.0,1.0
2023-04-22 17:00:00,-12.1,5.1,100,0.0,1.0
2023-04-22 18:00:00,-11.7,6.6,100,0.0,1.0
2023-04-22 19:00:00,-11.5,6.7,100,0.0,1.0
2023-04-22 20:00:00,-10.5,6.9,100,0.0,1.0
2023-04-22 21:00:00,-9.3,5.0,100,0.0,1.0
2023-04-22 22:00:00,-9.8,4.0,100,0.0,1.0
2023-04-22 23:00:00,-10.0,4.0,100,0.0,1.0
2023-04-23 00:00:00,-12.5,8.2,100,0.0,1.0
2023-04-23 01:00:00,-14.3,8.7,100,0.0,1.0
2023-04-23 02:00:00,-11.4,5.8,100,0.0,1.0
2023-04-23 03:00:00,-11.5,3.3,100,0.0,1.0
2023-04-23 04:00:00,-10.2,4.2,100,0.0,1.0
2023-04-23 05:00:00,-9.8,3.1,100,0.0,1.0
2023-04-23 06:00:00,-9.9,2.0,100,0.0,1.0
2023-04-23 07:00:00,-10.6,4.6,47,0.0,0.47
2023-04-23 08:00:00,-10.4,4.8,7,0.0,0.07
2023-04-23 09:00:00,-10.4,2.9,6,25.0,0.06
2023-04-23 10:00:00,-10.7,2.1,1,63.0,0.01
2023-04-23 11:00:00,-10.6,3.7,2,89.0,0.02
2023-04-23 12:00:00,-9.2,7.8,1,93.0,0.01
2023-04-23 13:00:00,-8.6,6.5,80,76.0,0.8
2023-04-23 14:00:00,-9.6,1.6,100,39.0,1.0
2023-04-23 15:00:00,-10.9,1.5,100,5.0,1.0
2023-04-23 16:00:00,-11.3,4.2,100,0.0,1.0
2023-04-23 17:00:00,-11.3,4.8,100,0.0,1.0
2023-04-23 18:00:00,-11.0,3.4,99,0.0,0.99
2023-04-23 19:00:00,-11.4,6.1,79,0.0,0.79
2023-04-23 20:00:00,-10.8,7.3,28,0.0,0.28
2023-04-23 21:00:00,-9.9,6.5,0,0.0,0.0
2023-04-23 22:00:00,-9.3,6.6,0,0.0,0.0
2023-04-23 23:00:00,-9.2,6.4,0,0.0,0.0
2023-04-24 00:00:00,-13.3,11.9,0,0.0,0.0
2023-04-24 01:00:00,-6.6,5.9,0,0.0,0.0
2023-04-24 02:00:00,-8.0,5.2,11,0.0,0.11
2023-04-24 03:00:00,-9.3,7.8,0,0.0,0.0
2023-04-24 04:00:00,-8.8,8.0,13,0.0,0.13
2023-04-24 05:00:00,-8.7,4.2,33,0.0,0.33
2023-04-24 06:00:00,-8.4,3.6,99,0.0,0.99
2023-04-24 07:00:00,-7.4,4.7,34,0.0,0.34
2023-04-24 08:00:00,-6.3,5.1,97,0.0,0.97
2023-04-24 09:00:00,-6.3,3.1,70,21.0,0.7
2023-04-24 10:00:00,-6.9,6.4,64,58.0,0.64
2023-04-24 11:00:00,-7.2,9.1,41,83.0,0.41
2023-04-24 12:00:00,-17.3,17.0,70,87.0,0.7
2023-04-24 13:00:00,-17.6,16.4,54,70.0,0.54
2023-04-24 14:00:00,-18.0,17.0,8,36.0,0.08
2023-04-24 15:00:00,-17.5,18.9,1,4.0,0.01
2023-04-24 16:00:00,-16.4,20.1,5,0.0,0.05
2023-04-24 17:00:00,-16.6,14.6,4,0.0,0.04
2023-04-24 18:00:00,-6.3,8.7,9,0.0,0.09
2023-04-24 19:00:00,-5.2,3.1,42,0.0,0.42
2023-04-24 20:00:00,-6.2,5.1,9,0.0,0.09
2023-04-24 21:00:00,-5.8,6.7,35,0.0,0.35
2023-04-24 22:00:00,-8.7,10.5,29,0.0,0.29
2023-04-24 23:00:00,-15.5,15.5,67,0.0,0.67
2023-04-25 00:00:00,-16.0,19.2,28,0.0,0.28
2023-04-25 01:00:00,-15.1,12.7,81,0.0,0.81
2023-04-25 02:00:00,-5.4,6.8,79,0.0,0.79
2023-04-25 03:00:00,-6.5,2.5,81,0.0,0.81
2023-04-25 04:00:00,-7.0,8.4,60,0.0,0.6
2023-04-25 05:00:00,-8.9,10.9,96,0.0,0.96
2023-04-25 06:00:00,-7.2,10.2,93,0.0,0.93
2023-04-25 07:00:00,-4.8,8.7,89,0.0,0.89
2023-04-25 08:00:00,-5.5,6.1,97,0.0,0.97
2023-04-25 09:00:00,-7.4,9.5,99,17.0,0.99
2023-04-25 10:00:00,-9.8,10.9,98,51.0,0.98
2023-04-25 11:00:00,-8.1,9.1,100,75.0,1.0
2023-04-25 12:00:00,-12.4,10.0,100,80.0,1.0
2023-04-25 13:00:00,-7.6,8.8,96,63.0,0.96
2023-04-25 14:00:00,-12.8,10.6,41,31.0,0.41
2023-04-25 15:00:00,-10.9,9.4,30,2.0,0.3
2023-04-25 16:00:00,-9.0,9.0,17,0.0,0.17
2023-04-25 17:00:00,-7.3,7.8,37,0.0,0.37
2023-04-25 18:00:00,-6.9,7.9,17,0.0,0.17
2023-04-25 19:00:00,-8.0,7.0,25,0.0,0.25
2023-04-25 20:00:00,-8.9,7.9,41,0.0,0.41
2023-04-25 21:00:00,-8.0,8.9,10,0.0,0.1
2023-04-25 22:00:00,-17.1,13.8,32,0.0,0.32
2023-04-25 23:00:00,-18.7,14.8,5,0.0,0.05
2023-04-26 00:00:00,-13.2,11.4,0,0.0,0.0
2023-04-26 01:00:00,-17.8,17.6,10,0.0,0.1
2023-04-26 02:00:00,-14.2,21.3,4,0.0,0.04
2023-04-26 03:00:00,-10.7,25.7,14,0.0,0.14
2023-04-26 04:00:00,-8.4,29.4,10,0.0,0.1
2023-04-26 05:00:00,-8.8,28.2,0,0.0,0.0
2023-04-26 06:00:00,-11.2,23.1,2,0.0,0.02
2023-04-26 07:00:00,-15.3,18.2,0,0.0,0.0
2023-04-26 08:00:00,-17.0,19.5,1,0.0,0.01
2023-04-26 09:00:00,-17.9,16.1,1,15.0,0.01
2023-04-26 10:00:00,-11.5,9.4,6,51.0,0.06
2023-04-26 11:00:00,-8.4,7.0,3,75.0,0.03
2023-04-26 12:00:00,-7.4,8.7,10,79.0,0.1
2023-04-26 13:00:00,-7.1,2.6,14,60.0,0.14
2023-04-26 14:00:00,-6.5,6.8,6,27.0,0.06
2023-04-26 15:00:00,-6.3,8.5,18,1.0,0.18
2023-04-26 16:00:00,-5.9,8.8,22,0.0,0.22
2023-04-26 17:00:00,-4.6,5.9,15,0.0,0.15
2023-04-26 18:00:00,-4.2,5.5,10,0.0,0.1
2023-04-26 19:00:00,-11.0,12.6,28,0.0,0.28
2023-04-26 20:00:00,-15.6,19.2,3,0.0,0.03
2023-04-26 21:00:00,-13.9,23.6,1,0.0,0.01
2023-04-26 22:00:00,-9.8,30.8,0,0.0,0.0
2023-04-26 23:00:00,-4.4,42.8,8,0.0,0.08
2023-04-27 00:00:00,-3.5,48.6,3,0.0,0.03
2023-04-27 01:00:00,-4.1,46.3,35,0.0,0.35
2023-04-27 02:00:00,-5.2,46.7,6,0.0,0.06
2023-04-27 03:00:00,-6.9,48.5,0,0.0,0.0
2023-04-27 04:00:00,-6.9,50.1,0,0.0,0.0
2023-04-27 05:00:00,-7.0,51.7,0,0.0,0.0
2023-04-27 06:00:00,-6.7,54.1,1,0.0,0.01
2023-04-27 07:00:00,-6.6,56.3,0,0.0,0.0
2023-04-27 08:00:00,-6.6,52.2,0,0.0,0.0
2023-04-27 09:00:00,-7.1,44.1,0,12.0,0.0
2023-04-27 10:00:00,-7.9,36.6,0,48.0,0.0
2023-04-27 11:00:00,-9.1,31.7,0,72.0,0.0
2023-04-27 12:00:00,-6.4,54.2,2,76.0,0.02
2023-04-27 13:00:00,-6.1,54.3,4,57.0,0.04
2023-04-27 14:00:00,-6.2,51.7,91,23.0,0.91
2023-04-27 15:00:00,-6.5,53.9,96,0.0,0.96
2023-04-27 16:00:00,-7.2,55.9,93,0.0,0.93
2023-04-27 17:00:00,-7.9,55.6,68,0.0,0.68
2023-04-27 18:00:00,-8.2,54.8,0,0.0,0.0
2023-04-27 19:00:00,-8.1,54.1,0,0.0,0.0
2023-04-27 20:00:00,-8.0,48.6,25,0.0,0.25
2023-04-27 21:00:00,-9.1,34.8,7,0.0,0.07
2023-04-27 22:00:00,-15.9,11.2,6,0.0,0.06
2023-04-27 23:00:00,-12.9,5.9,0,0.0,0.0
2023-04-28 00:00:00,-11.9,2.6,0,0.0,0.0
2023-04-28 01:00:00,-15.8,10.5,0,0.0,0.0
2023-04-28 02:00:00,-14.3,21.8,0,0.0,0.0
2023-04-28 03:00:00,-12.8,31.8,0,0.0,0.0
2023-04-28 04:00:00,-13.5,30.7,0,0.0,0.0
2023-04-28 05:00:00,-13.7,30.0,0,0.0,0.0
2023-04-28 06:00:00,-14.0,32.6,0,0.0,0.0
2023-04-28 07:00:00,-14.4,33.0,0,0.0,0.0
2023-04-28 08:00:00,-14.7,33.1,0,0.0,0.0
2023-04-28 09:00:00,-14.9,32.9,0,9.0,0.0
2023-04-28 10:00:00,-14.9,33.5,0,42.0,0.0
2023-04-28 11:00:00,-14.9,33.2,0,66.0,0.0
2023-04-28 12:00:00,-15.2,35.8,0,69.0,0.0
2023-04-28 13:00:00,-15.0,35.1,0,51.0,0.0
2023-04-28 14:00:00,-15.1,34.5,0,20.0,0.0
2023-04-28 15:00:00,-15.1,34.6,0,0.0,0.0
2023-04-28 16:00:00,-14.9,35.0,2,0.0,0.02
2023-04-28 17:00:00,-14.8,35.4,0,0.0,0.0
2023-04-28 18:00:00,-14.6,35.5,0,0.0,0.0
2023-04-28 19:00:00,-14.3,34.8,16,0.0,0.16
2023-04-28 20:00:00,-13.9,34.0,54,0.0,0.54
2023-04-28 21:00:00,-13.3,33.3,100,0.0,1.0
2023-04-28 22:00:00,-12.7,32.3,98,0.0,0.98
2023-04-28 23:00:00,-12.5,30.4,97,0.0,0.97
2023-04-29 00:00:00,-13.5,30.2,95,0.0,0.95
2023-04-29 01:00:00,-13.7,28.4,0,0.0,0.0
2023-04-29 02:00:00,-14.0,27.2,0,0.0,0.0
2023-04-29 03:00:00,-14.3,26.8,0,0.0,0.0
2023-04-29 04:00:00,-14.7,25.9,0,0.0,0.0
2023-04-29 05:00:00,-15.6,23.3,0,0.0,0.0
2023-04-29 06:00:00,-17.2,19.0,0,0.0,0.0
2023-04-29 07:00:00,-18.2,16.4,0,0.0,0.0
2023-04-29 08:00:00,-18.9,13.7,0,0.0,0.0
2023-04-29 09:00:00,-19.2,12.7,0,7.0,0.0
2023-04-29 10:00:00,-17.8,18.1,0,37.0,0.0
2023-04-29 11:00:00,-16.3,20.4,0,60.0,0.0
2023-04-29 12:00:00,-15.0,29.0,0,63.0,0.0
2023-04-29 13:00:00,-14.7,30.2,0,47.0,0.0
2023-04-29 14:00:00,-14.5,29.8,0,16.0,0.0
2023-04-29 15:00:00,-14.2,28.4,0,0.0,0.0
2023-04-29 16:00:00,-13.7,31.1,0,0.0,0.0
2023-04-29 17:00:00,-13.3,30.0,0,0.0,0.0
2023-04-29 18:00:00,-13.2,28.0,0,0.0,0.0
2023-04-29 19:00:00,-13.1,28.5,0,0.0,0.0
2023-04-29 20:00:00,-12.4,30.2,0,0.0,0.0
2023-04-29 21:00:00,-12.3,30.2,51,0.0,0.51
2023-04-29 22:00:00,-11.8,32.0,25,0.0,0.25
2023-04-29 23:00:00,-11.6,31.1,65,0.0,0.65
2023-04-30 00:00:00,-12.8,27.4,81,0.0,0.81
2023-04-30 01:00:00,-11.2,29.3,41,0.0,0.41
2023-04-30 02:00:00,-10.1,29.8,96,0.0,0.96
2023-04-30 03:00:00,-9.7,28.6,100,0.0,1.0
2023-04-30 04:00:00,-9.0,30.1,100,0.0,1.0
2023-04-30 05:00:00,-8.3,30.9,100,0.0,1.0
2023-04-30 06:00:00,-8.4,31.1,100,0.0,1.0
2023-04-30 07:00:00,-8.3,32.8,100,0.0,1.0
2023-04-30 08:00:00,-8.2,33.8,100,0.0,1.0
2023-04-30 09:00:00,-8.2,34.7,100,3.0,1.0
2023-04-30 10:00:00,-8.1,35.3,100,20.0,1.0
2023-04-30 11:00:00,-8.1,34.8,100,34.0,1.0
2023-04-30 12:00:00,-7.4,36.2,100,34.0,1.0
2023-04-30 13:00:00,-7.3,38.4,100,22.0,1.0
2023-04-30 14:00:00,-7.4,39.2,100,6.0,1.0
2023-04-30 15:00:00,-7.6,39.2,100,0.0,1.0
2023-04-30 16:00:00,-7.7,38.4,100,0.0,1.0
2023-04-30 17:00:00,-7.7,37.7,100,0.0,1.0
2023-04-30 18:00:00,-7.9,38.4,100,0.0,1.0
2023-04-30 19:00:00,-8.0,38.4,100,0.0,1.0
2023-04-30 20:00:00,-8.2,38.2,100,0.0,1.0
2023-04-30 21:00:00,-8.3,38.6,100,0.0,1.0
2023-04-30 22:00:00,-8.4,38.7,100,0.0,1.0
2023-04-30 23:00:00,-8.5,38.2,100,0.0,1.0
2023-05-01 00:00:00,-8.4,41.0,99,0.0,0.99
2023-05-01 01:00:00,-8.6,39.6,100,0.0,1.0
2023-05-01 02:00:00,-8.7,38.8,100,0.0,1.0
2023-05-01 03:00:00,-8.8,37.5,99,0.0,0.99
2023-05-01 04:00:00,-9.1,37.0,100,0.0,1.0
2023-05-01 05:00:00,-9.2,36.4,100,0.0,1.0
2023-05-01 06:00:00,-9.2,36.4,100,0.0,1.0
2023-05-01 07:00:00,-9.2,36.8,100,0.0,1.0
2023-05-01 08:00:00,-9.2,37.9,100,0.0,1.0
2023-05-01 09:00:00,-9.4,38.7,100,2.0,1.0
2023-05-01 10:00:00,-9.7,39.5,100,19.0,1.0
2023-05-01 11:00:00,-9.9,39.7,100,35.0,1.0
2023-05-01 12:00:00,-9.8,40.3,100,34.0,1.0
2023-05-01 13:00:00,-9.7,38.5,100,23.0,1.0
2023-05-01 14:00:00,-9.8,37.7,100,6.0,1.0
2023-05-01 15:00:00,-9.7,36.7,100,0.0,1.0
2023-05-01 16:00:00,-9.8,35.9,100,0.0,1.0
2023-05-01 17:00:00,-9.7,35.4,100,0.0,1.0
2023-05-01 18:00:00,-10.0,35.5,100,0.0,1.0
2023-05-01 19:00:00,-9.9,35.3,100,0.0,1.0
2023-05-01 20:00:00,-9.8,35.3,100,0.0,1.0
2023-05-01 21:00:00,-9.9,35.2,100,0.0,1.0
2023-05-01 22:00:00,-10.0,35.5,100,0.0,1.0
2023-05-01 23:00:00,-10.2,34.7,100,0.0,1.0
2023-05-02 00:00:00,-10.3,32.8,98,0.0,0.98
2023-05-02 01:00:00,-10.8,31.6,73,0.0,0.73
2023-05-02 02:00:00,-11.3,30.5,47,0.0,0.47
2023-05-02 03:00:00,-11.6,29.5,14,0.0,0.14
2023-05-02 04:00:00,-11.9,27.4,15,0.0,0.15
2023-05-02 05:00:00,-12.3,24.9,9,0.0,0.09
2023-05-02 06:00:00,-12.6,22.3,6,0.0,0.06
2023-05-02 07:00:00,-13.1,19.0,2,0.0,0.02
2023-05-02 08:00:00,-13.5,18.7,0,0.0,0.0
2023-05-02 09:00:00,-13.3,21.7,0,2.0,0.0
2023-05-02 10:00:00,-13.3,22.1,0,23.0,0.0
2023-05-02 11:00:00,-13.5,20.7,0,44.0,0.0
2023-05-02 12:00:00,-13.8,19.5,0,47.0,0.0
2023-05-02 13:00:00,-14.0,18.5,0,32.0,0.0
2023-05-02 14:00:00,-14.6,18.0,0,7.0,0.0
2023-05-02 15:00:00,-15.1,17.3,0,0.0,0.0
2023-05-02 16:00:00,-15.5,16.7,0,0.0,0.0
2023-05-02 17:00:00,-15.9,16.2,0,0.0,0.0
2023-05-02 18:00:00,-16.3,15.4,0,0.0,0.0
2023-05-02 19:00:00,-16.8,13.8,0,0.0,0.0
2023-05-02 20:00:00,-17.1,13.4,0,0.0,0.0
2023-05-02 21:00:00,-17.0,13.7,0,0.0,0.0
2023-05-02 22:00:00,-17.0,14.1,0,0.0,0.0
2023-05-02 23:00:00,-17.0,14.2,0,0.0,0.0
2023-05-03 00:00:00,-17.4,15.9,0,0.0,0.0
2023-05-03 01:00:00,-17.3,14.7,0,0.0,0.0
2023-05-03 02:00:00,-17.6,13.2,0,0.0,0.0
2023-05-03 03:00:00,-18.1,10.6,0,0.0,0.0
2023-05-03 04:00:00,-17.9,10.1,0,0.0,0.0
2023-05-03 05:00:00,-17.5,9.8,0,0.0,0.0
2023-05-03 06:00:00,-18.3,10.6,1,0.0,0.01
2023-05-03 07:00:00,-18.4,14.1,5,0.0,0.05
2023-05-03 08:00:00,-18.1,14.8,21,0.0,0.21
2023-05-03 09:00:00,-18.0,13.4,21,1.0,0.21
2023-05-03 10:00:00,-18.1,11.3,14,20.0,0.14
2023-05-03 11:00:00,-17.9,13.0,9,39.0,0.09
2023-05-03 12:00:00,-17.3,15.6,6,42.0,0.06
2023-05-03 13:00:00,-16.4,17.5,0,28.0,0.0
2023-05-03 14:00:00,-16.2,18.3,0,5.0,0.0
2023-05-03 15:00:00,-16.1,19.2,0,0.0,0.0
2023-05-03 16:00:00,-16.1,19.6,0,0.0,0.0
2023-05-03 17:00:00,-16.2,20.2,0,0.0,0.0
2023-05-03 18:00:00,-16.8,19.5,0,0.0,0.0
2023-05-03 19:00:00,-16.9,20.2,0,0.0,0.0
2023-05-03 20:00:00,-17.1,20.5,0,0.0,0.0
2023-05-03 21:00:00,-16.9,20.5,0,0.0,0.0
2023-05-03 22:00:00,-16.0,19.4,0,0.0,0.0
2023-05-03 23:00:00,-16.2,18.7,2,0.0,0.02
2023-05-04 00:00:00,-15.3,24.9,41,0.0,0.41
2023-05-04 01:00:00,-13.9,24.2,96,0.0,0.96
2023-05-04 02:00:00,-12.8,23.5,100,0.0,1.0
2023-05-04 03:00:00,-12.2,23.0,100,0.0,1.0
2023-05-04 04:00:00,-11.8,21.3,100,0.0,1.0
2023-05-04 05:00:00,-11.5,21.1,100,0.0,1.0
2023-05-04 06:00:00,-11.2,20.9,100,0.0,1.0
2023-05-04 07:00:00,-11.0,22.5,100,0.0,1.0
2023-05-04 08:00:00,-10.9,23.2,100,0.0,1.0
2023-05-04 09:00:00,-10.9,23.7,100,0.0,1.0
2023-05-04 10:00:00,-11.0,24.5,100,13.0,1.0
2023-05-04 11:00:00,-10.5,25.4,100,25.0,1.0
2023-05-04 12:00:00,-10.5,26.8,100,27.0,1.0
2023-05-04 13:00:00,-10.4,27.0,100,17.0,1.0
2023-05-04 14:00:00,-10.7,26.6,100,2.0,1.0
2023-05-04 15:00:00,-10.7,25.2,100,0.0,1.0
2023-05-04 16:00:00,-10.7,23.5,100,0.0,1.0
2023-05-04 17:00:00,-11.2,22.3,100,0.0,1.0
2023-05-04 18:00:00,-12.0,21.1,94,0.0,0.94
2023-05-04 19:00:00,-12.0,23.2,88,0.0,0.88
2023-05-04 20:00:00,-12.3,23.2,65,0.0,0.65
2023-05-04 21:00:00,-12.5,23.6,38,0.0,0.38
2023-05-04 22:00:00,-12.5,24.4,32,0.0,0.32
2023-05-04 23:00:00,-12.5,24.1,70,0.0,0.7
2023-05-05 00:00:00,-12.3,25.2,79,0.0,0.79
2023-05-05 01:00:00,-12.1,22.7,97,0.0,0.97
2023-05-05 02:00:00,-12.2,21.8,93,0.0,0.93
2023-05-05 03:00:00,-12.1,22.6,90,0.0,0.9
2023-05-05 04:00:00,-12.4,21.7,92,0.0,0.92
2023-05-05 05:00:00,-12.6,21.9,90,0.0,0.9
2023-05-05 06:00:00,-12.8,21.7,70,0.0,0.7
2023-05-05 07:00:00,-13.0,21.1,87,0.0,0.87
2023-05-05 08:00:00,-13.2,20.3,80,0.0,0.8
2023-05-05 09:00:00,-13.6,19.4,44,0.0,0.44
2023-05-05 10:00:00,-14.3,19.1,19,12.0,0.19
2023-05-05 11:00:00,-14.5,20.2,38,29.0,0.38
2023-05-05 12:00:00,-13.1,23.3,57,30.0,0.57
2023-05-05 13:00:00,-12.7,21.6,92,17.0,0.92
2023-05-05 14:00:00,-12.9,21.6,93,2.0,0.93
2023-05-05 15:00:00,-13.1,20.0,78,0.0,0.78
2023-05-05 16:00:00,-13.7,18.8,86,0.0,0.86
2023-05-05 17:00:00,-14.1,18.6,75,0.0,0.75
2023-05-05 18:00:00,-14.2,17.9,78,0.0,0.78
2023-05-05 19:00:00,-14.2,18.1,86,0.0,0.86
2023-05-05 20:00:00,-13.9,18.9,86,0.0,0.86
2023-05-05 21:00:00,-13.8,19.3,85,0.0,0.85
2023-05-05 22:00:00,-13.9,20.1,93,0.0,0.93
2023-05-05 23:00:00,-13.7,19.8,98,0.0,0.98
2023-05-06 00:00:00,-12.8,17.6,99,0.0,0.99
2023-05-06 01:00:00,-12.9,17.6,100,0.0,1.0
2023-05-06 02:00:00,-12.9,18.4,100,0.0,1.0
2023-05-06 03:00:00,-13.0,18.7,100,0.0,1.0
2023-05-06 04:00:00,-13.5,18.2,100,0.0,1.0
2023-05-06 05:00:00,-14.1,18.4,100,0.0,1.0
2023-05-06 06:00:00,-14.4,19.5,95,0.0,0.95
2023-05-06 07:00:00,-14.2,20.0,93,0.0,0.93
2023-05-06 08:00:00,-14.1,17.8,100,0.0,1.0
2023-05-06 09:00:00,-14.5,16.9,100,0.0,1.0
2023-05-06 10:00:00,-14.6,20.0,100,8.0,1.0
2023-05-06 11:00:00,-15.1,20.2,91,23.0,0.91
2023-05-06 12:00:00,-15.3,21.1,87,25.0,0.87
2023-05-06 13:00:00,-15.1,22.9,100,14.0,1.0
2023-05-06 14:00:00,-15.4,21.7,100,1.0,1.0
2023-05-06 15:00:00,-15.4,21.1,94,0.0,0.94
2023-05-06 16:00:00,-15.1,24.4,100,0.0,1.0
2023-05-06 17:00:00,-15.1,26.2,100,0.0,1.0
2023-05-06 18:00:00,-15.1,27.9,100,0.0,1.0
2023-05-06 19:00:00,-15.3,26.5,100,0.0,1.0
2023-05-06 20:00:00,-14.9,26.6,100,0.0,1.0
2023-05-06 21:00:00,-15.0,29.4,100,0.0,1.0
2023-05-06 22:00:00,-14.8,30.3,100,0.0,1.0
2023-05-06 23:00:00,-14.9,31.8,100,0.0,1.0
2023-05-07 00:00:00,-15.0,35.9,100,0.0,1.0
2023-05-07 01:00:00,-15.0,37.0,96,0.0,0.96
2023-05-07 02:00:00,-15.0,37.2,83,0.0,0.83
2023-05-07 03:00:00,-15.1,37.2,38,0.0,0.38
2023-05-07 04:00:00,-15.0,38.3,21,0.0,0.21
2023-05-07 05:00:00,-15.0,39.7,93,0.0,0.93
2023-05-07 06:00:00,-14.8,40.2,100,0.0,1.0
2023-05-07 07:00:00,-14.6,41.1,100,0.0,1.0
2023-05-07 08:00:00,-14.4,42.1,100,0.0,1.0
2023-05-07 09:00:00,-13.9,45.2,100,0.0,1.0
2023-05-07 10:00:00,-13.5,46.8,100,6.0,1.0
2023-05-07 11:00:00,-13.0,47.0,100,17.0,1.0
2023-05-07 12:00:00,-12.4,46.1,100,18.0,1.0
2023-05-07 13:00:00,-11.9,45.6,100,9.0,1.0
2023-05-07 14:00:00,-11.7,45.1,100,0.0,1.0
2023-05-07 15:00:00,-11.4,43.9,100,0.0,1.0
2023-05-07 16:00:00,-11.0,44.6,100,0.0,1.0
2023-05-07 17:00:00,-10.8,44.8,100,0.0,1.0
2023-05-07 18:00:00,-10.6,43.4,99,0.0,0.99
2023-05-07 19:00:00,-10.4,42.4,100,0.0,1.0
2023-05-07 20:00:00,-10.0,43.1,100,0.0,1.0
2023-05-07 21:00:00,-9.8,43.5,100,0.0,1.0
2023-05-07 22:00:00,-9.6,42.7,100,0.0,1.0
2023-05-07 23:00:00,-9.4,41.7,100,0.0,1.0
2023-05-08 00:00:00,-9.0,43.0,100,0.0,1.0
2023-05-08 01:00:00,-8.7,41.5,100,0.0,1.0
2023-05-08 02:00:00,-8.7,40.7,100,0.0,1.0
2023-05-08 03:00:00,-8.7,39.0,100,0.0,1.0
2023-05-08 04:00:00,-8.6,38.3,100,0.0,1.0
2023-05-08 05:00:00,-8.6,37.5,100,0.0,1.0
2023-05-08 06:00:00,-8.5,38.2,100,0.0,1.0
2023-05-08 07:00:00,-8.5,37.8,100,0.0,1.0
2023-05-08 08:00:00,-8.3,37.7,100,0.0,1.0
2023-05-08 09:00:00,-8.3,36.2,100,0.0,1.0
2023-05-08 10:00:00,-8.4,34.7,100,4.0,1.0
2023-05-08 11:00:00,-8.7,36.1,96,15.0,0.96
2023-05-08 12:00:00,-9.1,37.4,70,18.0,0.7
2023-05-08 13:00:00,-9.0,39.8,26,9.0,0.26
2023-05-08 14:00:00,-8.9,39.4,5,0.0,0.05
2023-05-08 15:00:00,-8.8,38.2,0,0.0,0.0
2023-05-08 16:00:00,-8.7,38.2,0,0.0,0.0
2023-05-08 17:00:00,-8.7,39.8,89,0.0,0.89
2023-05-08 18:00:00,-8.5,43.4,85,0.0,0.85
2023-05-08 19:00:00,-8.1,48.5,99,0.0,0.99
2023-05-08 20:00:00,-7.8,52.4,100,0.0,1.0
2023-05-08 21:00:00,-7.6,55.4,100,0.0,1.0
2023-05-08 22:00:00,-7.4,56.6,100,0.0,1.0
2023-05-08 23:00:00,-7.5,56.8,100,0.0,1.0
2023-05-09 00:00:00,-7.6,58.3,100,0.0,1.0
2023-05-09 01:00:00,-7.4,56.8,100,0.0,1.0
2023-05-09 02:00:00,-7.1,54.7,100,0.0,1.0
2023-05-09 03:00:00,-6.9,52.3,100,0.0,1.0
2023-05-09 04:00:00,-7.2,51.5,100,0.0,1.0
2023-05-09 05:00:00,-7.3,51.9,100,0.0,1.0
2023-05-09 06:00:00,-7.4,50.5,100,0.0,1.0
2023-05-09 07:00:00,-7.3,49.3,100,0.0,1.0
2023-05-09 08:00:00,-7.0,49.8,100,0.0,1.0
2023-05-09 09:00:00,-6.9,47.9,100,0.0,1.0
2023-05-09 10:00:00,-6.9,45.7,100,3.0,1.0
2023-05-09 11:00:00,-6.9,44.2,94,14.0,0.94
2023-05-09 12:00:00,-7.1,42.3,88,17.0,0.88
2023-05-09 13:00:00,-7.2,40.5,100,7.0,1.0
2023-05-09 14:00:00,-7.2,38.0,100,0.0,1.0
2023-05-09 15:00:00,-7.2,37.2,100,0.0,1.0
2023-05-09 16:00:00,-7.5,37.3,100,0.0,1.0
2023-05-09 17:00:00,-7.9,38.5,30,0.0,0.3
2023-05-09 18:00:00,-8.2,39.5,50,0.0,0.5
2023-05-09 19:00:00,-8.2,40.2,96,0.0,0.96
2023-05-09 20:00:00,-8.3,41.5,100,0.0,1.0
2023-05-09 21:00:00,-8.3,41.4,97,0.0,0.97
2023-05-09 22:00:00,-8.3,40.8,94,0.0,0.94
2023-05-09 23:00:00,-8.0,40.6,95,0.0,0.95
2023-05-10 00:00:00,-7.4,33.3,72,0.0,0.72
2023-05-10 01:00:00,-6.6,32.5,100,0.0,1.0
2023-05-10 02:00:00,-6.5,31.4,100,0.0,1.0
2023-05-10 03:00:00,-7.0,33.0,96,0.0,0.96
2023-05-10 04:00:00,-7.4,32.6,100,0.0,1.0
2023-05-10 05:00:00,-7.1,32.4,100,0.0,1.0
2023-05-10 06:00:00,-7.0,31.7,100,0.0,1.0
2023-05-10 07:00:00,-6.8,31.4,100,0.0,1.0
2023-05-10 08:00:00,-6.7,31.4,100,0.0,1.0
2023-05-10 09:00:00,-6.2,31.2,100,0.0,1.0
2023-05-10 10:00:00,-6.0,31.6,100,1.0,1.0
2023-05-10 11:00:00,-5.9,32.8,100,8.0,1.0
2023-05-10 12:00:00,-6.1,34.1,100,8.0,1.0
2023-05-10 13:00:00,-6.2,34.3,100,3.0,1.0
2023-05-10 14:00:00,-6.3,36.3,100,0.0,1.0
2023-05-10 15:00:00,-6.4,37.7,100,0.0,1.0
2023-05-10 16:00:00,-6.5,37.6,100,0.0,1.0
2023-05-10 17:00:00,-6.6,36.7,100,0.0,1.0
2023-05-10 18:00:00,-6.6,35.6,100,0.0,1.0
2023-05-10 19:00:00,-6.7,35.7,100,0.0,1.0
2023-05-10 20:00:00,-6.7,35.5,100,0.0,1.0
2023-05-10 21:00:00,-6.8,34.4,100,0.0,1.0
2023-05-10 22:00:00,-6.8,34.0,100,0.0,1.0
2023-05-10 23:00:00,-6.9,34.5,100,0.0,1.0
2023-05-11 00:00:00,-7.0,36.3,100,0.0,1.0
2023-05-11 01:00:00,-7.1,35.3,100,0.0,1.0
2023-05-11 02:00:00,-7.2,34.2,100,0.0,1.0
2023-05-11 03:00:00,-7.3,34.3,100,0.0,1.0
2023-05-11 04:00:00,-7.5,33.5,100,0.0,1.0
2023-05-11 05:00:00,-7.7,33.0,100,0.0,1.0
2023-05-11 06:00:00,-7.9,32.6,100,0.0,1.0
2023-05-11 07:00:00,-8.1,32.5,100,0.0,1.0
2023-05-11 08:00:00,-8.3,32.8,100,0.0,1.0
2023-05-11 09:00:00,-8.4,33.6,100,0.0,1.0
2023-05-11 10:00:00,-8.6,34.6,100,0.0,1.0
2023-05-11 11:00:00,-8.7,35.5,100,4.0,1.0
2023-05-11 12:00:00,-9.1,38.1,100,6.0,1.0
2023-05-11 13:00:00,-9.2,39.1,100,1.0,1.0
2023-05-11 14:00:00,-9.3,39.7,100,0.0,1.0
2023-05-11 15:00:00,-9.4,39.4,100,0.0,1.0
2023-05-11 16:00:00,-9.5,39.5,100,0.0,1.0
2023-05-11 17:00:00,-9.6,40.2,100,0.0,1.0
2023-05-11 18:00:00,-9.6,41.8,100,0.0,1.0
2023-05-11 19:00:00,-9.6,43.4,100,0.0,1.0
2023-05-11 20:00:00,-9.7,43.8,100,0.0,1.0
2023-05-11 21:00:00,-9.6,43.9,100,0.0,1.0
2023-05-11 22:00:00,-9.6,44.1,100,0.0,1.0
2023-05-11 23:00:00,-9.5,44.8,100,0.0,1.0
2023-05-12 00:00:00,-9.5,49.7,100,0.0,1.0
2023-05-12 01:00:00,-9.3,51.3,100,0.0,1.0
2023-05-12 02:00:00,-9.1,53.4,100,0.0,1.0
2023-05-12 03:00:00,-9.1,56.1,100,0.0,1.0
2023-05-12 04:00:00,-9.3,58.8,100,0.0,1.0
2023-05-12 05:00:00,-9.3,61.0,100,0.0,1.0
2023-05-12 06:00:00,-9.3,62.3,100,0.0,1.0
2023-05-12 07:00:00,-9.3,63.0,100,0.0,1.0
2023-05-12 08:00:00,-9.2,63.4,100,0.0,1.0
2023-05-12 09:00:00,-9.2,64.2,100,0.0,1.0
2023-05-12 10:00:00,-9.0,64.7,100,0.0,1.0
2023-05-12 11:00:00,-8.8,64.1,100,5.0,1.0
2023-05-12 12:00:00,-8.2,64.8,100,7.0,1.0
2023-05-12 13:00:00,-7.9,62.5,100,1.0,1.0
2023-05-12 14:00:00,-7.7,59.3,100,0.0,1.0
2023-05-12 15:00:00,-7.2,53.9,100,0.0,1.0
2023-05-12 16:00:00,-7.0,48.5,100,0.0,1.0
2023-05-12 17:00:00,-6.8,43.8,100,0.0,1.0
2023-05-12 18:00:00,-6.5,39.8,100,0.0,1.0
2023-05-12 19:00:00,-6.5,36.2,100,0.0,1.0
2023-05-12 20:00:00,-6.7,30.4,100,0.0,1.0
2023-05-12 21:00:00,-7.0,28.4,100,0.0,1.0
2023-05-12 22:00:00,-6.5,32.5,100,0.0,1.0
2023-05-12 23:00:00,-6.7,22.0,100,0.0,1.0
2023-05-13 00:00:00,-7.7,16.6,100,0.0,1.0
2023-05-13 01:00:00,-8.7,18.4,100,0.0,1.0
2023-05-13 02:00:00,-8.6,21.0,100,0.0,1.0
2023-05-13 03:00:00,-8.6,19.7,100,0.0,1.0
2023-05-13 04:00:00,-8.8,26.0,44,0.0,0.44
2023-05-13 05:00:00,-9.6,29.6,0,0.0,0.0
2023-05-13 06:00:00,-9.8,30.4,0,0.0,0.0
2023-05-13 07:00:00,-10.1,30.7,0,0.0,0.0
2023-05-13 08:00:00,-10.1,28.0,0,0.0,0.0
2023-05-13 09:00:00,-10.7,24.1,0,0.0,0.0
2023-05-13 10:00:00,-11.9,18.8,0,0.0,0.0
2023-05-13 11:00:00,-14.3,16.3,0,5.0,0.0
2023-05-13 12:00:00,-10.3,25.7,0,7.0,0.0
2023-05-13 13:00:00,-14.1,21.1,0,1.0,0.0
2023-05-13 14:00:00,-16.7,22.4,0,0.0,0.0
2023-05-13 15:00:00,-16.5,20.9,0,0.0,0.0
2023-05-13 16:00:00,-16.2,20.5,0,0.0,0.0
2023-05-13 17:00:00,-15.3,14.3,0,0.0,0.0
2023-05-13 18:00:00,-9.8,4.0,0,0.0,0.0
2023-05-13 19:00:00,-11.0,1.8,0,0.0,0.0
2023-05-13 20:00:00,-11.1,6.4,0,0.0,0.0
2023-05-13 21:00:00,-15.2,10.2,0,0.0,0.0
2023-05-13 22:00:00,-15.3,11.4,0,0.0,0.0
2023-05-13 23:00:00,-10.8,4.0,0,0.0,0.0
2023-05-14 00:00:00,-17.4,13.2,0,0.0,0.0
2023-05-14 01:00:00,-15.0,22.1,0,0.0,0.0
2023-05-14 02:00:00,-12.9,37.6,0,0.0,0.0
2023-05-14 03:00:00,-13.7,39.1,0,0.0,0.0
2023-05-14 04:00:00,-13.9,37.7,0,0.0,0.0
2023-05-14 05:00:00,-13.8,34.8,0,0.0,0.0
2023-05-14 06:00:00,-13.5,31.5,0,0.0,0.0
2023-05-14 07:00:00,-13.1,29.6,68,0.0,0.68
2023-05-14 08:00:00,-12.6,27.2,82,0.0,0.82
2023-05-14 09:00:00,-12.9,26.5,82,0.0,0.82
2023-05-14 10:00:00,-13.2,28.8,31,0.0,0.31
2023-05-14 11:00:00,-13.1,29.8,63,3.0,0.63
2023-05-14 12:00:00,-12.6,32.4,86,5.0,0.86
2023-05-14 13:00:00,-12.4,33.6,100,0.0,1.0
2023-05-14 14:00:00,-12.1,33.4,100,0.0,1.0
2023-05-14 15:00:00,-11.7,34.7,100,0.0,1.0
2023-05-14 16:00:00,-11.6,36.1,100,0.0,1.0
2023-05-14 17:00:00,-11.6,37.4,100,0.0,1.0
2023-05-14 18:00:00,-11.6,39.8,100,0.0,1.0
2023-05-14 19:00:00,-11.6,41.1,100,0.0,1.0
2023-05-14 20:00:00,-11.5,42.7,100,0.0,1.0
2023-05-14 21:00:00,-11.5,42.6,100,0.0,1.0
2023-05-14 22:00:00,-11.4,42.8,100,0.0,1.0
2023-05-14 23:00:00,-11.0,41.0,100,0.0,1.0
2023-05-15 00:00:00,-10.7,42.3,100,0.0,1.0
2023-05-15 01:00:00,-10.7,37.1,100,0.0,1.0
2023-05-15 02:00:00,-11.0,33.4,100,0.0,1.0
2023-05-15 03:00:00,-11.9,33.3,92,0.0,0.92
2023-05-15 04:00:00,-12.9,33.3,97,0.0,0.97
2023-05-15 05:00:00,-13.0,33.2,83,0.0,0.83
2023-05-15 06:00:00,-12.8,33.8,95,0.0,0.95
2023-05-15 07:00:00,-13.0,31.6,89,0.0,0.89
2023-05-15 08:00:00,-13.1,29.5,100,0.0,1.0
2023-05-15 09:00:00,-12.9,30.2,100,0.0,1.0
2023-05-15 10:00:00,-12.8,30.2,100,0.0,1.0
2023-05-15 11:00:00,-13.2,30.9,100,1.0,1.0
2023-05-15 12:00:00,-13.4,34.9,41,2.0,0.41
2023-05-15 13:00:00,-14.1,34.0,0,0.0,0.0
2023-05-15 14:00:00,-14.4,34.9,0,0.0,0.0
2023-05-15 15:00:00,-14.3,33.3,0,0.0,0.0
2023-05-15 16:00:00,-14.5,32.5,0,0.0,0.0
2023-05-15 17:00:00,-14.8,30.4,0,0.0,0.0
2023-05-15 18:00:00,-15.0,29.4,0,0.0,0.0
2023-05-15 19:00:00,-14.8,31.0,0,0.0,0.0
2023-05-15 20:00:00,-15.1,32.9,0,0.0,0.0
2023-05-15 21:00:00,-15.5,32.0,0,0.0,0.0
2023-05-15 22:00:00,-16.0,31.8,0,0.0,0.0
2023-05-15 23:00:00,-16.2,32.1,0,0.0,0.0
2023-05-16 00:00:00,-15.1,31.4,0,0.0,0.0
2023-05-16 01:00:00,-14.6,34.2,0,0.0,0.0
2023-05-16 02:00:00,-14.5,36.3,0,0.0,0.0
2023-05-16 03:00:00,-15.2,35.9,0,0.0,0.0
2023-05-16 04:00:00,-15.7,35.4,0,0.0,0.0
2023-05-16 05:00:00,-16.0,35.3,0,0.0,0.0
2023-05-16 06:00:00,-16.2,34.2,0,0.0,0.0
2023-05-16 07:00:00,-16.4,32.0,7,0.0,0.07
2023-05-16 08:00:00,-16.5,31.7,0,0.0,0.0
2023-05-16 09:00:00,-16.3,30.0,0,0.0,0.0
2023-05-16 10:00:00,-16.4,27.9,1,0.0,0.01
2023-05-16 11:00:00,-16.6,27.4,0,0.0,0.0
2023-05-16 12:00:00,-16.9,24.9,0,1.0,0.0
2023-05-16 13:00:00,-16.7,23.4,0,0.0,0.0
2023-05-16 14:00:00,-16.5,23.7,0,0.0,0.0
2023-05-16 15:00:00,-15.6,25.8,0,0.0,0.0
2023-05-16 16:00:00,-14.8,29.6,0,0.0,0.0
2023-05-16 17:00:00,-14.7,28.9,0,0.0,0.0
2023-05-16 18:00:00,-14.9,27.7,0,0.0,0.0
2023-05-16 19:00:00,-15.3,29.4,0,0.0,0.0
2023-05-16 20:00:00,-15.2,32.8,0,0.0,0.0
2023-05-16 21:00:00,-15.3,32.9,0,0.0,0.0
2023-05-16 22:00:00,-15.7,32.1,0,0.0,0.0
2023-05-16 23:00:00,-16.1,31.4,0,0.0,0.0
2023-05-17 00:00:00,-15.3,35.4,0,0.0,0.0
2023-05-17 01:00:00,-14.9,34.0,0,0.0,0.0
2023-05-17 02:00:00,-14.8,31.0,65,0.0,0.65
2023-05-17 03:00:00,-14.7,30.9,51,0.0,0.51
2023-05-17 04:00:00,-14.7,29.6,74,0.0,0.74
2023-05-17 05:00:00,-15.2,26.5,91,0.0,0.91
2023-05-17 06:00:00,-15.4,25.2,90,0.0,0.9
2023-05-17 07:00:00,-15.6,23.2,87,0.0,0.87
2023-05-17 08:00:00,-16.2,21.6,64,0.0,0.64
2023-05-17 09:00:00,-17.0,19.1,79,0.0,0.79
2023-05-17 10:00:00,-17.5,18.4,96,0.0,0.96
2023-05-17 11:00:00,-17.8,16.7,99,0.0,0.99
2023-05-17 12:00:00,-19.5,14.5,100,0.0,1.0
2023-05-17 13:00:00,-18.5,9.5,95,0.0,0.95
2023-05-17 14:00:00,-13.7,7.0,93,0.0,0.93
2023-05-17 15:00:00,-13.1,4.6,100,0.0,1.0
2023-05-17 16:00:00,-13.1,3.4,100,0.0,1.0
2023-05-17 17:00:00,-13.5,2.5,100,0.0,1.0
2023-05-17 18:00:00,-13.8,2.3,100,0.0,1.0
2023-05-17 19:00:00,-13.3,2.0,100,0.0,1.0
2023-05-17 20:00:00,-13.3,1.1,100,0.0,1.0
2023-05-17 21:00:00,-13.1,3.7,100,0.0,1.0
2023-05-17 22:00:00,-12.2,2.3,100,0.0,1.0
2023-05-17 23:00:00,-12.3,1.0,100,0.0,1.0
2023-05-18 00:00:00,-13.0,6.7,100,0.0,1.0
2023-05-18 01:00:00,-12.6,2.8,100,0.0,1.0
2023-05-18 02:00:00,-13.3,2.6,100,0.0,1.0
2023-05-18 03:00:00,-13.6,2.6,100,0.0,1.0
2023-05-18 04:00:00,-16.7,8.0,100,0.0,1.0
2023-05-18 05:00:00,-16.3,15.5,100,0.0,1.0
2023-05-18 06:00:00,-15.5,18.3,100,0.0,1.0
2023-05-18 07:00:00,-15.3,18.3,100,0.0,1.0
2023-05-18 08:00:00,-15.2,18.6,100,0.0,1.0
2023-05-18 09:00:00,-15.2,18.9,100,0.0,1.0
2023-05-18 10:00:00,-15.3,19.0,100,0.0,1.0
2023-05-18 11:00:00,-15.4,22.9,100,0.0,1.0
2023-05-18 12:00:00,-15.5,19.7,100,0.0,1.0
2023-05-18 13:00:00,-15.0,21.6,100,0.0,1.0
2023-05-18 14:00:00,-14.3,23.7,100,0.0,1.0
2023-05-18 15:00:00,-13.8,25.8,100,0.0,1.0
2023-05-18 16:00:00,-13.7,26.1,100,0.0,1.0
2023-05-18 17:00:00,-14.0,26.9,100,0.0,1.0
2023-05-18 18:00:00,-14.0,27.7,100,0.0,1.0
2023-05-18 19:00:00,-13.7,28.8,100,0.0,1.0
2023-05-18 20:00:00,-13.6,30.6,100,0.0,1.0
2023-05-18 21:00:00,-13.6,31.7,100,0.0,1.0
2023-05-18 22:00:00,-13.6,32.7,100,0.0,1.0
2023-05-18 23:00:00,-13.6,33.8,100,0.0,1.0
2023-05-19 00:00:00,-13.4,34.0,100,0.0,1.0
2023-05-19 01:00:00,-13.3,32.0,100,0.0,1.0
2023-05-19 02:00:00,-12.6,29.8,100,0.0,1.0
2023-05-19 03:00:00,-12.0,33.0,100,0.0,1.0
2023-05-19 04:00:00,-12.8,38.0,100,0.0,1.0
2023-05-19 05:00:00,-13.1,36.4,100,0.0,1.0
2023-05-19 06:00:00,-12.8,33.8,100,0.0,1.0
2023-05-19 07:00:00,-12.8,33.0,100,0.0,1.0
2023-05-19 08:00:00,-12.9,34.1,100,0.0,1.0
2023-05-19 09:00:00,-12.9,34.8,100,0.0,1.0
2023-05-19 10:00:00,-12.8,34.6,100,0.0,1.0
2023-05-19 11:00:00,-12.7,33.4,100,0.0,1.0
2023-05-19 12:00:00,-12.7,33.7,100,0.0,1.0
2023-05-19 13:00:00,-12.6,33.6,100,0.0,1.0
2023-05-19 14:00:00,-12.6,32.7,100,0.0,1.0
2023-05-19 15:00:00,-12.8,31.4,100,0.0,1.0
2023-05-19 16:00:00,-12.7,31.1,100,0.0,1.0
2023-05-19 17:00:00,-12.6,28.8,100,0.0,1.0
2023-05-19 18:00:00,-12.5,27.1,100,0.0,1.0
2023-05-19 19:00:00,-12.2,24.5,100,0.0,1.0
2023-05-19 20:00:00,-12.3,18.3,100,0.0,1.0
2023-05-19 21:00:00,-13.1,12.7,100,0.0,1.0
2023-05-19 22:00:00,-13.6,12.1,100,0.0,1.0
2023-05-19 23:00:00,-13.8,14.0,100,0.0,1.0
2023-05-20 00:00:00,-14.2,14.7,100,0.0,1.0
2023-05-20 01:00:00,-13.4,16.7,100,0.0,1.0
2023-05-20 02:00:00,-12.1,18.4,100,0.0,1.0
2023-05-20 03:00:00,-11.7,19.5,100,0.0,1.0
2023-05-20 04:00:00,-11.8,20.2,100,0.0,1.0
2023-05-20 05:00:00,-11.5,20.2,100,0.0,1.0
2023-05-20 06:00:00,-11.8,19.5,100,0.0,1.0
2023-05-20 07:00:00,-11.8,18.0,100,0.0,1.0
2023-05-20 08:00:00,-11.6,17.0,100,0.0,1.0
2023-05-20 09:00:00,-11.2,18.7,100,0.0,1.0
2023-05-20 10:00:00,-10.9,20.7,100,0.0,1.0
2023-05-20 11:00:00,-10.7,22.2,100,0.0,1.0
2023-05-20 12:00:00,-10.9,28.2,100,0.0,1.0
2023-05-20 13:00:00,-10.8,26.8,100,0.0,1.0
2023-05-20 14:00:00,-10.8,26.7,100,0.0,1.0
2023-05-20 15:00:00,-11.0,28.5,100,0.0,1.0
2023-05-20 16:00:00,-11.2,29.5,100,0.0,1.0
2023-05-20 17:00:00,-11.5,27.9,100,0.0,1.0
2023-05-20 18:00:00,-11.7,26.0,98,0.0,0.98
2023-05-20 19:00:00,-12.1,24.1,97,0.0,0.97
2023-05-20 20:00:00,-12.2,22.8,96,0.0,0.96
2023-05-20 21:00:00,-13.0,21.4,98,0.0,0.98
2023-05-20 22:00:00,-13.6,19.3,85,0.0,0.85
2023-05-20 23:00:00,-14.3,17.7,81,0.0,0.81
2023-05-21 00:00:00,-13.8,16.0,89,0.0,0.89
2023-05-21 01:00:00,-13.9,15.0,94,0.0,0.94
2023-05-21 02:00:00,-15.0,14.8,84,0.0,0.84
2023-05-21 03:00:00,-15.6,14.8,74,0.0,0.74
2023-05-21 04:00:00,-16.0,14.5,78,0.0,0.78
2023-05-21 05:00:00,-16.1,14.6,70,0.0,0.7
2023-05-21 06:00:00,-16.9,14.2,66,0.0,0.66
2023-05-21 07:00:00,-16.6,13.3,94,0.0,0.94
2023-05-21 08:00:00,-15.9,13.1,100,0.0,1.0
2023-05-21 09:00:00,-15.4,14.1,100,0.0,1.0
2023-05-21 10:00:00,-15.3,16.4,100,0.0,1.0
2023-05-21 11:00:00,-15.3,20.3,100,0.0,1.0
2023-05-21 12:00:00,-15.2,26.0,100,0.0,1.0
2023-05-21 13:00:00,-15.4,27.3,99,0.0,0.99
2023-05-21 14:00:00,-15.4,29.0,100,0.0,1.0
2023-05-21 15:00:00,-15.6,30.1,97,0.0,0.97
2023-05-21 16:00:00,-15.7,33.6,100,0.0,1.0
2023-05-21 17:00:00,-15.7,38.0,100,0.0,1.0
2023-05-21 18:00:00,-15.3,37.5,100,0.0,1.0
2023-05-21 19:00:00,-15.2,38.3,100,0.0,1.0
2023-05-21 20:00:00,-15.1,39.5,100,0.0,1.0
2023-05-21 21:00:00,-15.0,36.9,100,0.0,1.0
2023-05-21 22:00:00,-14.6,37.3,100,0.0,1.0
2023-05-21 23:00:00,-14.2,40.5,100,0.0,1.0
2023-05-22 00:00:00,-13.8,41.2,100,0.0,1.0
2023-05-22 01:00:00,-13.6,42.7,100,0.0,1.0
2023-05-22 02:00:00,-13.6,44.2,100,0.0,1.0
2023-05-22 03:00:00,-13.7,43.9,100,0.0,1.0
2023-05-22 04:00:00,-13.7,41.5,100,0.0,1.0
2023-05-22 05:00:00,-13.6,41.0,100,0.0,1.0
2023-05-22 06:00:00,-13.6,42.1,100,0.0,1.0
2023-05-22 07:00:00,-13.4,43.4,100,0.0,1.0
2023-05-22 08:00:00,-13.2,43.3,100,0.0,1.0
2023-05-22 09:00:00,-13.1,42.1,100,0.0,1.0
2023-05-22 10:00:00,-12.9,41.0,100,0.0,1.0
2023-05-22 11:00:00,-12.7,41.0,100,0.0,1.0
2023-05-22 12:00:00,-12.8,39.3,100,0.0,1.0
2023-05-22 13:00:00,-12.7,38.5,100,0.0,1.0
2023-05-22 14:00:00,-12.5,37.5,100,0.0,1.0
2023-05-22 15:00:00,-12.4,37.8,100,0.0,1.0
2023-05-22 16:00:00,-12.4,38.4,100,0.0,1.0
2023-05-22 17:00:00,-12.2,38.3,100,0.0,1.0
2023-05-22 18:00:00,-12.0,37.7,100,0.0,1.0
2023-05-22 19:00:00,-11.8,36.0,100,0.0,1.0
2023-05-22 20:00:00,-11.7,33.8,100,0.0,1.0
2023-05-22 21:00:00,-11.7,33.2,100,0.0,1.0
2023-05-22 22:00:00,-11.6,33.6,100,0.0,1.0
2023-05-22 23:00:00,-11.5,33.4,100,0.0,1.0
2023-05-23 00:00:00,-12.1,37.6,100,0.0,1.0
2023-05-23 01:00:00,-12.0,35.6,100,0.0,1.0
2023-05-23 02:00:00,-11.7,34.5,100,0.0,1.0
2023-05-23 03:00:00,-11.4,34.0,100,0.0,1.0
2023-05-23 04:00:00,-11.2,33.8,100,0.0,1.0
2023-05-23 05:00:00,-10.9,37.2,100,0.0,1.0
2023-05-23 06:00:00,-10.7,40.0,100,0.0,1.0
2023-05-23 07:00:00,-10.6,42.3,100,0.0,1.0
2023-05-23 08:00:00,-10.6,45.3,100,0.0,1.0
2023-05-23 09:00:00,-10.9,48.8,100,0.0,1.0
2023-05-23 10:00:00,-11.1,51.9,100,0.0,1.0
2023-05-23 11:00:00,-11.3,51.3,100,0.0,1.0
2023-05-23 12:00:00,-11.9,51.6,100,0.0,1.0
2023-05-23 13:00:00,-11.9,51.2,100,0.0,1.0
2023-05-23 14:00:00,-12.0,51.7,100,0.0,1.0
2023-05-23 15:00:00,-12.1,52.7,100,0.0,1.0
2023-05-23 16:00:00,-12.3,53.9,100,0.0,1.0
2023-05-23 17:00:00,-12.4,55.1,100,0.0,1.0
2023-05-23 18:00:00,-12.7,55.8,97,0.0,0.97
2023-05-23 19:00:00,-12.7,53.9,88,0.0,0.88
2023-05-23 20:00:00,-11.5,56.0,100,0.0,1.0
2023-05-23 21:00:00,-10.5,61.8,100,0.0,1.0
2023-05-23 22:00:00,-10.0,65.0,100,0.0,1.0
2023-05-23 23:00:00,-9.6,67.3,100,0.0,1.0
2023-05-24 00:00:00,-9.4,73.6,100,0.0,1.0
2023-05-24 01:00:00,-9.2,74.5,100,0.0,1.0
2023-05-24 02:00:00,-8.9,74.8,100,0.0,1.0
2023-05-24 03:00:00,-8.8,74.2,100,0.0,1.0
2023-05-24 04:00:00,-8.6,71.3,100,0.0,1.0
2023-05-24 05:00:00,-8.5,70.8,100,0.0,1.0
2023-05-24 06:00:00,-8.4,73.9,100,0.0,1.0
2023-05-24 07:00:00,-8.4,72.3,100,0.0,1.0
2023-05-24 08:00:00,-8.4,66.9,100,0.0,1.0
2023-05-24 09:00:00,-8.3,69.6,100,0.0,1.0
2023-05-24 10:00:00,-8.2,73.8,100,0.0,1.0
2023-05-24 11:00:00,-8.1,76.4,100,0.0,1.0
2023-05-24 12:00:00,-8.1,75.6,100,0.0,1.0
2023-05-24 13:00:00,-8.1,69.3,100,0.0,1.0
2023-05-24 14:00:00,-8.0,72.8,100,0.0,1.0
2023-05-24 15:00:00,-8.1,73.3,100,0.0,1.0
2023-05-24 16:00:00,-8.3,70.7,100,0.0,1.0
2023-05-24 17:00:00,-8.3,70.7,100,0.0,1.0
2023-05-24 18:00:00,-8.4,67.0,100,0.0,1.0
2023-05-24 19:00:00,-8.3,67.2,100,0.0,1.0
2023-05-24 20:00:00,-8.4,67.6,100,0.0,1.0
2023-05-24 21:00:00,-8.4,64.2,100,0.0,1.0
2023-05-24 22:00:00,-8.2,56.9,100,0.0,1.0
2023-05-24 23:00:00,-8.0,62.3,100,0.0,1.0
2023-05-25 00:00:00,-7.7,60.6,100,0.0,1.0
2023-05-25 01:00:00,-7.7,53.2,100,0.0,1.0
2023-05-25 02:00:00,-7.5,58.2,100,0.0,1.0
2023-05-25 03:00:00,-7.4,59.7,100,0.0,1.0
2023-05-25 04:00:00,-7.5,53.5,100,0.0,1.0
2023-05-25 05:00:00,-7.4,57.5,100,0.0,1.0
2023-05-25 06:00:00,-7.2,60.5,100,0.0,1.0
2023-05-25 07:00:00,-7.2,57.8,100,0.0,1.0
2023-05-25 08:00:00,-7.1,62.5,100,0.0,1.0
2023-05-25 09:00:00,-7.2,60.2,100,0.0,1.0
2023-05-25 10:00:00,-7.0,60.6,100,0.0,1.0
2023-05-25 11:00:00,-7.0,61.0,100,0.0,1.0
2023-05-25 12:00:00,-6.9,62.4,100,0.0,1.0
2023-05-25 13:00:00,-6.6,62.4,100,0.0,1.0
2023-05-25 14:00:00,-6.7,56.5,100,0.0,1.0
2023-05-25 15:00:00,-7.2,49.9,100,0.0,1.0
2023-05-25 16:00:00,-7.2,46.1,100,0.0,1.0
2023-05-25 17:00:00,-7.3,42.4,100,0.0,1.0
2023-05-25 18:00:00,-7.3,40.5,100,0.0,1.0
2023-05-25 19:00:00,-7.4,39.2,100,0.0,1.0
2023-05-25 20:00:00,-7.7,38.5,100,0.0,1.0
2023-05-25 21:00:00,-8.1,35.3,100,0.0,1.0
2023-05-25 22:00:00,-8.4,35.7,100,0.0,1.0
2023-05-25 23:00:00,-8.7,37.8,100,0.0,1.0
2023-05-26 00:00:00,-9.3,43.6,100,0.0,1.0
2023-05-26 01:00:00,-9.3,43.5,100,0.0,1.0
2023-05-26 02:00:00,-9.2,44.3,98,0.0,0.98
2023-05-26 03:00:00,-9.3,45.8,92,0.0,0.92
2023-05-26 04:00:00,-9.3,46.7,100,0.0,1.0
2023-05-26 05:00:00,-9.2,48.8,100,0.0,1.0
2023-05-26 06:00:00,-9.2,51.0,100,0.0,1.0
2023-05-26 07:00:00,-9.1,52.4,100,0.0,1.0
2023-05-26 08:00:00,-8.7,53.5,100,0.0,1.0
2023-05-26 09:00:00,-8.3,56.2,100,0.0,1.0
2023-05-26 10:00:00,-8.2,59.1,100,0.0,1.0
2023-05-26 11:00:00,-8.0,60.6,100,0.0,1.0
2023-05-26 12:00:00,-7.6,60.1,100,0.0,1.0
2023-05-26 13:00:00,-7.2,61.9,100,0.0,1.0
2023-05-26 14:00:00,-6.9,63.7,100,0.0,1.0
2023-05-26 15:00:00,-6.4,62.2,100,0.0,1.0
2023-05-26 16:00:00,-6.1,61.8,100,0.0,1.0
2023-05-26 17:00:00,-5.9,62.5,100,0.0,1.0
2023-05-26 18:00:00,-5.7,63.8,100,0.0,1.0
2023-05-26 19:00:00,-5.6,64.6,100,0.0,1.0
2023-05-26 20:00:00,-5.5,64.8,100,0.0,1.0
2023-05-26 21:00:00,-5.5,64.8,100,0.0,1.0
2023-05-26 22:00:00,-5.5,65.7,100,0.0,1.0
2023-05-26 23:00:00,-5.4,66.0,100,0.0,1.0
2023-05-27 00:00:00,-4.7,66.7,100,0.0,1.0
2023-05-27 01:00:00,-4.7,66.2,100,0.0,1.0
2023-05-27 02:00:00,-4.8,65.2,100,0.0,1.0
2023-05-27 03:00:00,-4.8,64.6,100,0.0,1.0
2023-05-27 04:00:00,-4.9,64.3,100,0.0,1.0
2023-05-27 05:00:00,-5.0,63.8,100,0.0,1.0
2023-05-27 06:00:00,-5.1,63.2,100,0.0,1.0
2023-05-27 07:00:00,-5.1,61.9,100,0.0,1.0
2023-05-27 08:00:00,-5.1,61.0,100,0.0,1.0
2023-05-27 09:00:00,-5.1,59.3,100,0.0,1.0
2023-05-27 10:00:00,-5.0,58.3,100,0.0,1.0
2023-05-27 11:00:00,-4.9,57.2,100,0.0,1.0
2023-05-27 12:00:00,-4.8,53.0,100,0.0,1.0
2023-05-27 13:00:00,-4.4,51.4,100,0.0,1.0
2023-05-27 14:00:00,-4.1,49.1,100,0.0,1.0
2023-05-27 15:00:00,-3.8,46.1,100,0.0,1.0
2023-05-27 16:00:00,-3.7,44.6,100,0.0,1.0
2023-05-27 17:00:00,-3.8,43.1,100,0.0,1.0
2023-05-27 18:00:00,-4.0,40.6,100,0.0,1.0
2023-05-27 19:00:00,-4.4,38.2,94,0.0,0.94
2023-05-27 20:00:00,-4.7,37.6,75,0.0,0.75
2023-05-27 21:00:00,-4.9,37.2,59,0.0,0.59
2023-05-27 22:00:00,-5.1,35.2,59,0.0,0.59
2023-05-27 23:00:00,-5.4,33.3,79,0.0,0.79
2023-05-28 00:00:00,-5.4,37.6,67,0.0,0.67
2023-05-28 01:00:00,-5.6,35.0,80,0.0,0.8
2023-05-28 02:00:00,-5.6,34.4,94,0.0,0.94
2023-05-28 03:00:00,-5.8,32.6,81,0.0,0.81
2023-05-28 04:00:00,-6.1,30.5,98,0.0,0.98
2023-05-28 05:00:00,-6.9,26.4,7,0.0,0.07
2023-05-28 06:00:00,-7.5,25.7,3,0.0,0.03
2023-05-28 07:00:00,-8.0,23.6,73,0.0,0.73
2023-05-28 08:00:00,-8.4,21.5,99,0.0,0.99
2023-05-28 09:00:00,-8.5,20.1,80,0.0,0.8
2023-05-28 10:00:00,-9.5,18.9,73,0.0,0.73
2023-05-28 11:00:00,-9.7,19.4,5,0.0,0.05
2023-05-28 12:00:00,-9.7,19.9,0,0.0,0.0
2023-05-28 13:00:00,-9.2,22.3,10,0.0,0.1
2023-05-28 14:00:00,-8.7,26.6,0,0.0,0.0
2023-05-28 15:00:00,-8.8,29.0,0,0.0,0.0
2023-05-28 16:00:00,-9.1,30.9,0,0.0,0.0
2023-05-28 17:00:00,-9.4,32.6,0,0.0,0.0
2023-05-28 18:00:00,-10.0,32.0,0,0.0,0.0
2023-05-28 19:00:00,-10.4,32.6,0,0.0,0.0
2023-05-28 20:00:00,-10.7,33.5,21,0.0,0.21
2023-05-28 21:00:00,-11.1,33.4,29,0.0,0.29
2023-05-28 22:00:00,-11.5,33.2,25,0.0,0.25
2023-05-28 23:00:00,-11.8,32.9,0,0.0,0.0
2023-05-29 00:00:00,-11.8,34.9,0,0.0,0.0
2023-05-29 01:00:00,-12.1,33.7,0,0.0,0.0
2023-05-29 02:00:00,-12.5,33.8,0,0.0,0.0
2023-05-29 03:00:00,-12.8,33.3,0,0.0,0.0
2023-05-29 04:00:00,-12.9,33.1,0,0.0,0.0
2023-05-29 05:00:00,-13.2,33.7,0,0.0,0.0
2023-05-29 06:00:00,-13.3,34.2,0,0.0,0.0
2023-05-29 07:00:00,-13.5,32.3,0,0.0,0.0
2023-05-29 08:00:00,-13.6,32.2,48,0.0,0.48
2023-05-29 09:00:00,-13.2,32.2,100,0.0,1.0
2023-05-29 10:00:00,-13.3,32.7,86,0.0,0.86
2023-05-29 11:00:00,-13.4,34.8,81,0.0,0.81
2023-05-29 12:00:00,-13.6,36.3,91,0.0,0.91
2023-05-29 13:00:00,-13.7,37.5,100,0.0,1.0
2023-05-29 14:00:00,-13.9,37.3,100,0.0,1.0
2023-05-29 15:00:00,-14.0,37.6,100,0.0,1.0
2023-05-29 16:00:00,-14.0,38.3,100,0.0,1.0
2023-05-29 17:00:00,-14.0,39.3,100,0.0,1.0
2023-05-29 18:00:00,-14.2,39.8,100,0.0,1.0
2023-05-29 19:00:00,-14.1,41.0,100,0.0,1.0
2023-05-29 20:00:00,-14.2,41.1,100,0.0,1.0
2023-05-29 21:00:00,-14.2,40.9,100,0.0,1.0
2023-05-29 22:00:00,-14.1,41.1,100,0.0,1.0
2023-05-29 23:00:00,-14.2,41.4,100,0.0,1.0
2023-05-30 00:00:00,-14.6,43.0,100,0.0,1.0
2023-05-30 01:00:00,-14.7,42.8,100,0.0,1.0
2023-05-30 02:00:00,-14.7,41.7,100,0.0,1.0
2023-05-30 03:00:00,-14.6,41.1,100,0.0,1.0
2023-05-30 04:00:00,-14.5,40.8,100,0.0,1.0
2023-05-30 05:00:00,-14.5,41.4,100,0.0,1.0
2023-05-30 06:00:00,-14.6,42.1,100,0.0,1.0
2023-05-30 07:00:00,-14.6,43.0,100,0.0,1.0
2023-05-30 08:00:00,-14.5,44.6,100,0.0,1.0
2023-05-30 09:00:00,-14.3,45.9,100,0.0,1.0
2023-05-30 10:00:00,-14.1,46.1,100,0.0,1.0
2023-05-30 11:00:00,-13.5,46.7,100,0.0,1.0
2023-05-30 12:00:00,-13.7,45.0,100,0.0,1.0
2023-05-30 13:00:00,-13.1,44.8,100,0.0,1.0
2023-05-30 14:00:00,-12.9,45.0,100,0.0,1.0
2023-05-30 15:00:00,-12.7,45.0,100,0.0,1.0
2023-05-30 16:00:00,-12.6,44.8,100,0.0,1.0
2023-05-30 17:00:00,-12.4,44.5,100,0.0,1.0
2023-05-30 18:00:00,-12.4,45.0,100,0.0,1.0
2023-05-30 19:00:00,-12.4,45.0,100,0.0,1.0
2023-05-30 20:00:00,-12.2,45.1,100,0.0,1.0
2023-05-30 21:00:00,-12.0,45.6,100,0.0,1.0
2023-05-30 22:00:00,-12.0,45.6,100,0.0,1.0
2023-05-30 23:00:00,-12.0,45.2,100,0.0,1.0
2023-05-31 00:00:00,-12.1,44.8,100,0.0,1.0
2023-05-31 01:00:00,-12.1,44.6,100,0.0,1.0
2023-05-31 02:00:00,-12.1,44.1,100,0.0,1.0
2023-05-31 03:00:00,-12.1,44.0,100,0.0,1.0
2023-05-31 04:00:00,-12.1,43.5,100,0.0,1.0
2023-05-31 05:00:00,-12.1,42.7,100,0.0,1.0
2023-05-31 06:00:00,-12.1,42.2,100,0.0,1.0
2023-05-31 07:00:00,-12.1,41.3,100,0.0,1.0
2023-05-31 08:00:00,-12.2,40.5,100,0.0,1.0
2023-05-31 09:00:00,-12.3,39.8,100,0.0,1.0
2023-05-31 10:00:00,-12.2,39.2,100,0.0,1.0
2023-05-31 11:00:00,-12.2,38.7,100,0.0,1.0
2023-05-31 12:00:00,-12.4,36.6,100,0.0,1.0
2023-05-31 13:00:00,-12.2,36.3,100,0.0,1.0
2023-05-31 14:00:00,-12.1,35.4,100,0.0,1.0
2023-05-31 15:00:00,-12.1,34.0,100,0.0,1.0
2023-05-31 16:00:00,-12.0,32.9,100,0.0,1.0
2023-05-31 17:00:00,-12.0,32.1,100,0.0,1.0
2023-05-31 18:00:00,-12.0,32.0,100,0.0,1.0
2023-05-31 19:00:00,-12.0,33.2,100,0.0,1.0
2023-05-31 20:00:00,-12.0,33.7,100,0.0,1.0
2023-05-31 21:00:00,-12.0,34.1,100,0.0,1.0
2023-05-31 22:00:00,-12.0,33.0,100,0.0,1.0
2023-05-31 23:00:00,-11.9,31.9,100,0.0,1.0
2023-06-01 00:00:00,-11.7,29.0,100,0.0,1.0
2023-06-01 01:00:00,-11.9,27.2,100,0.0,1.0
2023-06-01 02:00:00,-12.3,26.5,100,0.0,1.0
2023-06-01 03:00:00,-12.5,25.7,100,0.0,1.0
2023-06-01 04:00:00,-12.7,24.2,100,0.0,1.0
2023-06-01 05:00:00,-13.3,22.4,100,0.0,1.0
2023-06-01 06:00:00,-14.0,21.6,100,0.0,1.0
2023-06-01 07:00:00,-14.0,21.2,100,0.0,1.0
2023-06-01 08:00:00,-14.3,20.7,100,0.0,1.0
2023-06-01 09:00:00,-14.8,20.4,100,0.0,1.0
2023-06-01 10:00:00,-15.1,19.9,93,0.0,0.93
2023-06-01 11:00:00,-15.4,19.2,100,0.0,1.0
2023-06-01 12:00:00,-15.9,16.9,98,0.0,0.98
2023-06-01 13:00:00,-16.3,14.6,86,0.0,0.86
2023-06-01 14:00:00,-17.1,13.7,1,0.0,0.01
2023-06-01 15:00:00,-18.0,12.2,1,0.0,0.01
2023-06-01 16:00:00,-18.0,9.2,0,0.0,0.0
2023-06-01 17:00:00,-16.0,6.4,0,0.0,0.0
2023-06-01 18:00:00,-17.8,7.5,0,0.0,0.0
2023-06-01 19:00:00,-16.2,5.2,0,0.0,0.0
2023-06-01 20:00:00,-16.2,2.9,0,0.0,0.0
2023-06-01 21:00:00,-16.7,2.3,0,0.0,0.0
2023-06-01 22:00:00,-17.1,3.8,0,0.0,0.0
2023-06-01 23:00:00,-21.2,14.1,0,0.0,0.0
2023-06-02 00:00:00,-21.9,10.0,0,0.0,0.0
2023-06-02 01:00:00,-21.4,8.3,0,0.0,0.0
2023-06-02 02:00:00,-21.8,13.5,0,0.0,0.0
2023-06-02 03:00:00,-19.0,23.3,0,0.0,0.0
2023-06-02 04:00:00,-18.4,28.8,0,0.0,0.0
2023-06-02 05:00:00,-18.8,28.3,71,0.0,0.71
2023-06-02 06:00:00,-19.1,28.7,85,0.0,0.85
2023-06-02 07:00:00,-19.0,31.2,83,0.0,0.83
2023-06-02 08:00:00,-19.1,32.5,51,0.0,0.51
2023-06-02 09:00:00,-19.2,32.7,69,0.0,0.69
2023-06-02 10:00:00,-19.4,32.5,84,0.0,0.84
2023-06-02 11:00:00,-19.2,33.2,74,0.0,0.74
2023-06-02 12:00:00,-19.2,34.2,71,0.0,0.71
2023-06-02 13:00:00,-19.0,34.0,84,0.0,0.84
2023-06-02 14:00:00,-18.9,33.0,85,0.0,0.85
2023-06-02 15:00:00,-18.9,32.2,92,0.0,0.92
2023-06-02 16:00:00,-18.9,32.5,66,0.0,0.66
2023-06-02 17:00:00,-18.7,33.4,30,0.0,0.3
2023-06-02 18:00:00,-18.6,34.0,57,0.0,0.57
2023-06-02 19:00:00,-18.4,33.9,33,0.0,0.33
2023-06-02 20:00:00,-18.2,32.7,52,0.0,0.52
2023-06-02 21:00:00,-18.2,31.1,79,0.0,0.79
2023-06-02 22:00:00,-18.1,30.6,22,0.0,0.22
2023-06-02 23:00:00,-17.9,31.2,14,0.0,0.14
2023-06-03 00:00:00,-17.0,32.7,31,0.0,0.31
2023-06-03 01:00:00,-16.9,31.7,43,0.0,0.43
2023-06-03 02:00:00,-17.2,28.3,84,0.0,0.84
2023-06-03 03:00:00,-17.5,27.0,45,0.0,0.45
2023-06-03 04:00:00,-17.5,26.7,43,0.0,0.43
2023-06-03 05:00:00,-17.6,25.7,93,0.0,0.93
2023-06-03 06:00:00,-17.8,24.4,35,0.0,0.35
2023-06-03 07:00:00,-18.3,22.4,74,0.0,0.74
2023-06-03 08:00:00,-19.0,20.3,71,0.0,0.71
2023-06-03 09:00:00,-20.0,18.7,67,0.0,0.67
2023-06-03 10:00:00,-20.7,16.3,100,0.0,1.0
2023-06-03 11:00:00,-20.9,13.6,97,0.0,0.97
2023-06-03 12:00:00,-21.5,12.2,100,0.0,1.0
2023-06-03 13:00:00,-20.8,10.5,100,0.0,1.0
2023-06-03 14:00:00,-15.8,5.4,100,0.0,1.0
2023-06-03 15:00:00,-18.3,8.3,100,0.0,1.0
2023-06-03 16:00:00,-20.7,11.2,100,0.0,1.0
2023-06-03 17:00:00,-20.7,10.2,98,0.0,0.98
2023-06-03 18:00:00,-20.9,10.1,100,0.0,1.0
2023-06-03 19:00:00,-20.2,8.6,100,0.0,1.0
2023-06-03 20:00:00,-19.7,7.6,100,0.0,1.0
2023-06-03 21:00:00,-19.0,5.8,100,0.0,1.0
2023-06-03 22:00:00,-18.5,3.1,100,0.0,1.0
2023-06-03 23:00:00,-18.6,2.9,100,0.0,1.0
2023-06-04 00:00:00,-21.5,6.7,100,0.0,1.0
2023-06-04 01:00:00,-19.6,2.3,100,0.0,1.0
2023-06-04 02:00:00,-19.4,2.6,100,0.0,1.0
2023-06-04 03:00:00,-19.7,5.1,100,0.0,1.0
2023-06-04 04:00:00,-21.6,6.5,100,0.0,1.0
2023-06-04 05:00:00,-22.9,9.6,100,0.0,1.0
2023-06-04 06:00:00,-22.6,12.1,100,0.0,1.0
2023-06-04 07:00:00,-22.8,13.6,100,0.0,1.0
2023-06-04 08:00:00,-23.2,15.5,100,0.0,1.0
2023-06-04 09:00:00,-23.4,16.9,100,0.0,1.0
2023-06-04 10:00:00,-23.8,16.7,100,0.0,1.0
2023-06-04 11:00:00,-24.1,15.5,100,0.0,1.0
2023-06-04 12:00:00,-24.1,16.8,99,0.0,0.99
2023-06-04 13:00:00,-24.5,16.5,38,0.0,0.38
2023-06-04 14:00:00,-24.2,17.9,37,0.0,0.37
2023-06-04 15:00:00,-24.0,18.7,72,0.0,0.72
2023-06-04 16:00:00,-23.6,19.5,50,0.0,0.5
2023-06-04 17:00:00,-23.5,20.5,0,0.0,0.0
2023-06-04 18:00:00,-24.3,20.5,8,0.0,0.08
2023-06-04 19:00:00,-24.8,20.5,29,0.0,0.29
2023-06-04 20:00:00,-24.9,20.8,11,0.0,0.11
2023-06-04 21:00:00,-24.8,20.6,13,0.0,0.13
2023-06-04 22:00:00,-24.6,21.6,10,0.0,0.1
2023-06-04 23:00:00,-23.7,21.8,10,0.0,0.1
2023-06-05 00:00:00,-23.6,27.0,15,0.0,0.15
2023-06-05 01:00:00,-23.2,23.5,23,0.0,0.23
2023-06-05 02:00:00,-23.5,22.1,29,0.0,0.29
2023-06-05 03:00:00,-22.7,25.0,19,0.0,0.19
2023-06-05 04:00:00,-22.7,26.2,1,0.0,0.01
2023-06-05 05:00:00,-22.6,26.8,81,0.0,0.81
2023-06-05 06:00:00,-21.3,32.6,100,0.0,1.0
2023-06-05 07:00:00,-20.3,39.3,97,0.0,0.97
2023-06-05 08:00:00,-19.6,44.2,100,0.0,1.0
2023-06-05 09:00:00,-18.7,46.4,100,0.0,1.0
2023-06-05 10:00:00,-18.1,48.5,100,0.0,1.0
2023-06-05 11:00:00,-17.5,50.3,100,0.0,1.0
2023-06-05 12:00:00,-16.5,52.4,100,0.0,1.0
2023-06-05 13:00:00,-16.0,51.8,100,0.0,1.0
2023-06-05 14:00:00,-15.9,50.7,100,0.0,1.0
2023-06-05 15:00:00,-16.2,49.6,100,0.0,1.0
2023-06-05 16:00:00,-16.6,49.9,100,0.0,1.0
2023-06-05 17:00:00,-16.8,50.8,100,0.0,1.0
2023-06-05 18:00:00,-16.9,51.6,99,0.0,0.99
2023-06-05 19:00:00,-16.8,50.2,100,0.0,1.0
2023-06-05 20:00:00,-16.6,49.6,100,0.0,1.0
2023-06-05 21:00:00,-16.6,50.6,96,0.0,0.96
2023-06-05 22:00:00,-16.5,51.4,83,0.0,0.83
2023-06-05 23:00:00,-16.4,49.8,83,0.0,0.83
2023-06-06 00:00:00,-15.3,50.7,74,0.0,0.74
2023-06-06 01:00:00,-15.2,48.7,62,0.0,0.62
2023-06-06 02:00:00,-14.8,47.0,26,0.0,0.26
2023-06-06 03:00:00,-14.5,44.9,100,0.0,1.0
2023-06-06 04:00:00,-13.5,40.7,100,0.0,1.0
2023-06-06 05:00:00,-12.7,37.8,100,0.0,1.0
2023-06-06 06:00:00,-12.7,39.8,100,0.0,1.0
2023-06-06 07:00:00,-12.4,47.6,100,0.0,1.0
2023-06-06 08:00:00,-12.4,48.2,99,0.0,0.99
2023-06-06 09:00:00,-13.0,46.1,96,0.0,0.96
2023-06-06 10:00:00,-13.5,44.7,29,0.0,0.29
2023-06-06 11:00:00,-13.5,47.6,41,0.0,0.41
2023-06-06 12:00:00,-12.3,48.2,11,0.0,0.11
2023-06-06 13:00:00,-12.1,50.5,95,0.0,0.95
2023-06-06 14:00:00,-11.4,50.2,100,0.0,1.0
2023-06-06 15:00:00,-10.7,49.4,100,0.0,1.0
2023-06-06 16:00:00,-10.5,50.2,100,0.0,1.0
2023-06-06 17:00:00,-10.3,48.9,100,0.0,1.0
2023-06-06 18:00:00,-10.2,47.7,100,0.0,1.0
2023-06-06 19:00:00,-10.0,47.2,100,0.0,1.0
2023-06-06 20:00:00,-9.8,49.0,100,0.0,1.0
2023-06-06 21:00:00,-9.6,53.5,100,0.0,1.0
2023-06-06 22:00:00,-9.6,49.5,100,0.0,1.0
2023-06-06 23:00:00,-9.6,48.2,100,0.0,1.0
2023-06-07 00:00:00,-8.8,54.5,100,0.0,1.0
2023-06-07 01:00:00,-9.1,54.4,100,0.0,1.0
2023-06-07 02:00:00,-9.7,54.2,65,0.0,0.65
2023-06-07 03:00:00,-10.1,53.6,50,0.0,0.5
2023-06-07 04:00:00,-9.8,53.7,55,0.0,0.55
2023-06-07 05:00:00,-9.3,57.1,92,0.0,0.92
2023-06-07 06:00:00,-8.9,62.3,100,0.0,1.0
2023-06-07 07:00:00,-9.0,57.5,45,0.0,0.45
2023-06-07 08:00:00,-9.7,54.3,96,0.0,0.96
2023-06-07 09:00:00,-9.8,48.3,59,0.0,0.59
2023-06-07 10:00:00,-10.0,43.0,80,0.0,0.8
2023-06-07 11:00:00,-9.5,40.3,100,0.0,1.0
2023-06-07 12:00:00,-10.5,30.4,97,0.0,0.97
2023-06-07 13:00:00,-10.5,27.8,99,0.0,0.99
2023-06-07 14:00:00,-10.5,27.0,100,0.0,1.0
2023-06-07 15:00:00,-9.9,26.3,100,0.0,1.0
2023-06-07 16:00:00,-10.8,21.6,96,0.0,0.96
2023-06-07 17:00:00,-11.1,18.3,100,0.0,1.0
2023-06-07 18:00:00,-10.9,16.8,100,0.0,1.0
2023-06-07 19:00:00,-8.3,33.6,100,0.0,1.0
2023-06-07 20:00:00,-7.0,48.9,100,0.0,1.0
2023-06-07 21:00:00,-6.5,56.0,100,0.0,1.0
2023-06-07 22:00:00,-6.4,60.3,100,0.0,1.0
2023-06-07 23:00:00,-6.3,60.4,100,0.0,1.0
2023-06-08 00:00:00,-6.1,59.3,100,0.0,1.0
2023-06-08 01:00:00,-5.9,57.8,100,0.0,1.0
2023-06-08 02:00:00,-5.9,54.0,100,0.0,1.0
2023-06-08 03:00:00,-6.0,51.0,100,0.0,1.0
2023-06-08 04:00:00,-6.0,45.3,100,0.0,1.0
2023-06-08 05:00:00,-6.1,44.0,100,0.0,1.0
2023-06-08 06:00:00,-6.2,44.3,100,0.0,1.0
2023-06-08 07:00:00,-6.2,42.1,100,0.0,1.0
2023-06-08 08:00:00,-6.2,37.6,100,0.0,1.0
2023-06-08 09:00:00,-6.4,32.2,100,0.0,1.0
2023-06-08 10:00:00,-6.6,28.9,100,0.0,1.0
2023-06-08 11:00:00,-7.0,27.4,100,0.0,1.0
2023-06-08 12:00:00,-7.4,27.7,100,0.0,1.0
2023-06-08 13:00:00,-6.7,30.8,100,0.0,1.0
2023-06-08 14:00:00,-6.1,33.1,100,0.0,1.0
2023-06-08 15:00:00,-6.2,30.9,100,0.0,1.0
2023-06-08 16:00:00,-6.9,27.4,100,0.0,1.0
2023-06-08 17:00:00,-7.5,26.5,100,0.0,1.0
2023-06-08 18:00:00,-7.7,24.3,100,0.0,1.0
2023-06-08 19:00:00,-11.5,12.1,100,0.0,1.0
2023-06-08 20:00:00,-9.5,19.1,100,0.0,1.0
2023-06-08 21:00:00,-9.9,15.5,100,0.0,1.0
2023-06-08 22:00:00,-11.8,12.3,100,0.0,1.0
2023-06-08 23:00:00,-12.3,11.2,100,0.0,1.0
2023-06-09 00:00:00,-12.3,10.6,100,0.0,1.0
2023-06-09 01:00:00,-10.7,17.9,100,0.0,1.0
2023-06-09 02:00:00,-13.0,11.8,100,0.0,1.0
2023-06-09 03:00:00,-13.9,11.0,100,0.0,1.0
2023-06-09 04:00:00,-11.7,18.2,100,0.0,1.0
2023-06-09 05:00:00,-9.6,31.8,100,0.0,1.0
2023-06-09 06:00:00,-10.3,28.4,100,0.0,1.0
2023-06-09 07:00:00,-11.0,25.7,100,0.0,1.0
2023-06-09 08:00:00,-11.4,24.6,100,0.0,1.0
2023-06-09 09:00:00,-11.6,23.6,100,0.0,1.0
2023-06-09 10:00:00,-11.7,22.4,100,0.0,1.0
2023-06-09 11:00:00,-12.1,22.8,100,0.0,1.0
2023-06-09 12:00:00,-12.5,23.7,100,0.0,1.0
2023-06-09 13:00:00,-12.7,24.1,100,0.0,1.0
2023-06-09 14:00:00,-12.8,24.1,100,0.0,1.0
2023-06-09 15:00:00,-12.9,23.2,100,0.0,1.0
2023-06-09 16:00:00,-13.7,20.1,100,0.0,1.0
2023-06-09 17:00:00,-14.2,19.1,100,0.0,1.0
2023-06-09 18:00:00,-14.0,17.8,100,0.0,1.0
2023-06-09 19:00:00,-13.8,17.5,100,0.0,1.0
2023-06-09 20:00:00,-13.7,17.3,100,0.0,1.0
2023-06-09 21:00:00,-13.9,17.0,100,0.0,1.0
2023-06-09 22:00:00,-14.2,17.1,100,0.0,1.0
2023-06-09 23:00:00,-14.7,15.4,100,0.0,1.0
2023-06-10 00:00:00,-12.0,5.4,100,0.0,1.0
2023-06-10 01:00:00,-13.9,7.2,100,0.0,1.0
2023-06-10 02:00:00,-14.8,7.3,100,0.0,1.0
2023-06-10 03:00:00,-14.0,6.6,100,0.0,1.0
2023-06-10 04:00:00,-15.0,7.9,99,0.0,0.99
2023-06-10 05:00:00,-17.2,13.2,100,0.0,1.0
2023-06-10 06:00:00,-17.1,14.1,91,0.0,0.91
2023-06-10 07:00:00,-17.3,17.1,80,0.0,0.8
2023-06-10 08:00:00,-17.9,15.8,59,0.0,0.59
2023-06-10 09:00:00,-18.7,12.7,9,0.0,0.09
2023-06-10 10:00:00,-15.3,7.6,0,0.0,0.0
2023-06-10 11:00:00,-14.0,4.1,0,0.0,0.0
2023-06-10 12:00:00,-13.4,3.4,0,0.0,0.0
2023-06-10 13:00:00,-14.0,5.8,0,0.0,0.0
2023-06-10 14:00:00,-14.8,7.0,0,0.0,0.0
2023-06-10 15:00:00,-17.6,7.9,0,0.0,0.0
2023-06-10 16:00:00,-18.6,8.6,0,0.0,0.0
2023-06-10 17:00:00,-18.6,9.0,41,0.0,0.41
2023-06-10 18:00:00,-17.6,7.9,100,0.0,1.0
2023-06-10 19:00:00,-15.5,5.4,100,0.0,1.0
2023-06-10 20:00:00,-15.5,5.1,100,0.0,1.0
2023-06-10 21:00:00,-15.9,5.2,100,0.0,1.0
2023-06-10 22:00:00,-16.6,3.7,100,0.0,1.0
2023-06-10 23:00:00,-17.3,4.2,100,0.0,1.0
2023-06-11 00:00:00,-17.6,2.5,100,0.0,1.0
2023-06-11 01:00:00,-17.9,2.2,100,0.0,1.0
2023-06-11 02:00:00,-17.5,1.9,100,0.0,1.0
2023-06-11 03:00:00,-17.0,1.5,100,0.0,1.0
2023-06-11 04:00:00,-16.8,1.1,100,0.0,1.0
2023-06-11 05:00:00,-17.5,3.4,100,0.0,1.0
2023-06-11 06:00:00,-18.0,3.6,100,0.0,1.0
2023-06-11 07:00:00,-18.8,6.4,100,0.0,1.0
2023-06-11 08:00:00,-20.2,8.5,100,0.0,1.0
2023-06-11 09:00:00,-20.3,10.2,100,0.0,1.0
2023-06-11 10:00:00,-19.6,12.6,100,0.0,1.0
2023-06-11 11:00:00,-19.0,13.6,100,0.0,1.0
2023-06-11 12:00:00,-17.4,8.0,100,0.0,1.0
2023-06-11 13:00:00,-15.2,7.0,36,0.0,0.36
2023-06-11 14:00:00,-15.5,7.7,23,0.0,0.23
2023-06-11 15:00:00,-15.8,7.9,0,0.0,0.0
2023-06-11 16:00:00,-15.1,3.7,0,0.0,0.0
2023-06-11 17:00:00,-15.6,1.1,0,0.0,0.0
2023-06-11 18:00:00,-19.5,9.1,0,0.0,0.0
2023-06-11 19:00:00,-20.0,8.4,0,0.0,0.0
2023-06-11 20:00:00,-17.4,7.1,0,0.0,0.0
2023-06-11 21:00:00,-21.3,18.5,96,0.0,0.96
2023-06-11 22:00:00,-20.0,21.0,100,0.0,1.0
2023-06-11 23:00:00,-21.0,20.7,91,0.0,0.91
2023-06-12 00:00:00,-20.1,9.6,99,0.0,0.99
2023-06-12 01:00:00,-23.4,13.7,98,0.0,0.98
2023-06-12 02:00:00,-20.3,18.7,98,0.0,0.98
2023-06-12 03:00:00,-19.5,18.4,76,0.0,0.76
2023-06-12 04:00:00,-19.8,17.9,65,0.0,0.65
2023-06-12 05:00:00,-20.2,19.1,87,0.0,0.87
2023-06-12 06:00:00,-20.3,18.1,87,0.0,0.87
2023-06-12 07:00:00,-21.2,11.7,79,0.0,0.79
2023-06-12 08:00:00,-14.0,4.3,95,0.0,0.95
2023-06-12 09:00:00,-14.6,3.6,70,0.0,0.7
2023-06-12 10:00:00,-14.6,5.8,95,0.0,0.95
2023-06-12 11:00:00,-13.9,6.8,94,0.0,0.94
2023-06-12 12:00:00,-13.5,1.9,46,0.0,0.46
2023-06-12 13:00:00,-12.7,2.2,97,0.0,0.97
2023-06-12 14:00:00,-12.4,4.8,91,0.0,0.91
2023-06-12 15:00:00,-12.4,3.6,100,0.0,1.0
2023-06-12 16:00:00,-12.8,0.5,89,0.0,0.89
2023-06-12 17:00:00,-12.9,2.3,14,0.0,0.14
2023-06-12 18:00:00,-12.0,3.0,61,0.0,0.61
2023-06-12 19:00:00,-11.4,6.4,26,0.0,0.26
2023-06-12 20:00:00,-12.6,9.0,36,0.0,0.36
2023-06-12 21:00:00,-14.3,9.8,100,0.0,1.0
2023-06-12 22:00:00,-13.8,10.4,100,0.0,1.0
2023-06-12 23:00:00,-14.5,10.9,66,0.0,0.66
2023-06-13 00:00:00,-18.1,14.5,22,0.0,0.22
2023-06-13 01:00:00,-18.7,19.7,83,0.0,0.83
2023-06-13 02:00:00,-19.3,18.0,67,0.0,0.67
2023-06-13 03:00:00,-20.9,13.8,100,0.0,1.0
2023-06-13 04:00:00,-17.7,9.9,86,0.0,0.86
2023-06-13 05:00:00,-16.6,8.3,100,0.0,1.0
2023-06-13 06:00:00,-15.7,7.9,100,0.0,1.0
2023-06-13 07:00:00,-17.8,9.8,70,0.0,0.7
2023-06-13 08:00:00,-13.9,7.8,79,0.0,0.79
2023-06-13 09:00:00,-13.4,5.4,99,0.0,0.99
2023-06-13 10:00:00,-12.7,3.0,58,0.0,0.58
2023-06-13 11:00:00,-13.4,4.4,49,0.0,0.49
2023-06-13 12:00:00,-11.1,6.4,22,0.0,0.22
2023-06-13 13:00:00,-12.0,6.1,43,0.0,0.43
2023-06-13 14:00:00,-12.0,7.2,54,0.0,0.54
2023-06-13 15:00:00,-12.4,4.8,55,0.0,0.55
2023-06-13 16:00:00,-12.7,3.4,44,0.0,0.44
2023-06-13 17:00:00,-13.8,1.5,31,0.0,0.31
2023-06-13 18:00:00,-13.3,7.0,62,0.0,0.62
2023-06-13 19:00:00,-12.1,7.3,90,0.0,0.9
2023-06-13 20:00:00,-10.7,4.7,83,0.0,0.83
2023-06-13 21:00:00,-10.3,2.4,90,0.0,0.9
2023-06-13 22:00:00,-10.2,5.0,87,0.0,0.87
2023-06-13 23:00:00,-9.6,5.5,19,0.0,0.19
2023-06-14 00:00:00,-18.0,16.2,95,0.0,0.95
2023-06-14 01:00:00,-19.6,18.7,95,0.0,0.95
2023-06-14 02:00:00,-22.1,12.4,73,0.0,0.73
2023-06-14 03:00:00,-17.6,25.8,79,0.0,0.79
2023-06-14 04:00:00,-17.6,23.2,64,0.0,0.64
2023-06-14 05:00:00,-21.7,19.1,0,0.0,0.0
2023-06-14 06:00:00,-15.1,39.3,0,0.0,0.0
2023-06-14 07:00:00,-14.9,41.0,0,0.0,0.0
2023-06-14 08:00:00,-15.7,33.9,0,0.0,0.0
2023-06-14 09:00:00,-16.4,31.0,0,0.0,0.0
2023-06-14 10:00:00,-16.8,30.4,0,0.0,0.0
2023-06-14 11:00:00,-17.2,29.3,0,0.0,0.0
2023-06-14 12:00:00,-17.8,27.8,0,0.0,0.0
2023-06-14 13:00:00,-17.4,28.3,0,0.0,0.0
2023-06-14 14:00:00,-17.5,28.9,0,0.0,0.0
2023-06-14 15:00:00,-17.1,30.9,0,0.0,0.0
2023-06-14 16:00:00,-16.8,32.2,0,0.0,0.0
2023-06-14 17:00:00,-16.8,32.2,0,0.0,0.0
2023-06-14 18:00:00,-16.9,31.6,0,0.0,0.0
2023-06-14 19:00:00,-16.9,31.6,0,0.0,0.0
2023-06-14 20:00:00,-16.8,32.2,0,0.0,0.0
2023-06-14 21:00:00,-16.5,33.3,0,0.0,0.0
2023-06-14 22:00:00,-16.4,33.3,0,0.0,0.0
2023-06-14 23:00:00,-16.3,32.8,0,0.0,0.0
2023-06-15 00:00:00,-16.3,32.1,0,0.0,0.0
2023-06-15 01:00:00,-16.2,32.1,0,0.0,0.0
2023-06-15 02:00:00,-16.1,32.2,0,0.0,0.0
2023-06-15 03:00:00,-15.7,34.1,0,0.0,0.0
2023-06-15 04:00:00,-15.4,33.7,0,0.0,0.0
2023-06-15 05:00:00,-15.3,33.6,0,0.0,0.0
2023-06-15 06:00:00,-15.0,34.6,0,0.0,0.0
2023-06-15 07:00:00,-14.9,35.4,0,0.0,0.0
2023-06-15 08:00:00,-15.1,33.4,0,0.0,0.0
2023-06-15 09:00:00,-15.0,32.3,0,0.0,0.0
2023-06-15 10:00:00,-14.9,33.0,0,0.0,0.0
2023-06-15 11:00:00,-14.9,32.3,0,0.0,0.0
2023-06-15 12:00:00,-14.9,30.1,0,0.0,0.0
2023-06-15 13:00:00,-14.8,30.6,0,0.0,0.0
2023-06-15 14:00:00,-14.4,32.2,0,0.0,0.0
2023-06-15 15:00:00,-14.2,32.0,2,0.0,0.02
2023-06-15 16:00:00,-14.0,31.8,12,0.0,0.12
2023-06-15 17:00:00,-13.6,32.9,24,0.0,0.24
2023-06-15 18:00:00,-13.6,32.7,56,0.0,0.56
2023-06-15 19:00:00,-13.3,34.4,93,0.0,0.93
2023-06-15 20:00:00,-13.0,35.9,28,0.0,0.28
2023-06-15 21:00:00,-12.7,37.5,58,0.0,0.58
2023-06-15 22:00:00,-12.6,37.6,74,0.0,0.74
2023-06-15 23:00:00,-12.6,36.6,39,0.0,0.39
2023-06-16 00:00:00,-12.1,38.6,100,0.0,1.0
2023-06-16 01:00:00,-11.6,37.2,100,0.0,1.0
2023-06-16 02:00:00,-11.2,36.6,100,0.0,1.0
2023-06-16 03:00:00,-11.1,37.0,99,0.0,0.99
2023-06-16 04:00:00,-10.8,38.2,100,0.0,1.0
2023-06-16 05:00:00,-10.8,39.8,100,0.0,1.0
2023-06-16 06:00:00,-10.6,41.5,100,0.0,1.0
2023-06-16 07:00:00,-10.4,42.1,100,0.0,1.0
2023-06-16 08:00:00,-10.4,42.6,100,0.0,1.0
2023-06-16 09:00:00,-10.5,42.5,100,0.0,1.0
2023-06-16 10:00:00,-10.5,41.2,100,0.0,1.0
2023-06-16 11:00:00,-10.6,39.7,100,0.0,1.0
2023-06-16 12:00:00,-10.4,40.9,100,0.0,1.0
2023-06-16 13:00:00,-10.4,41.1,100,0.0,1.0
2023-06-16 14:00:00,-10.8,40.6,100,0.0,1.0
2023-06-16 15:00:00,-10.9,40.6,100,0.0,1.0
2023-06-16 16:00:00,-11.1,40.1,100,0.0,1.0
2023-06-16 17:00:00,-11.3,39.8,100,0.0,1.0
2023-06-16 18:00:00,-11.4,40.0,100,0.0,1.0
2023-06-16 19:00:00,-11.5,39.3,100,0.0,1.0
2023-06-16 20:00:00,-11.5,38.9,100,0.0,1.0
2023-06-16 21:00:00,-11.8,37.6,100,0.0,1.0
2023-06-16 22:00:00,-11.9,36.8,100,0.0,1.0
2023-06-16 23:00:00,-11.9,35.9,100,0.0,1.0
2023-06-17 00:00:00,-11.9,34.4,100,0.0,1.0
2023-06-17 01:00:00,-11.8,32.6,100,0.0,1.0
2023-06-17 02:00:00,-12.0,30.9,100,0.0,1.0
2023-06-17 03:00:00,-12.0,30.5,100,0.0,1.0
2023-06-17 04:00:00,-11.7,30.8,100,0.0,1.0
2023-06-17 05:00:00,-11.2,31.3,100,0.0,1.0
2023-06-17 06:00:00,-11.0,32.1,100,0.0,1.0
2023-06-17 07:00:00,-10.8,31.4,100,0.0,1.0
2023-06-17 08:00:00,-10.5,30.5,100,0.0,1.0
2023-06-17 09:00:00,-10.2,30.6,100,0.0,1.0
2023-06-17 10:00:00,-10.1,30.9,100,0.0,1.0
2023-06-17 11:00:00,-9.8,31.0,100,0.0,1.0
2023-06-17 12:00:00,-9.7,30.9,100,0.0,1.0
2023-06-17 13:00:00,-9.7,28.4,100,0.0,1.0
2023-06-17 14:00:00,-9.2,29.6,100,0.0,1.0
2023-06-17 15:00:00,-9.0,31.6,100,0.0,1.0
2023-06-17 16:00:00,-9.2,34.4,100,0.0,1.0
2023-06-17 17:00:00,-9.5,34.1,100,0.0,1.0
2023-06-17 18:00:00,-9.3,34.3,100,0.0,1.0
2023-06-17 19:00:00,-9.2,34.5,100,0.0,1.0
2023-06-17 20:00:00,-9.1,35.3,100,0.0,1.0
2023-06-17 21:00:00,-8.9,34.9,100,0.0,1.0
2023-06-17 22:00:00,-8.5,36.7,100,0.0,1.0
2023-06-17 23:00:00,-8.1,39.3,100,0.0,1.0
2023-06-18 00:00:00,-8.3,41.0,100,0.0,1.0
2023-06-18 01:00:00,-8.2,39.8,100,0.0,1.0
2023-06-18 02:00:00,-8.2,40.1,100,0.0,1.0
2023-06-18 03:00:00,-8.2,38.8,100,0.0,1.0
2023-06-18 04:00:00,-8.1,40.3,100,0.0,1.0
2023-06-18 05:00:00,-8.3,43.2,100,0.0,1.0
2023-06-18 06:00:00,-8.6,45.1,100,0.0,1.0
2023-06-18 07:00:00,-8.6,46.7,100,0.0,1.0
2023-06-18 08:00:00,-8.6,47.4,100,0.0,1.0
2023-06-18 09:00:00,-8.7,47.5,100,0.0,1.0
2023-06-18 10:00:00,-8.7,46.9,100,0.0,1.0
2023-06-18 11:00:00,-8.7,46.7,100,0.0,1.0
2023-06-18 12:00:00,-8.7,47.5,100,0.0,1.0
2023-06-18 13:00:00,-8.6,46.4,100,0.0,1.0
2023-06-18 14:00:00,-8.3,45.6,100,0.0,1.0
2023-06-18 15:00:00,-8.2,42.8,100,0.0,1.0
2023-06-18 16:00:00,-8.1,42.5,100,0.0,1.0
2023-06-18 17:00:00,-8.1,45.1,100,0.0,1.0
2023-06-18 18:00:00,-8.2,47.2,100,0.0,1.0
2023-06-18 19:00:00,-8.4,46.6,100,0.0,1.0
2023-06-18 20:00:00,-8.5,44.4,100,0.0,1.0
2023-06-18 21:00:00,-8.7,41.8,100,0.0,1.0
2023-06-18 22:00:00,-8.9,39.1,100,0.0,1.0
2023-06-18 23:00:00,-9.1,36.0,100,0.0,1.0
2023-06-19 00:00:00,-9.5,32.4,100,0.0,1.0
2023-06-19 01:00:00,-9.4,29.7,100,0.0,1.0
2023-06-19 02:00:00,-9.5,27.6,100,0.0,1.0
2023-06-19 03:00:00,-9.4,27.1,100,0.0,1.0
2023-06-19 04:00:00,-9.5,27.2,100,0.0,1.0
2023-06-19 05:00:00,-9.6,27.9,100,0.0,1.0
2023-06-19 06:00:00,-9.8,28.6,100,0.0,1.0
2023-06-19 07:00:00,-9.9,29.0,100,0.0,1.0
2023-06-19 08:00:00,-10.0,28.4,100,0.0,1.0
2023-06-19 09:00:00,-10.2,26.8,100,0.0,1.0
2023-06-19 10:00:00,-10.3,25.0,100,0.0,1.0
2023-06-19 11:00:00,-10.5,24.1,100,0.0,1.0
2023-06-19 12:00:00,-11.0,22.6,100,0.0,1.0
2023-06-19 13:00:00,-11.1,21.8,100,0.0,1.0
2023-06-19 14:00:00,-11.1,22.4,100,0.0,1.0
2023-06-19 15:00:00,-11.5,23.9,95,0.0,0.95
2023-06-19 16:00:00,-11.7,25.6,78,0.0,0.78
2023-06-19 17:00:00,-11.8,25.8,92,0.0,0.92
2023-06-19 18:00:00,-12.0,25.3,80,0.0,0.8
2023-06-19 19:00:00,-12.3,23.3,87,0.0,0.87
2023-06-19 20:00:00,-12.5,22.1,53,0.0,0.53
2023-06-19 21:00:00,-13.2,22.2,64,0.0,0.64
2023-06-19 22:00:00,-13.3,22.9,94,0.0,0.94
2023-06-19 23:00:00,-12.9,24.7,88,0.0,0.88
2023-06-20 00:00:00,-13.0,28.4,60,0.0,0.6
2023-06-20 01:00:00,-13.3,27.1,16,0.0,0.16
2023-06-20 02:00:00,-13.5,26.5,38,0.0,0.38
2023-06-20 03:00:00,-13.5,27.4,58,0.0,0.58
2023-06-20 04:00:00,-13.3,28.3,84,0.0,0.84
2023-06-20 05:00:00,-13.1,27.9,90,0.0,0.9
2023-06-20 06:00:00,-13.0,27.1,94,0.0,0.94
2023-06-20 07:00:00,-13.0,27.4,80,0.0,0.8
2023-06-20 08:00:00,-13.3,27.7,51,0.0,0.51
2023-06-20 09:00:00,-13.4,28.8,37,0.0,0.37
2023-06-20 10:00:00,-13.5,28.7,60,0.0,0.6
2023-06-20 11:00:00,-13.6,27.6,55,0.0,0.55
2023-06-20 12:00:00,-13.8,26.5,30,0.0,0.3
2023-06-20 13:00:00,-13.8,25.0,13,0.0,0.13
2023-06-20 14:00:00,-13.9,23.7,16,0.0,0.16
2023-06-20 15:00:00,-13.8,22.4,35,0.0,0.35
2023-06-20 16:00:00,-13.6,20.4,64,0.0,0.64
2023-06-20 17:00:00,-14.0,19.2,49,0.0,0.49
2023-06-20 18:00:00,-14.4,18.4,35,0.0,0.35
2023-06-20 19:00:00,-14.6,16.9,96,0.0,0.96
2023-06-20 20:00:00,-14.8,15.8,100,0.0,1.0
2023-06-20 21:00:00,-14.9,15.0,100,0.0,1.0
2023-06-20 22:00:00,-15.0,13.7,100,0.0,1.0
2023-06-20 23:00:00,-15.4,13.6,100,0.0,1.0
2023-06-21 00:00:00,-15.7,14.1,33,0.0,0.33
2023-06-21 01:00:00,-16.6,13.8,10,0.0,0.1
2023-06-21 02:00:00,-17.3,14.1,12,0.0,0.12
2023-06-21 03:00:00,-17.8,12.3,65,0.0,0.65
2023-06-21 04:00:00,-16.5,9.8,97,0.0,0.97
2023-06-21 05:00:00,-13.2,6.6,16,0.0,0.16
2023-06-21 06:00:00,-13.1,5.8,0,0.0,0.0
2023-06-21 07:00:00,-14.5,7.3,0,0.0,0.0
2023-06-21 08:00:00,-13.9,6.5,0,0.0,0.0
2023-06-21 09:00:00,-13.7,4.6,0,0.0,0.0
2023-06-21 10:00:00,-13.9,1.8,0,0.0,0.0
2023-06-21 11:00:00,-14.3,2.5,0,0.0,0.0
2023-06-21 12:00:00,-14.3,4.9,0,0.0,0.0
2023-06-21 13:00:00,-15.0,4.9,0,0.0,0.0
2023-06-21 14:00:00,-15.7,1.6,6,0.0,0.06
2023-06-21 15:00:00,-15.7,0.4,0,0.0,0.0
2023-06-21 16:00:00,-15.9,1.1,70,0.0,0.7
2023-06-21 17:00:00,-15.4,1.5,87,0.0,0.87
2023-06-21 18:00:00,-15.6,1.5,0,0.0,0.0
2023-06-21 19:00:00,-16.0,0.7,0,0.0,0.0
2023-06-21 20:00:00,-15.5,0.8,52,0.0,0.52
2023-06-21 21:00:00,-15.7,1.9,90,0.0,0.9
2023-06-21 22:00:00,-14.9,3.2,56,0.0,0.56
2023-06-21 23:00:00,-14.4,1.1,38,0.0,0.38
2023-06-22 00:00:00,-13.5,6.1,32,0.0,0.32
2023-06-22 01:00:00,-13.4,7.2,96,0.0,0.96
2023-06-22 02:00:00,-12.9,7.3,93,0.0,0.93
2023-06-22 03:00:00,-12.6,6.6,100,0.0,1.0
2023-06-22 04:00:00,-12.8,5.4,100,0.0,1.0
2023-06-22 05:00:00,-13.9,8.3,100,0.0,1.0
2023-06-22 06:00:00,-14.3,6.6,100,0.0,1.0
2023-06-22 07:00:00,-12.9,5.8,100,0.0,1.0
2023-06-22 08:00:00,-13.4,7.6,100,0.0,1.0
2023-06-22 09:00:00,-13.0,4.7,100,0.0,1.0
2023-06-22 10:00:00,-13.6,3.0,100,0.0,1.0
2023-06-22 11:00:00,-13.6,4.4,100,0.0,1.0
2023-06-22 12:00:00,-13.6,8.1,100,0.0,1.0
2023-06-22 13:00:00,-15.7,8.6,100,0.0,1.0
2023-06-22 14:00:00,-16.0,9.2,100,0.0,1.0
2023-06-22 15:00:00,-17.7,13.5,100,0.0,1.0
2023-06-22 16:00:00,-17.4,13.0,100,0.0,1.0
2023-06-22 17:00:00,-16.9,14.3,100,0.0,1.0
2023-06-22 18:00:00,-17.2,12.7,100,0.0,1.0
2023-06-22 19:00:00,-16.7,15.0,100,0.0,1.0
2023-06-22 20:00:00,-15.7,17.9,100,0.0,1.0
2023-06-22 21:00:00,-15.3,18.7,100,0.0,1.0
2023-06-22 22:00:00,-15.8,17.7,100,0.0,1.0
2023-06-22 23:00:00,-16.1,18.7,100,0.0,1.0
2023-06-23 00:00:00,-15.7,17.8,100,0.0,1.0
2023-06-23 01:00:00,-17.2,15.5,100,0.0,1.0
2023-06-23 02:00:00,-14.4,23.1,100,0.0,1.0
2023-06-23 03:00:00,-12.7,30.0,100,0.0,1.0
2023-06-23 04:00:00,-12.2,34.5,100,0.0,1.0
2023-06-23 05:00:00,-11.9,36.1,100,0.0,1.0
2023-06-23 06:00:00,-12.2,41.3,100,0.0,1.0
2023-06-23 07:00:00,-12.7,47.3,100,0.0,1.0
2023-06-23 08:00:00,-13.3,48.9,100,0.0,1.0
2023-06-23 09:00:00,-13.1,48.7,100,0.0,1.0
2023-06-23 10:00:00,-12.5,48.0,100,0.0,1.0
2023-06-23 11:00:00,-11.9,48.6,100,0.0,1.0
2023-06-23 12:00:00,-10.9,50.4,100,0.0,1.0
2023-06-23 13:00:00,-10.2,52.9,100,0.0,1.0
2023-06-23 14:00:00,-9.4,54.6,100,0.0,1.0
2023-06-23 15:00:00,-8.8,58.1,100,0.0,1.0
2023-06-23 16:00:00,-8.5,60.5,100,0.0,1.0
2023-06-23 17:00:00,-8.7,61.4,100,0.0,1.0
2023-06-23 18:00:00,-8.5,63.1,100,0.0,1.0
2023-06-23 19:00:00,-8.7,64.8,100,0.0,1.0
2023-06-23 20:00:00,-8.8,69.3,100,0.0,1.0
2023-06-23 21:00:00,-9.1,73.6,100,0.0,1.0
2023-06-23 22:00:00,-9.1,77.9,100,0.0,1.0
2023-06-23 23:00:00,-9.2,80.4,100,0.0,1.0
2023-06-24 00:00:00,-8.5,79.7,100,0.0,1.0
2023-06-24 01:00:00,-8.4,81.2,100,0.0,1.0
2023-06-24 02:00:00,-8.3,82.0,100,0.0,1.0
2023-06-24 03:00:00,-8.5,82.4,100,0.0,1.0
2023-06-24 04:00:00,-8.7,82.0,100,0.0,1.0
2023-06-24 05:00:00,-8.9,83.7,100,0.0,1.0
2023-06-24 06:00:00,-9.0,88.0,100,0.0,1.0
2023-06-24 07:00:00,-9.1,88.7,100,0.0,1.0
2023-06-24 08:00:00,-9.3,87.1,100,0.0,1.0
2023-06-24 09:00:00,-9.7,75.3,100,0.0,1.0
2023-06-24 10:00:00,-9.7,78.0,100,0.0,1.0
2023-06-24 11:00:00,-10.0,75.1,100,0.0,1.0
2023-06-24 12:00:00,-9.8,70.0,99,0.0,0.99
2023-06-24 13:00:00,-9.4,71.5,100,0.0,1.0
2023-06-24 14:00:00,-9.3,68.9,100,0.0,1.0
2023-06-24 15:00:00,-9.3,70.7,100,0.0,1.0
2023-06-24 16:00:00,-9.1,67.8,100,0.0,1.0
2023-06-24 17:00:00,-9.1,68.7,100,0.0,1.0
2023-06-24 18:00:00,-9.2,66.5,100,0.0,1.0
2023-06-24 19:00:00,-9.2,60.6,100,0.0,1.0
2023-06-24 20:00:00,-9.1,63.3,100,0.0,1.0
2023-06-24 21:00:00,-9.2,63.6,99,0.0,0.99
2023-06-24 22:00:00,-9.3,63.4,98,0.0,0.98
2023-06-24 23:00:00,-9.5,61.5,100,0.0,1.0
2023-06-25 00:00:00,-8.8,59.9,75,0.0,0.75
2023-06-25 01:00:00,-8.6,60.2,89,0.0,0.89
2023-06-25 02:00:00,-9.1,58.9,94,0.0,0.94
2023-06-25 03:00:00,-9.5,56.4,95,0.0,0.95
2023-06-25 04:00:00,-9.7,54.5,100,0.0,1.0
2023-06-25 05:00:00,-9.5,56.9,100,0.0,1.0
2023-06-25 06:00:00,-9.7,57.7,99,0.0,0.99
2023-06-25 07:00:00,-9.7,59.0,95,0.0,0.95
2023-06-25 08:00:00,-9.9,58.9,98,0.0,0.98
2023-06-25 09:00:00,-10.1,57.4,97,0.0,0.97
2023-06-25 10:00:00,-10.0,57.5,94,0.0,0.94
2023-06-25 11:00:00,-9.9,56.5,98,0.0,0.98
2023-06-25 12:00:00,-9.6,52.8,99,0.0,0.99
2023-06-25 13:00:00,-9.2,54.1,100,0.0,1.0
2023-06-25 14:00:00,-8.8,55.9,100,0.0,1.0
2023-06-25 15:00:00,-8.7,56.5,100,0.0,1.0
2023-06-25 16:00:00,-8.7,56.9,99,0.0,0.99
2023-06-25 17:00:00,-8.4,56.5,99,0.0,0.99
2023-06-25 18:00:00,-8.4,56.4,100,0.0,1.0
2023-06-25 19:00:00,-8.3,56.5,100,0.0,1.0
2023-06-25 20:00:00,-8.4,56.2,85,0.0,0.85
2023-06-25 21:00:00,-8.5,56.1,100,0.0,1.0
2023-06-25 22:00:00,-8.5,56.7,100,0.0,1.0
2023-06-25 23:00:00,-8.4,57.8,98,0.0,0.98
2023-06-26 00:00:00,-8.6,57.0,96,0.0,0.96
2023-06-26 01:00:00,-8.5,56.7,99,0.0,0.99
2023-06-26 02:00:00,-8.4,55.3,100,0.0,1.0
2023-06-26 03:00:00,-8.6,54.8,97,0.0,0.97
2023-06-26 04:00:00,-8.4,55.6,100,0.0,1.0
2023-06-26 05:00:00,-8.6,54.6,100,0.0,1.0
2023-06-26 06:00:00,-8.9,55.5,100,0.0,1.0
2023-06-26 07:00:00,-9.1,54.4,100,0.0,1.0
2023-06-26 08:00:00,-9.1,57.7,100,0.0,1.0
2023-06-26 09:00:00,-9.1,61.3,100,0.0,1.0
2023-06-26 10:00:00,-9.4,59.0,100,0.0,1.0
2023-06-26 11:00:00,-9.3,58.8,100,0.0,1.0
2023-06-26 12:00:00,-9.3,59.0,100,0.0,1.0
2023-06-26 13:00:00,-9.2,59.6,100,0.0,1.0
2023-06-26 14:00:00,-9.1,61.7,100,0.0,1.0
2023-06-26 15:00:00,-9.0,62.0,100,0.0,1.0
2023-06-26 16:00:00,-8.9,63.8,100,0.0,1.0
2023-06-26 17:00:00,-9.0,61.5,100,0.0,1.0
2023-06-26 18:00:00,-9.1,61.2,100,0.0,1.0
2023-06-26 19:00:00,-9.2,61.2,100,0.0,1.0
2023-06-26 20:00:00,-9.3,60.6,100,0.0,1.0
2023-06-26 21:00:00,-9.2,62.9,100,0.0,1.0
2023-06-26 22:00:00,-9.1,65.5,100,0.0,1.0
2023-06-26 23:00:00,-9.1,64.3,100,0.0,1.0
2023-06-27 00:00:00,-8.6,65.7,100,0.0,1.0
2023-06-27 01:00:00,-8.4,65.4,100,0.0,1.0
2023-06-27 02:00:00,-8.4,61.2,100,0.0,1.0
2023-06-27 03:00:00,-8.5,65.3,100,0.0,1.0
2023-06-27 04:00:00,-8.7,63.0,100,0.0,1.0
2023-06-27 05:00:00,-8.8,63.6,100,0.0,1.0
2023-06-27 06:00:00,-9.0,64.4,100,0.0,1.0
2023-06-27 07:00:00,-9.2,60.5,100,0.0,1.0
2023-06-27 08:00:00,-9.3,62.1,99,0.0,0.99
2023-06-27 09:00:00,-9.5,55.7,100,0.0,1.0
2023-06-27 10:00:00,-9.4,58.3,100,0.0,1.0
2023-06-27 11:00:00,-9.5,55.5,100,0.0,1.0
2023-06-27 12:00:00,-9.7,59.4,100,0.0,1.0
2023-06-27 13:00:00,-9.7,57.6,94,0.0,0.94
2023-06-27 14:00:00,-9.8,54.0,95,0.0,0.95
2023-06-27 15:00:00,-9.8,52.6,99,0.0,0.99
2023-06-27 16:00:00,-9.8,53.9,100,0.0,1.0
2023-06-27 17:00:00,-9.8,53.2,97,0.0,0.97
2023-06-27 18:00:00,-10.0,49.8,88,0.0,0.88
2023-06-27 19:00:00,-10.3,44.5,87,0.0,0.87
2023-06-27 20:00:00,-10.4,41.7,73,0.0,0.73
2023-06-27 21:00:00,-10.7,37.7,97,0.0,0.97
2023-06-27 22:00:00,-10.8,34.3,100,0.0,1.0
2023-06-27 23:00:00,-10.8,32.9,97,0.0,0.97
2023-06-28 00:00:00,-11.0,35.4,68,0.0,0.68
2023-06-28 01:00:00,-11.0,34.1,97,0.0,0.97
2023-06-28 02:00:00,-11.4,32.2,80,0.0,0.8
2023-06-28 03:00:00,-11.8,31.3,88,0.0,0.88
2023-06-28 04:00:00,-11.9,29.9,99,0.0,0.99
2023-06-28 05:00:00,-11.9,28.8,99,0.0,0.99
2023-06-28 06:00:00,-12.0,29.0,64,0.0,0.64
2023-06-28 07:00:00,-12.3,27.8,49,0.0,0.49
2023-06-28 08:00:00,-12.6,26.0,78,0.0,0.78
2023-06-28 09:00:00,-12.8,24.5,94,0.0,0.94
2023-06-28 10:00:00,-13.5,21.4,44,0.0,0.44
2023-06-28 11:00:00,-14.1,20.5,0,0.0,0.0
2023-06-28 12:00:00,-14.1,23.2,12,0.0,0.12
2023-06-28 13:00:00,-14.2,21.5,74,0.0,0.74
2023-06-28 14:00:00,-13.8,20.7,99,0.0,0.99
2023-06-28 15:00:00,-13.4,19.9,95,0.0,0.95
2023-06-28 16:00:00,-14.1,21.2,82,0.0,0.82
2023-06-28 17:00:00,-14.1,22.2,0,0.0,0.0
2023-06-28 18:00:00,-14.6,20.4,0,0.0,0.0
2023-06-28 19:00:00,-14.9,21.4,6,0.0,0.06
2023-06-28 20:00:00,-14.0,30.9,33,0.0,0.33
2023-06-28 21:00:00,-14.5,32.8,41,0.0,0.41
2023-06-28 22:00:00,-14.7,32.3,68,0.0,0.68
2023-06-28 23:00:00,-14.7,33.5,83,0.0,0.83
2023-06-29 00:00:00,-14.6,34.3,91,0.0,0.91
2023-06-29 01:00:00,-14.7,34.1,95,0.0,0.95
2023-06-29 02:00:00,-14.4,33.0,100,0.0,1.0
2023-06-29 03:00:00,-14.3,32.1,100,0.0,1.0
2023-06-29 04:00:00,-14.2,31.6,100,0.0,1.0
2023-06-29 05:00:00,-14.2,32.1,100,0.0,1.0
2023-06-29 06:00:00,-14.1,32.5,100,0.0,1.0
2023-06-29 07:00:00,-13.9,31.9,100,0.0,1.0
2023-06-29 08:00:00,-13.7,32.2,100,0.0,1.0
2023-06-29 09:00:00,-13.7,33.3,100,0.0,1.0
2023-06-29 10:00:00,-13.7,32.1,100,0.0,1.0
2023-06-29 11:00:00,-13.5,32.5,100,0.0,1.0
2023-06-29 12:00:00,-13.5,32.1,100,0.0,1.0
2023-06-29 13:00:00,-13.4,32.1,100,0.0,1.0
2023-06-29 14:00:00,-13.4,30.0,100,0.0,1.0
2023-06-29 15:00:00,-13.6,26.7,100,0.0,1.0
2023-06-29 16:00:00,-13.6,24.2,100,0.0,1.0
2023-06-29 17:00:00,-13.9,22.2,100,0.0,1.0
2023-06-29 18:00:00,-14.5,20.5,100,0.0,1.0
2023-06-29 19:00:00,-15.4,18.3,93,0.0,0.93
2023-06-29 20:00:00,-16.6,17.6,87,0.0,0.87
2023-06-29 21:00:00,-17.7,16.8,73,0.0,0.73
2023-06-29 22:00:00,-18.7,16.6,61,0.0,0.61
2023-06-29 23:00:00,-19.4,13.8,17,0.0,0.17
2023-06-30 00:00:00,-16.9,18.9,0,0.0,0.0
2023-06-30 01:00:00,-16.2,21.1,60,0.0,0.6
2023-06-30 02:00:00,-16.4,21.1,37,0.0,0.37
2023-06-30 03:00:00,-16.6,21.7,1,0.0,0.01
2023-06-30 04:00:00,-17.0,20.8,5,0.0,0.05
2023-06-30 05:00:00,-17.4,19.7,40,0.0,0.4
2023-06-30 06:00:00,-17.6,20.1,78,0.0,0.78
2023-06-30 07:00:00,-17.7,20.6,96,0.0,0.96
2023-06-30 08:00:00,-17.8,21.1,100,0.0,1.0
2023-06-30 09:00:00,-17.9,21.1,100,0.0,1.0
2023-06-30 10:00:00,-17.8,22.7,100,0.0,1.0
2023-06-30 11:00:00,-17.9,23.1,100,0.0,1.0
2023-06-30 12:00:00,-17.8,24.3,100,0.0,1.0
2023-06-30 13:00:00,-17.6,23.9,97,0.0,0.97
2023-06-30 14:00:00,-17.9,24.0,99,0.0,0.99
2023-06-30 15:00:00,-17.7,23.9,100,0.0,1.0
2023-06-30 16:00:00,-17.4,23.9,100,0.0,1.0
2023-06-30 17:00:00,-17.2,23.3,100,0.0,1.0
2023-06-30 18:00:00,-17.0,23.2,100,0.0,1.0
2023-06-30 19:00:00,-17.0,24.3,100,0.0,1.0
2023-06-30 20:00:00,-17.1,25.6,100,0.0,1.0
2023-06-30 21:00:00,-16.9,26.1,100,0.0,1.0
2023-06-30 22:00:00,-16.7,24.2,100,0.0,1.0
2023-06-30 23:00:00,-16.7,25.3,100,0.0,1.0
2023-07-01 00:00:00,-17.0,27.9,100,0.0,1.0
2023-07-01 01:00:00,-17.0,27.9,100,0.0,1.0
2023-07-01 02:00:00,-16.9,27.1,100,0.0,1.0
2023-07-01 03:00:00,-16.8,25.7,100,0.0,1.0
2023-07-01 04:00:00,-16.8,24.4,100,0.0,1.0
2023-07-01 05:00:00,-16.7,23.3,100,0.0,1.0
2023-07-01 06:00:00,-16.8,22.5,100,0.0,1.0
2023-07-01 07:00:00,-16.8,22.2,100,0.0,1.0
2023-07-01 08:00:00,-16.7,22.8,100,0.0,1.0
2023-07-01 09:00:00,-16.7,23.7,100,0.0,1.0
2023-07-01 10:00:00,-16.7,24.5,100,0.0,1.0
2023-07-01 11:00:00,-16.6,26.1,100,0.0,1.0
2023-07-01 12:00:00,-17.3,24.2,100,0.0,1.0
2023-07-01 13:00:00,-17.1,22.4,100,0.0,1.0
2023-07-01 14:00:00,-17.1,21.5,100,0.0,1.0
2023-07-01 15:00:00,-16.9,23.5,100,0.0,1.0
2023-07-01 16:00:00,-16.9,25.2,100,0.0,1.0
2023-07-01 17:00:00,-16.8,24.7,100,0.0,1.0
2023-07-01 18:00:00,-16.7,24.0,100,0.0,1.0
2023-07-01 19:00:00,-16.5,23.7,100,0.0,1.0
2023-07-01 20:00:00,-16.7,23.2,100,0.0,1.0
2023-07-01 21:00:00,-16.7,23.0,100,0.0,1.0
2023-07-01 22:00:00,-16.5,22.4,100,0.0,1.0
2023-07-01 23:00:00,-16.4,21.4,100,0.0,1.0
2023-07-02 00:00:00,-17.0,18.6,100,0.0,1.0
2023-07-02 01:00:00,-16.9,17.5,100,0.0,1.0
2023-07-02 02:00:00,-17.1,17.9,100,0.0,1.0
2023-07-02 03:00:00,-17.3,17.0,100,0.0,1.0
2023-07-02 04:00:00,-17.8,16.1,100,0.0,1.0
2023-07-02 05:00:00,-18.2,14.2,100,0.0,1.0
2023-07-02 06:00:00,-18.8,12.8,100,0.0,1.0
2023-07-02 07:00:00,-19.0,13.3,100,0.0,1.0
2023-07-02 08:00:00,-19.1,14.3,100,0.0,1.0
2023-07-02 09:00:00,-19.2,16.0,100,0.0,1.0
2023-07-02 10:00:00,-19.2,17.2,100,0.0,1.0
2023-07-02 11:00:00,-19.1,17.2,100,0.0,1.0
2023-07-02 12:00:00,-19.0,15.7,100,0.0,1.0
2023-07-02 13:00:00,-17.9,15.4,100,0.0,1.0
2023-07-02 14:00:00,-17.9,16.2,100,0.0,1.0
2023-07-02 15:00:00,-18.0,16.7,100,0.0,1.0
2023-07-02 16:00:00,-17.7,16.2,100,0.0,1.0
2023-07-02 17:00:00,-17.9,16.1,100,0.0,1.0
2023-07-02 18:00:00,-18.0,17.5,100,0.0,1.0
2023-07-02 19:00:00,-18.0,18.2,100,0.0,1.0
2023-07-02 20:00:00,-18.5,18.6,100,0.0,1.0
2023-07-02 21:00:00,-18.9,19.0,79,0.0,0.79
2023-07-02 22:00:00,-18.9,19.0,65,0.0,0.65
2023-07-02 23:00:00,-18.9,18.7,92,0.0,0.92
2023-07-03 00:00:00,-19.1,18.8,37,0.0,0.37
2023-07-03 01:00:00,-18.3,18.3,32,0.0,0.32
2023-07-03 02:00:00,-18.5,18.5,53,0.0,0.53
2023-07-03 03:00:00,-18.5,18.2,44,0.0,0.44
2023-07-03 04:00:00,-18.7,16.1,0,0.0,0.0
2023-07-03 05:00:00,-18.6,13.4,0,0.0,0.0
2023-07-03 06:00:00,-17.6,12.6,0,0.0,0.0
2023-07-03 07:00:00,-13.6,9.4,49,0.0,0.49
2023-07-03 08:00:00,-10.5,7.1,0,0.0,0.0
2023-07-03 09:00:00,-17.0,20.1,0,0.0,0.0
2023-07-03 10:00:00,-15.1,27.9,0,0.0,0.0
2023-07-03 11:00:00,-15.2,28.0,0,0.0,0.0
2023-07-03 12:00:00,-15.7,27.5,37,0.0,0.37
2023-07-03 13:00:00,-15.3,28.4,100,0.0,1.0
2023-07-03 14:00:00,-14.6,30.5,100,0.0,1.0
2023-07-03 15:00:00,-14.6,30.0,100,0.0,1.0
2023-07-03 16:00:00,-15.0,27.7,100,0.0,1.0
2023-07-03 17:00:00,-15.2,25.8,100,0.0,1.0
2023-07-03 18:00:00,-15.2,24.2,100,0.0,1.0
2023-07-03 19:00:00,-15.2,24.2,100,0.0,1.0
2023-07-03 20:00:00,-15.3,22.7,100,0.0,1.0
2023-07-03 21:00:00,-15.4,22.4,100,0.0,1.0
2023-07-03 22:00:00,-15.4,21.8,100,0.0,1.0
2023-07-03 23:00:00,-15.4,22.1,100,0.0,1.0
2023-07-04 00:00:00,-14.9,20.0,100,0.0,1.0
2023-07-04 01:00:00,-14.5,17.6,100,0.0,1.0
2023-07-04 02:00:00,-14.2,15.9,100,0.0,1.0
2023-07-04 03:00:00,-13.9,16.4,100,0.0,1.0
2023-07-04 04:00:00,-13.4,19.8,100,0.0,1.0
2023-07-04 05:00:00,-13.1,22.8,100,0.0,1.0
2023-07-04 06:00:00,-13.0,23.3,99,0.0,0.99
2023-07-04 07:00:00,-13.4,22.7,89,0.0,0.89
2023-07-04 08:00:00,-13.4,22.7,94,0.0,0.94
2023-07-04 09:00:00,-13.1,23.2,79,0.0,0.79
2023-07-04 10:00:00,-12.8,24.2,36,0.0,0.36
2023-07-04 11:00:00,-12.9,25.4,30,0.0,0.3
2023-07-04 12:00:00,-12.5,25.6,85,0.0,0.85
2023-07-04 13:00:00,-11.9,25.5,87,0.0,0.87
2023-07-04 14:00:00,-11.7,27.2,92,0.0,0.92
2023-07-04 15:00:00,-11.4,26.3,100,0.0,1.0
2023-07-04 16:00:00,-11.2,24.7,100,0.0,1.0
2023-07-04 17:00:00,-11.0,25.4,75,0.0,0.75
2023-07-04 18:00:00,-12.0,25.3,52,0.0,0.52
2023-07-04 19:00:00,-11.9,25.0,70,0.0,0.7
2023-07-04 20:00:00,-11.4,26.0,78,0.0,0.78
2023-07-04 21:00:00,-11.2,27.0,60,0.0,0.6
2023-07-04 22:00:00,-10.9,28.6,23,0.0,0.23
2023-07-04 23:00:00,-10.9,28.7,5,0.0,0.05
2023-07-05 00:00:00,-12.1,25.2,19,0.0,0.19
2023-07-05 01:00:00,-11.9,25.9,63,0.0,0.63
2023-07-05 02:00:00,-11.5,25.6,100,0.0,1.0
2023-07-05 03:00:00,-12.1,23.1,98,0.0,0.98
2023-07-05 04:00:00,-13.2,21.8,100,0.0,1.0
2023-07-05 05:00:00,-13.4,21.4,100,0.0,1.0
2023-07-05 06:00:00,-13.6,21.3,99,0.0,0.99
2023-07-05 07:00:00,-14.5,20.5,100,0.0,1.0
2023-07-05 08:00:00,-15.1,18.7,98,0.0,0.98
2023-07-05 09:00:00,-15.9,15.8,98,0.0,0.98
2023-07-05 10:00:00,-16.5,14.0,98,0.0,0.98
2023-07-05 11:00:00,-17.1,12.9,97,0.0,0.97
2023-07-05 12:00:00,-17.1,14.7,100,0.0,1.0
2023-07-05 13:00:00,-15.4,10.2,100,0.0,1.0
2023-07-05 14:00:00,-9.3,5.8,98,0.0,0.98
2023-07-05 15:00:00,-9.2,7.6,100,0.0,1.0
2023-07-05 16:00:00,-9.2,7.5,100,0.0,1.0
2023-07-05 17:00:00,-9.7,5.5,100,0.0,1.0
2023-07-05 18:00:00,-10.8,4.8,100,0.0,1.0
2023-07-05 19:00:00,-10.8,3.1,100,0.0,1.0
2023-07-05 20:00:00,-10.5,3.0,100,0.0,1.0
2023-07-05 21:00:00,-11.2,3.6,100,0.0,1.0
2023-07-05 22:00:00,-11.7,3.9,100,0.0,1.0
2023-07-05 23:00:00,-11.7,3.9,100,0.0,1.0
2023-07-06 00:00:00,-10.1,2.8,100,0.0,1.0
2023-07-06 01:00:00,-9.9,5.1,100,0.0,1.0
2023-07-06 02:00:00,-11.0,5.4,100,0.0,1.0
2023-07-06 03:00:00,-12.1,7.2,100,0.0,1.0
2023-07-06 04:00:00,-12.5,6.4,100,0.0,1.0
2023-07-06 05:00:00,-12.2,6.9,100,0.0,1.0
2023-07-06 06:00:00,-11.5,6.2,100,0.0,1.0
2023-07-06 07:00:00,-11.6,5.9,100,0.0,1.0
2023-07-06 08:00:00,-12.1,5.5,100,0.0,1.0
2023-07-06 09:00:00,-12.4,4.3,100,0.0,1.0
2023-07-06 10:00:00,-12.5,4.1,100,0.0,1.0
2023-07-06 11:00:00,-12.1,3.3,100,0.0,1.0
2023-07-06 12:00:00,-11.5,5.2,100,0.0,1.0
2023-07-06 13:00:00,-11.6,3.4,100,0.0,1.0
2023-07-06 14:00:00,-11.7,2.5,100,0.0,1.0
2023-07-06 15:00:00,-11.3,2.3,93,0.0,0.93
2023-07-06 16:00:00,-12.8,3.0,100,0.0,1.0
2023-07-06 17:00:00,-12.8,1.9,100,0.0,1.0
2023-07-06 18:00:00,-12.5,1.1,99,0.0,0.99
2023-07-06 19:00:00,-12.8,0.8,95,0.0,0.95
2023-07-06 20:00:00,-12.7,2.9,98,0.0,0.98
2023-07-06 21:00:00,-12.7,4.8,91,0.0,0.91
2023-07-06 22:00:00,-12.3,6.1,99,0.0,0.99
2023-07-06 23:00:00,-11.8,4.3,98,0.0,0.98
2023-07-07 00:00:00,-11.5,4.0,100,0.0,1.0
2023-07-07 01:00:00,-10.6,2.5,100,0.0,1.0
2023-07-07 02:00:00,-10.9,4.9,100,0.0,1.0
2023-07-07 03:00:00,-11.3,1.8,99,0.0,0.99
2023-07-07 04:00:00,-12.0,4.6,97,0.0,0.97
2023-07-07 05:00:00,-11.3,5.4,69,0.0,0.69
2023-07-07 06:00:00,-11.3,4.9,71,0.0,0.71
2023-07-07 07:00:00,-11.5,4.3,71,0.0,0.71
2023-07-07 08:00:00,-10.8,7.2,62,0.0,0.62
2023-07-07 09:00:00,-10.0,6.9,7,0.0,0.07
2023-07-07 10:00:00,-10.8,6.4,43,0.0,0.43
2023-07-07 11:00:00,-12.2,7.0,14,0.0,0.14
2023-07-07 12:00:00,-14.5,5.4,44,0.0,0.44
2023-07-07 13:00:00,-13.2,6.1,87,0.0,0.87
2023-07-07 14:00:00,-13.0,3.8,96,0.0,0.96
2023-07-07 15:00:00,-12.5,2.0,94,0.0,0.94
2023-07-07 16:00:00,-11.7,4.4,90,0.0,0.9
2023-07-07 17:00:00,-11.6,4.4,98,0.0,0.98
2023-07-07 18:00:00,-12.2,2.4,84,0.0,0.84
2023-07-07 19:00:00,-12.3,2.8,96,0.0,0.96
2023-07-07 20:00:00,-12.2,3.8,86,0.0,0.86
2023-07-07 21:00:00,-12.0,4.7,57,0.0,0.57
2023-07-07 22:00:00,-12.0,2.5,64,0.0,0.64
2023-07-07 23:00:00,-12.6,1.8,81,0.0,0.81
2023-07-08 00:00:00,-11.0,8.7,91,0.0,0.91
2023-07-08 01:00:00,-11.3,6.2,93,0.0,0.93
2023-07-08 02:00:00,-12.0,5.2,100,0.0,1.0
2023-07-08 03:00:00,-12.5,4.4,100,0.0,1.0
2023-07-08 04:00:00,-12.5,4.5,100,0.0,1.0
2023-07-08 05:00:00,-13.3,2.3,100,0.0,1.0
2023-07-08 06:00:00,-13.6,3.9,100,0.0,1.0
2023-07-08 07:00:00,-14.0,3.8,100,0.0,1.0
2023-07-08 08:00:00,-14.7,3.5,100,0.0,1.0
2023-07-08 09:00:00,-16.0,6.1,100,0.0,1.0
2023-07-08 10:00:00,-16.0,4.5,100,0.0,1.0
2023-07-08 11:00:00,-16.0,4.0,100,0.0,1.0
2023-07-08 12:00:00,-16.1,1.4,100,0.0,1.0
2023-07-08 13:00:00,-15.0,2.7,100,0.0,1.0
2023-07-08 14:00:00,-15.2,2.2,100,0.0,1.0
2023-07-08 15:00:00,-15.3,2.6,100,0.0,1.0
2023-07-08 16:00:00,-15.6,1.6,100,0.0,1.0
2023-07-08 17:00:00,-15.8,2.5,100,0.0,1.0
2023-07-08 18:00:00,-15.4,2.9,100,0.0,1.0
2023-07-08 19:00:00,-15.3,1.3,100,0.0,1.0
2023-07-08 20:00:00,-15.2,3.1,100,0.0,1.0
2023-07-08 21:00:00,-13.8,4.4,100,0.0,1.0
2023-07-08 22:00:00,-13.3,6.6,100,0.0,1.0
2023-07-08 23:00:00,-16.6,8.9,100,0.0,1.0
2023-07-09 00:00:00,-18.4,17.1,100,0.0,1.0
2023-07-09 01:00:00,-16.7,18.2,100,0.0,1.0
2023-07-09 02:00:00,-16.1,16.7,100,0.0,1.0
2023-07-09 03:00:00,-15.7,17.2,100,0.0,1.0
2023-07-09 04:00:00,-14.2,27.9,100,0.0,1.0
2023-07-09 05:00:00,-14.5,22.7,100,0.0,1.0
2023-07-09 06:00:00,-14.4,24.3,100,0.0,1.0
2023-07-09 07:00:00,-15.2,33.0,100,0.0,1.0
2023-07-09 08:00:00,-16.1,39.4,100,0.0,1.0
2023-07-09 09:00:00,-16.3,37.9,100,0.0,1.0
2023-07-09 10:00:00,-16.1,37.8,100,0.0,1.0
2023-07-09 11:00:00,-15.9,34.5,100,0.0,1.0
2023-07-09 12:00:00,-16.2,22.0,100,0.0,1.0
2023-07-09 13:00:00,-16.2,24.9,100,0.0,1.0
2023-07-09 14:00:00,-17.1,35.4,100,0.0,1.0
2023-07-09 15:00:00,-17.0,38.2,100,0.0,1.0
2023-07-09 16:00:00,-17.0,41.1,100,0.0,1.0
2023-07-09 17:00:00,-16.9,43.4,100,0.0,1.0
2023-07-09 18:00:00,-16.6,45.2,100,0.0,1.0
2023-07-09 19:00:00,-16.5,46.4,100,0.0,1.0
2023-07-09 20:00:00,-16.3,46.2,100,0.0,1.0
2023-07-09 21:00:00,-16.1,48.6,100,0.0,1.0
2023-07-09 22:00:00,-16.2,50.4,100,0.0,1.0
2023-07-09 23:00:00,-16.3,50.5,100,0.0,1.0
2023-07-10 00:00:00,-15.9,54.3,100,0.0,1.0
2023-07-10 01:00:00,-15.6,52.0,100,0.0,1.0
2023-07-10 02:00:00,-15.3,49.4,100,0.0,1.0
2023-07-10 03:00:00,-15.3,47.9,100,0.0,1.0
2023-07-10 04:00:00,-15.3,46.7,100,0.0,1.0
2023-07-10 05:00:00,-15.3,44.7,100,0.0,1.0
2023-07-10 06:00:00,-15.2,41.6,100,0.0,1.0
2023-07-10 07:00:00,-15.1,39.4,100,0.0,1.0
2023-07-10 08:00:00,-15.0,38.6,100,0.0,1.0
2023-07-10 09:00:00,-14.8,37.3,100,0.0,1.0
2023-07-10 10:00:00,-14.9,35.2,100,0.0,1.0
2023-07-10 11:00:00,-15.1,32.3,98,0.0,0.98
2023-07-10 12:00:00,-14.3,34.6,100,0.0,1.0
2023-07-10 13:00:00,-14.0,31.9,47,0.0,0.47
2023-07-10 14:00:00,-14.2,29.1,7,0.0,0.07
2023-07-10 15:00:00,-14.5,26.2,60,0.0,0.6
2023-07-10 16:00:00,-14.9,23.4,98,0.0,0.98
2023-07-10 17:00:00,-15.5,21.6,59,0.0,0.59
2023-07-10 18:00:00,-15.4,22.0,4,0.0,0.04
2023-07-10 19:00:00,-15.3,21.9,3,0.0,0.03
2023-07-10 20:00:00,-15.0,22.7,2,0.0,0.02
2023-07-10 21:00:00,-14.3,23.9,4,0.0,0.04
2023-07-10 22:00:00,-14.6,20.9,4,0.0,0.04
2023-07-10 23:00:00,-15.5,18.6,2,0.0,0.02
2023-07-11 00:00:00,-14.7,20.3,0,0.0,0.0
2023-07-11 01:00:00,-15.2,19.9,5,0.0,0.05
2023-07-11 02:00:00,-15.4,19.4,8,0.0,0.08
2023-07-11 03:00:00,-15.5,19.4,6,0.0,0.06
2023-07-11 04:00:00,-15.6,19.8,1,0.0,0.01
2023-07-11 05:00:00,-15.9,19.1,0,0.0,0.0
2023-07-11 06:00:00,-16.1,19.5,0,0.0,0.0
2023-07-11 07:00:00,-16.5,19.9,0,0.0,0.0
2023-07-11 08:00:00,-17.1,19.7,0,0.0,0.0
2023-07-11 09:00:00,-17.9,19.6,0,0.0,0.0
2023-07-11 10:00:00,-18.4,19.2,55,0.0,0.55
2023-07-11 11:00:00,-19.0,17.4,33,0.0,0.33
2023-07-11 12:00:00,-16.0,20.9,23,0.0,0.23
2023-07-11 13:00:00,-15.6,19.8,0,0.0,0.0
2023-07-11 14:00:00,-16.6,17.8,0,0.0,0.0
2023-07-11 15:00:00,-18.4,14.4,91,0.0,0.91
2023-07-11 16:00:00,-18.8,10.4,71,0.0,0.71
2023-07-11 17:00:00,-15.4,7.9,63,0.0,0.63
2023-07-11 18:00:00,-12.5,6.2,50,0.0,0.5
2023-07-11 19:00:00,-11.9,4.8,91,0.0,0.91
2023-07-11 20:00:00,-12.3,4.6,98,0.0,0.98
2023-07-11 21:00:00,-12.9,6.9,100,0.0,1.0
2023-07-11 22:00:00,-14.7,7.9,96,0.0,0.96
2023-07-11 23:00:00,-17.3,9.2,24,0.0,0.24
2023-07-12 00:00:00,-22.2,12.0,14,0.0,0.14
2023-07-12 01:00:00,-21.1,11.6,30,0.0,0.3
2023-07-12 02:00:00,-20.9,15.2,54,0.0,0.54
2023-07-12 03:00:00,-19.9,18.4,7,0.0,0.07
2023-07-12 04:00:00,-20.6,18.5,0,0.0,0.0
2023-07-12 05:00:00,-20.4,19.1,0,0.0,0.0
2023-07-12 06:00:00,-20.2,20.2,0,0.0,0.0
2023-07-12 07:00:00,-20.6,19.8,0,0.0,0.0
2023-07-12 08:00:00,-21.4,18.9,0,0.0,0.0
2023-07-12 09:00:00,-21.5,19.0,0,0.0,0.0
2023-07-12 10:00:00,-21.8,17.9,0,0.0,0.0
2023-07-12 11:00:00,-22.2,17.4,0,0.0,0.0
2023-07-12 12:00:00,-23.0,17.8,0,0.0,0.0
2023-07-12 13:00:00,-21.8,17.2,0,0.0,0.0
2023-07-12 14:00:00,-22.2,17.3,1,0.0,0.01
2023-07-12 15:00:00,-22.2,19.2,5,0.0,0.05
2023-07-12 16:00:00,-21.5,20.9,0,0.0,0.0
2023-07-12 17:00:00,-21.2,20.9,0,0.0,0.0
2023-07-12 18:00:00,-20.6,22.6,26,0.0,0.26
2023-07-12 19:00:00,-19.4,23.4,25,0.0,0.25
2023-07-12 20:00:00,-18.7,24.5,22,0.0,0.22
2023-07-12 21:00:00,-18.6,23.8,20,0.0,0.2
2023-07-12 22:00:00,-18.5,23.8,65,0.0,0.65
2023-07-12 23:00:00,-18.2,24.9,60,0.0,0.6
2023-07-13 00:00:00,-20.8,19.9,73,0.0,0.73
2023-07-13 01:00:00,-19.2,21.6,70,0.0,0.7
2023-07-13 02:00:00,-18.3,23.9,75,0.0,0.75
2023-07-13 03:00:00,-17.7,25.5,80,0.0,0.8
2023-07-13 04:00:00,-17.5,24.9,75,0.0,0.75
2023-07-13 05:00:00,-18.3,20.6,82,0.0,0.82
2023-07-13 06:00:00,-21.5,16.1,89,0.0,0.89
2023-07-13 07:00:00,-23.5,14.4,95,0.0,0.95
2023-07-13 08:00:00,-22.5,12.2,96,0.0,0.96
2023-07-13 09:00:00,-15.5,7.6,98,0.0,0.98
2023-07-13 10:00:00,-16.7,4.3,95,0.0,0.95
2023-07-13 11:00:00,-17.5,4.9,98,0.0,0.98
2023-07-13 12:00:00,-19.5,8.8,78,0.0,0.78
2023-07-13 13:00:00,-16.5,6.6,44,0.0,0.44
2023-07-13 14:00:00,-16.9,4.6,68,0.0,0.68
2023-07-13 15:00:00,-18.1,5.9,38,0.0,0.38
2023-07-13 16:00:00,-19.5,4.3,68,0.0,0.68
2023-07-13 17:00:00,-18.7,3.6,53,0.0,0.53
2023-07-13 18:00:00,-18.5,4.0,48,0.0,0.48
2023-07-13 19:00:00,-19.0,4.2,5,0.0,0.05
2023-07-13 20:00:00,-19.5,3.3,2,0.0,0.02
2023-07-13 21:00:00,-20.0,4.1,1,0.0,0.01
2023-07-13 22:00:00,-20.5,3.4,0,0.0,0.0
2023-07-13 23:00:00,-21.0,2.7,0,0.0,0.0
2023-07-14 00:00:00,-25.8,11.6,0,0.0,0.0
2023-07-14 01:00:00,-25.8,15.7,0,0.0,0.0
2023-07-14 02:00:00,-25.6,12.6,0,0.0,0.0
2023-07-14 03:00:00,-20.5,9.4,0,0.0,0.0
2023-07-14 04:00:00,-19.6,7.5,0,0.0,0.0
2023-07-14 05:00:00,-23.1,9.7,0,0.0,0.0
2023-07-14 06:00:00,-22.0,9.1,12,0.0,0.12
2023-07-14 07:00:00,-24.3,10.5,1,0.0,0.01
2023-07-14 08:00:00,-26.7,13.4,0,0.0,0.0
2023-07-14 09:00:00,-26.4,17.5,5,0.0,0.05
2023-07-14 10:00:00,-27.1,13.4,21,0.0,0.21
2023-07-14 11:00:00,-27.0,12.7,1,0.0,0.01
2023-07-14 12:00:00,-24.8,24.1,1,0.0,0.01
2023-07-14 13:00:00,-22.9,29.3,1,0.0,0.01
2023-07-14 14:00:00,-25.3,28.1,0,0.0,0.0
2023-07-14 15:00:00,-24.5,31.4,48,0.0,0.48
2023-07-14 16:00:00,-22.7,38.4,58,0.0,0.58
2023-07-14 17:00:00,-22.2,45.2,53,0.0,0.53
2023-07-14 18:00:00,-23.5,39.2,94,0.0,0.94
2023-07-14 19:00:00,-23.0,40.9,84,0.0,0.84
2023-07-14 20:00:00,-22.7,41.8,58,0.0,0.58
2023-07-14 21:00:00,-22.3,40.0,91,0.0,0.91
2023-07-14 22:00:00,-21.9,38.2,100,0.0,1.0
2023-07-14 23:00:00,-21.1,37.2,100,0.0,1.0
2023-07-15 00:00:00,-20.8,35.0,100,0.0,1.0
2023-07-15 01:00:00,-20.0,39.0,100,0.0,1.0
2023-07-15 02:00:00,-19.9,39.7,100,0.0,1.0
2023-07-15 03:00:00,-19.5,39.8,100,0.0,1.0
2023-07-15 04:00:00,-19.1,37.8,100,0.0,1.0
2023-07-15 05:00:00,-18.6,36.4,100,0.0,1.0
2023-07-15 06:00:00,-17.7,39.2,100,0.0,1.0
2023-07-15 07:00:00,-17.1,39.6,100,0.0,1.0
2023-07-15 08:00:00,-16.5,40.8,100,0.0,1.0
2023-07-15 09:00:00,-16.2,39.3,100,0.0,1.0
2023-07-15 10:00:00,-16.0,37.4,100,0.0,1.0
2023-07-15 11:00:00,-15.7,36.1,100,0.0,1.0
2023-07-15 12:00:00,-14.8,42.3,100,0.0,1.0
2023-07-15 13:00:00,-14.4,41.6,100,0.0,1.0
2023-07-15 14:00:00,-14.2,44.7,93,0.0,0.93
2023-07-15 15:00:00,-14.2,47.4,77,0.0,0.77
2023-07-15 16:00:00,-14.1,47.8,61,0.0,0.61
2023-07-15 17:00:00,-14.3,43.0,39,0.0,0.39
2023-07-15 18:00:00,-14.7,37.3,31,0.0,0.31
2023-07-15 19:00:00,-15.4,34.5,43,0.0,0.43
2023-07-15 20:00:00,-15.5,34.1,59,0.0,0.59
2023-07-15 21:00:00,-15.4,34.0,40,0.0,0.4
2023-07-15 22:00:00,-15.4,33.4,18,0.0,0.18
2023-07-15 23:00:00,-15.7,33.2,19,0.0,0.19
2023-07-16 00:00:00,-15.0,38.1,92,0.0,0.92
2023-07-16 01:00:00,-15.0,34.7,92,0.0,0.92
2023-07-16 02:00:00,-15.1,32.9,48,0.0,0.48
2023-07-16 03:00:00,-15.5,30.7,0,0.0,0.0
2023-07-16 04:00:00,-16.2,27.0,0,0.0,0.0
2023-07-16 05:00:00,-17.3,24.1,0,0.0,0.0
2023-07-16 06:00:00,-18.3,21.6,0,0.0,0.0
2023-07-16 07:00:00,-19.0,20.0,0,0.0,0.0
2023-07-16 08:00:00,-19.8,17.8,0,0.0,0.0
2023-07-16 09:00:00,-21.3,17.8,0,0.0,0.0
2023-07-16 10:00:00,-22.4,17.1,0,0.0,0.0
2023-07-16 11:00:00,-22.8,15.5,0,0.0,0.0
2023-07-16 12:00:00,-21.1,16.2,0,0.0,0.0
2023-07-16 13:00:00,-20.6,15.7,0,0.0,0.0
2023-07-16 14:00:00,-20.0,17.8,0,0.0,0.0
2023-07-16 15:00:00,-21.6,16.6,0,0.0,0.0
2023-07-16 16:00:00,-22.7,19.5,0,0.0,0.0
2023-07-16 17:00:00,-21.6,19.2,0,0.0,0.0
2023-07-16 18:00:00,-21.2,17.6,0,0.0,0.0
2023-07-16 19:00:00,-22.4,14.4,0,0.0,0.0
2023-07-16 20:00:00,-23.7,13.4,0,0.0,0.0
2023-07-16 21:00:00,-23.9,13.8,0,0.0,0.0
2023-07-16 22:00:00,-24.1,12.8,0,0.0,0.0
2023-07-16 23:00:00,-23.5,12.3,0,0.0,0.0
2023-07-17 00:00:00,-19.5,25.9,0,0.0,0.0
2023-07-17 01:00:00,-18.4,28.4,0,0.0,0.0
2023-07-17 02:00:00,-18.8,24.1,0,0.0,0.0
2023-07-17 03:00:00,-19.3,21.0,0,0.0,0.0
2023-07-17 04:00:00,-20.6,18.4,0,0.0,0.0
2023-07-17 05:00:00,-21.6,15.9,0,0.0,0.0
2023-07-17 06:00:00,-22.1,15.4,0,0.0,0.0
2023-07-17 07:00:00,-22.7,15.5,0,0.0,0.0
2023-07-17 08:00:00,-23.4,16.2,0,0.0,0.0
2023-07-17 09:00:00,-24.0,17.3,0,0.0,0.0
2023-07-17 10:00:00,-24.8,16.7,0,0.0,0.0
2023-07-17 11:00:00,-25.0,17.1,0,0.0,0.0
2023-07-17 12:00:00,-21.3,29.2,0,0.0,0.0
2023-07-17 13:00:00,-20.1,35.2,0,0.0,0.0
2023-07-17 14:00:00,-20.2,36.8,0,0.0,0.0
2023-07-17 15:00:00,-20.6,34.7,0,0.0,0.0
2023-07-17 16:00:00,-20.3,31.7,0,0.0,0.0
2023-07-17 17:00:00,-19.9,32.9,0,0.0,0.0
2023-07-17 18:00:00,-19.5,36.8,0,0.0,0.0
2023-07-17 19:00:00,-19.1,39.6,0,0.0,0.0
2023-07-17 20:00:00,-18.9,39.1,0,0.0,0.0
2023-07-17 21:00:00,-18.7,38.7,0,0.0,0.0
2023-07-17 22:00:00,-18.5,37.7,0,0.0,0.0
2023-07-17 23:00:00,-18.3,35.2,0,0.0,0.0
2023-07-18 00:00:00,-18.5,37.3,0,0.0,0.0
2023-07-18 01:00:00,-18.3,38.0,0,0.0,0.0
2023-07-18 02:00:00,-18.4,32.1,0,0.0,0.0
2023-07-18 03:00:00,-18.5,27.0,0,0.0,0.0
2023-07-18 04:00:00,-19.8,23.0,10,0.0,0.1
2023-07-18 05:00:00,-19.8,24.5,78,0.0,0.78
2023-07-18 06:00:00,-20.7,22.3,69,0.0,0.69
2023-07-18 07:00:00,-22.6,18.4,46,0.0,0.46
2023-07-18 08:00:00,-25.3,13.7,27,0.0,0.27
2023-07-18 09:00:00,-25.6,12.5,30,0.0,0.3
2023-07-18 10:00:00,-25.0,16.0,7,0.0,0.07
2023-07-18 11:00:00,-25.6,14.8,13,0.0,0.13
2023-07-18 12:00:00,-25.3,16.5,61,0.0,0.61
2023-07-18 13:00:00,-22.6,9.7,25,0.0,0.25
2023-07-18 14:00:00,-25.3,10.4,21,0.0,0.21
2023-07-18 15:00:00,-26.6,12.6,9,0.0,0.09
2023-07-18 16:00:00,-25.5,12.3,35,0.0,0.35
2023-07-18 17:00:00,-25.0,11.2,27,0.0,0.27
2023-07-18 18:00:00,-24.4,10.1,1,0.0,0.01
2023-07-18 19:00:00,-19.9,8.7,0,0.0,0.0
2023-07-18 20:00:00,-19.3,6.9,2,0.0,0.02
2023-07-18 21:00:00,-16.1,5.7,0,0.0,0.0
2023-07-18 22:00:00,-17.0,4.9,10,0.0,0.1
2023-07-18 23:00:00,-19.0,7.9,25,0.0,0.25
2023-07-19 00:00:00,-27.7,15.3,8,0.0,0.08
2023-07-19 01:00:00,-25.5,20.2,53,0.0,0.53
2023-07-19 02:00:00,-25.4,19.8,41,0.0,0.41
2023-07-19 03:00:00,-23.9,21.3,84,0.0,0.84
2023-07-19 04:00:00,-20.1,26.6,84,0.0,0.84
2023-07-19 05:00:00,-16.3,33.7,31,0.0,0.31
2023-07-19 06:00:00,-15.4,35.7,25,0.0,0.25
2023-07-19 07:00:00,-16.6,32.2,75,0.0,0.75
2023-07-19 08:00:00,-16.8,30.6,92,0.0,0.92
2023-07-19 09:00:00,-16.6,30.2,76,0.0,0.76
2023-07-19 10:00:00,-16.3,31.5,56,0.0,0.56
2023-07-19 11:00:00,-16.1,33.1,73,0.0,0.73
2023-07-19 12:00:00,-15.6,35.2,88,0.0,0.88
2023-07-19 13:00:00,-16.0,34.5,41,0.0,0.41
2023-07-19 14:00:00,-16.6,30.0,70,0.0,0.7
2023-07-19 15:00:00,-17.6,25.3,40,0.0,0.4
2023-07-19 16:00:00,-19.1,23.1,48,0.0,0.48
2023-07-19 17:00:00,-20.5,20.4,59,0.0,0.59
2023-07-19 18:00:00,-22.1,17.6,0,0.0,0.0
2023-07-19 19:00:00,-23.3,15.3,4,0.0,0.04
2023-07-19 20:00:00,-23.6,14.8,9,0.0,0.09
2023-07-19 21:00:00,-24.0,13.4,10,0.0,0.1
2023-07-19 22:00:00,-24.3,13.3,6,0.0,0.06
2023-07-19 23:00:00,-23.8,12.5,0,0.0,0.0
2023-07-20 00:00:00,-23.0,14.8,2,0.0,0.02
2023-07-20 01:00:00,-22.1,15.0,70,0.0,0.7
2023-07-20 02:00:00,-21.6,15.9,28,0.0,0.28
2023-07-20 03:00:00,-21.0,16.2,39,0.0,0.39
2023-07-20 04:00:00,-20.9,13.7,0,0.0,0.0
2023-07-20 05:00:00,-21.2,14.0,8,0.0,0.08
2023-07-20 06:00:00,-21.2,15.4,0,0.0,0.0
2023-07-20 07:00:00,-20.3,18.0,0,0.0,0.0
2023-07-20 08:00:00,-19.0,20.9,0,0.0,0.0
2023-07-20 09:00:00,-19.0,21.3,0,0.0,0.0
2023-07-20 10:00:00,-19.0,22.1,0,0.0,0.0
2023-07-20 11:00:00,-18.5,23.3,0,0.0,0.0
2023-07-20 12:00:00,-16.9,27.5,0,0.0,0.0
2023-07-20 13:00:00,-17.2,26.9,0,0.0,0.0
2023-07-20 14:00:00,-17.6,25.2,0,0.0,0.0
2023-07-20 15:00:00,-18.5,23.3,81,0.0,0.81
2023-07-20 16:00:00,-18.7,22.8,82,0.0,0.82
2023-07-20 17:00:00,-17.1,27.4,43,0.0,0.43
2023-07-20 18:00:00,-16.2,30.4,19,0.0,0.19
2023-07-20 19:00:00,-16.3,29.1,0,0.0,0.0
2023-07-20 20:00:00,-16.6,28.1,0,0.0,0.0
2023-07-20 21:00:00,-16.6,27.9,0,0.0,0.0
2023-07-20 22:00:00,-15.4,35.1,0,0.0,0.0
2023-07-20 23:00:00,-15.1,38.8,0,0.0,0.0
2023-07-21 00:00:00,-14.7,38.4,0,0.0,0.0
2023-07-21 01:00:00,-14.8,36.1,0,0.0,0.0
2023-07-21 02:00:00,-15.2,32.4,0,0.0,0.0
2023-07-21 03:00:00,-15.1,32.4,0,0.0,0.0
2023-07-21 04:00:00,-14.4,36.4,0,0.0,0.0
2023-07-21 05:00:00,-14.6,34.5,0,0.0,0.0
2023-07-21 06:00:00,-14.8,33.2,0,0.0,0.0
2023-07-21 07:00:00,-14.7,34.6,0,0.0,0.0
2023-07-21 08:00:00,-14.9,32.9,0,0.0,0.0
2023-07-21 09:00:00,-15.2,30.8,0,0.0,0.0
2023-07-21 10:00:00,-15.6,28.0,0,0.0,0.0
2023-07-21 11:00:00,-15.8,27.9,0,0.0,0.0
2023-07-21 12:00:00,-15.5,28.9,0,0.0,0.0
2023-07-21 13:00:00,-15.7,27.7,0,0.0,0.0
2023-07-21 14:00:00,-15.6,27.6,0,0.0,0.0
2023-07-21 15:00:00,-15.8,26.8,0,0.0,0.0
2023-07-21 16:00:00,-16.0,26.4,0,0.0,0.0
2023-07-21 17:00:00,-16.0,27.0,0,0.0,0.0
2023-07-21 18:00:00,-16.0,28.0,0,0.0,0.0
2023-07-21 19:00:00,-16.2,27.9,0,0.0,0.0
2023-07-21 20:00:00,-16.4,27.9,0,0.0,0.0
2023-07-21 21:00:00,-16.4,28.7,0,0.0,0.0
2023-07-21 22:00:00,-16.4,29.2,0,0.0,0.0
2023-07-21 23:00:00,-16.3,29.7,0,0.0,0.0
2023-07-22 00:00:00,-16.5,33.2,0,0.0,0.0
2023-07-22 01:00:00,-16.4,31.7,0,0.0,0.0
2023-07-22 02:00:00,-16.4,30.7,0,0.0,0.0
2023-07-22 03:00:00,-16.9,27.2,0,0.0,0.0
2023-07-22 04:00:00,-16.8,28.6,0,0.0,0.0
2023-07-22 05:00:00,-17.0,28.9,0,0.0,0.0
2023-07-22 06:00:00,-17.3,27.3,0,0.0,0.0
2023-07-22 07:00:00,-17.6,26.0,0,0.0,0.0
2023-07-22 08:00:00,-17.7,27.0,0,0.0,0.0
2023-07-22 09:00:00,-17.6,29.6,0,0.0,0.0
2023-07-22 10:00:00,-17.8,29.5,0,0.0,0.0
2023-07-22 11:00:00,-17.8,29.7,0,0.0,0.0
2023-07-22 12:00:00,-18.1,29.5,0,0.0,0.0
2023-07-22 13:00:00,-18.1,30.3,0,0.0,0.0
2023-07-22 14:00:00,-18.1,30.9,0,0.0,0.0
2023-07-22 15:00:00,-18.2,30.6,0,0.0,0.0
2023-07-22 16:00:00,-18.2,31.7,0,0.0,0.0
2023-07-22 17:00:00,-18.2,33.1,0,0.0,0.0
2023-07-22 18:00:00,-18.3,33.9,0,0.0,0.0
2023-07-22 19:00:00,-18.5,34.2,0,0.0,0.0
2023-07-22 20:00:00,-18.6,34.5,0,0.0,0.0
2023-07-22 21:00:00,-18.5,34.7,0,0.0,0.0
2023-07-22 22:00:00,-18.5,35.4,9,0.0,0.09
2023-07-22 23:00:00,-18.4,37.0,3,0.0,0.03
2023-07-23 00:00:00,-18.0,38.3,0,0.0,0.0
2023-07-23 01:00:00,-18.1,38.6,0,0.0,0.0
2023-07-23 02:00:00,-18.2,39.0,0,0.0,0.0
2023-07-23 03:00:00,-18.3,40.7,0,0.0,0.0
2023-07-23 04:00:00,-18.3,41.0,0,0.0,0.0
2023-07-23 05:00:00,-18.4,40.9,17,0.0,0.17
2023-07-23 06:00:00,-18.5,40.8,100,0.0,1.0
2023-07-23 07:00:00,-18.7,39.3,100,0.0,1.0
2023-07-23 08:00:00,-18.7,40.9,100,0.0,1.0
2023-07-23 09:00:00,-18.2,41.2,100,0.0,1.0
2023-07-23 10:00:00,-18.2,41.4,100,0.0,1.0
2023-07-23 11:00:00,-18.2,42.5,100,0.0,1.0
2023-07-23 12:00:00,-17.9,43.5,100,0.0,1.0
2023-07-23 13:00:00,-17.3,44.6,100,0.0,1.0
2023-07-23 14:00:00,-17.1,43.6,100,0.0,1.0
2023-07-23 15:00:00,-17.0,44.3,100,0.0,1.0
2023-07-23 16:00:00,-16.8,45.0,100,0.0,1.0
2023-07-23 17:00:00,-16.6,47.5,100,0.0,1.0
2023-07-23 18:00:00,-16.5,49.6,100,0.0,1.0
2023-07-23 19:00:00,-16.5,50.7,100,0.0,1.0
2023-07-23 20:00:00,-16.4,52.2,100,0.0,1.0
2023-07-23 21:00:00,-16.5,54.0,100,0.0,1.0
2023-07-23 22:00:00,-16.6,54.4,100,0.0,1.0
2023-07-23 23:00:00,-16.7,53.6,100,0.0,1.0
2023-07-24 00:00:00,-16.4,55.2,100,0.0,1.0
2023-07-24 01:00:00,-16.2,56.5,100,0.0,1.0
2023-07-24 02:00:00,-15.8,58.0,100,0.0,1.0
2023-07-24 03:00:00,-15.7,57.7,100,0.0,1.0
2023-07-24 04:00:00,-15.5,58.5,100,0.0,1.0
2023-07-24 05:00:00,-15.0,59.0,100,0.0,1.0
2023-07-24 06:00:00,-14.6,60.9,100,0.0,1.0
2023-07-24 07:00:00,-14.6,61.9,100,0.0,1.0
2023-07-24 08:00:00,-14.7,61.4,100,0.0,1.0
2023-07-24 09:00:00,-14.6,64.8,100,0.0,1.0
2023-07-24 10:00:00,-14.4,66.4,100,0.0,1.0
2023-07-24 11:00:00,-14.1,66.0,100,0.0,1.0
2023-07-24 12:00:00,-13.8,65.2,100,0.0,1.0
2023-07-24 13:00:00,-13.2,65.0,100,0.0,1.0
2023-07-24 14:00:00,-12.9,64.5,100,0.0,1.0
2023-07-24 15:00:00,-12.8,65.9,100,0.0,1.0
2023-07-24 16:00:00,-12.7,69.7,100,0.0,1.0
2023-07-24 17:00:00,-12.6,73.3,100,0.0,1.0
2023-07-24 18:00:00,-12.6,77.5,100,0.0,1.0
2023-07-24 19:00:00,-12.3,78.0,100,0.0,1.0
2023-07-24 20:00:00,-12.3,78.6,100,0.0,1.0
2023-07-24 21:00:00,-12.2,76.8,100,0.0,1.0
2023-07-24 22:00:00,-12.2,76.2,100,0.0,1.0
2023-07-24 23:00:00,-12.2,72.8,100,0.0,1.0
2023-07-25 00:00:00,-11.8,74.1,100,0.0,1.0
2023-07-25 01:00:00,-11.6,75.7,100,0.0,1.0
2023-07-25 02:00:00,-11.7,72.3,100,0.0,1.0
2023-07-25 03:00:00,-11.5,74.9,100,0.0,1.0
2023-07-25 04:00:00,-11.1,78.6,100,0.0,1.0
2023-07-25 05:00:00,-11.0,77.8,100,0.0,1.0
2023-07-25 06:00:00,-11.1,79.1,100,0.0,1.0
2023-07-25 07:00:00,-11.1,78.4,100,0.0,1.0
2023-07-25 08:00:00,-11.2,69.2,100,0.0,1.0
2023-07-25 09:00:00,-11.3,66.3,100,0.0,1.0
2023-07-25 10:00:00,-11.5,60.5,100,0.0,1.0
2023-07-25 11:00:00,-11.5,57.7,100,0.0,1.0
2023-07-25 12:00:00,-11.5,58.8,100,0.0,1.0
2023-07-25 13:00:00,-11.5,58.1,100,0.0,1.0
2023-07-25 14:00:00,-11.7,51.4,100,0.0,1.0
2023-07-25 15:00:00,-11.7,54.0,100,0.0,1.0
2023-07-25 16:00:00,-11.7,45.5,100,0.0,1.0
2023-07-25 17:00:00,-11.6,42.1,100,0.0,1.0
2023-07-25 18:00:00,-11.4,40.4,100,0.0,1.0
2023-07-25 19:00:00,-11.2,41.6,100,0.0,1.0
2023-07-25 20:00:00,-11.0,41.6,100,0.0,1.0
2023-07-25 21:00:00,-10.9,39.9,100,0.0,1.0
2023-07-25 22:00:00,-10.6,40.6,100,0.0,1.0
2023-07-25 23:00:00,-10.6,38.8,100,0.0,1.0
2023-07-26 00:00:00,-10.2,38.2,100,0.0,1.0
2023-07-26 01:00:00,-10.2,34.8,100,0.0,1.0
2023-07-26 02:00:00,-10.1,33.2,100,0.0,1.0
2023-07-26 03:00:00,-10.2,31.4,100,0.0,1.0
2023-07-26 04:00:00,-10.1,32.1,100,0.0,1.0
2023-07-26 05:00:00,-10.1,30.6,100,0.0,1.0
2023-07-26 06:00:00,-10.1,25.1,100,0.0,1.0
2023-07-26 07:00:00,-10.2,22.0,100,0.0,1.0
2023-07-26 08:00:00,-10.6,25.8,95,0.0,0.95
2023-07-26 09:00:00,-11.2,25.4,100,0.0,1.0
2023-07-26 10:00:00,-10.7,24.8,100,0.0,1.0
2023-07-26 11:00:00,-10.9,24.5,100,0.0,1.0
2023-07-26 12:00:00,-10.8,23.5,100,0.0,1.0
2023-07-26 13:00:00,-10.7,26.0,97,0.0,0.97
2023-07-26 14:00:00,-11.1,27.1,100,0.0,1.0
2023-07-26 15:00:00,-11.7,25.7,94,0.0,0.94
2023-07-26 16:00:00,-12.0,25.1,77,0.0,0.77
2023-07-26 17:00:00,-12.3,23.8,84,0.0,0.84
2023-07-26 18:00:00,-12.5,22.7,77,0.0,0.77
2023-07-26 19:00:00,-12.2,22.5,99,0.0,0.99
2023-07-26 20:00:00,-11.7,22.5,100,0.0,1.0
2023-07-26 21:00:00,-12.0,21.9,100,0.0,1.0
2023-07-26 22:00:00,-12.0,21.6,100,0.0,1.0
2023-07-26 23:00:00,-11.7,21.7,100,0.0,1.0
2023-07-27 00:00:00,-11.7,24.2,100,0.0,1.0
2023-07-27 01:00:00,-11.7,22.4,100,0.0,1.0
2023-07-27 02:00:00,-11.7,21.6,100,0.0,1.0
2023-07-27 03:00:00,-12.1,19.8,100,0.0,1.0
2023-07-27 04:00:00,-13.1,16.9,100,0.0,1.0
2023-07-27 05:00:00,-15.0,13.0,100,0.0,1.0
2023-07-27 06:00:00,-16.5,11.6,100,0.0,1.0
2023-07-27 07:00:00,-15.8,9.4,100,0.0,1.0
2023-07-27 08:00:00,-11.5,6.7,97,0.0,0.97
2023-07-27 09:00:00,-11.2,4.1,98,0.0,0.98
2023-07-27 10:00:00,-11.6,4.5,98,0.0,0.98
2023-07-27 11:00:00,-12.2,6.5,100,0.0,1.0
2023-07-27 12:00:00,-11.9,6.6,99,0.0,0.99
2023-07-27 13:00:00,-11.8,6.8,81,0.0,0.81
2023-07-27 14:00:00,-12.0,4.9,97,0.0,0.97
2023-07-27 15:00:00,-13.3,4.2,80,0.0,0.8
2023-07-27 16:00:00,-13.2,2.5,83,0.0,0.83
2023-07-27 17:00:00,-13.2,4.4,88,0.0,0.88
2023-07-27 18:00:00,-13.8,3.7,100,0.0,1.0
2023-07-27 19:00:00,-14.6,1.8,100,0.0,1.0
2023-07-27 20:00:00,-15.4,4.0,100,0.0,1.0
2023-07-27 21:00:00,-16.8,7.6,99,0.0,0.99
2023-07-27 22:00:00,-18.2,8.9,87,0.0,0.87
2023-07-27 23:00:00,-15.5,6.6,32,0.0,0.32
2023-07-28 00:00:00,-17.0,6.4,1,0.0,0.01
2023-07-28 01:00:00,-21.3,9.7,0,0.0,0.0
2023-07-28 02:00:00,-18.0,2.9,16,0.0,0.16
2023-07-28 03:00:00,-17.2,6.6,40,0.0,0.4
2023-07-28 04:00:00,-21.6,10.2,50,0.0,0.5
2023-07-28 05:00:00,-23.4,12.6,88,0.0,0.88
2023-07-28 06:00:00,-21.3,19.1,89,0.0,0.89
2023-07-28 07:00:00,-20.3,24.8,17,0.0,0.17
2023-07-28 08:00:00,-21.0,23.7,3,0.0,0.03
2023-07-28 09:00:00,-21.2,23.7,14,0.0,0.14
2023-07-28 10:00:00,-21.2,23.1,42,0.0,0.42
2023-07-28 11:00:00,-22.1,18.6,66,0.0,0.66
2023-07-28 12:00:00,-20.0,21.6,63,2.0,0.63
2023-07-28 13:00:00,-21.2,17.6,88,0.0,0.88
2023-07-28 14:00:00,-22.1,18.2,56,0.0,0.56
2023-07-28 15:00:00,-22.4,17.0,7,0.0,0.07
2023-07-28 16:00:00,-21.6,17.7,0,0.0,0.0
2023-07-28 17:00:00,-22.7,16.6,0,0.0,0.0
2023-07-28 18:00:00,-23.8,16.1,2,0.0,0.02
2023-07-28 19:00:00,-24.8,17.0,24,0.0,0.24
2023-07-28 20:00:00,-25.8,18.4,25,0.0,0.25
2023-07-28 21:00:00,-26.2,17.8,26,0.0,0.26
2023-07-28 22:00:00,-24.2,20.1,30,0.0,0.3
2023-07-28 23:00:00,-23.2,21.7,22,0.0,0.22
2023-07-29 00:00:00,-25.5,16.1,0,0.0,0.0
2023-07-29 01:00:00,-25.4,19.3,25,0.0,0.25
2023-07-29 02:00:00,-26.4,19.2,26,0.0,0.26
2023-07-29 03:00:00,-23.9,19.8,0,0.0,0.0
2023-07-29 04:00:00,-24.7,19.2,0,0.0,0.0
2023-07-29 05:00:00,-25.3,19.4,0,0.0,0.0
2023-07-29 06:00:00,-26.0,19.8,0,0.0,0.0
2023-07-29 07:00:00,-23.3,23.5,0,0.0,0.0
2023-07-29 08:00:00,-23.7,20.7,0,0.0,0.0
2023-07-29 09:00:00,-25.7,18.8,0,0.0,0.0
2023-07-29 10:00:00,-25.9,19.5,0,0.0,0.0
2023-07-29 11:00:00,-25.6,20.7,5,1.0,0.05
2023-07-29 12:00:00,-23.8,19.5,1,4.0,0.01
2023-07-29 13:00:00,-25.7,22.3,6,0.0,0.06
2023-07-29 14:00:00,-25.5,21.6,0,0.0,0.0
2023-07-29 15:00:00,-22.8,25.4,0,0.0,0.0
2023-07-29 16:00:00,-22.6,24.8,0,0.0,0.0
2023-07-29 17:00:00,-22.6,24.1,0,0.0,0.0
2023-07-29 18:00:00,-23.0,22.8,1,0.0,0.01
2023-07-29 19:00:00,-22.5,25.3,12,0.0,0.12
2023-07-29 20:00:00,-21.6,29.3,2,0.0,0.02
2023-07-29 21:00:00,-21.4,30.5,4,0.0,0.04
2023-07-29 22:00:00,-22.0,27.0,2,0.0,0.02
2023-07-29 23:00:00,-22.4,26.2,0,0.0,0.0
2023-07-30 00:00:00,-23.4,23.4,0,0.0,0.0
2023-07-30 01:00:00,-22.1,28.3,0,0.0,0.0
2023-07-30 02:00:00,-21.6,32.1,0,0.0,0.0
2023-07-30 03:00:00,-21.2,31.7,1,0.0,0.01
2023-07-30 04:00:00,-21.3,31.7,12,0.0,0.12
2023-07-30 05:00:00,-21.2,32.3,12,0.0,0.12
2023-07-30 06:00:00,-21.1,31.9,21,0.0,0.21
2023-07-30 07:00:00,-21.3,30.7,21,0.0,0.21
2023-07-30 08:00:00,-21.2,29.8,14,0.0,0.14
2023-07-30 09:00:00,-21.4,28.2,15,0.0,0.15
2023-07-30 10:00:00,-21.5,26.5,10,0.0,0.1
2023-07-30 11:00:00,-21.9,25.2,5,3.0,0.05
2023-07-30 12:00:00,-23.2,23.8,0,7.0,0.0
2023-07-30 13:00:00,-23.5,22.0,0,1.0,0.0
2023-07-30 14:00:00,-24.2,20.7,0,0.0,0.0
2023-07-30 15:00:00,-25.1,18.5,0,0.0,0.0
2023-07-30 16:00:00,-26.6,17.1,0,0.0,0.0
2023-07-30 17:00:00,-26.8,16.7,0,0.0,0.0
2023-07-30 18:00:00,-27.0,15.6,0,0.0,0.0
2023-07-30 19:00:00,-27.3,15.9,0,0.0,0.0
2023-07-30 20:00:00,-27.2,16.9,0,0.0,0.0
2023-07-30 21:00:00,-26.9,18.0,0,0.0,0.0
2023-07-30 22:00:00,-26.9,17.3,0,0.0,0.0
2023-07-30 23:00:00,-27.1,15.2,0,0.0,0.0
2023-07-31 00:00:00,-23.3,25.7,0,0.0,0.0
2023-07-31 01:00:00,-24.2,22.2,0,0.0,0.0
2023-07-31 02:00:00,-25.8,19.8,0,0.0,0.0
2023-07-31 03:00:00,-26.6,19.2,0,0.0,0.0
2023-07-31 04:00:00,-26.8,19.6,0,0.0,0.0
2023-07-31 05:00:00,-26.9,18.6,0,0.0,0.0
2023-07-31 06:00:00,-27.3,17.7,0,0.0,0.0
2023-07-31 07:00:00,-27.7,17.3,0,0.0,0.0
2023-07-31 08:00:00,-27.5,17.7,0,0.0,0.0
2023-07-31 09:00:00,-26.3,19.4,0,0.0,0.0
2023-07-31 10:00:00,-25.8,19.4,0,0.0,0.0
2023-07-31 11:00:00,-26.6,17.6,0,5.0,0.0
2023-07-31 12:00:00,-28.4,13.8,0,10.0,0.0
2023-07-31 13:00:00,-26.2,16.6,0,2.0,0.0
2023-07-31 14:00:00,-26.7,15.5,0,0.0,0.0
2023-07-31 15:00:00,-27.6,13.3,0,0.0,0.0
2023-07-31 16:00:00,-27.5,14.8,0,0.0,0.0
2023-07-31 17:00:00,-27.3,15.1,0,0.0,0.0
2023-07-31 18:00:00,-27.0,16.6,0,0.0,0.0
2023-07-31 19:00:00,-26.2,17.6,0,0.0,0.0
2023-07-31 20:00:00,-27.3,15.8,0,0.0,0.0
2023-07-31 21:00:00,-27.3,15.8,0,0.0,0.0
2023-07-31 22:00:00,-26.0,18.4,0,0.0,0.0
2023-07-31 23:00:00,-21.8,25.3,0,0.0,0.0
2023-08-01 00:00:00,-19.6,34.9,0,0.0,0.0
2023-08-01 01:00:00,-20.8,27.5,0,0.0,0.0
2023-08-01 02:00:00,-21.2,26.6,0,0.0,0.0
2023-08-01 03:00:00,-21.2,24.8,23,0.0,0.23
2023-08-01 04:00:00,-18.3,34.8,0,0.0,0.0
2023-08-01 05:00:00,-18.0,33.9,1,0.0,0.01
2023-08-01 06:00:00,-19.1,32.0,0,0.0,0.0
2023-08-01 07:00:00,-19.2,33.3,0,0.0,0.0
2023-08-01 08:00:00,-18.5,32.9,2,0.0,0.02
2023-08-01 09:00:00,-18.7,28.8,21,0.0,0.21
2023-08-01 10:00:00,-18.4,31.4,23,0.0,0.23
2023-08-01 11:00:00,-17.8,32.4,95,7.0,0.95
2023-08-01 12:00:00,-18.5,29.1,90,10.0,0.9
2023-08-01 13:00:00,-18.4,30.0,3,4.0,0.03
2023-08-01 14:00:00,-17.8,32.5,8,0.0,0.08
2023-08-01 15:00:00,-17.6,32.8,2,0.0,0.02
2023-08-01 16:00:00,-17.4,34.4,0,0.0,0.0
2023-08-01 17:00:00,-17.2,37.6,0,0.0,0.0
2023-08-01 18:00:00,-17.0,40.8,0,0.0,0.0
2023-08-01 19:00:00,-16.8,40.4,0,0.0,0.0
2023-08-01 20:00:00,-16.6,40.4,0,0.0,0.0
2023-08-01 21:00:00,-16.3,40.3,0,0.0,0.0
2023-08-01 22:00:00,-16.0,39.8,24,0.0,0.24
2023-08-01 23:00:00,-15.6,41.3,5,0.0,0.05
2023-08-02 00:00:00,-15.3,40.3,5,0.0,0.05
2023-08-02 01:00:00,-15.2,40.3,38,0.0,0.38
2023-08-02 02:00:00,-15.1,38.1,99,0.0,0.99
2023-08-02 03:00:00,-14.5,35.3,98,0.0,0.98
2023-08-02 04:00:00,-14.7,31.2,88,0.0,0.88
2023-08-02 05:00:00,-15.4,30.3,39,0.0,0.39
2023-08-02 06:00:00,-16.0,29.8,52,0.0,0.52
2023-08-02 07:00:00,-15.9,31.2,58,0.0,0.58
2023-08-02 08:00:00,-15.7,31.7,27,0.0,0.27
2023-08-02 09:00:00,-15.4,32.7,45,0.0,0.45
2023-08-02 10:00:00,-15.0,35.9,9,0.0,0.09
2023-08-02 11:00:00,-14.5,39.7,2,10.0,0.02
2023-08-02 12:00:00,-14.5,38.7,6,14.0,0.06
2023-08-02 13:00:00,-14.6,36.8,1,6.0,0.01
2023-08-02 14:00:00,-14.6,38.0,50,0.0,0.5
2023-08-02 15:00:00,-15.2,30.8,27,0.0,0.27
2023-08-02 16:00:00,-14.6,41.5,58,0.0,0.58
2023-08-02 17:00:00,-14.6,44.5,26,0.0,0.26
2023-08-02 18:00:00,-14.2,48.7,97,0.0,0.97
2023-08-02 19:00:00,-13.5,49.3,100,0.0,1.0
2023-08-02 20:00:00,-13.1,48.5,100,0.0,1.0
2023-08-02 21:00:00,-12.7,49.7,100,0.0,1.0
2023-08-02 22:00:00,-12.3,50.9,100,0.0,1.0
2023-08-02 23:00:00,-11.7,53.7,100,0.0,1.0
2023-08-03 00:00:00,-12.2,61.2,100,0.0,1.0
2023-08-03 01:00:00,-12.1,65.6,100,0.0,1.0
2023-08-03 02:00:00,-12.3,65.7,100,0.0,1.0
2023-08-03 03:00:00,-11.7,64.9,100,0.0,1.0
2023-08-03 04:00:00,-11.6,65.4,100,0.0,1.0
2023-08-03 05:00:00,-11.5,59.0,100,0.0,1.0
2023-08-03 06:00:00,-11.4,64.8,100,0.0,1.0
2023-08-03 07:00:00,-11.2,63.8,100,0.0,1.0
2023-08-03 08:00:00,-11.4,57.7,100,0.0,1.0
2023-08-03 09:00:00,-11.4,60.3,100,0.0,1.0
2023-08-03 10:00:00,-11.6,57.8,100,1.0,1.0
2023-08-03 11:00:00,-11.9,54.7,100,8.0,1.0
2023-08-03 12:00:00,-12.2,57.9,100,11.0,1.0
2023-08-03 13:00:00,-12.5,54.8,100,5.0,1.0
2023-08-03 14:00:00,-12.6,46.5,100,0.0,1.0
2023-08-03 15:00:00,-12.8,45.6,100,0.0,1.0
2023-08-03 16:00:00,-12.8,41.6,100,0.0,1.0
2023-08-03 17:00:00,-12.4,39.0,100,0.0,1.0
2023-08-03 18:00:00,-12.1,36.8,100,0.0,1.0
2023-08-03 19:00:00,-11.8,38.1,100,0.0,1.0
2023-08-03 20:00:00,-11.5,38.6,100,0.0,1.0
2023-08-03 21:00:00,-11.3,40.2,100,0.0,1.0
2023-08-03 22:00:00,-11.3,40.6,100,0.0,1.0
2023-08-03 23:00:00,-11.1,39.5,100,0.0,1.0
2023-08-04 00:00:00,-11.2,42.4,100,0.0,1.0
2023-08-04 01:00:00,-10.9,42.8,100,0.0,1.0
2023-08-04 02:00:00,-10.9,42.1,100,0.0,1.0
2023-08-04 03:00:00,-11.0,40.3,100,0.0,1.0
2023-08-04 04:00:00,-11.2,35.1,100,0.0,1.0
2023-08-04 05:00:00,-11.3,34.5,100,0.0,1.0
2023-08-04 06:00:00,-11.2,33.5,100,0.0,1.0
2023-08-04 07:00:00,-11.1,32.6,100,0.0,1.0
2023-08-04 08:00:00,-11.3,31.4,100,0.0,1.0
2023-08-04 09:00:00,-11.5,30.4,100,0.0,1.0
2023-08-04 10:00:00,-12.1,27.8,99,2.0,0.99
2023-08-04 11:00:00,-13.1,25.4,72,14.0,0.72
2023-08-04 12:00:00,-12.8,26.3,56,20.0,0.56
2023-08-04 13:00:00,-12.9,26.4,82,10.0,0.82
2023-08-04 14:00:00,-12.9,26.9,75,0.0,0.75
2023-08-04 15:00:00,-12.9,27.5,15,0.0,0.15
2023-08-04 16:00:00,-13.3,28.0,2,0.0,0.02
2023-08-04 17:00:00,-13.5,28.7,0,0.0,0.0
2023-08-04 18:00:00,-13.7,28.9,0,0.0,0.0
2023-08-04 19:00:00,-14.0,28.1,0,0.0,0.0
2023-08-04 20:00:00,-14.3,28.6,0,0.0,0.0
2023-08-04 21:00:00,-14.3,30.4,0,0.0,0.0
2023-08-04 22:00:00,-14.6,30.5,0,0.0,0.0
2023-08-04 23:00:00,-14.8,30.2,0,0.0,0.0
2023-08-05 00:00:00,-15.3,31.9,0,0.0,0.0
2023-08-05 01:00:00,-15.7,29.9,0,0.0,0.0
2023-08-05 02:00:00,-15.8,26.0,0,0.0,0.0
2023-08-05 03:00:00,-15.8,27.3,0,0.0,0.0
2023-08-05 04:00:00,-15.6,34.5,0,0.0,0.0
2023-08-05 05:00:00,-16.6,29.3,0,0.0,0.0
2023-08-05 06:00:00,-17.0,26.8,0,0.0,0.0
2023-08-05 07:00:00,-17.3,23.7,0,0.0,0.0
2023-08-05 08:00:00,-16.5,29.2,0,0.0,0.0
2023-08-05 09:00:00,-16.8,26.9,0,0.0,0.0
2023-08-05 10:00:00,-17.2,25.3,0,4.0,0.0
2023-08-05 11:00:00,-16.8,27.1,0,20.0,0.0
2023-08-05 12:00:00,-17.1,27.7,0,25.0,0.0
2023-08-05 13:00:00,-17.0,27.7,1,15.0,0.01
2023-08-05 14:00:00,-17.0,27.7,0,1.0,0.0
2023-08-05 15:00:00,-17.1,25.4,14,0.0,0.14
2023-08-05 16:00:00,-16.6,27.3,55,0.0,0.55
2023-08-05 17:00:00,-16.2,29.9,90,0.0,0.9
2023-08-05 18:00:00,-16.8,28.0,92,0.0,0.92
2023-08-05 19:00:00,-16.9,27.4,92,0.0,0.92
2023-08-05 20:00:00,-16.3,32.3,94,0.0,0.94
2023-08-05 21:00:00,-16.4,32.3,97,0.0,0.97
2023-08-05 22:00:00,-16.4,30.1,98,0.0,0.98
2023-08-05 23:00:00,-16.6,29.1,98,0.0,0.98
2023-08-06 00:00:00,-16.1,32.8,100,0.0,1.0
2023-08-06 01:00:00,-16.2,28.4,100,0.0,1.0
2023-08-06 02:00:00,-16.5,27.9,100,0.0,1.0
2023-08-06 03:00:00,-16.4,27.6,100,0.0,1.0
2023-08-06 04:00:00,-16.6,26.3,100,0.0,1.0
2023-08-06 05:00:00,-17.0,24.9,100,0.0,1.0
2023-08-06 06:00:00,-17.1,23.1,100,0.0,1.0
2023-08-06 07:00:00,-17.6,22.3,99,0.0,0.99
2023-08-06 08:00:00,-18.4,23.2,42,0.0,0.42
2023-08-06 09:00:00,-18.8,23.8,0,0.0,0.0
2023-08-06 10:00:00,-18.8,24.8,0,6.0,0.0
2023-08-06 11:00:00,-18.8,26.3,0,24.0,0.0
2023-08-06 12:00:00,-18.9,28.8,0,30.0,0.0
2023-08-06 13:00:00,-19.0,26.6,0,19.0,0.0
2023-08-06 14:00:00,-19.3,25.1,0,2.0,0.0
2023-08-06 15:00:00,-19.9,22.5,0,0.0,0.0
2023-08-06 16:00:00,-20.6,20.2,0,0.0,0.0
2023-08-06 17:00:00,-21.2,20.0,0,0.0,0.0
2023-08-06 18:00:00,-21.5,20.2,0,0.0,0.0
2023-08-06 19:00:00,-21.5,21.3,0,0.0,0.0
2023-08-06 20:00:00,-21.2,23.1,1,0.0,0.01
2023-08-06 21:00:00,-20.7,24.9,0,0.0,0.0
2023-08-06 22:00:00,-20.4,27.1,0,0.0,0.0
2023-08-06 23:00:00,-20.2,26.9,0,0.0,0.0
2023-08-07 00:00:00,-20.0,29.3,0,0.0,0.0
2023-08-07 01:00:00,-19.9,27.2,0,0.0,0.0
2023-08-07 02:00:00,-20.0,26.3,0,0.0,0.0
2023-08-07 03:00:00,-19.9,26.4,0,0.0,0.0
2023-08-07 04:00:00,-19.8,26.6,0,0.0,0.0
2023-08-07 05:00:00,-19.7,27.8,0,0.0,0.0
2023-08-07 06:00:00,-19.4,28.2,0,0.0,0.0
2023-08-07 07:00:00,-19.0,29.3,0,0.0,0.0
2023-08-07 08:00:00,-18.4,33.5,0,0.0,0.0
2023-08-07 09:00:00,-18.2,36.4,0,0.0,0.0
2023-08-07 10:00:00,-18.0,38.2,0,8.0,0.0
2023-08-07 11:00:00,-18.0,40.7,0,27.0,0.0
2023-08-07 12:00:00,-17.6,44.9,0,33.0,0.0
2023-08-07 13:00:00,-17.4,46.0,5,21.0,0.05
2023-08-07 14:00:00,-17.2,48.0,9,3.0,0.09
2023-08-07 15:00:00,-17.1,50.0,23,0.0,0.23
2023-08-07 16:00:00,-16.9,52.7,75,0.0,0.75
2023-08-07 17:00:00,-16.7,54.3,98,0.0,0.98
2023-08-07 18:00:00,-16.3,54.4,100,0.0,1.0
2023-08-07 19:00:00,-15.8,56.7,100,0.0,1.0
2023-08-07 20:00:00,-15.4,58.8,100,0.0,1.0
2023-08-07 21:00:00,-14.8,61.3,100,0.0,1.0
2023-08-07 22:00:00,-14.3,62.9,100,0.0,1.0
2023-08-07 23:00:00,-14.0,61.1,100,0.0,1.0
2023-08-08 00:00:00,-14.0,62.6,100,0.0,1.0
2023-08-08 01:00:00,-13.2,64.0,100,0.0,1.0
2023-08-08 02:00:00,-12.6,62.7,100,0.0,1.0
2023-08-08 03:00:00,-12.0,60.4,100,0.0,1.0
2023-08-08 04:00:00,-11.7,63.0,100,0.0,1.0
2023-08-08 05:00:00,-11.5,63.3,100,0.0,1.0
2023-08-08 06:00:00,-11.3,63.9,100,0.0,1.0
2023-08-08 07:00:00,-11.0,65.5,100,0.0,1.0
2023-08-08 08:00:00,-10.6,64.6,100,0.0,1.0
2023-08-08 09:00:00,-10.3,62.5,100,0.0,1.0
2023-08-08 10:00:00,-10.1,61.7,100,7.0,1.0
2023-08-08 11:00:00,-9.9,60.6,100,20.0,1.0
2023-08-08 12:00:00,-9.9,58.4,100,23.0,1.0
2023-08-08 13:00:00,-10.0,54.8,100,17.0,1.0
2023-08-08 14:00:00,-10.1,51.0,100,3.0,1.0
2023-08-08 15:00:00,-10.3,48.5,100,0.0,1.0
2023-08-08 16:00:00,-10.3,48.1,100,0.0,1.0
2023-08-08 17:00:00,-10.2,47.9,100,0.0,1.0
2023-08-08 18:00:00,-10.3,45.4,100,0.0,1.0
2023-08-08 19:00:00,-10.3,42.2,100,0.0,1.0
2023-08-08 20:00:00,-10.4,40.0,100,0.0,1.0
2023-08-08 21:00:00,-10.3,39.9,100,0.0,1.0
2023-08-08 22:00:00,-10.2,40.3,100,0.0,1.0
2023-08-08 23:00:00,-10.3,40.7,100,0.0,1.0
2023-08-09 00:00:00,-10.4,40.9,99,0.0,0.99
2023-08-09 01:00:00,-10.6,38.1,95,0.0,0.95
2023-08-09 02:00:00,-10.7,37.1,100,0.0,1.0
2023-08-09 03:00:00,-10.8,37.5,100,0.0,1.0
2023-08-09 04:00:00,-11.3,34.8,96,0.0,0.96
2023-08-09 05:00:00,-11.5,34.0,94,0.0,0.94
2023-08-09 06:00:00,-11.7,34.9,92,0.0,0.92
2023-08-09 07:00:00,-11.6,35.9,97,0.0,0.97
2023-08-09 08:00:00,-11.5,37.6,99,0.0,0.99
2023-08-09 09:00:00,-11.3,37.4,100,0.0,1.0
2023-08-09 10:00:00,-11.3,36.5,87,12.0,0.87
2023-08-09 11:00:00,-11.4,35.9,40,31.0,0.4
2023-08-09 12:00:00,-11.3,37.4,25,38.0,0.25
2023-08-09 13:00:00,-11.1,37.3,100,24.0,1.0
2023-08-09 14:00:00,-10.9,36.1,100,5.0,1.0
2023-08-09 15:00:00,-11.1,34.6,80,0.0,0.8
2023-08-09 16:00:00,-11.2,32.6,94,0.0,0.94
2023-08-09 17:00:00,-11.5,30.1,93,0.0,0.93
2023-08-09 18:00:00,-11.7,28.5,78,0.0,0.78
2023-08-09 19:00:00,-12.2,26.4,91,0.0,0.91
2023-08-09 20:00:00,-12.4,24.2,88,0.0,0.88
2023-08-09 21:00:00,-12.5,22.5,57,0.0,0.57
2023-08-09 22:00:00,-12.9,21.4,16,0.0,0.16
2023-08-09 23:00:00,-13.9,20.9,29,0.0,0.29
2023-08-10 00:00:00,-13.8,20.2,20,0.0,0.2
2023-08-10 01:00:00,-14.6,18.3,59,0.0,0.59
2023-08-10 02:00:00,-15.7,17.2,66,0.0,0.66
2023-08-10 03:00:00,-16.3,15.3,25,0.0,0.25
2023-08-10 04:00:00,-17.3,12.6,1,0.0,0.01
2023-08-10 05:00:00,-17.7,11.0,4,0.0,0.04
2023-08-10 06:00:00,-17.4,9.2,31,0.0,0.31
2023-08-10 07:00:00,-15.7,7.3,27,0.0,0.27
2023-08-10 08:00:00,-13.9,5.0,42,0.0,0.42
2023-08-10 09:00:00,-13.6,3.1,0,0.0,0.0
2023-08-10 10:00:00,-13.9,1.5,0,17.0,0.0
2023-08-10 11:00:00,-14.5,0.4,0,39.0,0.0
2023-08-10 12:00:00,-14.5,0.4,0,45.0,0.0
2023-08-10 13:00:00,-14.9,0.8,0,33.0,0.0
2023-08-10 14:00:00,-15.4,1.9,0,9.0,0.0
2023-08-10 15:00:00,-16.2,2.6,0,0.0,0.0
2023-08-10 16:00:00,-16.9,2.9,0,0.0,0.0
2023-08-10 17:00:00,-16.7,3.5,0,0.0,0.0
2023-08-10 18:00:00,-16.1,6.2,0,0.0,0.0
2023-08-10 19:00:00,-16.2,4.7,0,0.0,0.0
2023-08-10 20:00:00,-17.0,5.4,1,0.0,0.01
2023-08-10 21:00:00,-17.3,6.5,6,0.0,0.06
2023-08-10 22:00:00,-19.8,7.9,0,0.0,0.0
2023-08-10 23:00:00,-23.3,10.8,0,0.0,0.0
2023-08-11 00:00:00,-24.9,13.0,0,0.0,0.0
2023-08-11 01:00:00,-24.3,13.4,6,0.0,0.06
2023-08-11 02:00:00,-24.4,14.8,0,0.0,0.0
2023-08-11 03:00:00,-23.8,16.7,0,0.0,0.0
2023-08-11 04:00:00,-23.5,16.6,0,0.0,0.0
2023-08-11 05:00:00,-24.0,15.5,43,0.0,0.43
2023-08-11 06:00:00,-23.8,16.9,39,0.0,0.39
2023-08-11 07:00:00,-23.3,17.3,100,0.0,1.0
2023-08-11 08:00:00,-24.2,15.2,90,0.0,0.9
2023-08-11 09:00:00,-25.4,13.0,100,1.0,1.0
2023-08-11 10:00:00,-24.9,14.4,100,19.0,1.0
2023-08-11 11:00:00,-25.0,14.6,100,37.0,1.0
2023-08-11 12:00:00,-24.8,14.6,100,38.0,1.0
2023-08-11 13:00:00,-23.2,14.8,100,29.0,1.0
2023-08-11 14:00:00,-21.1,8.1,100,9.0,1.0
2023-08-11 15:00:00,-17.3,2.9,100,0.0,1.0
2023-08-11 16:00:00,-17.8,1.9,100,0.0,1.0
2023-08-11 17:00:00,-21.2,13.0,100,0.0,1.0
2023-08-11 18:00:00,-17.2,30.9,100,0.0,1.0
2023-08-11 19:00:00,-17.0,32.2,100,0.0,1.0
2023-08-11 20:00:00,-17.3,33.1,100,0.0,1.0
2023-08-11 21:00:00,-17.8,33.4,100,0.0,1.0
2023-08-11 22:00:00,-18.0,32.8,100,0.0,1.0
2023-08-11 23:00:00,-17.8,33.1,100,0.0,1.0
2023-08-12 00:00:00,-18.1,36.1,100,0.0,1.0
2023-08-12 01:00:00,-17.9,36.6,100,0.0,1.0
2023-08-12 02:00:00,-18.0,35.1,100,0.0,1.0
2023-08-12 03:00:00,-18.0,34.9,100,0.0,1.0
2023-08-12 04:00:00,-17.8,37.5,100,0.0,1.0
2023-08-12 05:00:00,-17.6,38.8,100,0.0,1.0
2023-08-12 06:00:00,-17.7,39.6,100,0.0,1.0
2023-08-12 07:00:00,-17.7,40.7,100,0.0,1.0
2023-08-12 08:00:00,-17.8,40.3,100,0.0,1.0
2023-08-12 09:00:00,-17.7,39.4,100,1.0,1.0
2023-08-12 10:00:00,-17.8,37.7,100,20.0,1.0
2023-08-12 11:00:00,-17.7,36.4,100,36.0,1.0
2023-08-12 12:00:00,-17.2,39.4,100,39.0,1.0
2023-08-12 13:00:00,-17.2,39.2,100,29.0,1.0
2023-08-12 14:00:00,-17.3,38.2,100,11.0,1.0
2023-08-12 15:00:00,-17.4,36.9,100,0.0,1.0
2023-08-12 16:00:00,-17.4,36.3,100,0.0,1.0
2023-08-12 17:00:00,-17.5,35.4,100,0.0,1.0
2023-08-12 18:00:00,-17.3,34.3,100,0.0,1.0
2023-08-12 19:00:00,-17.1,34.0,100,0.0,1.0
2023-08-12 20:00:00,-17.0,34.4,100,0.0,1.0
2023-08-12 21:00:00,-17.0,32.9,100,0.0,1.0
2023-08-12 22:00:00,-17.5,28.9,100,0.0,1.0
2023-08-12 23:00:00,-18.2,25.0,100,0.0,1.0
2023-08-13 00:00:00,-18.4,23.0,53,0.0,0.53
2023-08-13 01:00:00,-19.0,20.9,12,0.0,0.12
2023-08-13 02:00:00,-19.7,19.9,1,0.0,0.01
2023-08-13 03:00:00,-20.5,17.7,30,0.0,0.3
2023-08-13 04:00:00,-21.3,17.4,4,0.0,0.04
2023-08-13 05:00:00,-22.0,16.3,49,0.0,0.49
2023-08-13 06:00:00,-22.8,13.6,21,0.0,0.21
2023-08-13 07:00:00,-22.2,9.8,93,0.0,0.93
2023-08-13 08:00:00,-20.4,8.3,90,0.0,0.9
2023-08-13 09:00:00,-22.3,9.2,84,3.0,0.84
2023-08-13 10:00:00,-24.5,11.6,99,30.0,0.99
2023-08-13 11:00:00,-24.3,13.7,87,53.0,0.87
2023-08-13 12:00:00,-23.3,17.2,88,56.0,0.88
2023-08-13 13:00:00,-23.3,17.0,10,47.0,0.1
2023-08-13 14:00:00,-23.1,17.7,44,18.0,0.44
2023-08-13 15:00:00,-22.1,20.9,79,0.0,0.79
2023-08-13 16:00:00,-20.3,29.8,59,0.0,0.59
2023-08-13 17:00:00,-19.7,37.9,100,0.0,1.0
2023-08-13 18:00:00,-19.5,42.2,100,0.0,1.0
2023-08-13 19:00:00,-19.3,44.7,100,0.0,1.0
2023-08-13 20:00:00,-18.8,45.7,100,0.0,1.0
2023-08-13 21:00:00,-18.3,45.2,100,0.0,1.0
2023-08-13 22:00:00,-18.0,45.4,100,0.0,1.0
2023-08-13 23:00:00,-17.7,45.9,100,0.0,1.0
2023-08-14 00:00:00,-17.9,46.0,100,0.0,1.0
2023-08-14 01:00:00,-17.8,44.7,100,0.0,1.0
2023-08-14 02:00:00,-17.5,42.9,100,0.0,1.0
2023-08-14 03:00:00,-17.3,40.5,100,0.0,1.0
2023-08-14 04:00:00,-17.3,38.4,100,0.0,1.0
2023-08-14 05:00:00,-17.3,35.7,100,0.0,1.0
2023-08-14 06:00:00,-17.4,33.9,100,0.0,1.0
2023-08-14 07:00:00,-17.7,32.8,100,0.0,1.0
2023-08-14 08:00:00,-17.8,32.5,100,0.0,1.0
2023-08-14 09:00:00,-17.5,32.8,100,4.0,1.0
2023-08-14 10:00:00,-17.6,31.6,100,26.0,1.0
2023-08-14 11:00:00,-17.8,29.5,96,48.0,0.96
2023-08-14 12:00:00,-18.2,26.3,41,57.0,0.41
2023-08-14 13:00:00,-17.4,23.0,90,46.0,0.9
2023-08-14 14:00:00,-22.1,20.9,99,20.0,0.99
2023-08-14 15:00:00,-23.6,17.4,72,0.0,0.72
2023-08-14 16:00:00,-23.4,13.0,18,0.0,0.18
2023-08-14 17:00:00,-25.3,9.9,0,0.0,0.0
2023-08-14 18:00:00,-20.4,5.2,0,0.0,0.0
2023-08-14 19:00:00,-20.0,4.4,5,0.0,0.05
2023-08-14 20:00:00,-21.7,7.5,0,0.0,0.0
2023-08-14 21:00:00,-24.7,14.0,0,0.0,0.0
2023-08-14 22:00:00,-24.7,10.4,0,0.0,0.0
2023-08-14 23:00:00,-24.1,9.5,0,0.0,0.0
2023-08-15 00:00:00,-25.9,12.8,0,0.0,0.0
2023-08-15 01:00:00,-23.7,10.4,0,0.0,0.0
2023-08-15 02:00:00,-20.7,7.6,0,0.0,0.0
2023-08-15 03:00:00,-19.1,3.1,0,0.0,0.0
2023-08-15 04:00:00,-18.8,6.8,0,0.0,0.0
2023-08-15 05:00:00,-19.3,8.0,0,0.0,0.0
2023-08-15 06:00:00,-17.9,1.8,0,0.0,0.0
2023-08-15 07:00:00,-19.0,3.5,0,0.0,0.0
2023-08-15 08:00:00,-20.7,7.1,0,0.0,0.0
2023-08-15 09:00:00,-18.8,4.3,0,7.0,0.0
2023-08-15 10:00:00,-17.9,1.3,0,41.0,0.0
2023-08-15 11:00:00,-18.8,0.8,0,67.0,0.0
2023-08-15 12:00:00,-18.2,1.8,0,74.0,0.0
2023-08-15 13:00:00,-15.8,6.2,0,59.0,0.0
2023-08-15 14:00:00,-25.4,17.0,0,27.0,0.0
2023-08-15 15:00:00,-26.9,23.2,0,1.0,0.0
2023-08-15 16:00:00,-23.3,22.9,0,0.0,0.0
2023-08-15 17:00:00,-21.3,23.3,2,0.0,0.02
2023-08-15 18:00:00,-22.2,21.3,52,0.0,0.52
2023-08-15 19:00:00,-24.6,15.5,68,0.0,0.68
2023-08-15 20:00:00,-20.4,11.9,99,0.0,0.99
2023-08-15 21:00:00,-19.2,11.7,96,0.0,0.96
2023-08-15 22:00:00,-21.8,14.2,100,0.0,1.0
2023-08-15 23:00:00,-21.1,24.1,80,0.0,0.8
2023-08-16 00:00:00,-24.4,21.1,13,0.0,0.13
2023-08-16 01:00:00,-24.6,16.5,25,0.0,0.25
2023-08-16 02:00:00,-12.3,9.4,18,0.0,0.18
2023-08-16 03:00:00,-11.9,8.3,24,0.0,0.24
2023-08-16 04:00:00,-11.9,9.8,64,0.0,0.64
2023-08-16 05:00:00,-10.8,6.2,83,0.0,0.83
2023-08-16 06:00:00,-10.2,6.9,31,0.0,0.31
2023-08-16 07:00:00,-11.0,4.8,52,0.0,0.52
2023-08-16 08:00:00,-14.8,9.8,99,0.0,0.99
2023-08-16 09:00:00,-21.7,14.0,100,9.0,1.0
2023-08-16 10:00:00,-13.3,9.2,99,40.0,0.99
2023-08-16 11:00:00,-13.8,1.8,93,66.0,0.93
2023-08-16 12:00:00,-14.1,9.5,99,73.0,0.99
2023-08-16 13:00:00,-11.9,8.5,100,60.0,1.0
2023-08-16 14:00:00,-14.4,8.0,100,29.0,1.0
2023-08-16 15:00:00,-19.4,9.9,96,2.0,0.96
2023-08-16 16:00:00,-22.6,11.8,70,0.0,0.7
2023-08-16 17:00:00,-22.5,12.4,70,0.0,0.7
2023-08-16 18:00:00,-17.8,10.0,25,0.0,0.25
2023-08-16 19:00:00,-14.6,5.4,41,0.0,0.41
2023-08-16 20:00:00,-15.5,3.6,79,0.0,0.79
2023-08-16 21:00:00,-14.9,3.1,13,0.0,0.13
2023-08-16 22:00:00,-14.1,1.5,0,0.0,0.0
2023-08-16 23:00:00,-13.7,3.8,0,0.0,0.0
2023-08-17 00:00:00,-15.0,6.8,7,0.0,0.07
2023-08-17 01:00:00,-15.9,9.5,100,0.0,1.0
2023-08-17 02:00:00,-15.3,7.9,100,0.0,1.0
2023-08-17 03:00:00,-15.1,6.5,100,0.0,1.0
2023-08-17 04:00:00,-17.9,6.5,100,0.0,1.0
2023-08-17 05:00:00,-18.2,1.3,100,0.0,1.0
2023-08-17 06:00:00,-19.2,3.4,100,0.0,1.0
2023-08-17 07:00:00,-19.6,2.8,100,0.0,1.0
2023-08-17 08:00:00,-21.1,2.4,100,0.0,1.0
2023-08-17 09:00:00,-20.6,6.3,100,8.0,1.0
2023-08-17 10:00:00,-20.6,4.0,100,30.0,1.0
2023-08-17 11:00:00,-21.0,6.0,100,43.0,1.0
2023-08-17 12:00:00,-21.4,7.6,100,45.0,1.0
2023-08-17 13:00:00,-21.5,6.4,100,38.0,1.0
2023-08-17 14:00:00,-20.9,8.0,100,21.0,1.0
2023-08-17 15:00:00,-19.9,6.3,100,2.0,1.0
2023-08-17 16:00:00,-22.1,9.8,100,0.0,1.0
2023-08-17 17:00:00,-20.7,14.2,100,0.0,1.0
2023-08-17 18:00:00,-19.4,16.5,100,0.0,1.0
2023-08-17 19:00:00,-18.6,18.2,100,0.0,1.0
2023-08-17 20:00:00,-18.6,19.2,100,0.0,1.0
2023-08-17 21:00:00,-18.2,22.1,100,0.0,1.0
2023-08-17 22:00:00,-17.7,24.1,100,0.0,1.0
2023-08-17 23:00:00,-17.4,24.4,100,0.0,1.0
2023-08-18 00:00:00,-16.4,26.3,100,0.0,1.0
2023-08-18 01:00:00,-16.1,24.1,100,0.0,1.0
2023-08-18 02:00:00,-16.5,21.1,100,0.0,1.0
2023-08-18 03:00:00,-17.1,16.5,100,0.0,1.0
2023-08-18 04:00:00,-19.4,14.6,32,0.0,0.32
2023-08-18 05:00:00,-17.9,8.6,5,0.0,0.05
2023-08-18 06:00:00,-14.6,4.3,27,0.0,0.27
2023-08-18 07:00:00,-14.8,7.1,42,0.0,0.42
2023-08-18 08:00:00,-17.4,8.7,41,0.0,0.41
2023-08-18 09:00:00,-21.9,11.9,5,15.0,0.05
2023-08-18 10:00:00,-21.9,17.8,0,53.0,0.0
2023-08-18 11:00:00,-22.2,15.1,0,80.0,0.0
2023-08-18 12:00:00,-22.0,13.7,0,87.0,0.0
2023-08-18 13:00:00,-18.8,9.0,0,72.0,0.0
2023-08-18 14:00:00,-21.5,11.3,0,39.0,0.0
2023-08-18 15:00:00,-22.7,11.6,0,5.0,0.0
2023-08-18 16:00:00,-21.7,16.9,0,0.0,0.0
2023-08-18 17:00:00,-15.0,35.5,0,0.0,0.0
2023-08-18 18:00:00,-15.5,37.4,0,0.0,0.0
2023-08-18 19:00:00,-16.9,35.1,0,0.0,0.0
2023-08-18 20:00:00,-16.3,40.7,0,0.0,0.0
2023-08-18 21:00:00,-15.6,43.3,0,0.0,0.0
2023-08-18 22:00:00,-15.3,45.2,0,0.0,0.0
2023-08-18 23:00:00,-15.0,44.6,0,0.0,0.0
2023-08-19 00:00:00,-14.4,47.3,0,0.0,0.0
2023-08-19 01:00:00,-14.2,48.2,0,0.0,0.0
2023-08-19 02:00:00,-13.9,48.4,0,0.0,0.0
2023-08-19 03:00:00,-13.9,44.6,0,0.0,0.0
2023-08-19 04:00:00,-14.1,39.8,13,0.0,0.13
2023-08-19 05:00:00,-14.2,38.4,13,0.0,0.13
2023-08-19 06:00:00,-14.1,36.4,32,0.0,0.32
2023-08-19 07:00:00,-14.4,33.6,0,0.0,0.0
2023-08-19 08:00:00,-14.6,33.4,6,0.0,0.06
2023-08-19 09:00:00,-13.6,40.4,12,20.0,0.12
2023-08-19 10:00:00,-12.8,40.8,0,62.0,0.0
2023-08-19 11:00:00,-12.6,37.2,0,90.0,0.0
2023-08-19 12:00:00,-11.9,37.6,0,98.0,0.0
2023-08-19 13:00:00,-11.6,37.5,0,81.0,0.0
2023-08-19 14:00:00,-11.6,39.1,0,46.0,0.0
2023-08-19 15:00:00,-11.4,41.5,0,7.0,0.0
2023-08-19 16:00:00,-9.4,44.5,0,0.0,0.0
2023-08-19 17:00:00,-9.1,41.5,0,0.0,0.0
2023-08-19 18:00:00,-8.6,44.7,17,0.0,0.17
2023-08-19 19:00:00,-10.0,28.2,71,0.0,0.71
2023-08-19 20:00:00,-16.7,15.1,90,0.0,0.9
2023-08-19 21:00:00,-15.7,17.8,14,0.0,0.14
2023-08-19 22:00:00,-17.1,13.0,2,0.0,0.02
2023-08-19 23:00:00,-11.9,6.8,2,0.0,0.02
2023-08-20 00:00:00,-12.5,7.8,78,0.0,0.78
2023-08-20 01:00:00,-17.1,10.4,82,0.0,0.82
2023-08-20 02:00:00,-11.4,7.6,91,0.0,0.91
2023-08-20 03:00:00,-12.8,5.0,72,0.0,0.72
2023-08-20 04:00:00,-13.6,1.1,99,0.0,0.99
2023-08-20 05:00:00,-19.4,17.8,94,0.0,0.94
2023-08-20 06:00:00,-18.7,17.9,88,0.0,0.88
2023-08-20 07:00:00,-15.2,8.3,67,0.0,0.67
2023-08-20 08:00:00,-13.8,7.9,49,0.0,0.49
2023-08-20 09:00:00,-15.2,7.1,50,24.0,0.5
2023-08-20 10:00:00,-17.9,8.4,19,66.0,0.19
2023-08-20 11:00:00,-18.9,9.4,38,94.0,0.38
2023-08-20 12:00:00,-14.7,6.7,67,100.0,0.67
2023-08-20 13:00:00,-17.7,9.3,96,83.0,0.96
2023-08-20 14:00:00,-14.5,6.0,29,49.0,0.29
2023-08-20 15:00:00,-14.9,2.4,2,9.0,0.02
2023-08-20 16:00:00,-15.9,3.5,73,0.0,0.73
2023-08-20 17:00:00,-15.9,6.2,64,0.0,0.64
2023-08-20 18:00:00,-19.7,10.0,61,0.0,0.61
2023-08-20 19:00:00,-19.1,9.0,72,0.0,0.72
2023-08-20 20:00:00,-16.1,7.5,65,0.0,0.65
2023-08-20 21:00:00,-16.5,7.2,42,0.0,0.42
2023-08-20 22:00:00,-20.1,10.5,0,0.0,0.0
2023-08-20 23:00:00,-14.7,5.2,16,0.0,0.16
2023-08-21 00:00:00,-13.3,9.0,81,0.0,0.81
2023-08-21 01:00:00,-22.8,14.0,6,0.0,0.06
2023-08-21 02:00:00,-21.0,20.0,0,0.0,0.0
2023-08-21 03:00:00,-20.8,18.9,33,0.0,0.33
2023-08-21 04:00:00,-22.3,15.3,0,0.0,0.0
2023-08-21 05:00:00,-18.3,10.3,15,0.0,0.15
2023-08-21 06:00:00,-15.6,7.9,69,0.0,0.69
2023-08-21 07:00:00,-14.9,6.0,81,0.0,0.81
2023-08-21 08:00:00,-14.6,6.5,84,1.0,0.84
2023-08-21 09:00:00,-14.2,5.4,73,29.0,0.73
2023-08-21 10:00:00,-15.5,4.3,34,72.0,0.34
2023-08-21 11:00:00,-16.2,5.8,80,102.0,0.8
2023-08-21 12:00:00,-18.1,9.8,29,108.0,0.29
2023-08-21 13:00:00,-21.1,11.1,90,92.0,0.9
2023-08-21 14:00:00,-23.4,12.9,0,55.0,0.0
2023-08-21 15:00:00,-19.8,10.0,0,12.0,0.0
2023-08-21 16:00:00,-18.8,9.0,7,0.0,0.07
2023-08-21 17:00:00,-22.9,11.4,86,0.0,0.86
2023-08-21 18:00:00,-22.5,11.6,72,0.0,0.72
2023-08-21 19:00:00,-19.4,10.3,44,0.0,0.44
2023-08-21 20:00:00,-16.2,8.6,0,0.0,0.0
2023-08-21 21:00:00,-16.8,8.4,0,0.0,0.0
2023-08-21 22:00:00,-17.9,9.6,0,0.0,0.0
2023-08-21 23:00:00,-14.5,8.9,0,0.0,0.0
2023-08-22 00:00:00,-20.1,12.2,0,0.0,0.0
2023-08-22 01:00:00,-16.9,10.1,0,0.0,0.0
2023-08-22 02:00:00,-18.0,11.2,0,0.0,0.0
2023-08-22 03:00:00,-22.1,18.7,0,0.0,0.0
2023-08-22 04:00:00,-21.2,21.3,0,0.0,0.0
2023-08-22 05:00:00,-20.0,22.7,0,0.0,0.0
2023-08-22 06:00:00,-17.0,27.4,0,0.0,0.0
2023-08-22 07:00:00,-15.0,31.3,0,0.0,0.0
2023-08-22 08:00:00,-13.5,36.9,0,1.0,0.0
2023-08-22 09:00:00,-13.3,35.3,0,34.0,0.0
2023-08-22 10:00:00,-11.9,46.6,0,79.0,0.0
2023-08-22 11:00:00,-11.3,45.9,0,109.0,0.0
2023-08-22 12:00:00,-10.2,50.1,0,115.0,0.0
2023-08-22 13:00:00,-9.6,51.5,10,96.0,0.1
2023-08-22 14:00:00,-9.1,53.8,88,54.0,0.88
2023-08-22 15:00:00,-8.7,51.6,97,13.0,0.97
2023-08-22 16:00:00,-8.1,50.8,100,0.0,1.0
2023-08-22 17:00:00,-7.4,51.4,91,0.0,0.91
2023-08-22 18:00:00,-6.1,54.7,99,0.0,0.99
2023-08-22 19:00:00,-5.3,60.1,97,0.0,0.97
2023-08-22 20:00:00,-5.0,62.5,100,0.0,1.0
2023-08-22 21:00:00,-4.5,67.8,100,0.0,1.0
2023-08-22 22:00:00,-4.3,69.5,100,0.0,1.0
2023-08-22 23:00:00,-4.1,63.8,100,0.0,1.0
2023-08-23 00:00:00,-3.7,65.9,100,0.0,1.0
2023-08-23 01:00:00,-3.4,64.7,100,0.0,1.0
2023-08-23 02:00:00,-3.3,60.5,100,0.0,1.0
2023-08-23 03:00:00,-3.4,61.5,74,0.0,0.74
2023-08-23 04:00:00,-3.9,64.1,62,0.0,0.62
2023-08-23 05:00:00,-4.1,64.3,81,0.0,0.81
2023-08-23 06:00:00,-4.1,57.8,100,0.0,1.0
2023-08-23 07:00:00,-4.5,52.4,89,0.0,0.89
2023-08-23 08:00:00,-4.8,51.0,100,2.0,1.0
2023-08-23 09:00:00,-4.7,52.1,100,31.0,1.0
2023-08-23 10:00:00,-4.4,51.6,100,61.0,1.0
2023-08-23 11:00:00,-4.0,52.3,100,74.0,1.0
2023-08-23 12:00:00,-3.9,52.7,100,75.0,1.0
2023-08-23 13:00:00,-4.0,52.9,100,72.0,1.0
2023-08-23 14:00:00,-4.3,50.7,100,48.0,1.0
2023-08-23 15:00:00,-4.5,49.4,100,14.0,1.0
2023-08-23 16:00:00,-4.7,47.3,100,0.0,1.0
2023-08-23 17:00:00,-4.7,47.9,100,0.0,1.0
2023-08-23 18:00:00,-4.6,47.4,100,0.0,1.0
2023-08-23 19:00:00,-4.8,45.0,100,0.0,1.0
2023-08-23 20:00:00,-5.0,42.5,100,0.0,1.0
2023-08-23 21:00:00,-5.2,38.2,52,0.0,0.52
2023-08-23 22:00:00,-6.1,37.8,92,0.0,0.92
2023-08-23 23:00:00,-6.2,39.0,97,0.0,0.97
2023-08-24 00:00:00,-5.4,41.0,100,0.0,1.0
2023-08-24 01:00:00,-5.5,40.7,100,0.0,1.0
2023-08-24 02:00:00,-5.7,41.0,100,0.0,1.0
2023-08-24 03:00:00,-5.9,40.3,100,0.0,1.0
2023-08-24 04:00:00,-5.8,41.1,100,0.0,1.0
2023-08-24 05:00:00,-5.8,41.5,96,0.0,0.96
2023-08-24 06:00:00,-5.9,43.5,10,0.0,0.1
2023-08-24 07:00:00,-6.0,46.7,29,0.0,0.29
2023-08-24 08:00:00,-6.2,45.8,69,4.0,0.69
2023-08-24 09:00:00,-6.3,41.6,93,39.0,0.93
2023-08-24 10:00:00,-6.6,37.3,54,80.0,0.54
2023-08-24 11:00:00,-7.0,34.2,49,110.0,0.49
2023-08-24 12:00:00,-7.2,30.5,28,119.0,0.28
2023-08-24 13:00:00,-7.3,27.1,98,101.0,0.98
2023-08-24 14:00:00,-7.9,24.3,99,64.0,0.99
2023-08-24 15:00:00,-8.4,22.4,100,19.0,1.0
2023-08-24 16:00:00,-8.8,21.9,78,0.0,0.78
2023-08-24 17:00:00,-9.1,21.0,59,0.0,0.59
2023-08-24 18:00:00,-9.6,19.8,73,0.0,0.73
2023-08-24 19:00:00,-10.0,18.1,0,0.0,0.0
2023-08-24 20:00:00,-11.4,15.1,22,0.0,0.22
2023-08-24 21:00:00,-12.3,14.1,1,0.0,0.01
2023-08-24 22:00:00,-12.3,15.5,0,0.0,0.0
2023-08-24 23:00:00,-12.3,16.3,1,0.0,0.01
2023-08-25 00:00:00,-9.6,25.7,0,0.0,0.0
2023-08-25 01:00:00,-9.6,23.3,12,0.0,0.12
2023-08-25 02:00:00,-10.9,18.8,2,0.0,0.02
2023-08-25 03:00:00,-12.3,16.6,0,0.0,0.0
2023-08-25 04:00:00,-12.7,15.2,0,0.0,0.0
2023-08-25 05:00:00,-10.6,19.7,0,0.0,0.0
2023-08-25 06:00:00,-7.8,27.2,0,0.0,0.0
2023-08-25 07:00:00,-6.5,37.4,0,0.0,0.0
2023-08-25 08:00:00,-6.5,41.4,0,6.0,0.0
2023-08-25 09:00:00,-7.7,36.6,0,48.0,0.0
2023-08-25 10:00:00,-7.7,42.3,0,95.0,0.0
2023-08-25 11:00:00,-8.5,29.5,0,124.0,0.0
2023-08-25 12:00:00,-8.3,36.7,0,132.0,0.0
2023-08-25 13:00:00,-8.5,33.3,7,116.0,0.07
2023-08-25 14:00:00,-9.3,28.4,47,77.0,0.47
2023-08-25 15:00:00,-9.4,29.5,23,26.0,0.23
2023-08-25 16:00:00,-9.8,25.2,1,0.0,0.01
2023-08-25 17:00:00,-10.9,21.7,7,0.0,0.07
2023-08-25 18:00:00,-12.5,18.5,0,0.0,0.0
2023-08-25 19:00:00,-14.3,16.5,0,0.0,0.0
2023-08-25 20:00:00,-14.8,16.2,0,0.0,0.0
2023-08-25 21:00:00,-16.1,15.6,0,0.0,0.0
2023-08-25 22:00:00,-16.6,15.2,0,0.0,0.0
2023-08-25 23:00:00,-12.5,9.7,0,0.0,0.0
2023-08-26 00:00:00,-15.6,17.1,0,0.0,0.0
2023-08-26 01:00:00,-9.9,25.9,91,0.0,0.91
2023-08-26 02:00:00,-7.0,52.0,69,0.0,0.69
2023-08-26 03:00:00,-7.4,54.3,64,0.0,0.64
2023-08-26 04:00:00,-7.4,56.8,10,0.0,0.1
2023-08-26 05:00:00,-7.3,59.7,14,0.0,0.14
2023-08-26 06:00:00,-7.1,58.7,0,0.0,0.0
2023-08-26 07:00:00,-7.5,52.2,0,0.0,0.0
2023-08-26 08:00:00,-7.5,50.4,0,9.0,0.0
2023-08-26 09:00:00,-8.7,49.1,0,56.0,0.0
2023-08-26 10:00:00,-9.7,42.3,0,105.0,0.0
2023-08-26 11:00:00,-10.9,32.4,0,137.0,0.0
2023-08-26 12:00:00,-11.3,37.1,25,143.0,0.25
2023-08-26 13:00:00,-12.0,36.7,0,124.0,0.0
2023-08-26 14:00:00,-12.3,39.6,0,84.0,0.0
2023-08-26 15:00:00,-13.2,36.1,0,32.0,0.0
2023-08-26 16:00:00,-13.0,36.7,0,0.0,0.0
2023-08-26 17:00:00,-12.7,36.2,0,0.0,0.0
2023-08-26 18:00:00,-12.8,39.0,0,0.0,0.0
2023-08-26 19:00:00,-13.1,38.4,0,0.0,0.0
2023-08-26 20:00:00,-13.2,43.5,0,0.0,0.0
2023-08-26 21:00:00,-13.5,47.9,0,0.0,0.0
2023-08-26 22:00:00,-13.9,50.8,0,0.0,0.0
2023-08-26 23:00:00,-14.3,50.5,0,0.0,0.0
2023-08-27 00:00:00,-13.9,49.6,0,0.0,0.0
2023-08-27 01:00:00,-13.9,48.2,2,0.0,0.02
2023-08-27 02:00:00,-13.8,50.6,17,0.0,0.17
2023-08-27 03:00:00,-13.9,50.5,41,0.0,0.41
2023-08-27 04:00:00,-14.0,52.8,60,0.0,0.6
2023-08-27 05:00:00,-14.2,46.8,16,0.0,0.16
2023-08-27 06:00:00,-14.6,44.6,2,0.0,0.02
2023-08-27 07:00:00,-15.0,41.9,4,0.0,0.04
2023-08-27 08:00:00,-15.1,40.9,1,11.0,0.01
2023-08-27 09:00:00,-15.0,41.9,0,61.0,0.0
2023-08-27 10:00:00,-14.9,41.7,9,111.0,0.09
2023-08-27 11:00:00,-14.9,41.9,29,141.0,0.29
2023-08-27 12:00:00,-14.6,45.9,21,146.0,0.21
2023-08-27 13:00:00,-14.7,44.8,41,119.0,0.41
2023-08-27 14:00:00,-15.0,40.5,2,84.0,0.02
2023-08-27 15:00:00,-15.4,38.9,32,35.0,0.32
2023-08-27 16:00:00,-15.9,36.5,17,1.0,0.17
2023-08-27 17:00:00,-16.1,36.5,26,0.0,0.26
2023-08-27 18:00:00,-16.2,37.4,9,0.0,0.09
2023-08-27 19:00:00,-16.5,37.6,29,0.0,0.29
2023-08-27 20:00:00,-16.6,39.6,29,0.0,0.29
2023-08-27 21:00:00,-16.7,38.5,31,0.0,0.31
2023-08-27 22:00:00,-17.1,35.7,46,0.0,0.46
2023-08-27 23:00:00,-17.3,34.6,85,0.0,0.85
2023-08-28 00:00:00,-18.2,36.4,91,0.0,0.91
2023-08-28 01:00:00,-18.0,34.6,89,0.0,0.89
2023-08-28 02:00:00,-18.2,32.8,95,0.0,0.95
2023-08-28 03:00:00,-18.6,29.0,100,0.0,1.0
2023-08-28 04:00:00,-19.0,27.5,95,0.0,0.95
2023-08-28 05:00:00,-18.9,28.4,85,0.0,0.85
2023-08-28 06:00:00,-19.0,31.2,43,0.0,0.43
2023-08-28 07:00:00,-19.0,30.6,68,0.0,0.68
2023-08-28 08:00:00,-19.0,32.9,62,13.0,0.62
2023-08-28 09:00:00,-18.5,34.3,86,64.0,0.86
2023-08-28 10:00:00,-17.9,35.1,83,107.0,0.83
2023-08-28 11:00:00,-17.3,38.0,100,131.0,1.0
2023-08-28 12:00:00,-16.7,35.7,100,107.0,1.0
2023-08-28 13:00:00,-15.7,33.6,100,87.0,1.0
2023-08-28 14:00:00,-14.9,34.1,100,60.0,1.0
2023-08-28 15:00:00,-14.5,30.3,100,26.0,1.0
2023-08-28 16:00:00,-14.4,28.5,100,1.0,1.0
2023-08-28 17:00:00,-14.2,29.9,100,0.0,1.0
2023-08-28 18:00:00,-14.1,28.8,100,0.0,1.0
2023-08-28 19:00:00,-13.9,27.9,100,0.0,1.0
2023-08-28 20:00:00,-13.6,31.7,100,0.0,1.0
2023-08-28 21:00:00,-13.8,34.2,100,0.0,1.0
2023-08-28 22:00:00,-13.9,34.2,100,0.0,1.0
2023-08-28 23:00:00,-13.9,34.1,100,0.0,1.0
2023-08-29 00:00:00,-14.0,35.6,100,0.0,1.0
2023-08-29 01:00:00,-14.5,38.5,100,0.0,1.0
2023-08-29 02:00:00,-14.7,39.8,3,0.0,0.03
2023-08-29 03:00:00,-14.8,41.0,56,0.0,0.56
2023-08-29 04:00:00,-15.0,42.0,81,0.0,0.81
2023-08-29 05:00:00,-15.0,41.8,80,0.0,0.8
2023-08-29 06:00:00,-15.0,41.6,26,0.0,0.26
2023-08-29 07:00:00,-15.3,41.8,3,0.0,0.03
2023-08-29 08:00:00,-15.2,40.9,0,18.0,0.0
2023-08-29 09:00:00,-15.1,39.0,0,72.0,0.0
2023-08-29 10:00:00,-15.0,36.8,0,122.0,0.0
2023-08-29 11:00:00,-14.7,34.9,0,152.0,0.0
2023-08-29 12:00:00,-13.9,38.8,0,159.0,0.0
2023-08-29 13:00:00,-13.5,38.0,4,139.0,0.04
2023-08-29 14:00:00,-13.4,35.8,72,97.0,0.72
2023-08-29 15:00:00,-13.5,31.7,96,39.0,0.96
2023-08-29 16:00:00,-13.7,24.6,100,3.0,1.0
2023-08-29 17:00:00,-14.9,20.9,98,0.0,0.98
2023-08-29 18:00:00,-16.5,16.6,75,0.0,0.75
2023-08-29 19:00:00,-18.3,14.6,10,0.0,0.1
2023-08-29 20:00:00,-19.6,15.0,8,0.0,0.08
2023-08-29 21:00:00,-20.0,13.4,35,0.0,0.35
2023-08-29 22:00:00,-17.9,8.7,66,0.0,0.66
2023-08-29 23:00:00,-18.2,9.8,84,0.0,0.84
2023-08-30 00:00:00,-17.3,6.8,40,0.0,0.4
2023-08-30 01:00:00,-16.3,5.0,13,0.0,0.13
2023-08-30 02:00:00,-20.5,8.4,33,0.0,0.33
2023-08-30 03:00:00,-21.9,12.8,0,0.0,0.0
2023-08-30 04:00:00,-21.3,15.1,0,0.0,0.0
2023-08-30 05:00:00,-22.0,14.1,0,0.0,0.0
2023-08-30 06:00:00,-22.3,10.8,2,0.0,0.02
2023-08-30 07:00:00,-20.7,8.5,4,0.0,0.04
2023-08-30 08:00:00,-19.2,7.8,0,23.0,0.0
2023-08-30 09:00:00,-16.7,5.5,1,80.0,0.01
2023-08-30 10:00:00,-17.1,5.0,11,131.0,0.11
2023-08-30 11:00:00,-17.8,3.6,8,161.0,0.08
2023-08-30 12:00:00,-17.3,5.5,0,167.0,0.0
2023-08-30 13:00:00,-17.2,4.6,0,148.0,0.0
2023-08-30 14:00:00,-17.7,4.2,41,107.0,0.41
2023-08-30 15:00:00,-18.0,2.4,0,51.0,0.0
2023-08-30 16:00:00,-18.2,1.5,0,5.0,0.0
2023-08-30 17:00:00,-18.7,2.8,0,0.0,0.0
2023-08-30 18:00:00,-19.8,4.4,1,0.0,0.01
2023-08-30 19:00:00,-20.2,4.3,0,0.0,0.0
2023-08-30 20:00:00,-20.7,4.2,0,0.0,0.0
2023-08-30 21:00:00,-20.2,4.1,0,0.0,0.0
2023-08-30 22:00:00,-19.6,3.6,100,0.0,1.0
2023-08-30 23:00:00,-20.2,4.1,100,0.0,1.0
2023-08-31 00:00:00,-21.3,7.1,100,0.0,1.0
2023-08-31 01:00:00,-20.5,6.2,100,0.0,1.0
2023-08-31 02:00:00,-20.2,5.3,100,0.0,1.0
2023-08-31 03:00:00,-20.1,4.9,100,0.0,1.0
2023-08-31 04:00:00,-21.1,6.8,100,0.0,1.0
2023-08-31 05:00:00,-21.8,5.6,43,0.0,0.43
2023-08-31 06:00:00,-22.1,4.2,21,0.0,0.21
2023-08-31 07:00:00,-22.8,4.1,19,0.0,0.19
2023-08-31 08:00:00,-23.4,5.4,0,26.0,0.0
2023-08-31 09:00:00,-23.6,5.4,0,85.0,0.0
2023-08-31 10:00:00,-23.8,4.7,0,137.0,0.0
2023-08-31 11:00:00,-24.0,5.0,0,168.0,0.0
2023-08-31 12:00:00,-24.5,4.2,0,175.0,0.0
2023-08-31 13:00:00,-26.2,7.4,0,156.0,0.0
2023-08-31 14:00:00,-28.0,8.3,0,113.0,0.0
2023-08-31 15:00:00,-27.5,8.2,0,56.0,0.0
2023-08-31 16:00:00,-26.0,8.0,0,7.0,0.0
2023-08-31 17:00:00,-26.0,8.1,0,0.0,0.0
2023-08-31 18:00:00,-24.5,7.6,0,0.0,0.0
2023-08-31 19:00:00,-24.5,4.4,0,0.0,0.0
2023-08-31 20:00:00,-24.9,4.2,0,0.0,0.0
2023-08-31 21:00:00,-25.0,6.8,0,0.0,0.0
2023-08-31 22:00:00,-26.7,9.5,0,0.0,0.0
2023-08-31 23:00:00,-24.1,5.9,0,0.0,0.0
2023-09-01 00:00:00,-26.7,9.0,0,0.0,0.0
2023-09-01 01:00:00,-25.0,8.2,0,0.0,0.0
2023-09-01 02:00:00,-24.1,5.6,0,0.0,0.0
2023-09-01 03:00:00,-24.3,4.9,0,0.0,0.0
2023-09-01 04:00:00,-24.7,5.2,0,0.0,0.0
2023-09-01 05:00:00,-25.0,6.6,0,0.0,0.0
2023-09-01 06:00:00,-24.8,5.9,0,0.0,0.0
2023-09-01 07:00:00,-25.3,4.3,0,0.0,0.0
2023-09-01 08:00:00,-26.0,4.9,0,33.0,0.0
2023-09-01 09:00:00,-25.8,5.1,0,95.0,0.0
2023-09-01 10:00:00,-26.2,7.2,0,147.0,0.0
2023-09-01 11:00:00,-30.3,9.7,0,179.0,0.0
2023-09-01 12:00:00,-29.1,9.2,0,185.0,0.0
2023-09-01 13:00:00,-30.1,10.5,24,165.0,0.24
2023-09-01 14:00:00,-30.0,10.7,17,122.0,0.17
2023-09-01 15:00:00,-32.4,12.8,9,63.0,0.09
2023-09-01 16:00:00,-32.6,16.9,1,9.0,0.01
2023-09-01 17:00:00,-26.3,8.7,2,0.0,0.02
2023-09-01 18:00:00,-22.9,5.8,1,0.0,0.01
2023-09-01 19:00:00,-22.8,3.4,43,0.0,0.43
2023-09-01 20:00:00,-24.1,8.4,4,0.0,0.04
2023-09-01 21:00:00,-26.7,10.3,51,0.0,0.51
2023-09-01 22:00:00,-22.8,4.4,33,0.0,0.33
2023-09-01 23:00:00,-23.2,5.4,34,0.0,0.34
2023-09-02 00:00:00,-26.2,8.4,78,0.0,0.78
2023-09-02 01:00:00,-26.0,6.2,99,0.0,0.99
2023-09-02 02:00:00,-25.7,6.7,99,0.0,0.99
2023-09-02 03:00:00,-24.2,6.1,98,0.0,0.98
2023-09-02 04:00:00,-24.9,4.7,99,0.0,0.99
2023-09-02 05:00:00,-25.8,5.2,100,0.0,1.0
2023-09-02 06:00:00,-25.2,5.4,100,0.0,1.0
2023-09-02 07:00:00,-29.7,11.0,100,1.0,1.0
2023-09-02 08:00:00,-32.3,15.6,100,29.0,1.0
2023-09-02 09:00:00,-30.0,18.6,100,70.0,1.0
2023-09-02 10:00:00,-29.5,17.3,100,106.0,1.0
2023-09-02 11:00:00,-29.8,16.5,100,142.0,1.0
2023-09-02 12:00:00,-30.5,13.8,40,162.0,0.4
2023-09-02 13:00:00,-29.0,9.2,82,160.0,0.82
2023-09-02 14:00:00,-25.6,6.6,62,123.0,0.62
2023-09-02 15:00:00,-25.6,7.6,74,65.0,0.74
2023-09-02 16:00:00,-24.5,6.8,92,11.0,0.92
2023-09-02 17:00:00,-24.3,6.8,91,0.0,0.91
2023-09-02 18:00:00,-24.6,7.5,44,0.0,0.44
2023-09-02 19:00:00,-24.4,6.3,3,0.0,0.03
2023-09-02 20:00:00,-24.6,6.1,10,0.0,0.1
2023-09-02 21:00:00,-31.3,12.5,4,0.0,0.04
2023-09-02 22:00:00,-31.2,15.0,3,0.0,0.03
2023-09-02 23:00:00,-29.7,12.4,14,0.0,0.14
2023-09-03 00:00:00,-23.1,8.6,15,0.0,0.15
2023-09-03 01:00:00,-22.2,7.3,0,0.0,0.0
2023-09-03 02:00:00,-28.1,12.3,4,0.0,0.04
2023-09-03 03:00:00,-28.6,12.6,0,0.0,0.0
2023-09-03 04:00:00,-25.9,10.8,0,0.0,0.0
2023-09-03 05:00:00,-20.9,6.0,0,0.0,0.0
2023-09-03 06:00:00,-20.5,3.3,0,0.0,0.0
2023-09-03 07:00:00,-19.8,4.3,0,2.0,0.0
2023-09-03 08:00:00,-19.4,6.2,0,45.0,0.0
2023-09-03 09:00:00,-20.0,6.9,16,109.0,0.16
2023-09-03 10:00:00,-20.7,6.4,21,161.0,0.21
2023-09-03 11:00:00,-22.4,4.8,5,193.0,0.05
2023-09-03 12:00:00,-20.9,4.4,1,200.0,0.01
2023-09-03 13:00:00,-21.4,4.3,38,179.0,0.38
2023-09-03 14:00:00,-22.6,1.3,21,134.0,0.21
2023-09-03 15:00:00,-21.8,4.0,79,74.0,0.79
2023-09-03 16:00:00,-21.2,4.6,100,14.0,1.0
2023-09-03 17:00:00,-21.1,7.6,100,0.0,1.0
2023-09-03 18:00:00,-20.8,6.6,100,0.0,1.0
2023-09-03 19:00:00,-21.4,3.1,100,0.0,1.0
2023-09-03 20:00:00,-21.9,1.9,100,0.0,1.0
2023-09-03 21:00:00,-21.6,3.6,100,0.0,1.0
2023-09-03 22:00:00,-21.6,4.5,100,0.0,1.0
2023-09-03 23:00:00,-27.6,11.5,100,0.0,1.0
2023-09-04 00:00:00,-28.3,13.8,100,0.0,1.0
2023-09-04 01:00:00,-23.9,32.7,100,0.0,1.0
2023-09-04 02:00:00,-25.1,26.0,100,0.0,1.0
2023-09-04 03:00:00,-24.4,24.8,100,0.0,1.0
2023-09-04 04:00:00,-23.1,24.5,100,0.0,1.0
2023-09-04 05:00:00,-25.5,15.3,100,0.0,1.0
2023-09-04 06:00:00,-22.2,41.9,100,0.0,1.0
2023-09-04 07:00:00,-23.1,31.5,100,3.0,1.0
2023-09-04 08:00:00,-22.4,32.1,100,35.0,1.0
2023-09-04 09:00:00,-21.2,34.2,100,76.0,1.0
2023-09-04 10:00:00,-20.7,38.4,100,114.0,1.0
2023-09-04 11:00:00,-21.0,32.9,100,139.0,1.0
2023-09-04 12:00:00,-20.6,32.0,100,142.0,1.0
2023-09-04 13:00:00,-20.1,34.6,100,128.0,1.0
2023-09-04 14:00:00,-20.3,31.7,100,95.0,1.0
2023-09-04 15:00:00,-20.5,29.4,100,55.0,1.0
2023-09-04 16:00:00,-20.5,28.7,100,13.0,1.0
2023-09-04 17:00:00,-20.0,32.5,100,0.0,1.0
2023-09-04 18:00:00,-20.0,31.8,100,0.0,1.0
2023-09-04 19:00:00,-20.3,27.7,100,0.0,1.0
2023-09-04 20:00:00,-20.4,25.9,100,0.0,1.0
2023-09-04 21:00:00,-20.2,28.4,100,0.0,1.0
2023-09-04 22:00:00,-19.7,31.5,100,0.0,1.0
2023-09-04 23:00:00,-19.6,32.4,100,0.0,1.0
2023-09-05 00:00:00,-19.7,30.2,100,0.0,1.0
2023-09-05 01:00:00,-20.1,24.6,100,0.0,1.0
2023-09-05 02:00:00,-20.4,24.7,100,0.0,1.0
2023-09-05 03:00:00,-19.9,32.6,100,0.0,1.0
2023-09-05 04:00:00,-20.1,36.4,100,0.0,1.0
2023-09-05 05:00:00,-21.1,27.6,100,0.0,1.0
2023-09-05 06:00:00,-21.5,26.1,100,0.0,1.0
2023-09-05 07:00:00,-20.6,29.9,100,4.0,1.0
2023-09-05 08:00:00,-20.0,34.0,100,40.0,1.0
2023-09-05 09:00:00,-19.6,35.5,100,90.0,1.0
2023-09-05 10:00:00,-19.4,35.2,100,130.0,1.0
2023-09-05 11:00:00,-19.6,30.3,100,155.0,1.0
2023-09-05 12:00:00,-18.5,28.8,100,157.0,1.0
2023-09-05 13:00:00,-18.1,26.8,100,133.0,1.0
2023-09-05 14:00:00,-17.5,30.2,100,101.0,1.0
2023-09-05 15:00:00,-17.7,30.2,100,60.0,1.0
2023-09-05 16:00:00,-17.7,29.8,100,16.0,1.0
2023-09-05 17:00:00,-17.0,33.3,100,0.0,1.0
2023-09-05 18:00:00,-16.6,35.1,100,0.0,1.0
2023-09-05 19:00:00,-16.6,36.1,100,0.0,1.0
2023-09-05 20:00:00,-16.7,35.0,100,0.0,1.0
2023-09-05 21:00:00,-16.7,33.4,100,0.0,1.0
2023-09-05 22:00:00,-16.6,32.2,100,0.0,1.0
2023-09-05 23:00:00,-16.5,31.1,100,0.0,1.0
2023-09-06 00:00:00,-16.1,29.3,100,0.0,1.0
2023-09-06 01:00:00,-16.1,25.2,100,0.0,1.0
2023-09-06 02:00:00,-16.5,22.5,100,0.0,1.0
2023-09-06 03:00:00,-17.4,18.4,100,0.0,1.0
2023-09-06 04:00:00,-17.3,18.8,100,0.0,1.0
2023-09-06 05:00:00,-16.6,20.6,100,0.0,1.0
2023-09-06 06:00:00,-16.2,22.7,100,0.0,1.0
2023-09-06 07:00:00,-15.6,24.5,100,6.0,1.0
2023-09-06 08:00:00,-14.8,24.3,100,47.0,1.0
2023-09-06 09:00:00,-14.9,23.5,100,101.0,1.0
2023-09-06 10:00:00,-14.3,23.9,100,144.0,1.0
2023-09-06 11:00:00,-14.3,20.7,100,161.0,1.0
2023-09-06 12:00:00,-14.8,20.9,100,182.0,1.0
2023-09-06 13:00:00,-14.6,21.7,100,162.0,1.0
2023-09-06 14:00:00,-14.5,24.3,100,128.0,1.0
2023-09-06 15:00:00,-13.8,30.5,100,78.0,1.0
2023-09-06 16:00:00,-13.6,31.8,100,20.0,1.0
2023-09-06 17:00:00,-13.8,32.8,100,0.0,1.0
2023-09-06 18:00:00,-14.0,30.9,100,0.0,1.0
2023-09-06 19:00:00,-13.9,29.8,100,0.0,1.0
2023-09-06 20:00:00,-13.6,31.3,100,0.0,1.0
2023-09-06 21:00:00,-13.9,30.2,99,0.0,0.99
2023-09-06 22:00:00,-14.1,30.5,98,0.0,0.98
2023-09-06 23:00:00,-14.1,30.7,89,0.0,0.89
2023-09-07 00:00:00,-14.3,27.8,84,0.0,0.84
2023-09-07 01:00:00,-15.0,24.0,27,0.0,0.27
2023-09-07 02:00:00,-15.4,22.7,12,0.0,0.12
2023-09-07 03:00:00,-16.3,22.0,41,0.0,0.41
2023-09-07 04:00:00,-16.8,21.6,51,0.0,0.51
2023-09-07 05:00:00,-17.4,20.6,11,0.0,0.11
2023-09-07 06:00:00,-17.9,20.2,0,0.0,0.0
2023-09-07 07:00:00,-17.8,19.9,0,10.0,0.0
2023-09-07 08:00:00,-17.4,19.1,0,69.0,0.0
2023-09-07 09:00:00,-15.9,20.9,0,136.0,0.0
2023-09-07 10:00:00,-15.3,21.7,1,191.0,0.01
2023-09-07 11:00:00,-15.7,19.9,36,223.0,0.36
2023-09-07 12:00:00,-16.2,18.1,28,229.0,0.28
2023-09-07 13:00:00,-16.2,17.3,0,207.0,0.0
2023-09-07 14:00:00,-16.7,16.6,0,162.0,0.0
2023-09-07 15:00:00,-17.7,16.8,0,98.0,0.0
2023-09-07 16:00:00,-18.5,18.4,0,30.0,0.0
2023-09-07 17:00:00,-18.5,18.5,0,0.0,0.0
2023-09-07 18:00:00,-17.9,19.1,0,0.0,0.0
2023-09-07 19:00:00,-17.3,20.7,0,0.0,0.0
2023-09-07 20:00:00,-17.2,21.7,0,0.0,0.0
2023-09-07 21:00:00,-16.7,23.9,0,0.0,0.0
2023-09-07 22:00:00,-15.7,27.7,0,0.0,0.0
2023-09-07 23:00:00,-14.9,33.4,0,0.0,0.0
2023-09-08 00:00:00,-14.5,34.8,0,0.0,0.0
2023-09-08 01:00:00,-14.7,31.2,0,0.0,0.0
2023-09-08 02:00:00,-14.7,31.7,0,0.0,0.0
2023-09-08 03:00:00,-14.2,32.8,0,0.0,0.0
2023-09-08 04:00:00,-13.2,37.9,0,0.0,0.0
2023-09-08 05:00:00,-12.5,44.1,21,0.0,0.21
2023-09-08 06:00:00,-12.2,44.7,40,0.0,0.4
2023-09-08 07:00:00,-11.6,43.6,95,12.0,0.95
2023-09-08 08:00:00,-10.3,41.2,100,57.0,1.0
2023-09-08 09:00:00,-9.1,40.5,100,102.0,1.0
2023-09-08 10:00:00,-8.1,41.0,100,125.0,1.0
2023-09-08 11:00:00,-7.9,40.7,100,145.0,1.0
2023-09-08 12:00:00,-7.2,40.6,100,153.0,1.0
2023-09-08 13:00:00,-7.2,41.0,100,143.0,1.0
2023-09-08 14:00:00,-7.6,42.3,96,127.0,0.96
2023-09-08 15:00:00,-8.2,40.2,95,79.0,0.95
2023-09-08 16:00:00,-9.1,39.6,99,31.0,0.99
2023-09-08 17:00:00,-9.1,41.3,100,0.0,1.0
2023-09-08 18:00:00,-8.8,42.2,100,0.0,1.0
2023-09-08 19:00:00,-7.9,43.8,100,0.0,1.0
2023-09-08 20:00:00,-7.2,46.3,100,0.0,1.0
2023-09-08 21:00:00,-6.8,48.2,100,0.0,1.0
2023-09-08 22:00:00,-6.7,48.6,100,0.0,1.0
2023-09-08 23:00:00,-6.5,47.7,100,0.0,1.0
2023-09-09 00:00:00,-6.4,47.7,100,0.0,1.0
2023-09-09 01:00:00,-6.2,46.0,100,0.0,1.0
2023-09-09 02:00:00,-6.1,43.8,100,0.0,1.0
2023-09-09 03:00:00,-6.0,44.3,100,0.0,1.0
2023-09-09 04:00:00,-5.9,44.1,100,0.0,1.0
2023-09-09 05:00:00,-5.8,44.7,100,0.0,1.0
2023-09-09 06:00:00,-6.2,43.0,100,0.0,1.0
2023-09-09 07:00:00,-6.0,41.4,100,10.0,1.0
2023-09-09 08:00:00,-5.8,41.5,100,48.0,1.0
2023-09-09 09:00:00,-5.6,41.2,100,90.0,1.0
2023-09-09 10:00:00,-5.5,40.1,100,130.0,1.0
2023-09-09 11:00:00,-5.6,37.2,100,171.0,1.0
2023-09-09 12:00:00,-5.3,33.8,99,184.0,0.99
2023-09-09 13:00:00,-5.7,33.0,97,176.0,0.97
2023-09-09 14:00:00,-6.2,34.5,100,153.0,1.0
2023-09-09 15:00:00,-6.0,40.9,99,88.0,0.99
2023-09-09 16:00:00,-6.4,44.1,100,32.0,1.0
2023-09-09 17:00:00,-6.9,46.2,99,0.0,0.99
2023-09-09 18:00:00,-7.1,48.3,99,0.0,0.99
2023-09-09 19:00:00,-7.3,51.4,96,0.0,0.96
2023-09-09 20:00:00,-7.1,54.6,95,0.0,0.95
2023-09-09 21:00:00,-7.1,54.0,100,0.0,1.0
2023-09-09 22:00:00,-7.2,53.0,100,0.0,1.0
2023-09-09 23:00:00,-7.5,52.8,100,0.0,1.0
2023-09-10 00:00:00,-6.8,53.5,100,0.0,1.0
2023-09-10 01:00:00,-7.1,52.6,100,0.0,1.0
2023-09-10 02:00:00,-7.4,49.4,100,0.0,1.0
2023-09-10 03:00:00,-8.0,46.5,99,0.0,0.99
2023-09-10 04:00:00,-8.2,48.8,99,0.0,0.99
2023-09-10 05:00:00,-8.3,49.4,96,0.0,0.96
2023-09-10 06:00:00,-8.5,51.2,94,0.0,0.94
2023-09-10 07:00:00,-8.7,48.3,100,14.0,1.0
2023-09-10 08:00:00,-8.7,47.5,100,63.0,1.0
2023-09-10 09:00:00,-8.6,50.2,100,121.0,1.0
2023-09-10 10:00:00,-8.8,47.9,100,166.0,1.0
2023-09-10 11:00:00,-9.1,45.7,96,181.0,0.96
2023-09-10 12:00:00,-9.0,39.1,95,181.0,0.95
2023-09-10 13:00:00,-9.2,39.9,88,184.0,0.88
2023-09-10 14:00:00,-9.5,41.9,75,148.0,0.75
2023-09-10 15:00:00,-9.7,42.5,77,101.0,0.77
2023-09-10 16:00:00,-10.0,41.5,94,39.0,0.94
2023-09-10 17:00:00,-10.0,41.4,96,1.0,0.96
2023-09-10 18:00:00,-9.9,40.9,97,0.0,0.97
2023-09-10 19:00:00,-10.1,39.5,94,0.0,0.94
2023-09-10 20:00:00,-10.4,39.1,97,0.0,0.97
2023-09-10 21:00:00,-10.2,40.9,94,0.0,0.94
2023-09-10 22:00:00,-10.4,42.9,84,0.0,0.84
2023-09-10 23:00:00,-10.6,44.9,77,0.0,0.77
2023-09-11 00:00:00,-10.8,47.2,67,0.0,0.67
2023-09-11 01:00:00,-10.7,45.3,82,0.0,0.82
2023-09-11 02:00:00,-10.6,40.7,100,0.0,1.0
2023-09-11 03:00:00,-10.3,39.0,100,0.0,1.0
2023-09-11 04:00:00,-10.4,37.5,100,0.0,1.0
2023-09-11 05:00:00,-10.8,37.1,88,0.0,0.88
2023-09-11 06:00:00,-11.2,37.0,100,0.0,1.0
2023-09-11 07:00:00,-11.0,35.4,100,19.0,1.0
2023-09-11 08:00:00,-10.8,34.3,100,65.0,1.0
2023-09-11 09:00:00,-10.5,33.7,100,108.0,1.0
2023-09-11 10:00:00,-10.5,32.7,100,147.0,1.0
2023-09-11 11:00:00,-10.6,31.2,100,179.0,1.0
2023-09-11 12:00:00,-10.7,29.1,100,200.0,1.0
2023-09-11 13:00:00,-11.1,27.5,100,203.0,1.0
2023-09-11 14:00:00,-11.3,26.5,100,159.0,1.0
2023-09-11 15:00:00,-11.8,26.4,100,95.0,1.0
2023-09-11 16:00:00,-12.3,26.1,100,40.0,1.0
2023-09-11 17:00:00,-12.8,25.2,100,2.0,1.0
2023-09-11 18:00:00,-13.3,25.5,94,0.0,0.94
2023-09-11 19:00:00,-13.5,25.6,32,0.0,0.32
2023-09-11 20:00:00,-14.2,24.2,0,0.0,0.0
2023-09-11 21:00:00,-14.4,24.5,0,0.0,0.0
2023-09-11 22:00:00,-14.4,24.2,0,0.0,0.0
2023-09-11 23:00:00,-14.3,25.0,3,0.0,0.03
2023-09-12 00:00:00,-13.5,26.1,66,0.0,0.66
2023-09-12 01:00:00,-13.2,25.6,99,0.0,0.99
2023-09-12 02:00:00,-12.9,25.4,89,0.0,0.89
2023-09-12 03:00:00,-13.0,26.3,88,0.0,0.88
2023-09-12 04:00:00,-12.9,26.6,100,0.0,1.0
2023-09-12 05:00:00,-12.5,25.0,100,0.0,1.0
2023-09-12 06:00:00,-12.2,27.1,100,0.0,1.0
2023-09-12 07:00:00,-12.1,27.7,100,23.0,1.0
2023-09-12 08:00:00,-12.0,25.8,98,73.0,0.98
2023-09-12 09:00:00,-11.5,28.0,100,135.0,1.0
2023-09-12 10:00:00,-11.4,27.9,99,185.0,0.99
2023-09-12 11:00:00,-11.2,25.6,69,213.0,0.69
2023-09-12 12:00:00,-11.6,25.6,51,244.0,0.51
2023-09-12 13:00:00,-11.5,25.4,84,237.0,0.84
2023-09-12 14:00:00,-11.5,24.4,72,180.0,0.72
2023-09-12 15:00:00,-11.9,23.5,26,116.0,0.26
2023-09-12 16:00:00,-12.6,23.4,35,52.0,0.35
2023-09-12 17:00:00,-12.3,30.7,3,3.0,0.03
2023-09-12 18:00:00,-12.4,32.3,4,0.0,0.04
2023-09-12 19:00:00,-12.6,29.7,3,0.0,0.03
2023-09-12 20:00:00,-13.1,27.4,9,0.0,0.09
2023-09-12 21:00:00,-12.9,27.8,35,0.0,0.35
2023-09-12 22:00:00,-12.7,29.4,81,0.0,0.81
2023-09-12 23:00:00,-11.9,29.1,97,0.0,0.97
2023-09-13 00:00:00,-11.5,29.0,99,0.0,0.99
2023-09-13 01:00:00,-11.4,31.7,47,0.0,0.47
2023-09-13 02:00:00,-11.3,32.3,97,0.0,0.97
2023-09-13 03:00:00,-11.5,33.0,39,0.0,0.39
2023-09-13 04:00:00,-12.0,33.7,8,0.0,0.08
2023-09-13 05:00:00,-12.5,33.8,20,0.0,0.2
2023-09-13 06:00:00,-12.7,33.5,7,0.0,0.07
2023-09-13 07:00:00,-12.6,33.3,2,35.0,0.02
2023-09-13 08:00:00,-12.3,33.6,0,107.0,0.0
2023-09-13 09:00:00,-12.0,33.2,0,179.0,0.0
2023-09-13 10:00:00,-11.9,31.1,0,234.0,0.0
2023-09-13 11:00:00,-11.9,28.5,0,266.0,0.0
2023-09-13 12:00:00,-11.7,26.6,0,271.0,0.0
2023-09-13 13:00:00,-11.7,24.6,0,247.0,0.0
2023-09-13 14:00:00,-12.1,24.1,0,200.0,0.0
2023-09-13 15:00:00,-12.7,23.1,0,134.0,0.0
2023-09-13 16:00:00,-13.3,23.8,0,59.0,0.0
2023-09-13 17:00:00,-13.4,26.1,0,5.0,0.0
2023-09-13 18:00:00,-13.4,27.8,0,0.0,0.0
2023-09-13 19:00:00,-13.6,28.2,0,0.0,0.0
2023-09-13 20:00:00,-13.7,27.7,0,0.0,0.0
2023-09-13 21:00:00,-14.2,26.2,0,0.0,0.0
2023-09-13 22:00:00,-14.6,26.7,0,0.0,0.0
2023-09-13 23:00:00,-14.6,27.7,0,0.0,0.0
2023-09-14 00:00:00,-14.8,29.3,0,0.0,0.0
2023-09-14 01:00:00,-14.9,25.8,0,0.0,0.0
2023-09-14 02:00:00,-15.9,20.7,0,0.0,0.0
2023-09-14 03:00:00,-17.3,20.9,0,0.0,0.0
2023-09-14 04:00:00,-15.5,28.4,0,0.0,0.0
2023-09-14 05:00:00,-15.5,25.3,0,0.0,0.0
2023-09-14 06:00:00,-15.4,28.3,0,1.0,0.0
2023-09-14 07:00:00,-15.0,28.9,0,41.0,0.0
2023-09-14 08:00:00,-14.7,28.4,3,116.0,0.03
2023-09-14 09:00:00,-14.5,27.5,8,188.0,0.08
2023-09-14 10:00:00,-14.3,26.5,23,243.0,0.23
2023-09-14 11:00:00,-14.2,25.1,31,273.0,0.31
2023-09-14 12:00:00,-14.2,22.7,24,278.0,0.24
2023-09-14 13:00:00,-14.3,23.8,9,256.0,0.09
2023-09-14 14:00:00,-14.3,26.8,0,210.0,0.0
2023-09-14 15:00:00,-14.8,25.5,0,142.0,0.0
2023-09-14 16:00:00,-15.1,25.9,0,65.0,0.0
2023-09-14 17:00:00,-15.3,25.3,0,7.0,0.0
2023-09-14 18:00:00,-15.5,25.5,0,0.0,0.0
2023-09-14 19:00:00,-15.5,26.9,0,0.0,0.0
2023-09-14 20:00:00,-15.5,29.2,0,0.0,0.0
2023-09-14 21:00:00,-15.4,30.6,15,0.0,0.15
2023-09-14 22:00:00,-15.4,31.3,36,0.0,0.36
2023-09-14 23:00:00,-15.3,31.3,51,0.0,0.51
2023-09-15 00:00:00,-15.4,29.0,48,0.0,0.48
2023-09-15 01:00:00,-15.4,27.5,44,0.0,0.44
2023-09-15 02:00:00,-15.4,28.3,14,0.0,0.14
2023-09-15 03:00:00,-15.5,29.1,6,0.0,0.06
2023-09-15 04:00:00,-15.5,29.0,7,0.0,0.07
2023-09-15 05:00:00,-15.4,29.0,22,0.0,0.22
2023-09-15 06:00:00,-15.3,28.5,39,2.0,0.39
2023-09-15 07:00:00,-15.0,27.6,43,47.0,0.43
2023-09-15 08:00:00,-14.7,25.6,79,123.0,0.79
2023-09-15 09:00:00,-14.6,23.2,31,195.0,0.31
2023-09-15 10:00:00,-14.5,20.9,73,251.0,0.73
2023-09-15 11:00:00,-14.5,19.5,99,283.0,0.99
2023-09-15 12:00:00,-15.2,16.6,99,288.0,0.99
2023-09-15 13:00:00,-15.7,15.6,99,265.0,0.99
2023-09-15 14:00:00,-16.8,16.3,100,212.0,1.0
2023-09-15 15:00:00,-17.8,15.8,99,142.0,0.99
2023-09-15 16:00:00,-19.0,14.8,100,67.0,1.0
2023-09-15 17:00:00,-19.8,14.7,100,8.0,1.0
2023-09-15 18:00:00,-19.9,13.5,98,0.0,0.98
2023-09-15 19:00:00,-20.2,10.4,82,0.0,0.82
2023-09-15 20:00:00,-20.5,9.2,4,0.0,0.04
2023-09-15 21:00:00,-19.9,8.4,0,0.0,0.0
2023-09-15 22:00:00,-18.3,7.4,0,0.0,0.0
2023-09-15 23:00:00,-15.7,5.9,0,0.0,0.0
2023-09-16 00:00:00,-16.1,3.3,0,0.0,0.0
2023-09-16 01:00:00,-19.2,7.2,0,0.0,0.0
2023-09-16 02:00:00,-18.1,6.4,0,0.0,0.0
2023-09-16 03:00:00,-18.1,5.1,0,0.0,0.0
2023-09-16 04:00:00,-18.3,4.7,0,0.0,0.0
2023-09-16 05:00:00,-18.4,3.2,94,0.0,0.94
2023-09-16 06:00:00,-18.1,1.6,99,3.0,0.99
2023-09-16 07:00:00,-17.8,5.4,100,48.0,1.0
2023-09-16 08:00:00,-17.2,5.0,100,124.0,1.0
2023-09-16 09:00:00,-17.0,3.9,100,170.0,1.0
2023-09-16 10:00:00,-17.5,3.2,100,212.0,1.0
2023-09-16 11:00:00,-17.7,1.9,100,218.0,1.0
2023-09-16 12:00:00,-17.1,1.8,99,240.0,0.99
2023-09-16 13:00:00,-17.7,4.3,55,230.0,0.55
2023-09-16 14:00:00,-18.6,3.6,44,210.0,0.44
2023-09-16 15:00:00,-18.3,2.5,51,146.0,0.51
2023-09-16 16:00:00,-18.3,1.4,100,73.0,1.0
2023-09-16 17:00:00,-18.7,2.7,100,11.0,1.0
2023-09-16 18:00:00,-18.2,2.6,100,0.0,1.0
2023-09-16 19:00:00,-17.9,4.7,100,0.0,1.0
2023-09-16 20:00:00,-17.7,6.0,100,0.0,1.0
2023-09-16 21:00:00,-20.8,9.2,100,0.0,1.0
2023-09-16 22:00:00,-20.3,12.8,100,0.0,1.0
2023-09-16 23:00:00,-19.1,16.8,100,0.0,1.0
2023-09-17 00:00:00,-18.7,17.1,100,0.0,1.0
2023-09-17 01:00:00,-18.2,17.0,100,0.0,1.0
2023-09-17 02:00:00,-18.4,16.4,100,0.0,1.0
2023-09-17 03:00:00,-18.5,14.5,100,0.0,1.0
2023-09-17 04:00:00,-18.2,14.5,100,0.0,1.0
2023-09-17 05:00:00,-17.9,17.0,100,0.0,1.0
2023-09-17 06:00:00,-17.9,19.0,100,3.0,1.0
2023-09-17 07:00:00,-17.9,19.2,100,43.0,1.0
2023-09-17 08:00:00,-17.5,22.2,100,90.0,1.0
2023-09-17 09:00:00,-17.3,21.7,100,139.0,1.0
2023-09-17 10:00:00,-17.2,19.2,100,181.0,1.0
2023-09-17 11:00:00,-16.9,15.5,100,198.0,1.0
2023-09-17 12:00:00,-16.5,11.0,100,202.0,1.0
2023-09-17 13:00:00,-16.6,6.7,100,194.0,1.0
2023-09-17 14:00:00,-15.3,1.8,100,176.0,1.0
2023-09-17 15:00:00,-15.4,3.8,100,123.0,1.0
2023-09-17 16:00:00,-17.5,6.9,100,64.0,1.0
2023-09-17 17:00:00,-19.5,9.0,96,12.0,0.96
2023-09-17 18:00:00,-20.6,11.2,55,0.0,0.55
2023-09-17 19:00:00,-21.7,9.8,42,0.0,0.42
2023-09-17 20:00:00,-22.8,9.9,39,0.0,0.39
2023-09-17 21:00:00,-23.0,8.8,50,0.0,0.5
2023-09-17 22:00:00,-23.9,9.2,56,0.0,0.56
2023-09-17 23:00:00,-23.8,9.7,1,0.0,0.01
2023-09-18 00:00:00,-22.7,14.8,35,0.0,0.35
2023-09-18 01:00:00,-19.8,6.1,46,0.0,0.46
2023-09-18 02:00:00,-19.8,6.3,52,0.0,0.52
2023-09-18 03:00:00,-20.3,6.8,21,0.0,0.21
2023-09-18 04:00:00,-21.2,8.0,17,0.0,0.17
2023-09-18 05:00:00,-18.5,5.2,39,0.0,0.39
2023-09-18 06:00:00,-19.1,4.0,5,7.0,0.05
2023-09-18 07:00:00,-18.8,4.6,72,68.0,0.72
2023-09-18 08:00:00,-18.7,6.2,42,148.0,0.42
2023-09-18 09:00:00,-18.2,6.1,1,227.0,0.01
2023-09-18 10:00:00,-18.3,6.7,3,284.0,0.03
2023-09-18 11:00:00,-19.4,7.0,72,315.0,0.72
2023-09-18 12:00:00,-22.1,11.9,17,315.0,0.17
2023-09-18 13:00:00,-18.7,6.7,99,288.0,0.99
2023-09-18 14:00:00,-18.1,0.8,100,231.0,1.0
2023-09-18 15:00:00,-17.3,3.5,100,138.0,1.0
2023-09-18 16:00:00,-17.5,7.5,100,65.0,1.0
2023-09-18 17:00:00,-21.0,10.6,100,14.0,1.0
2023-09-18 18:00:00,-20.0,17.3,100,0.0,1.0
2023-09-18 19:00:00,-19.6,18.2,100,0.0,1.0
2023-09-18 20:00:00,-19.6,17.7,100,0.0,1.0
2023-09-18 21:00:00,-19.3,15.8,100,0.0,1.0
2023-09-18 22:00:00,-20.4,12.7,100,0.0,1.0
2023-09-18 23:00:00,-16.4,6.6,100,0.0,1.0
2023-09-19 00:00:00,-15.6,5.5,100,0.0,1.0
2023-09-19 01:00:00,-15.2,3.9,100,0.0,1.0
2023-09-19 02:00:00,-20.1,14.0,100,0.0,1.0
2023-09-19 03:00:00,-16.5,29.4,100,0.0,1.0
2023-09-19 04:00:00,-16.7,33.5,100,0.0,1.0
2023-09-19 05:00:00,-16.9,32.5,100,0.0,1.0
2023-09-19 06:00:00,-15.8,33.8,100,6.0,1.0
2023-09-19 07:00:00,-14.5,37.2,100,38.0,1.0
2023-09-19 08:00:00,-14.1,40.9,100,75.0,1.0
2023-09-19 09:00:00,-14.6,50.5,100,104.0,1.0
2023-09-19 10:00:00,-14.7,55.8,100,119.0,1.0
2023-09-19 11:00:00,-15.0,61.8,100,136.0,1.0
2023-09-19 12:00:00,-14.4,63.6,100,142.0,1.0
2023-09-19 13:00:00,-13.7,62.3,100,112.0,1.0
2023-09-19 14:00:00,-12.9,66.6,100,89.0,1.0
2023-09-19 15:00:00,-12.8,67.4,100,65.0,1.0
2023-09-19 16:00:00,-12.6,67.4,100,33.0,1.0
2023-09-19 17:00:00,-12.6,68.8,100,7.0,1.0
2023-09-19 18:00:00,-12.7,69.4,100,0.0,1.0
2023-09-19 19:00:00,-12.7,68.9,100,0.0,1.0
2023-09-19 20:00:00,-12.5,67.5,100,0.0,1.0
2023-09-19 21:00:00,-12.3,65.7,100,0.0,1.0
2023-09-19 22:00:00,-12.1,63.9,100,0.0,1.0
2023-09-19 23:00:00,-11.9,62.6,100,0.0,1.0
2023-09-20 00:00:00,-11.5,61.8,100,0.0,1.0
2023-09-20 01:00:00,-11.2,60.1,100,0.0,1.0
2023-09-20 02:00:00,-10.9,60.0,100,0.0,1.0
2023-09-20 03:00:00,-10.6,60.5,100,0.0,1.0
2023-09-20 04:00:00,-10.4,61.0,100,0.0,1.0
2023-09-20 05:00:00,-10.2,63.8,100,0.0,1.0
2023-09-20 06:00:00,-10.0,69.0,100,4.0,1.0
2023-09-20 07:00:00,-9.9,70.9,100,30.0,1.0
2023-09-20 08:00:00,-9.8,71.5,100,52.0,1.0
2023-09-20 09:00:00,-9.7,66.6,100,83.0,1.0
2023-09-20 10:00:00,-9.7,67.3,100,104.0,1.0
2023-09-20 11:00:00,-9.6,68.2,100,117.0,1.0
2023-09-20 12:00:00,-9.5,65.8,100,117.0,1.0
2023-09-20 13:00:00,-9.1,66.0,100,106.0,1.0
2023-09-20 14:00:00,-8.9,66.5,100,89.0,1.0
2023-09-20 15:00:00,-8.7,64.2,100,62.0,1.0
2023-09-20 16:00:00,-8.4,67.7,100,33.0,1.0
2023-09-20 17:00:00,-8.4,66.3,100,8.0,1.0
2023-09-20 18:00:00,-8.2,66.1,100,0.0,1.0
2023-09-20 19:00:00,-8.0,66.9,100,0.0,1.0
2023-09-20 20:00:00,-7.7,65.6,100,0.0,1.0
2023-09-20 21:00:00,-7.6,68.7,100,0.0,1.0
2023-09-20 22:00:00,-7.5,68.7,100,0.0,1.0
2023-09-20 23:00:00,-7.3,64.9,100,0.0,1.0
2023-09-21 00:00:00,-7.4,70.4,100,0.0,1.0
2023-09-21 01:00:00,-7.4,67.5,100,0.0,1.0
2023-09-21 02:00:00,-7.2,67.4,100,0.0,1.0
2023-09-21 03:00:00,-7.3,63.6,100,0.0,1.0
2023-09-21 04:00:00,-7.4,66.4,100,0.0,1.0
2023-09-21 05:00:00,-7.4,64.3,100,0.0,1.0
2023-09-21 06:00:00,-7.3,63.6,100,6.0,1.0
2023-09-21 07:00:00,-7.3,60.0,100,30.0,1.0
2023-09-21 08:00:00,-7.2,56.5,100,62.0,1.0
2023-09-21 09:00:00,-7.1,55.7,100,107.0,1.0
2023-09-21 10:00:00,-6.9,52.8,100,147.0,1.0
2023-09-21 11:00:00,-6.9,47.9,100,164.0,1.0
2023-09-21 12:00:00,-7.3,45.6,100,157.0,1.0
2023-09-21 13:00:00,-7.4,43.0,100,136.0,1.0
2023-09-21 14:00:00,-7.3,40.3,100,119.0,1.0
2023-09-21 15:00:00,-7.1,36.8,100,97.0,1.0
2023-09-21 16:00:00,-7.2,35.6,100,59.0,1.0
2023-09-21 17:00:00,-7.6,34.4,100,20.0,1.0
2023-09-21 18:00:00,-7.7,33.0,100,0.0,1.0
2023-09-21 19:00:00,-7.9,33.1,100,0.0,1.0
2023-09-21 20:00:00,-8.2,33.1,100,0.0,1.0
2023-09-21 21:00:00,-8.7,33.0,100,0.0,1.0
2023-09-21 22:00:00,-8.9,32.1,99,0.0,0.99
2023-09-21 23:00:00,-8.8,32.1,99,0.0,0.99
2023-09-22 00:00:00,-8.1,37.6,97,0.0,0.97
2023-09-22 01:00:00,-8.1,35.6,92,0.0,0.92
2023-09-22 02:00:00,-8.4,32.3,91,0.0,0.91
2023-09-22 03:00:00,-8.4,30.2,100,0.0,1.0
2023-09-22 04:00:00,-8.2,28.5,100,0.0,1.0
2023-09-22 05:00:00,-7.7,27.5,100,0.0,1.0
2023-09-22 06:00:00,-6.7,28.6,100,12.0,1.0
2023-09-22 07:00:00,-5.8,31.1,100,50.0,1.0
2023-09-22 08:00:00,-5.2,32.5,100,83.0,1.0
2023-09-22 09:00:00,-4.9,34.1,100,130.0,1.0
2023-09-22 10:00:00,-4.7,34.1,100,182.0,1.0
2023-09-22 11:00:00,-4.6,33.8,100,221.0,1.0
2023-09-22 12:00:00,-4.3,33.5,100,255.0,1.0
2023-09-22 13:00:00,-4.4,32.9,100,255.0,1.0
2023-09-22 14:00:00,-4.7,33.5,100,221.0,1.0
2023-09-22 15:00:00,-4.9,33.5,100,171.0,1.0
2023-09-22 16:00:00,-5.2,33.7,100,99.0,1.0
2023-09-22 17:00:00,-5.2,36.7,100,31.0,1.0
2023-09-22 18:00:00,-5.1,38.3,100,0.0,1.0
2023-09-22 19:00:00,-5.0,38.8,100,0.0,1.0
2023-09-22 20:00:00,-5.0,39.4,100,0.0,1.0
2023-09-22 21:00:00,-5.3,38.4,100,0.0,1.0
2023-09-22 22:00:00,-5.5,38.0,100,0.0,1.0
2023-09-22 23:00:00,-5.8,36.8,100,0.0,1.0
2023-09-23 00:00:00,-6.1,39.8,100,0.0,1.0
2023-09-23 01:00:00,-6.1,35.6,100,0.0,1.0
2023-09-23 02:00:00,-6.4,31.1,100,0.0,1.0
2023-09-23 03:00:00,-6.9,26.8,100,0.0,1.0
2023-09-23 04:00:00,-7.4,24.5,100,0.0,1.0
2023-09-23 05:00:00,-7.8,23.3,100,0.0,1.0
2023-09-23 06:00:00,-7.9,23.7,100,19.0,1.0
2023-09-23 07:00:00,-7.5,26.3,100,82.0,1.0
2023-09-23 08:00:00,-7.1,27.7,74,163.0,0.74
2023-09-23 09:00:00,-6.5,30.2,95,240.0,0.95
2023-09-23 10:00:00,-6.4,27.7,100,297.0,1.0
2023-09-23 11:00:00,-6.5,24.1,100,321.0,1.0
2023-09-23 12:00:00,-6.9,18.9,100,316.0,1.0
2023-09-23 13:00:00,-7.4,15.0,100,284.0,1.0
2023-09-23 14:00:00,-8.3,13.7,99,260.0,0.99
2023-09-23 15:00:00,-8.9,14.2,100,193.0,1.0
2023-09-23 16:00:00,-8.7,17.6,100,107.0,1.0
2023-09-23 17:00:00,-8.0,21.4,100,33.0,1.0
2023-09-23 18:00:00,-7.6,22.8,100,0.0,1.0
2023-09-23 19:00:00,-7.7,25.0,100,0.0,1.0
2023-09-23 20:00:00,-7.5,28.4,98,0.0,0.98
2023-09-23 21:00:00,-7.5,27.2,70,0.0,0.7
2023-09-23 22:00:00,-7.8,27.9,75,0.0,0.75
2023-09-23 23:00:00,-7.6,30.2,96,0.0,0.96
2023-09-24 00:00:00,-8.0,27.7,94,0.0,0.94
2023-09-24 01:00:00,-8.1,27.2,100,0.0,1.0
2023-09-24 02:00:00,-8.0,29.4,100,0.0,1.0
2023-09-24 03:00:00,-8.4,28.9,99,0.0,0.99
2023-09-24 04:00:00,-9.0,29.6,96,0.0,0.96
2023-09-24 05:00:00,-9.9,28.8,100,0.0,1.0
2023-09-24 06:00:00,-9.4,35.9,100,26.0,1.0
2023-09-24 07:00:00,-9.0,39.2,100,96.0,1.0
2023-09-24 08:00:00,-8.9,39.6,100,175.0,1.0
2023-09-24 09:00:00,-9.1,38.3,99,239.0,0.99
2023-09-24 10:00:00,-9.1,40.3,91,303.0,0.91
2023-09-24 11:00:00,-9.1,41.1,79,349.0,0.79
2023-09-24 12:00:00,-9.3,38.4,97,358.0,0.97
2023-09-24 13:00:00,-9.5,35.0,93,336.0,0.93
2023-09-24 14:00:00,-9.1,37.3,89,284.0,0.89
2023-09-24 15:00:00,-9.3,39.5,69,212.0,0.69
2023-09-24 16:00:00,-9.9,37.5,79,126.0,0.79
2023-09-24 17:00:00,-10.3,34.9,93,44.0,0.93
2023-09-24 18:00:00,-10.0,38.8,94,1.0,0.94
2023-09-24 19:00:00,-10.2,39.4,94,0.0,0.94
2023-09-24 20:00:00,-10.3,41.0,97,0.0,0.97
2023-09-24 21:00:00,-10.4,43.3,97,0.0,0.97
2023-09-24 22:00:00,-10.6,42.7,99,0.0,0.99
2023-09-24 23:00:00,-10.9,41.7,99,0.0,0.99
2023-09-25 00:00:00,-11.2,37.9,100,0.0,1.0
2023-09-25 01:00:00,-11.4,35.6,98,0.0,0.98
2023-09-25 02:00:00,-11.6,35.1,100,0.0,1.0
2023-09-25 03:00:00,-11.8,35.2,100,0.0,1.0
2023-09-25 04:00:00,-11.7,37.7,100,0.0,1.0
2023-09-25 05:00:00,-11.7,39.1,100,0.0,1.0
2023-09-25 06:00:00,-11.6,38.2,97,33.0,0.97
2023-09-25 07:00:00,-11.6,37.9,94,113.0,0.94
2023-09-25 08:00:00,-11.6,37.3,91,202.0,0.91
2023-09-25 09:00:00,-11.5,38.0,92,280.0,0.92
2023-09-25 10:00:00,-11.4,38.9,94,336.0,0.94
2023-09-25 11:00:00,-11.3,39.4,89,368.0,0.89
2023-09-25 12:00:00,-11.5,34.2,89,369.0,0.89
2023-09-25 13:00:00,-11.3,33.9,100,342.0,1.0
2023-09-25 14:00:00,-11.3,34.7,99,287.0,0.99
2023-09-25 15:00:00,-11.4,34.5,100,208.0,1.0
2023-09-25 16:00:00,-11.6,33.9,100,120.0,1.0
2023-09-25 17:00:00,-12.0,33.9,100,43.0,1.0
2023-09-25 18:00:00,-12.3,33.4,51,2.0,0.51
2023-09-25 19:00:00,-12.8,31.6,35,0.0,0.35
2023-09-25 20:00:00,-13.2,30.3,0,0.0,0.0
2023-09-25 21:00:00,-13.4,32.2,0,0.0,0.0
2023-09-25 22:00:00,-13.5,33.7,0,0.0,0.0
2023-09-25 23:00:00,-13.6,36.9,0,0.0,0.0
2023-09-26 00:00:00,-13.4,36.4,0,0.0,0.0
2023-09-26 01:00:00,-13.2,37.5,0,0.0,0.0
2023-09-26 02:00:00,-13.2,35.9,0,0.0,0.0
2023-09-26 03:00:00,-13.3,34.4,0,0.0,0.0
2023-09-26 04:00:00,-13.4,34.1,0,0.0,0.0
2023-09-26 05:00:00,-13.4,35.6,0,0.0,0.0
2023-09-26 06:00:00,-13.3,37.0,0,41.0,0.0
2023-09-26 07:00:00,-13.1,38.3,0,125.0,0.0
2023-09-26 08:00:00,-13.0,38.8,0,214.0,0.0
2023-09-26 09:00:00,-12.8,39.6,0,291.0,0.0
2023-09-26 10:00:00,-12.7,40.5,0,347.0,0.0
2023-09-26 11:00:00,-12.7,41.3,0,378.0,0.0
2023-09-26 12:00:00,-12.6,42.3,0,381.0,0.0
2023-09-26 13:00:00,-12.9,40.0,0,354.0,0.0
2023-09-26 14:00:00,-13.1,38.7,0,302.0,0.0
2023-09-26 15:00:00,-13.3,38.6,0,229.0,0.0
2023-09-26 16:00:00,-13.5,40.1,0,143.0,0.0
2023-09-26 17:00:00,-13.8,41.3,0,56.0,0.0
2023-09-26 18:00:00,-14.0,40.4,0,3.0,0.0
2023-09-26 19:00:00,-14.1,37.5,0,0.0,0.0
2023-09-26 20:00:00,-14.0,39.3,4,0.0,0.04
2023-09-26 21:00:00,-14.1,41.1,7,0.0,0.07
2023-09-26 22:00:00,-14.2,40.7,19,0.0,0.19
2023-09-26 23:00:00,-14.2,38.0,20,0.0,0.2
2023-09-27 00:00:00,-14.6,38.1,10,0.0,0.1
2023-09-27 01:00:00,-14.7,36.1,0,0.0,0.0
2023-09-27 02:00:00,-14.5,34.5,0,0.0,0.0
2023-09-27 03:00:00,-14.4,32.7,0,0.0,0.0
2023-09-27 04:00:00,-14.5,30.3,0,0.0,0.0
2023-09-27 05:00:00,-15.1,26.0,0,1.0,0.0
2023-09-27 06:00:00,-15.7,21.6,0,47.0,0.0
2023-09-27 07:00:00,-15.1,21.6,1,133.0,0.01
2023-09-27 08:00:00,-14.5,20.6,0,222.0,0.0
2023-09-27 09:00:00,-14.0,19.8,0,299.0,0.0
2023-09-27 10:00:00,-13.8,18.0,0,356.0,0.0
2023-09-27 11:00:00,-14.0,15.3,0,387.0,0.0
2023-09-27 12:00:00,-13.5,16.6,0,389.0,0.0
2023-09-27 13:00:00,-13.5,14.4,0,362.0,0.0
2023-09-27 14:00:00,-14.3,12.8,0,310.0,0.0
2023-09-27 15:00:00,-15.4,12.5,0,237.0,0.0
2023-09-27 16:00:00,-16.6,15.0,0,150.0,0.0
2023-09-27 17:00:00,-17.6,15.5,0,62.0,0.0
2023-09-27 18:00:00,-18.1,15.5,0,4.0,0.0
2023-09-27 19:00:00,-18.6,16.5,0,0.0,0.0
2023-09-27 20:00:00,-19.1,16.9,0,0.0,0.0
2023-09-27 21:00:00,-19.2,16.8,0,0.0,0.0
2023-09-27 22:00:00,-19.2,16.9,0,0.0,0.0
2023-09-27 23:00:00,-19.4,16.9,0,0.0,0.0
2023-09-28 00:00:00,-19.7,13.7,0,0.0,0.0
2023-09-28 01:00:00,-19.3,16.0,0,0.0,0.0
2023-09-28 02:00:00,-19.1,17.3,0,0.0,0.0
2023-09-28 03:00:00,-18.8,17.7,0,0.0,0.0
2023-09-28 04:00:00,-16.8,22.2,0,0.0,0.0
2023-09-28 05:00:00,-14.5,30.4,0,2.0,0.0
2023-09-28 06:00:00,-13.9,34.8,0,54.0,0.0
2023-09-28 07:00:00,-14.4,29.0,0,143.0,0.0
2023-09-28 08:00:00,-14.6,30.7,0,232.0,0.0
2023-09-28 09:00:00,-14.6,23.4,0,310.0,0.0
2023-09-28 10:00:00,-14.7,16.5,0,367.0,0.0
2023-09-28 11:00:00,-16.0,10.5,0,398.0,0.0
2023-09-28 12:00:00,-15.6,7.7,0,400.0,0.0
2023-09-28 13:00:00,-16.5,8.4,0,372.0,0.0
2023-09-28 14:00:00,-15.9,8.0,0,319.0,0.0
2023-09-28 15:00:00,-16.4,8.8,0,245.0,0.0
2023-09-28 16:00:00,-17.4,9.8,0,157.0,0.0
2023-09-28 17:00:00,-18.8,10.8,0,68.0,0.0
2023-09-28 18:00:00,-19.1,10.1,0,6.0,0.0
2023-09-28 19:00:00,-19.9,10.5,0,0.0,0.0
2023-09-28 20:00:00,-20.2,10.8,0,0.0,0.0
2023-09-28 21:00:00,-20.9,12.4,0,0.0,0.0
2023-09-28 22:00:00,-21.2,13.5,0,0.0,0.0
2023-09-28 23:00:00,-21.3,14.4,0,0.0,0.0
2023-09-29 00:00:00,-22.2,14.5,0,0.0,0.0
2023-09-29 01:00:00,-21.5,11.7,0,0.0,0.0
2023-09-29 02:00:00,-19.1,9.3,0,0.0,0.0
2023-09-29 03:00:00,-13.5,6.5,0,0.0,0.0
2023-09-29 04:00:00,-12.7,4.7,0,0.0,0.0
2023-09-29 05:00:00,-12.9,5.5,0,4.0,0.0
2023-09-29 06:00:00,-14.0,7.3,0,61.0,0.0
2023-09-29 07:00:00,-18.7,10.0,0,151.0,0.0
2023-09-29 08:00:00,-16.4,7.9,0,241.0,0.0
2023-09-29 09:00:00,-14.3,5.5,0,320.0,0.0
2023-09-29 10:00:00,-14.0,4.7,0,377.0,0.0
2023-09-29 11:00:00,-13.8,2.5,0,408.0,0.0
2023-09-29 12:00:00,-12.2,5.1,0,410.0,0.0
2023-09-29 13:00:00,-12.9,4.4,0,382.0,0.0
2023-09-29 14:00:00,-13.2,4.0,0,329.0,0.0
2023-09-29 15:00:00,-14.5,6.3,0,254.0,0.0
2023-09-29 16:00:00,-15.2,5.1,0,165.0,0.0
2023-09-29 17:00:00,-15.9,4.8,0,75.0,0.0
2023-09-29 18:00:00,-16.6,6.6,0,8.0,0.0
2023-09-29 19:00:00,-19.6,9.3,0,0.0,0.0
2023-09-29 20:00:00,-22.9,13.3,0,0.0,0.0
2023-09-29 21:00:00,-21.6,16.6,0,0.0,0.0
2023-09-29 22:00:00,-22.1,14.1,0,0.0,0.0
2023-09-29 23:00:00,-20.8,11.5,0,0.0,0.0
2023-09-30 00:00:00,-21.9,13.8,0,0.0,0.0
2023-09-30 01:00:00,-20.1,21.0,0,0.0,0.0
2023-09-30 02:00:00,-19.6,22.7,0,0.0,0.0
2023-09-30 03:00:00,-19.8,21.0,0,0.0,0.0
2023-09-30 04:00:00,-20.4,18.8,0,0.0,0.0
2023-09-30 05:00:00,-21.1,17.2,0,6.0,0.0
2023-09-30 06:00:00,-21.3,14.7,0,68.0,0.0
2023-09-30 07:00:00,-15.8,5.1,0,160.0,0.0
2023-09-30 08:00:00,-16.1,5.4,0,251.0,0.0
2023-09-30 09:00:00,-18.0,25.2,0,330.0,0.0
2023-09-30 10:00:00,-17.0,29.7,0,388.0,0.0
2023-09-30 11:00:00,-17.5,23.6,0,419.0,0.0
2023-09-30 12:00:00,-20.9,10.8,0,421.0,0.0
2023-09-30 13:00:00,-19.7,9.7,0,393.0,0.0
2023-09-30 14:00:00,-21.0,10.8,0,338.0,0.0
2023-09-30 15:00:00,-18.6,7.3,0,263.0,0.0
2023-09-30 16:00:00,-21.4,10.1,0,173.0,0.0
2023-09-30 17:00:00,-22.2,10.8,0,81.0,0.0
2023-09-30 18:00:00,-22.1,10.9,0,11.0,0.0
2023-09-30 19:00:00,-21.5,10.7,0,0.0,0.0
2023-09-30 20:00:00,-21.0,11.2,0,0.0,0.0
2023-09-30 21:00:00,-23.9,13.6,0,0.0,0.0
2023-09-30 22:00:00,-23.1,16.6,0,0.0,0.0
2023-09-30 23:00:00,-21.3,19.1,0,0.0,0.0
2023-10-01 00:00:00,-22.3,18.0,0,0.0,0.0
2023-10-01 01:00:00,-21.9,15.5,0,0.0,0.0
2023-10-01 02:00:00,-22.0,13.4,0,0.0,0.0
2023-10-01 03:00:00,-21.2,16.3,0,0.0,0.0
2023-10-01 04:00:00,-19.6,19.4,0,0.0,0.0
2023-10-01 05:00:00,-18.8,20.7,0,8.0,0.0
2023-10-01 06:00:00,-18.8,19.6,0,75.0,0.0
2023-10-01 07:00:00,-19.1,16.3,0,169.0,0.0
2023-10-01 08:00:00,-19.4,13.4,0,261.0,0.0
2023-10-01 09:00:00,-18.7,12.4,0,339.0,0.0
2023-10-01 10:00:00,-16.4,9.6,0,396.0,0.0
2023-10-01 11:00:00,-12.5,5.1,0,427.0,0.0
2023-10-01 12:00:00,-15.0,6.8,0,428.0,0.0
2023-10-01 13:00:00,-15.2,2.7,0,400.0,0.0
2023-10-01 14:00:00,-15.4,4.1,0,346.0,0.0
2023-10-01 15:00:00,-15.8,5.7,0,271.0,0.0
2023-10-01 16:00:00,-15.7,5.3,0,181.0,0.0
2023-10-01 17:00:00,-15.5,2.3,0,87.0,0.0
2023-10-01 18:00:00,-16.9,5.9,0,14.0,0.0
2023-10-01 19:00:00,-19.4,9.2,0,0.0,0.0
2023-10-01 20:00:00,-19.9,9.3,0,0.0,0.0
2023-10-01 21:00:00,-21.4,10.1,0,0.0,0.0
2023-10-01 22:00:00,-18.9,8.9,0,0.0,0.0
2023-10-01 23:00:00,-17.0,6.8,0,0.0,0.0
2023-10-02 00:00:00,-23.3,16.5,0,0.0,0.0
2023-10-02 01:00:00,-22.3,18.4,0,0.0,0.0
2023-10-02 02:00:00,-21.5,20.9,0,0.0,0.0
2023-10-02 03:00:00,-22.9,17.8,0,0.0,0.0
2023-10-02 04:00:00,-23.2,17.6,0,0.0,0.0
2023-10-02 05:00:00,-22.8,17.7,0,11.0,0.0
2023-10-02 06:00:00,-23.3,13.7,0,82.0,0.0
2023-10-02 07:00:00,-21.3,10.4,0,176.0,0.0
2023-10-02 08:00:00,-21.4,10.0,0,269.0,0.0
2023-10-02 09:00:00,-22.5,12.1,0,348.0,0.0
2023-10-02 10:00:00,-21.5,14.2,0,405.0,0.0
2023-10-02 11:00:00,-22.1,12.2,0,436.0,0.0
2023-10-02 12:00:00,-18.3,4.1,0,438.0,0.0
2023-10-02 13:00:00,-18.8,4.7,0,409.0,0.0
2023-10-02 14:00:00,-19.1,6.0,87,355.0,0.87
2023-10-02 15:00:00,-22.8,9.7,93,277.0,0.93
2023-10-02 16:00:00,-23.7,10.9,100,188.0,1.0
2023-10-02 17:00:00,-22.2,9.6,100,87.0,1.0
2023-10-02 18:00:00,-23.4,10.3,100,14.0,1.0
2023-10-02 19:00:00,-20.0,7.9,100,0.0,1.0
2023-10-02 20:00:00,-21.0,8.8,100,0.0,1.0
2023-10-02 21:00:00,-19.5,7.9,100,0.0,1.0
2023-10-02 22:00:00,-18.0,6.6,100,0.0,1.0
2023-10-02 23:00:00,-18.3,6.3,100,0.0,1.0
2023-10-03 00:00:00,-18.6,5.5,86,0.0,0.86
2023-10-03 01:00:00,-18.3,5.9,61,0.0,0.61
2023-10-03 02:00:00,-23.1,9.7,0,0.0,0.0
2023-10-03 03:00:00,-25.0,11.7,2,0.0,0.02
2023-10-03 04:00:00,-23.9,22.2,19,0.0,0.19
2023-10-03 05:00:00,-23.3,27.7,100,14.0,1.0
2023-10-03 06:00:00,-23.2,24.7,100,82.0,1.0
2023-10-03 07:00:00,-22.7,22.9,100,162.0,1.0
2023-10-03 08:00:00,-22.3,22.2,100,252.0,1.0
2023-10-03 09:00:00,-21.9,21.8,100,314.0,1.0
2023-10-03 10:00:00,-21.4,23.4,100,363.0,1.0
2023-10-03 11:00:00,-21.2,25.5,100,369.0,1.0
2023-10-03 12:00:00,-21.2,25.5,100,400.0,1.0
2023-10-03 13:00:00,-20.9,24.7,60,395.0,0.6
2023-10-03 14:00:00,-20.2,30.3,89,350.0,0.89
2023-10-03 15:00:00,-19.3,40.7,93,277.0,0.93
2023-10-03 16:00:00,-20.3,33.5,100,191.0,1.0
2023-10-03 17:00:00,-21.8,30.1,100,83.0,1.0
2023-10-03 18:00:00,-20.1,42.0,100,15.0,1.0
2023-10-03 19:00:00,-19.8,45.9,100,0.0,1.0
2023-10-03 20:00:00,-19.3,47.1,100,0.0,1.0
2023-10-03 21:00:00,-18.9,44.8,100,0.0,1.0
2023-10-03 22:00:00,-18.7,45.4,100,0.0,1.0
2023-10-03 23:00:00,-19.0,44.3,100,0.0,1.0
2023-10-04 00:00:00,-18.9,39.3,100,0.0,1.0
2023-10-04 01:00:00,-19.2,35.9,100,0.0,1.0
2023-10-04 02:00:00,-19.4,34.2,100,0.0,1.0
2023-10-04 03:00:00,-19.6,30.9,100,0.0,1.0
2023-10-04 04:00:00,-20.0,24.1,100,0.0,1.0
2023-10-04 05:00:00,-20.3,18.1,100,14.0,1.0
2023-10-04 06:00:00,-20.1,17.1,100,70.0,1.0
2023-10-04 07:00:00,-20.2,14.1,100,143.0,1.0
2023-10-04 08:00:00,-20.8,11.0,100,236.0,1.0
2023-10-04 09:00:00,-18.6,2.3,100,323.0,1.0
2023-10-04 10:00:00,-19.7,14.4,100,371.0,1.0
2023-10-04 11:00:00,-19.8,12.7,100,403.0,1.0
2023-10-04 12:00:00,-19.4,13.3,100,439.0,1.0
2023-10-04 13:00:00,-19.0,13.6,100,382.0,1.0
2023-10-04 14:00:00,-19.5,13.0,100,324.0,1.0
2023-10-04 15:00:00,-19.8,12.5,100,232.0,1.0
2023-10-04 16:00:00,-20.5,13.0,100,155.0,1.0
2023-10-04 17:00:00,-22.0,13.3,100,79.0,1.0
2023-10-04 18:00:00,-23.3,15.3,100,22.0,1.0
2023-10-04 19:00:00,-24.4,16.7,93,0.0,0.93
2023-10-04 20:00:00,-24.2,16.4,100,0.0,1.0
2023-10-04 21:00:00,-23.7,14.1,85,0.0,0.85
2023-10-04 22:00:00,-24.3,11.3,84,0.0,0.84
2023-10-04 23:00:00,-21.3,8.0,76,0.0,0.76
2023-10-05 00:00:00,-22.7,10.0,57,0.0,0.57
2023-10-05 01:00:00,-25.1,15.5,21,0.0,0.21
2023-10-05 02:00:00,-26.1,17.0,0,0.0,0.0
2023-10-05 03:00:00,-25.8,17.9,0,0.0,0.0
2023-10-05 04:00:00,-25.2,19.7,0,0.0,0.0
2023-10-05 05:00:00,-25.1,18.1,0,23.0,0.0
2023-10-05 06:00:00,-24.9,16.5,0,104.0,0.0
2023-10-05 07:00:00,-24.6,14.7,0,202.0,0.0
2023-10-05 08:00:00,-24.1,12.0,0,296.0,0.0
2023-10-05 09:00:00,-22.9,7.3,0,375.0,0.0
2023-10-05 10:00:00,-20.2,3.0,0,432.0,0.0
2023-10-05 11:00:00,-20.3,0.5,0,463.0,0.0
2023-10-05 12:00:00,-19.7,2.0,0,464.0,0.0
2023-10-05 13:00:00,-20.4,5.2,0,434.0,0.0
2023-10-05 14:00:00,-21.0,5.7,0,378.0,0.0
2023-10-05 15:00:00,-20.0,3.6,0,301.0,0.0
2023-10-05 16:00:00,-20.1,3.8,0,209.0,0.0
2023-10-05 17:00:00,-20.1,4.1,0,113.0,0.0
2023-10-05 18:00:00,-19.8,6.0,0,29.0,0.0
2023-10-05 19:00:00,-26.5,12.1,0,0.0,0.0
2023-10-05 20:00:00,-24.5,23.6,0,0.0,0.0
2023-10-05 21:00:00,-23.7,24.8,0,0.0,0.0
2023-10-05 22:00:00,-22.7,28.3,0,0.0,0.0
2023-10-05 23:00:00,-22.6,33.4,0,0.0,0.0
2023-10-06 00:00:00,-22.4,33.1,0,0.0,0.0
2023-10-06 01:00:00,-21.5,31.2,0,0.0,0.0
2023-10-06 02:00:00,-21.2,29.7,0,0.0,0.0
2023-10-06 03:00:00,-21.6,29.7,0,0.0,0.0
2023-10-06 04:00:00,-21.4,33.2,0,0.0,0.0
2023-10-06 05:00:00,-20.8,34.8,0,28.0,0.0
2023-10-06 06:00:00,-20.3,38.0,0,112.0,0.0
2023-10-06 07:00:00,-19.8,38.9,0,209.0,0.0
2023-10-06 08:00:00,-19.2,36.9,0,303.0,0.0
2023-10-06 09:00:00,-18.7,34.5,0,381.0,0.0
2023-10-06 10:00:00,-18.5,32.9,0,438.0,0.0
2023-10-06 11:00:00,-18.2,30.3,0,468.0,0.0
2023-10-06 12:00:00,-18.1,27.2,0,469.0,0.0
2023-10-06 13:00:00,-17.8,25.3,0,443.0,0.0
2023-10-06 14:00:00,-17.9,23.6,0,388.0,0.0
2023-10-06 15:00:00,-18.3,23.2,0,311.0,0.0
2023-10-06 16:00:00,-18.9,23.8,0,218.0,0.0
2023-10-06 17:00:00,-18.4,27.0,0,121.0,0.0
2023-10-06 18:00:00,-21.9,23.0,0,34.0,0.0
2023-10-06 19:00:00,-25.0,22.8,0,0.0,0.0
2023-10-06 20:00:00,-23.4,21.7,0,0.0,0.0
2023-10-06 21:00:00,-22.9,18.2,0,0.0,0.0
2023-10-06 22:00:00,-24.8,14.5,0,0.0,0.0
2023-10-06 23:00:00,-25.6,14.3,0,0.0,0.0
2023-10-07 00:00:00,-24.2,11.9,0,0.0,0.0
2023-10-07 01:00:00,-22.6,9.8,0,0.0,0.0
2023-10-07 02:00:00,-19.9,7.6,0,0.0,0.0
2023-10-07 03:00:00,-17.4,4.9,0,0.0,0.0
2023-10-07 04:00:00,-17.2,3.6,0,0.0,0.0
2023-10-07 05:00:00,-17.6,4.5,0,33.0,0.0
2023-10-07 06:00:00,-17.3,5.6,0,119.0,0.0
2023-10-07 07:00:00,-17.5,1.8,0,218.0,0.0
2023-10-07 08:00:00,-18.1,2.7,0,312.0,0.0
2023-10-07 09:00:00,-18.2,3.4,0,392.0,0.0
2023-10-07 10:00:00,-17.7,4.0,9,449.0,0.09
2023-10-07 11:00:00,-17.3,2.4,66,479.0,0.66
2023-10-07 12:00:00,-18.5,4.2,44,480.0,0.44
2023-10-07 13:00:00,-17.5,5.1,93,451.0,0.93
2023-10-07 14:00:00,-17.4,2.7,98,394.0,0.98
2023-10-07 15:00:00,-17.5,3.7,100,315.0,1.0
2023-10-07 16:00:00,-17.4,3.1,100,217.0,1.0
2023-10-07 17:00:00,-16.5,1.1,100,117.0,1.0
2023-10-07 18:00:00,-15.8,1.5,100,34.0,1.0
2023-10-07 19:00:00,-14.9,4.0,100,0.0,1.0
2023-10-07 20:00:00,-14.0,4.0,100,0.0,1.0
2023-10-07 21:00:00,-13.5,4.4,100,0.0,1.0
2023-10-07 22:00:00,-12.9,2.5,100,0.0,1.0
2023-10-07 23:00:00,-12.6,2.7,100,0.0,1.0
2023-10-08 00:00:00,-12.0,4.2,100,0.0,1.0
2023-10-08 01:00:00,-13.6,3.7,100,0.0,1.0
2023-10-08 02:00:00,-14.3,2.5,100,0.0,1.0
2023-10-08 03:00:00,-19.6,10.5,100,0.0,1.0
2023-10-08 04:00:00,-17.0,25.3,100,0.0,1.0
2023-10-08 05:00:00,-16.4,31.7,100,23.0,1.0
2023-10-08 06:00:00,-16.8,31.9,100,74.0,1.0
2023-10-08 07:00:00,-16.6,32.0,100,131.0,1.0
2023-10-08 08:00:00,-16.3,31.4,100,191.0,1.0
2023-10-08 09:00:00,-15.9,31.3,100,254.0,1.0
2023-10-08 10:00:00,-15.1,31.9,100,300.0,1.0
2023-10-08 11:00:00,-14.5,30.2,100,327.0,1.0
2023-10-08 12:00:00,-13.6,28.0,100,341.0,1.0
2023-10-08 13:00:00,-13.3,24.2,100,315.0,1.0
2023-10-08 14:00:00,-13.3,21.2,100,254.0,1.0
2023-10-08 15:00:00,-13.3,20.9,100,197.0,1.0
2023-10-08 16:00:00,-12.9,22.5,100,136.0,1.0
2023-10-08 17:00:00,-12.0,24.7,100,79.0,1.0
2023-10-08 18:00:00,-11.9,22.9,100,29.0,1.0
2023-10-08 19:00:00,-11.8,26.2,100,1.0,1.0
2023-10-08 20:00:00,-13.4,21.5,100,0.0,1.0
2023-10-08 21:00:00,-14.5,18.3,100,0.0,1.0
2023-10-08 22:00:00,-14.2,20.6,100,0.0,1.0
2023-10-08 23:00:00,-12.8,29.4,100,0.0,1.0
2023-10-09 00:00:00,-11.6,35.6,100,0.0,1.0
2023-10-09 01:00:00,-11.6,34.7,100,0.0,1.0
2023-10-09 02:00:00,-11.5,35.5,100,0.0,1.0
2023-10-09 03:00:00,-11.4,33.4,100,0.0,1.0
2023-10-09 04:00:00,-11.1,30.6,100,0.0,1.0
2023-10-09 05:00:00,-10.5,33.3,100,24.0,1.0
2023-10-09 06:00:00,-10.5,33.3,100,62.0,1.0
2023-10-09 07:00:00,-10.4,31.9,100,113.0,1.0
2023-10-09 08:00:00,-10.3,31.7,100,173.0,1.0
2023-10-09 09:00:00,-10.3,31.0,100,220.0,1.0
2023-10-09 10:00:00,-10.2,31.0,100,249.0,1.0
2023-10-09 11:00:00,-10.0,31.8,100,276.0,1.0
2023-10-09 12:00:00,-9.6,33.7,100,280.0,1.0
2023-10-09 13:00:00,-9.6,36.3,100,243.0,1.0
2023-10-09 14:00:00,-9.6,37.8,100,219.0,1.0
2023-10-09 15:00:00,-9.4,37.8,100,168.0,1.0
2023-10-09 16:00:00,-8.9,38.9,100,117.0,1.0
2023-10-09 17:00:00,-8.8,40.8,100,66.0,1.0
2023-10-09 18:00:00,-8.8,42.0,100,23.0,1.0
2023-10-09 19:00:00,-8.2,34.3,100,1.0,1.0
2023-10-09 20:00:00,-7.8,36.0,100,0.0,1.0
2023-10-09 21:00:00,-8.3,34.7,100,0.0,1.0
2023-10-09 22:00:00,-8.6,32.4,100,0.0,1.0
2023-10-09 23:00:00,-8.8,32.1,100,0.0,1.0
2023-10-10 00:00:00,-8.6,36.2,100,0.0,1.0
2023-10-10 01:00:00,-8.8,34.1,100,0.0,1.0
2023-10-10 02:00:00,-9.0,31.6,100,0.0,1.0
2023-10-10 03:00:00,-9.3,29.4,100,0.0,1.0
2023-10-10 04:00:00,-9.5,28.3,100,1.0,1.0
2023-10-10 05:00:00,-9.7,27.6,100,26.0,1.0
2023-10-10 06:00:00,-9.9,25.4,100,69.0,1.0
2023-10-10 07:00:00,-10.0,24.4,100,114.0,1.0
2023-10-10 08:00:00,-9.8,24.0,100,178.0,1.0
2023-10-10 09:00:00,-9.6,21.9,100,258.0,1.0
2023-10-10 10:00:00,-9.3,23.4,100,332.0,1.0
2023-10-10 11:00:00,-9.2,18.0,100,398.0,1.0
2023-10-10 12:00:00,-9.0,16.9,100,338.0,1.0
2023-10-10 13:00:00,-9.1,11.4,100,332.0,1.0
2023-10-10 14:00:00,-9.4,8.4,100,273.0,1.0
2023-10-10 15:00:00,-9.6,7.9,100,229.0,1.0
2023-10-10 16:00:00,-10.1,6.9,94,164.0,0.94
2023-10-10 17:00:00,-12.1,7.0,100,119.0,1.0
2023-10-10 18:00:00,-11.8,10.7,74,42.0,0.74
2023-10-10 19:00:00,-12.7,14.3,89,2.0,0.89
2023-10-10 20:00:00,-11.9,18.1,30,0.0,0.3
2023-10-10 21:00:00,-11.9,17.6,100,0.0,1.0
2023-10-10 22:00:00,-12.1,15.8,100,0.0,1.0
2023-10-10 23:00:00,-13.0,11.3,100,0.0,1.0
2023-10-11 00:00:00,-11.4,13.8,100,0.0,1.0
2023-10-11 01:00:00,-11.0,12.6,100,0.0,1.0
2023-10-11 02:00:00,-11.2,11.5,100,0.0,1.0
2023-10-11 03:00:00,-10.8,14.3,100,0.0,1.0
2023-10-11 04:00:00,-9.4,17.3,100,2.0,1.0
2023-10-11 05:00:00,-9.5,17.1,100,39.0,1.0
2023-10-11 06:00:00,-9.6,16.1,100,104.0,1.0
2023-10-11 07:00:00,-9.4,14.4,100,192.0,1.0
2023-10-11 08:00:00,-9.3,13.6,100,272.0,1.0
2023-10-11 09:00:00,-9.1,12.8,100,357.0,1.0
2023-10-11 10:00:00,-8.9,10.7,100,409.0,1.0
2023-10-11 11:00:00,-9.2,8.4,53,467.0,0.53
2023-10-11 12:00:00,-7.7,0.8,72,491.0,0.72
2023-10-11 13:00:00,-7.9,4.6,28,466.0,0.28
2023-10-11 14:00:00,-7.6,4.4,100,409.0,1.0
2023-10-11 15:00:00,-8.0,5.2,89,330.0,0.89
2023-10-11 16:00:00,-10.6,8.2,16,239.0,0.16
2023-10-11 17:00:00,-12.2,12.6,0,145.0,0.0
2023-10-11 18:00:00,-12.7,14.5,0,58.0,0.0
2023-10-11 19:00:00,-13.6,14.1,0,4.0,0.0
2023-10-11 20:00:00,-14.1,11.2,0,0.0,0.0
2023-10-11 21:00:00,-12.3,8.4,0,0.0,0.0
2023-10-11 22:00:00,-14.4,10.5,0,0.0,0.0
2023-10-11 23:00:00,-15.3,13.8,0,0.0,0.0
2023-10-12 00:00:00,-13.5,19.8,0,0.0,0.0
2023-10-12 01:00:00,-13.9,14.7,98,0.0,0.98
2023-10-12 02:00:00,-12.6,8.8,100,0.0,1.0
2023-10-12 03:00:00,-9.9,2.2,100,0.0,1.0
2023-10-12 04:00:00,-11.1,2.9,100,4.0,1.0
2023-10-12 05:00:00,-11.5,4.2,99,47.0,0.99
2023-10-12 06:00:00,-11.9,4.6,5,125.0,0.05
2023-10-12 07:00:00,-11.6,3.1,6,247.0,0.06
2023-10-12 08:00:00,-12.0,0.0,0,337.0,0.0
2023-10-12 09:00:00,-12.4,2.3,0,417.0,0.0
2023-10-12 10:00:00,-13.8,5.1,0,472.0,0.0
2023-10-12 11:00:00,-13.8,4.0,0,502.0,0.0
2023-10-12 12:00:00,-13.4,0.7,0,501.0,0.0
2023-10-12 13:00:00,-13.0,1.1,1,473.0,0.01
2023-10-12 14:00:00,-14.8,4.8,19,417.0,0.19
2023-10-12 15:00:00,-13.9,4.0,100,342.0,1.0
2023-10-12 16:00:00,-13.1,4.0,100,221.0,1.0
2023-10-12 17:00:00,-13.0,4.1,100,117.0,1.0
2023-10-12 18:00:00,-13.0,4.4,100,44.0,1.0
2023-10-12 19:00:00,-15.4,8.0,100,4.0,1.0
2023-10-12 20:00:00,-13.9,13.2,100,0.0,1.0
2023-10-12 21:00:00,-12.2,15.5,100,0.0,1.0
2023-10-12 22:00:00,-10.8,22.0,100,0.0,1.0
2023-10-12 23:00:00,-10.8,24.7,100,0.0,1.0
2023-10-13 00:00:00,-10.9,25.7,100,0.0,1.0
2023-10-13 01:00:00,-10.6,30.1,100,0.0,1.0
2023-10-13 02:00:00,-10.3,32.2,100,0.0,1.0
2023-10-13 03:00:00,-10.2,37.7,100,0.0,1.0
2023-10-13 04:00:00,-10.0,38.3,100,3.0,1.0
2023-10-13 05:00:00,-9.8,40.2,100,26.0,1.0
2023-10-13 06:00:00,-9.6,41.1,100,61.0,1.0
2023-10-13 07:00:00,-9.2,41.9,100,103.0,1.0
2023-10-13 08:00:00,-8.6,43.8,100,148.0,1.0
2023-10-13 09:00:00,-8.9,46.2,100,197.0,1.0
2023-10-13 10:00:00,-8.9,47.1,100,227.0,1.0
2023-10-13 11:00:00,-8.8,48.5,100,239.0,1.0
2023-10-13 12:00:00,-8.6,51.2,100,253.0,1.0
2023-10-13 13:00:00,-8.6,51.7,100,207.0,1.0
2023-10-13 14:00:00,-8.7,53.6,100,181.0,1.0
2023-10-13 15:00:00,-8.9,57.2,100,148.0,1.0
2023-10-13 16:00:00,-8.9,57.2,100,104.0,1.0
2023-10-13 17:00:00,-8.8,60.6,100,57.0,1.0
2023-10-13 18:00:00,-8.5,61.5,100,28.0,1.0
2023-10-13 19:00:00,-8.0,62.4,100,3.0,1.0
2023-10-13 20:00:00,-7.9,64.7,100,0.0,1.0
2023-10-13 21:00:00,-7.6,63.0,100,0.0,1.0
2023-10-13 22:00:00,-7.5,63.9,100,0.0,1.0
2023-10-13 23:00:00,-7.7,65.5,100,0.0,1.0
2023-10-14 00:00:00,-7.3,68.3,100,0.0,1.0
2023-10-14 01:00:00,-7.4,65.4,100,0.0,1.0
2023-10-14 02:00:00,-7.6,63.3,100,0.0,1.0
2023-10-14 03:00:00,-7.9,60.3,100,0.0,1.0
2023-10-14 04:00:00,-8.1,55.5,100,4.0,1.0
2023-10-14 05:00:00,-8.1,50.3,100,25.0,1.0
2023-10-14 06:00:00,-8.1,46.2,100,50.0,1.0
2023-10-14 07:00:00,-8.1,41.9,100,83.0,1.0
2023-10-14 08:00:00,-8.2,38.2,100,128.0,1.0
2023-10-14 09:00:00,-8.2,36.4,100,167.0,1.0
2023-10-14 10:00:00,-8.1,34.5,100,204.0,1.0
2023-10-14 11:00:00,-8.1,31.4,100,224.0,1.0
2023-10-14 12:00:00,-8.2,31.6,100,236.0,1.0
2023-10-14 13:00:00,-8.1,30.2,100,238.0,1.0
2023-10-14 14:00:00,-7.9,29.0,100,239.0,1.0
2023-10-14 15:00:00,-7.8,28.9,100,206.0,1.0
2023-10-14 16:00:00,-7.8,27.9,100,165.0,1.0
2023-10-14 17:00:00,-7.9,27.5,100,103.0,1.0
2023-10-14 18:00:00,-8.1,26.1,100,48.0,1.0
2023-10-14 19:00:00,-8.1,24.6,100,7.0,1.0
2023-10-14 20:00:00,-8.0,25.3,100,0.0,1.0
2023-10-14 21:00:00,-7.9,26.1,100,0.0,1.0
2023-10-14 22:00:00,-8.1,25.5,100,0.0,1.0
2023-10-14 23:00:00,-8.6,26.4,100,0.0,1.0
2023-10-15 00:00:00,-8.5,27.7,100,0.0,1.0
2023-10-15 01:00:00,-8.1,28.9,99,0.0,0.99
2023-10-15 02:00:00,-8.2,31.2,100,0.0,1.0
2023-10-15 03:00:00,-8.5,32.5,100,0.0,1.0
2023-10-15 04:00:00,-8.2,30.6,100,9.0,1.0
2023-10-15 05:00:00,-7.8,29.8,100,49.0,1.0
2023-10-15 06:00:00,-7.5,30.0,100,92.0,1.0
2023-10-15 07:00:00,-7.1,31.1,100,147.0,1.0
2023-10-15 08:00:00,-6.9,31.9,100,202.0,1.0
2023-10-15 09:00:00,-6.8,32.5,100,246.0,1.0
2023-10-15 10:00:00,-6.8,32.8,100,257.0,1.0
2023-10-15 11:00:00,-7.0,32.4,100,252.0,1.0
2023-10-15 12:00:00,-7.4,32.1,100,264.0,1.0
2023-10-15 13:00:00,-7.7,31.9,100,227.0,1.0
2023-10-15 14:00:00,-8.1,31.4,100,183.0,1.0
2023-10-15 15:00:00,-8.3,31.8,100,137.0,1.0
2023-10-15 16:00:00,-8.3,31.9,100,109.0,1.0
2023-10-15 17:00:00,-8.3,33.3,100,61.0,1.0
2023-10-15 18:00:00,-8.3,36.8,100,30.0,1.0
2023-10-15 19:00:00,-8.2,38.8,100,6.0,1.0
2023-10-15 20:00:00,-8.1,42.0,100,0.0,1.0
2023-10-15 21:00:00,-7.9,43.7,100,0.0,1.0
2023-10-15 22:00:00,-7.8,45.4,100,0.0,1.0
2023-10-15 23:00:00,-7.7,46.5,100,0.0,1.0
2023-10-16 00:00:00,-7.8,47.8,100,0.0,1.0
2023-10-16 01:00:00,-7.9,48.5,100,0.0,1.0
2023-10-16 02:00:00,-7.9,49.4,100,0.0,1.0
2023-10-16 03:00:00,-7.9,48.0,100,0.0,1.0
2023-10-16 04:00:00,-8.0,46.4,100,7.0,1.0
2023-10-16 05:00:00,-7.8,44.9,100,37.0,1.0
2023-10-16 06:00:00,-7.9,45.7,100,76.0,1.0
2023-10-16 07:00:00,-7.9,45.8,100,134.0,1.0
2023-10-16 08:00:00,-7.9,44.6,100,186.0,1.0
2023-10-16 09:00:00,-7.7,42.7,100,226.0,1.0
2023-10-16 10:00:00,-7.4,40.8,100,258.0,1.0
2023-10-16 11:00:00,-7.0,38.6,100,267.0,1.0
2023-10-16 12:00:00,-7.6,41.5,100,267.0,1.0
2023-10-16 13:00:00,-7.2,41.4,100,230.0,1.0
2023-10-16 14:00:00,-6.8,41.5,100,190.0,1.0
2023-10-16 15:00:00,-6.5,38.7,100,133.0,1.0
2023-10-16 16:00:00,-6.0,30.1,100,123.0,1.0
2023-10-16 17:00:00,-5.8,25.9,100,86.0,1.0
2023-10-16 18:00:00,-5.8,25.6,100,36.0,1.0
2023-10-16 19:00:00,-5.8,27.9,100,8.0,1.0
2023-10-16 20:00:00,-5.9,34.6,100,0.0,1.0
2023-10-16 21:00:00,-5.9,33.5,100,0.0,1.0
2023-10-16 22:00:00,-5.9,31.8,100,0.0,1.0
2023-10-16 23:00:00,-5.9,33.4,100,0.0,1.0
2023-10-17 00:00:00,-6.3,24.4,100,0.0,1.0
2023-10-17 01:00:00,-6.0,30.5,100,0.0,1.0
2023-10-17 02:00:00,-5.8,38.8,100,0.0,1.0
2023-10-17 03:00:00,-6.2,39.5,100,0.0,1.0
2023-10-17 04:00:00,-6.4,36.2,100,10.0,1.0
2023-10-17 05:00:00,-6.2,32.9,100,54.0,1.0
2023-10-17 06:00:00,-6.0,28.8,100,116.0,1.0
2023-10-17 07:00:00,-5.6,25.1,100,167.0,1.0
2023-10-17 08:00:00,-5.2,21.2,100,241.0,1.0
2023-10-17 09:00:00,-4.9,17.7,100,320.0,1.0
2023-10-17 10:00:00,-4.6,16.1,100,383.0,1.0
2023-10-17 11:00:00,-4.1,16.1,100,410.0,1.0
2023-10-17 12:00:00,-4.1,29.0,100,372.0,1.0
2023-10-17 13:00:00,-4.4,32.4,100,343.0,1.0
2023-10-17 14:00:00,-4.8,33.5,100,290.0,1.0
2023-10-17 15:00:00,-5.0,35.8,100,231.0,1.0
2023-10-17 16:00:00,-5.2,38.6,100,165.0,1.0
2023-10-17 17:00:00,-5.3,39.9,100,105.0,1.0
2023-10-17 18:00:00,-5.4,40.6,100,54.0,1.0
2023-10-17 19:00:00,-5.5,40.4,100,13.0,1.0
2023-10-17 20:00:00,-5.5,40.7,100,0.0,1.0
2023-10-17 21:00:00,-5.6,40.6,100,0.0,1.0
2023-10-17 22:00:00,-5.7,41.2,100,0.0,1.0
2023-10-17 23:00:00,-5.9,40.4,100,0.0,1.0
2023-10-18 00:00:00,-6.2,47.1,99,0.0,0.99
2023-10-18 01:00:00,-6.5,47.0,100,0.0,1.0
2023-10-18 02:00:00,-6.7,46.3,87,0.0,0.87
2023-10-18 03:00:00,-7.0,46.5,99,0.0,0.99
2023-10-18 04:00:00,-6.9,45.7,100,17.0,1.0
2023-10-18 05:00:00,-6.8,42.5,97,64.0,0.97
2023-10-18 06:00:00,-7.5,34.0,77,145.0,0.77
2023-10-18 07:00:00,-7.9,34.1,63,248.0,0.63
2023-10-18 08:00:00,-7.8,38.0,24,359.0,0.24
2023-10-18 09:00:00,-7.6,39.8,100,392.0,1.0
2023-10-18 10:00:00,-7.5,41.0,100,384.0,1.0
2023-10-18 11:00:00,-7.3,42.3,100,416.0,1.0
2023-10-18 12:00:00,-8.3,38.9,100,447.0,1.0
2023-10-18 13:00:00,-8.5,35.5,100,415.0,1.0
2023-10-18 14:00:00,-8.7,32.1,100,374.0,1.0
2023-10-18 15:00:00,-8.9,30.3,100,284.0,1.0
2023-10-18 16:00:00,-9.2,27.4,100,197.0,1.0
2023-10-18 17:00:00,-9.4,24.6,100,126.0,1.0
2023-10-18 18:00:00,-9.6,22.6,100,61.0,1.0
2023-10-18 19:00:00,-9.9,19.7,100,16.0,1.0
2023-10-18 20:00:00,-10.2,17.4,100,0.0,1.0
2023-10-18 21:00:00,-10.5,16.0,100,0.0,1.0
2023-10-18 22:00:00,-10.8,16.2,100,0.0,1.0
2023-10-18 23:00:00,-11.0,16.0,100,0.0,1.0
2023-10-19 00:00:00,-10.6,15.0,100,0.0,1.0
2023-10-19 01:00:00,-10.6,13.9,100,0.0,1.0
2023-10-19 02:00:00,-10.8,13.7,100,0.0,1.0
2023-10-19 03:00:00,-10.7,13.6,100,0.0,1.0
2023-10-19 04:00:00,-10.7,13.6,100,18.0,1.0
2023-10-19 05:00:00,-10.6,13.8,100,67.0,1.0
2023-10-19 06:00:00,-10.3,15.1,100,132.0,1.0
2023-10-19 07:00:00,-10.1,17.5,100,204.0,1.0
2023-10-19 08:00:00,-10.0,17.1,100,272.0,1.0
2023-10-19 09:00:00,-9.9,18.1,100,323.0,1.0
2023-10-19 10:00:00,-9.8,19.5,100,389.0,1.0
2023-10-19 11:00:00,-9.7,21.3,100,410.0,1.0
2023-10-19 12:00:00,-10.2,24.5,100,404.0,1.0
2023-10-19 13:00:00,-10.1,24.8,100,384.0,1.0
2023-10-19 14:00:00,-10.0,21.2,100,327.0,1.0
2023-10-19 15:00:00,-10.0,18.4,100,268.0,1.0
2023-10-19 16:00:00,-9.9,20.5,100,192.0,1.0
2023-10-19 17:00:00,-10.0,17.7,100,119.0,1.0
2023-10-19 18:00:00,-10.0,15.6,100,63.0,1.0
2023-10-19 19:00:00,-9.7,19.4,100,19.0,1.0
2023-10-19 20:00:00,-9.1,27.3,100,0.0,1.0
2023-10-19 21:00:00,-8.9,34.7,100,0.0,1.0
2023-10-19 22:00:00,-9.3,34.2,100,0.0,1.0
2023-10-19 23:00:00,-9.6,32.9,100,0.0,1.0
2023-10-20 00:00:00,-9.9,35.4,100,0.0,1.0
2023-10-20 01:00:00,-10.3,31.8,68,0.0,0.68
2023-10-20 02:00:00,-11.0,27.3,71,0.0,0.71
2023-10-20 03:00:00,-11.5,27.1,53,0.0,0.53
2023-10-20 04:00:00,-11.6,26.7,61,31.0,0.61
2023-10-20 05:00:00,-11.5,25.7,52,103.0,0.52
2023-10-20 06:00:00,-11.2,24.4,25,202.0,0.25
2023-10-20 07:00:00,-10.9,22.7,1,310.0,0.01
2023-10-20 08:00:00,-10.7,19.7,0,408.0,0.0
2023-10-20 09:00:00,-10.4,16.9,0,488.0,0.0
2023-10-20 10:00:00,-10.3,13.3,0,545.0,0.0
2023-10-20 11:00:00,-10.4,8.6,0,576.0,0.0
2023-10-20 12:00:00,-10.5,7.8,0,576.0,0.0
2023-10-20 13:00:00,-10.5,9.0,0,543.0,0.0
2023-10-20 14:00:00,-11.1,9.0,0,486.0,0.0
2023-10-20 15:00:00,-12.0,9.0,0,407.0,0.0
2023-10-20 16:00:00,-12.9,8.3,0,312.0,0.0
2023-10-20 17:00:00,-13.9,11.5,0,211.0,0.0
2023-10-20 18:00:00,-14.6,14.8,0,112.0,0.0
2023-10-20 19:00:00,-14.9,16.0,0,33.0,0.0
2023-10-20 20:00:00,-15.4,16.4,0,0.0,0.0
2023-10-20 21:00:00,-16.3,16.6,0,0.0,0.0
2023-10-20 22:00:00,-16.5,17.3,0,0.0,0.0
2023-10-20 23:00:00,-16.2,19.1,0,0.0,0.0
2023-10-21 00:00:00,-15.2,24.2,0,0.0,0.0
2023-10-21 01:00:00,-14.8,27.7,0,0.0,0.0
2023-10-21 02:00:00,-15.2,30.1,0,0.0,0.0
2023-10-21 03:00:00,-15.4,30.9,0,1.0,0.0
2023-10-21 04:00:00,-15.3,31.0,0,39.0,0.0
2023-10-21 05:00:00,-14.8,31.5,0,121.0,0.0
2023-10-21 06:00:00,-14.4,29.9,0,222.0,0.0
2023-10-21 07:00:00,-13.9,28.5,50,325.0,0.5
2023-10-21 08:00:00,-13.3,28.6,96,420.0,0.96
2023-10-21 09:00:00,-12.9,29.5,100,494.0,1.0
2023-10-21 10:00:00,-12.7,31.3,100,547.0,1.0
2023-10-21 11:00:00,-12.6,33.6,100,576.0,1.0
2023-10-21 12:00:00,-13.1,32.5,100,573.0,1.0
2023-10-21 13:00:00,-13.1,32.2,100,518.0,1.0
2023-10-21 14:00:00,-13.2,31.4,100,446.0,1.0
2023-10-21 15:00:00,-13.1,31.5,100,351.0,1.0
2023-10-21 16:00:00,-13.3,31.7,100,255.0,1.0
2023-10-21 17:00:00,-13.6,32.0,100,163.0,1.0
2023-10-21 18:00:00,-13.8,32.6,100,86.0,1.0
2023-10-21 19:00:00,-13.9,34.3,100,27.0,1.0
2023-10-21 20:00:00,-13.8,35.4,100,0.0,1.0
2023-10-21 21:00:00,-13.6,36.2,100,0.0,1.0
2023-10-21 22:00:00,-13.5,36.9,100,0.0,1.0
2023-10-21 23:00:00,-13.4,36.2,100,0.0,1.0
2023-10-22 00:00:00,-13.4,32.4,100,0.0,1.0
2023-10-22 01:00:00,-13.5,33.5,100,0.0,1.0
2023-10-22 02:00:00,-13.5,33.7,100,0.0,1.0
2023-10-22 03:00:00,-13.5,33.6,100,1.0,1.0
2023-10-22 04:00:00,-13.5,33.7,100,29.0,1.0
2023-10-22 05:00:00,-13.4,33.7,100,81.0,1.0
2023-10-22 06:00:00,-13.2,34.6,100,148.0,1.0
2023-10-22 07:00:00,-13.0,35.7,100,215.0,1.0
2023-10-22 08:00:00,-12.7,35.8,100,293.0,1.0
2023-10-22 09:00:00,-12.5,35.1,100,362.0,1.0
2023-10-22 10:00:00,-12.3,33.7,100,413.0,1.0
2023-10-22 11:00:00,-12.2,33.3,100,448.0,1.0
2023-10-22 12:00:00,-12.0,30.7,100,447.0,1.0
2023-10-22 13:00:00,-12.1,29.2,100,371.0,1.0
2023-10-22 14:00:00,-12.2,27.9,100,311.0,1.0
2023-10-22 15:00:00,-12.2,27.8,100,256.0,1.0
2023-10-22 16:00:00,-12.5,28.2,100,200.0,1.0
2023-10-22 17:00:00,-12.8,27.9,100,145.0,1.0
2023-10-22 18:00:00,-13.2,27.6,100,83.0,1.0
2023-10-22 19:00:00,-13.6,25.7,100,31.0,1.0
2023-10-22 20:00:00,-13.7,25.1,100,1.0,1.0
2023-10-22 21:00:00,-13.7,26.4,100,0.0,1.0
2023-10-22 22:00:00,-13.7,27.4,100,0.0,1.0
2023-10-22 23:00:00,-13.7,28.2,100,0.0,1.0
2023-10-23 00:00:00,-14.2,23.7,100,0.0,1.0
2023-10-23 01:00:00,-14.5,24.7,100,0.0,1.0
2023-10-23 02:00:00,-14.7,25.8,100,0.0,1.0
2023-10-23 03:00:00,-14.8,26.0,100,2.0,1.0
2023-10-23 04:00:00,-14.6,25.5,100,39.0,1.0
2023-10-23 05:00:00,-14.1,25.5,100,108.0,1.0
2023-10-23 06:00:00,-13.6,25.9,100,194.0,1.0
2023-10-23 07:00:00,-13.2,26.4,100,290.0,1.0
2023-10-23 08:00:00,-12.8,26.7,100,387.0,1.0
2023-10-23 09:00:00,-12.4,27.0,100,484.0,1.0
2023-10-23 10:00:00,-12.1,26.6,88,547.0,0.88
2023-10-23 11:00:00,-11.8,25.0,90,584.0,0.9
2023-10-23 12:00:00,-11.7,22.7,90,587.0,0.9
2023-10-23 13:00:00,-11.5,20.9,35,559.0,0.35
2023-10-23 14:00:00,-11.6,19.2,64,502.0,0.64
2023-10-23 15:00:00,-11.9,19.0,69,416.0,0.69
2023-10-23 16:00:00,-12.4,18.8,10,324.0,0.1
2023-10-23 17:00:00,-13.1,19.9,0,226.0,0.0
2023-10-23 18:00:00,-13.5,21.4,1,128.0,0.01
2023-10-23 19:00:00,-13.9,22.5,20,46.0,0.2
2023-10-23 20:00:00,-14.0,23.0,19,2.0,0.19
2023-10-23 21:00:00,-13.9,23.6,25,0.0,0.25
2023-10-23 22:00:00,-14.0,24.1,11,0.0,0.11
2023-10-23 23:00:00,-14.1,23.8,11,0.0,0.11
2023-10-24 00:00:00,-14.3,23.9,11,0.0,0.11
2023-10-24 01:00:00,-14.2,25.0,100,0.0,1.0
2023-10-24 02:00:00,-14.1,25.0,100,0.0,1.0
2023-10-24 03:00:00,-14.1,23.9,93,4.0,0.93
2023-10-24 04:00:00,-13.9,22.5,69,48.0,0.69
2023-10-24 05:00:00,-13.5,21.1,27,130.0,0.27
2023-10-24 06:00:00,-13.0,19.9,13,232.0,0.13
2023-10-24 07:00:00,-12.4,20.0,20,337.0,0.2
2023-10-24 08:00:00,-12.0,18.7,24,432.0,0.24
2023-10-24 09:00:00,-11.6,18.0,9,511.0,0.09
2023-10-24 10:00:00,-11.2,17.6,15,567.0,0.15
2023-10-24 11:00:00,-10.9,16.6,0,595.0,0.0
2023-10-24 12:00:00,-10.8,14.9,0,594.0,0.0
2023-10-24 13:00:00,-10.7,13.5,1,566.0,0.01
2023-10-24 14:00:00,-10.9,13.8,0,510.0,0.0
2023-10-24 15:00:00,-11.3,13.9,0,430.0,0.0
2023-10-24 16:00:00,-12.1,13.9,0,336.0,0.0
2023-10-24 17:00:00,-12.9,14.8,0,234.0,0.0
2023-10-24 18:00:00,-13.7,15.6,0,135.0,0.0
2023-10-24 19:00:00,-14.4,16.9,0,51.0,0.0
2023-10-24 20:00:00,-14.8,18.0,0,4.0,0.0
2023-10-24 21:00:00,-15.1,18.4,0,0.0,0.0
2023-10-24 22:00:00,-15.2,19.1,0,0.0,0.0
2023-10-24 23:00:00,-15.1,19.8,0,0.0,0.0
2023-10-25 00:00:00,-14.6,20.9,0,0.0,0.0
2023-10-25 01:00:00,-13.8,22.3,0,0.0,0.0
2023-10-25 02:00:00,-13.6,23.3,0,0.0,0.0
2023-10-25 03:00:00,-13.3,24.8,0,6.0,0.0
2023-10-25 04:00:00,-12.9,25.3,0,60.0,0.0
2023-10-25 05:00:00,-12.4,25.3,0,147.0,0.0
2023-10-25 06:00:00,-11.8,25.8,0,248.0,0.0
2023-10-25 07:00:00,-11.3,25.0,0,352.0,0.0
2023-10-25 08:00:00,-10.7,24.6,0,447.0,0.0
2023-10-25 09:00:00,-10.3,24.0,0,525.0,0.0
2023-10-25 10:00:00,-9.9,22.9,0,581.0,0.0
2023-10-25 11:00:00,-9.7,21.4,0,610.0,0.0
2023-10-25 12:00:00,-9.5,20.4,0,609.0,0.0
2023-10-25 13:00:00,-9.0,21.2,0,579.0,0.0
2023-10-25 14:00:00,-9.2,20.7,0,521.0,0.0
2023-10-25 15:00:00,-9.5,21.7,0,441.0,0.0
2023-10-25 16:00:00,-9.9,22.8,0,346.0,0.0
2023-10-25 17:00:00,-10.3,23.8,1,242.0,0.01
2023-10-25 18:00:00,-10.7,24.9,5,141.0,0.05
2023-10-25 19:00:00,-11.0,25.4,23,56.0,0.23
2023-10-25 20:00:00,-11.0,27.6,56,5.0,0.56
2023-10-25 21:00:00,-10.8,28.8,69,0.0,0.69
2023-10-25 22:00:00,-10.8,30.6,73,0.0,0.73
2023-10-25 23:00:00,-10.7,31.1,78,0.0,0.78
2023-10-26 00:00:00,-10.9,31.6,56,0.0,0.56
2023-10-26 01:00:00,-10.9,29.8,7,0.0,0.07
2023-10-26 02:00:00,-11.4,25.5,9,0.0,0.09
2023-10-26 03:00:00,-11.2,26.7,3,8.0,0.03
2023-10-26 04:00:00,-11.0,28.7,0,65.0,0.0
2023-10-26 05:00:00,-10.7,28.4,0,152.0,0.0
2023-10-26 06:00:00,-10.4,26.7,0,254.0,0.0
2023-10-26 07:00:00,-10.0,26.2,0,357.0,0.0
2023-10-26 08:00:00,-9.6,27.2,0,453.0,0.0
2023-10-26 09:00:00,-9.3,26.3,0,531.0,0.0
2023-10-26 10:00:00,-9.1,25.3,0,586.0,0.0
2023-10-26 11:00:00,-9.0,24.3,0,614.0,0.0
2023-10-26 12:00:00,-8.9,24.6,2,612.0,0.02
2023-10-26 13:00:00,-8.6,23.6,0,581.0,0.0
2023-10-26 14:00:00,-8.8,23.4,0,524.0,0.0
2023-10-26 15:00:00,-9.2,22.2,0,444.0,0.0
2023-10-26 16:00:00,-9.8,21.4,0,348.0,0.0
2023-10-26 17:00:00,-10.3,21.4,0,246.0,0.0
2023-10-26 18:00:00,-11.1,19.7,0,146.0,0.0
2023-10-26 19:00:00,-11.5,19.5,0,61.0,0.0
2023-10-26 20:00:00,-11.9,19.6,0,7.0,0.0
2023-10-26 21:00:00,-12.4,19.0,0,0.0,0.0
2023-10-26 22:00:00,-13.1,18.1,0,0.0,0.0
2023-10-26 23:00:00,-14.0,19.6,0,0.0,0.0
2023-10-27 00:00:00,-14.4,19.2,0,0.0,0.0
2023-10-27 01:00:00,-14.5,17.1,0,0.0,0.0
2023-10-27 02:00:00,-15.4,17.0,0,0.0,0.0
2023-10-27 03:00:00,-16.0,15.3,0,11.0,0.0
2023-10-27 04:00:00,-16.1,15.2,0,70.0,0.0
2023-10-27 05:00:00,-15.0,15.0,0,159.0,0.0
2023-10-27 06:00:00,-13.8,13.8,0,261.0,0.0
2023-10-27 07:00:00,-13.1,12.5,0,365.0,0.0
2023-10-27 08:00:00,-12.7,11.1,0,461.0,0.0
2023-10-27 09:00:00,-12.9,6.8,0,539.0,0.0
2023-10-27 10:00:00,-12.6,5.5,0,595.0,0.0
2023-10-27 11:00:00,-11.9,7.1,0,623.0,0.0
2023-10-27 12:00:00,-11.0,5.0,0,623.0,0.0
2023-10-27 13:00:00,-10.9,4.7,0,592.0,0.0
2023-10-27 14:00:00,-11.7,5.9,0,535.0,0.0
2023-10-27 15:00:00,-10.5,4.6,0,455.0,0.0
2023-10-27 16:00:00,-11.5,5.2,0,360.0,0.0
2023-10-27 17:00:00,-13.1,5.9,0,257.0,0.0
2023-10-27 18:00:00,-12.4,5.8,0,156.0,0.0
2023-10-27 19:00:00,-12.1,2.9,0,68.0,0.0
2023-10-27 20:00:00,-13.0,2.5,2,10.0,0.02
2023-10-27 21:00:00,-12.9,5.4,1,0.0,0.01
2023-10-27 22:00:00,-11.6,0.7,6,0.0,0.06
2023-10-27 23:00:00,-11.9,2.8,12,0.0,0.12
2023-10-28 00:00:00,-12.2,1.5,2,0.0,0.02
2023-10-28 01:00:00,-18.2,9.8,0,0.0,0.0
2023-10-28 02:00:00,-17.6,9.2,0,0.0,0.0
2023-10-28 03:00:00,-16.7,8.4,0,14.0,0.0
2023-10-28 04:00:00,-12.7,4.9,0,78.0,0.0
2023-10-28 05:00:00,-11.7,3.4,0,168.0,0.0
2023-10-28 06:00:00,-12.4,2.0,0,272.0,0.0
2023-10-28 07:00:00,-12.4,1.6,0,375.0,0.0
2023-10-28 08:00:00,-12.2,1.5,0,470.0,0.0
2023-10-28 09:00:00,-12.2,3.3,0,549.0,0.0
2023-10-28 10:00:00,-11.3,4.0,20,605.0,0.2
2023-10-28 11:00:00,-11.8,4.4,49,633.0,0.49
2023-10-28 12:00:00,-10.6,1.5,100,630.0,1.0
2023-10-28 13:00:00,-11.1,7.3,100,600.0,1.0
2023-10-28 14:00:00,-8.7,4.5,100,527.0,1.0
2023-10-28 15:00:00,-9.3,4.7,100,415.0,1.0
2023-10-28 16:00:00,-9.4,4.2,100,290.0,1.0
2023-10-28 17:00:00,-9.5,4.4,100,205.0,1.0
2023-10-28 18:00:00,-10.8,7.5,100,126.0,1.0
2023-10-28 19:00:00,-14.2,12.9,100,54.0,1.0
2023-10-28 20:00:00,-13.2,13.9,100,10.0,1.0
2023-10-28 21:00:00,-13.1,13.7,100,0.0,1.0
2023-10-28 22:00:00,-10.1,23.0,100,0.0,1.0
2023-10-28 23:00:00,-9.1,31.5,100,0.0,1.0
2023-10-29 00:00:00,-9.1,34.8,100,0.0,1.0
2023-10-29 01:00:00,-9.8,35.2,100,0.0,1.0
2023-10-29 02:00:00,-9.5,37.0,100,0.0,1.0
2023-10-29 03:00:00,-9.1,40.8,100,13.0,1.0
2023-10-29 04:00:00,-8.8,44.6,100,57.0,1.0
2023-10-29 05:00:00,-8.4,46.6,100,109.0,1.0
2023-10-29 06:00:00,-8.1,44.7,100,176.0,1.0
2023-10-29 07:00:00,-7.7,42.8,100,241.0,1.0
2023-10-29 08:00:00,-7.4,43.8,100,319.0,1.0
2023-10-29 09:00:00,-7.0,46.3,100,387.0,1.0
2023-10-29 10:00:00,-6.4,49.2,100,432.0,1.0
2023-10-29 11:00:00,-5.9,48.3,100,439.0,1.0
2023-10-29 12:00:00,-5.6,47.6,100,404.0,1.0
2023-10-29 13:00:00,-5.5,55.4,100,382.0,1.0
2023-10-29 14:00:00,-5.6,59.3,100,319.0,1.0
2023-10-29 15:00:00,-5.7,62.9,100,262.0,1.0
2023-10-29 16:00:00,-5.8,64.1,100,189.0,1.0
2023-10-29 17:00:00,-6.0,65.2,100,130.0,1.0
2023-10-29 18:00:00,-6.1,66.6,100,68.0,1.0
2023-10-29 19:00:00,-6.1,66.8,100,33.0,1.0
2023-10-29 20:00:00,-6.1,66.8,100,8.0,1.0
2023-10-29 21:00:00,-6.1,66.8,100,0.0,1.0
2023-10-29 22:00:00,-6.1,66.6,100,0.0,1.0
2023-10-29 23:00:00,-6.0,66.2,100,0.0,1.0
2023-10-30 00:00:00,-6.1,64.6,100,0.0,1.0
2023-10-30 01:00:00,-6.2,63.2,100,0.0,1.0
2023-10-30 02:00:00,-6.2,61.3,100,0.0,1.0
2023-10-30 03:00:00,-6.1,60.0,100,9.0,1.0
2023-10-30 04:00:00,-6.1,57.5,100,36.0,1.0
2023-10-30 05:00:00,-5.9,57.4,100,75.0,1.0
2023-10-30 06:00:00,-5.9,55.8,100,127.0,1.0
2023-10-30 07:00:00,-5.8,53.7,100,203.0,1.0
2023-10-30 08:00:00,-5.6,52.3,100,282.0,1.0
2023-10-30 09:00:00,-5.3,50.8,100,376.0,1.0
2023-10-30 10:00:00,-5.0,48.9,100,445.0,1.0
2023-10-30 11:00:00,-4.9,43.2,100,532.0,1.0
2023-10-30 12:00:00,-4.9,41.3,100,601.0,1.0
2023-10-30 13:00:00,-5.1,39.7,100,588.0,1.0
2023-10-30 14:00:00,-5.2,36.6,100,539.0,1.0
2023-10-30 15:00:00,-5.4,35.0,100,460.0,1.0
2023-10-30 16:00:00,-5.7,33.4,95,361.0,0.95
2023-10-30 17:00:00,-6.2,30.0,100,258.0,1.0
2023-10-30 18:00:00,-6.8,28.4,100,161.0,1.0
2023-10-30 19:00:00,-7.2,28.2,93,77.0,0.93
2023-10-30 20:00:00,-7.7,27.8,97,19.0,0.97
2023-10-30 21:00:00,-7.8,27.0,99,0.0,0.99
2023-10-30 22:00:00,-8.1,24.2,100,0.0,1.0
2023-10-30 23:00:00,-8.2,23.5,100,0.0,1.0
2023-10-31 00:00:00,-8.2,24.1,98,0.0,0.98
2023-10-31 01:00:00,-8.5,22.9,99,0.0,0.99
2023-10-31 02:00:00,-9.4,19.7,85,0.0,0.85
2023-10-31 03:00:00,-8.9,20.6,46,26.0,0.46
2023-10-31 04:00:00,-8.3,21.9,100,94.0,1.0
2023-10-31 05:00:00,-7.7,23.1,85,186.0,0.85
2023-10-31 06:00:00,-7.4,24.0,41,290.0,0.41
2023-10-31 07:00:00,-7.3,20.7,16,396.0,0.16
2023-10-31 08:00:00,-7.5,15.5,15,491.0,0.15
2023-10-31 09:00:00,-6.9,19.4,58,569.0,0.58
2023-10-31 10:00:00,-6.9,16.3,48,624.0,0.48
2023-10-31 11:00:00,-6.3,21.4,70,651.0,0.7
2023-10-31 12:00:00,-6.3,23.5,98,650.0,0.98
2023-10-31 13:00:00,-6.1,23.0,99,616.0,0.99
2023-10-31 14:00:00,-6.4,21.7,94,559.0,0.94
2023-10-31 15:00:00,-6.6,23.4,99,479.0,0.99
2023-10-31 16:00:00,-6.5,30.0,97,379.0,0.97
2023-10-31 17:00:00,-7.5,26.6,88,275.0,0.88
2023-10-31 18:00:00,-8.7,21.9,11,176.0,0.11
2023-10-31 19:00:00,-9.7,20.4,56,87.0,0.56
2023-10-31 20:00:00,-9.3,26.7,92,23.0,0.92
2023-10-31 21:00:00,-9.0,31.9,100,0.0,1.0
2023-10-31 22:00:00,-9.3,31.5,92,0.0,0.92
2023-10-31 23:00:00,-9.6,30.3,80,0.0,0.8
2023-11-01 00:00:00,-10.4,22.6,90,0.0,0.9
2023-11-01 01:00:00,-12.1,16.1,98,0.0,0.98
2023-11-01 02:00:00,-9.9,24.4,100,0.0,1.0
2023-11-01 03:00:00,-10.0,22.2,100,24.0,1.0
2023-11-01 04:00:00,-10.3,15.6,100,76.0,1.0
2023-11-01 05:00:00,-10.5,11.5,100,146.0,1.0
2023-11-01 06:00:00,-10.6,10.3,100,240.0,1.0
2023-11-01 07:00:00,-9.4,17.9,100,346.0,1.0
2023-11-01 08:00:00,-8.8,16.5,100,427.0,1.0
2023-11-01 09:00:00,-8.4,11.7,100,519.0,1.0
2023-11-01 10:00:00,-7.9,5.8,100,560.0,1.0
2023-11-01 11:00:00,-7.8,3.7,100,597.0,1.0
2023-11-01 12:00:00,-7.9,5.2,100,594.0,1.0
2023-11-01 13:00:00,-8.0,12.6,86,582.0,0.86
2023-11-01 14:00:00,-8.7,12.9,25,553.0,0.25
2023-11-01 15:00:00,-9.4,13.8,0,490.0,0.0
2023-11-01 16:00:00,-10.2,12.8,0,393.0,0.0
2023-11-01 17:00:00,-12.1,10.3,0,289.0,0.0
2023-11-01 18:00:00,-13.2,10.2,0,187.0,0.0
2023-11-01 19:00:00,-13.4,12.5,79,96.0,0.79
2023-11-01 20:00:00,-14.1,13.3,80,27.0,0.8
2023-11-01 21:00:00,-14.2,13.2,100,0.0,1.0
2023-11-01 22:00:00,-13.8,15.8,100,0.0,1.0
2023-11-01 23:00:00,-13.4,16.9,100,0.0,1.0
2023-11-02 00:00:00,-13.2,18.9,100,0.0,1.0
2023-11-02 01:00:00,-13.7,12.7,100,0.0,1.0
2023-11-02 02:00:00,-13.3,10.2,100,1.0,1.0
2023-11-02 03:00:00,-11.4,17.6,100,27.0,1.0
2023-11-02 04:00:00,-9.7,25.8,100,71.0,1.0
2023-11-02 05:00:00,-9.6,28.2,100,130.0,1.0
2023-11-02 06:00:00,-9.4,25.7,100,203.0,1.0
2023-11-02 07:00:00,-9.4,17.9,100,280.0,1.0
2023-11-02 08:00:00,-9.3,20.8,100,367.0,1.0
2023-11-02 09:00:00,-9.1,22.7,100,430.0,1.0
2023-11-02 10:00:00,-9.0,29.1,100,471.0,1.0
2023-11-02 11:00:00,-9.0,30.5,100,507.0,1.0
2023-11-02 12:00:00,-8.8,31.1,100,515.0,1.0
2023-11-02 13:00:00,-9.2,32.1,100,520.0,1.0
2023-11-02 14:00:00,-9.4,31.1,100,515.0,1.0
2023-11-02 15:00:00,-9.5,30.8,100,421.0,1.0
2023-11-02 16:00:00,-10.0,29.6,100,327.0,1.0
2023-11-02 17:00:00,-10.1,29.2,100,217.0,1.0
2023-11-02 18:00:00,-10.4,29.2,100,136.0,1.0
2023-11-02 19:00:00,-10.7,29.3,100,68.0,1.0
2023-11-02 20:00:00,-10.9,29.5,100,22.0,1.0
2023-11-02 21:00:00,-11.0,30.1,100,1.0,1.0
2023-11-02 22:00:00,-11.1,29.9,100,0.0,1.0
2023-11-02 23:00:00,-11.2,29.5,100,0.0,1.0
2023-11-03 00:00:00,-11.4,28.2,100,0.0,1.0
2023-11-03 01:00:00,-12.0,25.8,100,0.0,1.0
2023-11-03 02:00:00,-12.2,26.4,100,2.0,1.0
2023-11-03 03:00:00,-12.1,27.2,100,28.0,1.0
2023-11-03 04:00:00,-12.0,27.4,100,78.0,1.0
2023-11-03 05:00:00,-11.8,26.6,100,144.0,1.0
2023-11-03 06:00:00,-11.7,25.7,100,225.0,1.0
2023-11-03 07:00:00,-11.4,25.8,100,328.0,1.0
2023-11-03 08:00:00,-11.1,24.9,100,434.0,1.0
2023-11-03 09:00:00,-10.8,23.1,100,523.0,1.0
2023-11-03 10:00:00,-10.6,22.7,100,585.0,1.0
2023-11-03 11:00:00,-10.5,22.0,100,628.0,1.0
2023-11-03 12:00:00,-10.4,20.2,74,641.0,0.74
2023-11-03 13:00:00,-10.7,15.8,65,624.0,0.65
2023-11-03 14:00:00,-10.9,13.4,10,571.0,0.1
2023-11-03 15:00:00,-11.5,10.8,1,494.0,0.01
2023-11-03 16:00:00,-12.4,9.3,0,400.0,0.0
2023-11-03 17:00:00,-13.2,10.4,0,297.0,0.0
2023-11-03 18:00:00,-13.6,13.8,0,195.0,0.0
2023-11-03 19:00:00,-14.0,15.9,0,104.0,0.0
2023-11-03 20:00:00,-14.3,18.1,0,35.0,0.0
2023-11-03 21:00:00,-14.3,19.6,0,2.0,0.0
2023-11-03 22:00:00,-14.5,19.6,0,0.0,0.0
2023-11-03 23:00:00,-14.9,18.9,0,0.0,0.0
2023-11-04 00:00:00,-15.4,18.0,9,0.0,0.09
2023-11-04 01:00:00,-15.6,16.5,0,0.0,0.0
2023-11-04 02:00:00,-15.8,17.1,0,4.0,0.0
2023-11-04 03:00:00,-15.7,16.2,0,43.0,0.0
2023-11-04 04:00:00,-15.5,15.2,0,117.0,0.0
2023-11-04 05:00:00,-14.8,15.1,0,211.0,0.0
2023-11-04 06:00:00,-13.9,16.1,0,316.0,0.0
2023-11-04 07:00:00,-13.4,13.7,0,421.0,0.0
2023-11-04 08:00:00,-12.8,11.8,0,517.0,0.0
2023-11-04 09:00:00,-12.2,12.9,0,595.0,0.0
2023-11-04 10:00:00,-11.9,12.8,0,651.0,0.0
2023-11-04 11:00:00,-11.7,10.2,0,679.0,0.0
2023-11-04 12:00:00,-11.7,7.8,0,678.0,0.0
2023-11-04 13:00:00,-11.8,4.8,0,647.0,0.0
2023-11-04 14:00:00,-10.9,2.0,0,590.0,0.0
2023-11-04 15:00:00,-10.7,2.9,1,510.0,0.01
2023-11-04 16:00:00,-10.6,3.7,33,414.0,0.33
2023-11-04 17:00:00,-10.7,4.3,65,310.0,0.65
2023-11-04 18:00:00,-11.0,5.8,95,205.0,0.95
2023-11-04 19:00:00,-13.5,8.1,72,112.0,0.72
2023-11-04 20:00:00,-12.9,7.7,60,41.0,0.6
2023-11-04 21:00:00,-12.9,7.4,83,3.0,0.83
2023-11-04 22:00:00,-11.3,6.5,39,0.0,0.39
2023-11-04 23:00:00,-11.2,2.9,6,0.0,0.06
2023-11-05 00:00:00,-12.9,4.7,63,0.0,0.63
2023-11-05 01:00:00,-14.4,5.2,89,0.0,0.89
2023-11-05 02:00:00,-14.4,6.1,96,5.0,0.96
2023-11-05 03:00:00,-15.4,7.1,100,46.0,1.0
2023-11-05 04:00:00,-14.9,6.8,100,115.0,1.0
2023-11-05 05:00:00,-14.0,3.6,100,196.0,1.0
2023-11-05 06:00:00,-13.8,1.0,100,300.0,1.0
2023-11-05 07:00:00,-13.6,0.8,100,402.0,1.0
2023-11-05 08:00:00,-13.4,1.9,100,509.0,1.0
2023-11-05 09:00:00,-13.5,2.1,100,583.0,1.0
2023-11-05 10:00:00,-14.0,0.8,100,636.0,1.0
2023-11-05 11:00:00,-14.2,0.4,100,659.0,1.0
2023-11-05 12:00:00,-14.6,1.6,100,654.0,1.0
2023-11-05 13:00:00,-14.5,2.9,100,610.0,1.0
2023-11-05 14:00:00,-14.5,1.1,100,548.0,1.0
2023-11-05 15:00:00,-14.5,1.6,100,477.0,1.0
2023-11-05 16:00:00,-14.9,2.6,100,389.0,1.0
2023-11-05 17:00:00,-15.1,2.1,100,271.0,1.0
2023-11-05 18:00:00,-15.5,2.8,100,168.0,1.0
2023-11-05 19:00:00,-16.0,1.3,100,91.0,1.0
2023-11-05 20:00:00,-16.3,1.8,100,36.0,1.0
2023-11-05 21:00:00,-17.2,3.2,99,4.0,0.99
2023-11-05 22:00:00,-16.8,5.4,50,0.0,0.5
2023-11-05 23:00:00,-17.7,5.9,13,0.0,0.13
2023-11-06 00:00:00,-20.5,8.7,12,0.0,0.12
2023-11-06 01:00:00,-19.2,14.9,0,0.0,0.0
2023-11-06 02:00:00,-19.7,13.9,0,7.0,0.0
2023-11-06 03:00:00,-19.2,14.3,0,53.0,0.0
2023-11-06 04:00:00,-17.8,15.6,0,128.0,0.0
2023-11-06 05:00:00,-16.9,14.1,0,224.0,0.0
2023-11-06 06:00:00,-16.8,9.9,0,329.0,0.0
2023-11-06 07:00:00,-15.4,5.2,0,435.0,0.0
2023-11-06 08:00:00,-14.2,1.6,0,530.0,0.0
2023-11-06 09:00:00,-14.2,0.8,0,609.0,0.0
2023-11-06 10:00:00,-13.9,1.3,0,664.0,0.0
2023-11-06 11:00:00,-13.2,1.6,0,692.0,0.0
2023-11-06 12:00:00,-12.4,2.3,0,691.0,0.0
2023-11-06 13:00:00,-11.7,3.6,0,661.0,0.0
2023-11-06 14:00:00,-11.1,3.3,0,603.0,0.0
2023-11-06 15:00:00,-11.0,2.5,0,523.0,0.0
2023-11-06 16:00:00,-11.2,1.8,0,427.0,0.0
2023-11-06 17:00:00,-11.5,4.3,0,322.0,0.0
2023-11-06 18:00:00,-11.6,4.2,0,218.0,0.0
2023-11-06 19:00:00,-11.3,4.2,0,124.0,0.0
2023-11-06 20:00:00,-11.5,3.2,0,50.0,0.0
2023-11-06 21:00:00,-12.0,3.6,0,7.0,0.0
2023-11-06 22:00:00,-12.4,5.4,0,0.0,0.0
2023-11-06 23:00:00,-15.0,9.1,0,0.0,0.0
2023-11-07 00:00:00,-14.7,9.7,0,0.0,0.0
2023-11-07 01:00:00,-15.9,11.2,0,0.0,0.0
2023-11-07 02:00:00,-15.1,10.4,0,10.0,0.0
2023-11-07 03:00:00,-10.8,6.6,0,59.0,0.0
2023-11-07 04:00:00,-11.3,6.3,0,137.0,0.0
2023-11-07 05:00:00,-12.6,7.9,0,234.0,0.0
2023-11-07 06:00:00,-15.4,10.1,1,339.0,0.01
2023-11-07 07:00:00,-13.1,7.6,13,444.0,0.13
2023-11-07 08:00:00,-11.8,7.2,84,538.0,0.84
2023-11-07 09:00:00,-11.7,6.2,54,613.0,0.54
2023-11-07 10:00:00,-10.8,5.2,100,669.0,1.0
2023-11-07 11:00:00,-9.6,4.4,100,690.0,1.0
2023-11-07 12:00:00,-9.4,3.4,100,687.0,1.0
2023-11-07 13:00:00,-10.5,6.3,100,654.0,1.0
2023-11-07 14:00:00,-8.4,3.4,100,599.0,1.0
2023-11-07 15:00:00,-8.8,0.4,100,518.0,1.0
2023-11-07 16:00:00,-9.6,5.0,100,421.0,1.0
2023-11-07 17:00:00,-12.2,7.8,100,312.0,1.0
2023-11-07 18:00:00,-11.2,6.9,100,195.0,1.0
2023-11-07 19:00:00,-11.1,6.9,100,88.0,1.0
2023-11-07 20:00:00,-10.3,6.0,100,39.0,1.0
2023-11-07 21:00:00,-9.9,6.0,100,7.0,1.0
2023-11-07 22:00:00,-9.8,6.5,100,0.0,1.0
2023-11-07 23:00:00,-10.0,6.4,100,0.0,1.0
2023-11-08 00:00:00,-11.5,7.1,100,0.0,1.0
2023-11-08 01:00:00,-12.4,12.8,100,0.0,1.0
2023-11-08 02:00:00,-12.5,8.3,100,9.0,1.0
2023-11-08 03:00:00,-10.8,6.9,100,40.0,1.0
2023-11-08 04:00:00,-10.9,7.2,100,85.0,1.0
2023-11-08 05:00:00,-10.8,7.0,100,151.0,1.0
2023-11-08 06:00:00,-9.3,2.1,100,233.0,1.0
2023-11-08 07:00:00,-9.2,1.8,100,320.0,1.0
2023-11-08 08:00:00,-9.6,5.1,100,426.0,1.0
2023-11-08 09:00:00,-8.8,4.8,100,519.0,1.0
2023-11-08 10:00:00,-8.6,6.1,56,636.0,0.56
2023-11-08 11:00:00,-7.8,14.2,18,682.0,0.18
2023-11-08 12:00:00,-8.6,15.3,5,697.0,0.05
2023-11-08 13:00:00,-8.5,14.6,31,666.0,0.31
2023-11-08 14:00:00,-9.4,12.3,2,604.0,0.02
2023-11-08 15:00:00,-10.2,12.1,0,529.0,0.0
2023-11-08 16:00:00,-11.0,10.9,0,437.0,0.0
2023-11-08 17:00:00,-9.0,5.1,0,332.0,0.0
2023-11-08 18:00:00,-9.1,5.1,0,229.0,0.0
2023-11-08 19:00:00,-9.0,4.9,0,134.0,0.0
2023-11-08 20:00:00,-11.0,7.7,0,59.0,0.0
2023-11-08 21:00:00,-13.9,10.2,0,12.0,0.0
2023-11-08 22:00:00,-12.7,19.1,0,0.0,0.0
2023-11-08 23:00:00,-8.4,28.9,0,0.0,0.0
2023-11-09 00:00:00,-8.8,28.8,0,0.0,0.0
2023-11-09 01:00:00,-12.5,24.4,0,0.0,0.0
2023-11-09 02:00:00,-11.3,24.8,0,16.0,0.0
2023-11-09 03:00:00,-6.3,39.1,0,68.0,0.0
2023-11-09 04:00:00,-5.6,47.4,0,148.0,0.0
2023-11-09 05:00:00,-5.3,51.6,0,246.0,0.0
2023-11-09 06:00:00,-4.8,51.0,0,353.0,0.0
2023-11-09 07:00:00,-4.6,48.7,0,459.0,0.0
2023-11-09 08:00:00,-4.3,48.9,0,555.0,0.0
2023-11-09 09:00:00,-3.8,48.1,0,635.0,0.0
2023-11-09 10:00:00,-3.5,46.2,0,691.0,0.0
2023-11-09 11:00:00,-3.2,44.4,0,720.0,0.0
2023-11-09 12:00:00,-2.7,38.6,0,718.0,0.0
2023-11-09 13:00:00,-2.4,25.8,0,683.0,0.0
2023-11-09 14:00:00,-3.5,17.1,0,625.0,0.0
2023-11-09 15:00:00,-5.2,16.3,0,546.0,0.0
2023-11-09 16:00:00,-6.8,16.9,0,450.0,0.0
2023-11-09 17:00:00,-7.3,19.5,0,344.0,0.0
2023-11-09 18:00:00,-7.4,21.4,0,239.0,0.0
2023-11-09 19:00:00,-7.8,20.9,0,143.0,0.0
2023-11-09 20:00:00,-6.8,26.8,0,66.0,0.0
2023-11-09 21:00:00,-6.3,34.9,0,16.0,0.0
2023-11-09 22:00:00,-5.8,48.9,1,0.0,0.01
2023-11-09 23:00:00,-6.2,56.2,0,0.0,0.0
2023-11-10 00:00:00,-6.8,59.4,0,0.0,0.0
2023-11-10 01:00:00,-8.4,27.4,0,0.0,0.0
2023-11-10 02:00:00,-7.1,38.6,0,20.0,0.0
2023-11-10 03:00:00,-7.1,52.9,0,74.0,0.0
2023-11-10 04:00:00,-7.4,49.6,0,155.0,0.0
2023-11-10 05:00:00,-7.1,49.3,0,254.0,0.0
2023-11-10 06:00:00,-7.0,50.5,0,361.0,0.0
2023-11-10 07:00:00,-6.7,47.4,0,467.0,0.0
2023-11-10 08:00:00,-6.4,43.7,0,563.0,0.0
2023-11-10 09:00:00,-6.1,39.9,0,640.0,0.0
2023-11-10 10:00:00,-5.8,36.7,0,695.0,0.0
2023-11-10 11:00:00,-5.5,35.6,0,722.0,0.0
2023-11-10 12:00:00,-5.2,36.7,0,720.0,0.0
2023-11-10 13:00:00,-4.8,42.5,0,684.0,0.0
2023-11-10 14:00:00,-5.1,42.9,16,627.0,0.16
2023-11-10 15:00:00,-5.4,41.1,2,548.0,0.02
2023-11-10 16:00:00,-5.6,38.2,30,453.0,0.3
2023-11-10 17:00:00,-6.0,36.2,66,350.0,0.66
2023-11-10 18:00:00,-6.3,34.5,95,239.0,0.95
2023-11-10 19:00:00,-6.7,34.6,42,143.0,0.42
2023-11-10 20:00:00,-6.8,35.7,44,69.0,0.44
2023-11-10 21:00:00,-7.1,37.6,18,19.0,0.18
2023-11-10 22:00:00,-7.4,35.3,2,0.0,0.02
2023-11-10 23:00:00,-7.9,35.3,1,0.0,0.01
2023-11-11 00:00:00,-8.2,36.0,0,0.0,0.0
2023-11-11 01:00:00,-9.3,25.9,1,1.0,0.01
2023-11-11 02:00:00,-13.3,19.7,5,23.0,0.05
2023-11-11 03:00:00,-12.6,20.1,11,77.0,0.11
2023-11-11 04:00:00,-10.1,18.6,43,156.0,0.43
2023-11-11 05:00:00,-8.6,16.6,71,247.0,0.71
2023-11-11 06:00:00,-8.5,13.0,97,346.0,0.97
2023-11-11 07:00:00,-7.9,12.4,99,446.0,0.99
2023-11-11 08:00:00,-7.0,12.3,100,534.0,1.0
2023-11-11 09:00:00,-6.4,10.5,95,617.0,0.95
2023-11-11 10:00:00,-6.6,12.1,84,683.0,0.84
2023-11-11 11:00:00,-6.0,12.6,100,708.0,1.0
2023-11-11 12:00:00,-5.2,12.8,99,701.0,0.99
2023-11-11 13:00:00,-4.2,14.0,82,678.0,0.82
2023-11-11 14:00:00,-4.8,14.7,93,625.0,0.93
2023-11-11 15:00:00,-4.7,18.4,76,543.0,0.76
2023-11-11 16:00:00,-4.5,22.0,29,450.0,0.29
2023-11-11 17:00:00,-5.3,21.4,14,352.0,0.14
2023-11-11 18:00:00,-6.6,21.0,14,248.0,0.14
2023-11-11 19:00:00,-7.3,21.3,16,152.0,0.16
2023-11-11 20:00:00,-8.0,21.7,0,74.0,0.0
2023-11-11 21:00:00,-8.7,20.9,0,22.0,0.0
2023-11-11 22:00:00,-9.3,19.1,0,1.0,0.0
2023-11-11 23:00:00,-10.7,15.6,0,0.0,0.0
2023-11-12 00:00:00,-12.6,13.6,0,0.0,0.0
2023-11-12 01:00:00,-9.7,18.4,0,2.0,0.0
2023-11-12 02:00:00,-8.9,18.4,0,26.0,0.0
2023-11-12 03:00:00,-10.0,14.0,0,81.0,0.0
2023-11-12 04:00:00,-10.5,15.9,0,162.0,0.0
2023-11-12 05:00:00,-10.0,13.2,0,260.0,0.0
2023-11-12 06:00:00,-6.3,5.6,0,366.0,0.0
2023-11-12 07:00:00,-6.4,3.3,0,470.0,0.0
2023-11-12 08:00:00,-8.9,6.7,0,564.0,0.0
2023-11-12 09:00:00,-8.6,11.5,0,641.0,0.0
2023-11-12 10:00:00,-8.4,6.3,0,696.0,0.0
2023-11-12 11:00:00,-8.0,4.7,0,725.0,0.0
2023-11-12 12:00:00,-8.3,5.1,0,724.0,0.0
2023-11-12 13:00:00,-8.4,6.3,6,693.0,0.06
2023-11-12 14:00:00,-9.1,5.2,0,635.0,0.0
2023-11-12 15:00:00,-9.2,3.6,0,555.0,0.0
2023-11-12 16:00:00,-8.6,0.8,0,460.0,0.0
2023-11-12 17:00:00,-8.8,2.3,0,355.0,0.0
2023-11-12 18:00:00,-9.0,3.3,92,250.0,0.92
2023-11-12 19:00:00,-9.0,2.4,60,153.0,0.6
2023-11-12 20:00:00,-9.2,4.7,100,77.0,1.0
2023-11-12 21:00:00,-9.4,5.2,100,22.0,1.0
2023-11-12 22:00:00,-12.0,7.8,100,2.0,1.0
2023-11-12 23:00:00,-13.3,8.7,100,0.0,1.0
2023-11-13 00:00:00,-13.3,12.2,100,0.0,1.0
2023-11-13 01:00:00,-11.3,16.9,100,2.0,1.0
2023-11-13 02:00:00,-11.1,18.0,100,20.0,1.0
2023-11-13 03:00:00,-10.7,22.7,100,49.0,1.0
2023-11-13 04:00:00,-10.7,29.1,100,98.0,1.0
2023-11-13 05:00:00,-10.8,33.9,100,174.0,1.0
2023-11-13 06:00:00,-10.8,34.9,100,241.0,1.0
2023-11-13 07:00:00,-10.6,32.3,100,327.0,1.0
2023-11-13 08:00:00,-10.3,34.6,100,383.0,1.0
2023-11-13 09:00:00,-10.4,38.0,100,439.0,1.0
2023-11-13 10:00:00,-10.6,39.3,100,480.0,1.0
2023-11-13 11:00:00,-10.6,42.9,100,488.0,1.0
2023-11-13 12:00:00,-10.3,42.1,100,516.0,1.0
2023-11-13 13:00:00,-10.7,42.1,100,463.0,1.0
2023-11-13 14:00:00,-10.7,42.5,100,456.0,1.0
2023-11-13 15:00:00,-10.8,39.4,100,386.0,1.0
2023-11-13 16:00:00,-10.3,35.6,100,317.0,1.0
2023-11-13 17:00:00,-10.0,32.4,94,262.0,0.94
2023-11-13 18:00:00,-10.3,30.0,85,225.0,0.85
2023-11-13 19:00:00,-10.5,32.4,77,138.0,0.77
2023-11-13 20:00:00,-10.3,30.3,28,71.0,0.28
2023-11-13 21:00:00,-10.5,28.2,7,27.0,0.07
2023-11-13 22:00:00,-11.2,22.3,7,3.0,0.07
2023-11-13 23:00:00,-11.9,19.1,20,0.0,0.2
2023-11-14 00:00:00,-12.9,21.1,3,0.0,0.03
2023-11-14 01:00:00,-10.1,26.3,0,4.0,0.0
2023-11-14 02:00:00,-11.6,22.7,0,33.0,0.0
2023-11-14 03:00:00,-13.2,18.1,0,89.0,0.0
2023-11-14 04:00:00,-13.5,16.3,0,171.0,0.0
2023-11-14 05:00:00,-14.0,13.8,0,270.0,0.0
2023-11-14 06:00:00,-12.4,10.5,0,378.0,0.0
2023-11-14 07:00:00,-10.5,10.3,0,482.0,0.0
2023-11-14 08:00:00,-8.8,11.0,0,575.0,0.0
2023-11-14 09:00:00,-8.4,8.6,60,652.0,0.6
2023-11-14 10:00:00,-7.9,3.8,68,708.0,0.68
2023-11-14 11:00:00,-8.1,5.5,32,733.0,0.32
2023-11-14 12:00:00,-7.3,6.1,54,734.0,0.54
2023-11-14 13:00:00,-6.9,9.3,62,704.0,0.62
2023-11-14 14:00:00,-7.5,8.0,88,644.0,0.88
2023-11-14 15:00:00,-8.0,9.2,51,556.0,0.51
2023-11-14 16:00:00,-8.6,9.0,41,459.0,0.41
2023-11-14 17:00:00,-8.2,8.6,26,365.0,0.26
2023-11-14 18:00:00,-7.4,8.6,33,261.0,0.33
2023-11-14 19:00:00,-4.6,6.2,2,163.0,0.02
2023-11-14 20:00:00,-3.9,6.2,18,86.0,0.18
2023-11-14 21:00:00,-6.1,9.2,9,32.0,0.09
2023-11-14 22:00:00,-5.7,9.2,67,5.0,0.67
2023-11-14 23:00:00,-3.4,6.1,73,0.0,0.73
2023-11-15 00:00:00,-4.6,6.9,87,0.0,0.87
2023-11-15 01:00:00,-11.3,16.8,48,6.0,0.48
2023-11-15 02:00:00,-12.0,16.2,43,34.0,0.43
2023-11-15 03:00:00,-11.8,15.2,58,90.0,0.58
2023-11-15 04:00:00,-11.0,11.3,50,169.0,0.5
2023-11-15 05:00:00,-4.0,5.4,30,266.0,0.3
2023-11-15 06:00:00,-3.5,4.0,9,368.0,0.09
2023-11-15 07:00:00,-3.2,3.0,49,471.0,0.49
2023-11-15 08:00:00,-3.6,3.9,22,563.0,0.22
2023-11-15 09:00:00,-3.0,3.6,83,642.0,0.83
2023-11-15 10:00:00,-2.1,3.4,80,695.0,0.8
2023-11-15 11:00:00,-1.8,1.9,81,722.0,0.81
2023-11-15 12:00:00,-2.0,4.0,87,720.0,0.87
2023-11-15 13:00:00,-3.2,6.5,55,685.0,0.55
2023-11-15 14:00:00,-1.0,4.9,30,632.0,0.3
2023-11-15 15:00:00,-0.9,5.5,43,554.0,0.43
2023-11-15 16:00:00,-0.5,3.6,60,459.0,0.6
2023-11-15 17:00:00,-1.9,5.9,67,354.0,0.67
2023-11-15 18:00:00,-2.3,5.9,20,253.0,0.2
2023-11-15 19:00:00,-2.9,5.0,7,160.0,0.07
2023-11-15 20:00:00,-4.8,3.2,21,85.0,0.21
2023-11-15 21:00:00,-6.0,2.9,36,33.0,0.36
2023-11-15 22:00:00,-6.8,2.4,32,7.0,0.32
2023-11-15 23:00:00,-5.7,3.7,89,0.0,0.89
2023-11-16 00:00:00,-5.6,5.0,47,0.0,0.47
2023-11-16 01:00:00,-5.8,6.7,65,8.0,0.65
2023-11-16 02:00:00,-4.6,4.7,41,37.0,0.41
2023-11-16 03:00:00,-4.3,0.4,20,91.0,0.2
2023-11-16 04:00:00,-4.4,2.6,32,169.0,0.32
2023-11-16 05:00:00,-2.6,4.4,14,263.0,0.14
2023-11-16 06:00:00,-1.6,3.8,9,363.0,0.09
2023-11-16 07:00:00,-3.7,6.4,35,464.0,0.35
2023-11-16 08:00:00,-4.7,9.3,29,560.0,0.29
2023-11-16 09:00:00,-3.6,9.0,5,633.0,0.05
2023-11-16 10:00:00,-3.0,11.5,14,688.0,0.14
2023-11-16 11:00:00,-2.6,9.6,12,719.0,0.12
2023-11-16 12:00:00,-2.2,9.7,5,720.0,0.05
2023-11-16 13:00:00,-0.5,7.4,2,694.0,0.02
2023-11-16 14:00:00,-1.0,8.4,0,641.0,0.0
2023-11-16 15:00:00,-0.3,7.6,0,562.0,0.0
2023-11-16 16:00:00,2.6,5.7,0,468.0,0.0
2023-11-16 17:00:00,2.9,5.2,0,366.0,0.0
2023-11-16 18:00:00,3.1,3.3,0,264.0,0.0
2023-11-16 19:00:00,3.2,3.4,2,170.0,0.02
2023-11-16 20:00:00,2.7,3.3,0,93.0,0.0
2023-11-16 21:00:00,2.3,4.8,3,39.0,0.03
2023-11-16 22:00:00,1.8,6.9,0,10.0,0.0
2023-11-16 23:00:00,-4.7,10.8,0,0.0,0.0
2023-11-17 00:00:00,-6.1,11.8,2,0.0,0.02
2023-11-17 01:00:00,-4.1,11.3,47,11.0,0.47
2023-11-17 02:00:00,-7.0,12.1,5,42.0,0.05
2023-11-17 03:00:00,-4.8,9.2,24,99.0,0.24
2023-11-17 04:00:00,0.2,5.6,34,176.0,0.34
2023-11-17 05:00:00,-0.1,4.3,47,271.0,0.47
2023-11-17 06:00:00,-1.0,7.1,8,372.0,0.08
2023-11-17 07:00:00,-2.5,8.4,1,473.0,0.01
2023-11-17 08:00:00,-0.1,6.6,15,566.0,0.15
2023-11-17 09:00:00,1.2,4.3,34,643.0,0.34
2023-11-17 10:00:00,1.1,2.9,34,697.0,0.34
2023-11-17 11:00:00,1.4,2.5,73,724.0,0.73
2023-11-17 12:00:00,1.1,2.1,21,723.0,0.21
2023-11-17 13:00:00,2.1,2.5,75,694.0,0.75
2023-11-17 14:00:00,3.2,4.5,17,638.0,0.17
2023-11-17 15:00:00,4.4,3.9,2,561.0,0.02
2023-11-17 16:00:00,5.0,5.9,20,468.0,0.2
2023-11-17 17:00:00,2.7,8.2,42,367.0,0.42
2023-11-17 18:00:00,3.5,7.4,97,265.0,0.97
2023-11-17 19:00:00,4.0,5.4,99,170.0,0.99
2023-11-17 20:00:00,4.6,2.9,99,90.0,0.99
2023-11-17 21:00:00,4.7,2.9,100,38.0,1.0
2023-11-17 22:00:00,4.0,4.8,100,11.0,1.0
2023-11-17 23:00:00,2.9,4.7,100,1.0,1.0
2023-11-18 00:00:00,2.5,4.7,100,1.0,1.0
2023-11-18 01:00:00,3.1,8.0,98,13.0,0.98
2023-11-18 02:00:00,3.5,7.4,99,42.0,0.99
2023-11-18 03:00:00,2.5,5.8,100,98.0,1.0
2023-11-18 04:00:00,1.7,6.5,100,174.0,1.0
2023-11-18 05:00:00,0.4,7.0,100,263.0,1.0
2023-11-18 06:00:00,-0.5,7.0,100,355.0,1.0
2023-11-18 07:00:00,-2.5,8.2,100,441.0,1.0
2023-11-18 08:00:00,-1.6,6.6,48,527.0,0.48
2023-11-18 09:00:00,0.6,3.3,69,637.0,0.69
2023-11-18 10:00:00,0.6,1.1,9,688.0,0.09
2023-11-18 11:00:00,-0.5,3.8,0,726.0,0.0
2023-11-18 12:00:00,-1.4,5.4,19,727.0,0.19
2023-11-18 13:00:00,-0.2,3.7,12,699.0,0.12
2023-11-18 14:00:00,1.3,4.1,0,645.0,0.0
2023-11-18 15:00:00,2.6,3.8,0,568.0,0.0
2023-11-18 16:00:00,3.1,4.5,7,475.0,0.07
2023-11-18 17:00:00,3.4,4.0,27,373.0,0.27
2023-11-18 18:00:00,3.5,4.1,21,271.0,0.21
2023-11-18 19:00:00,3.8,6.2,29,178.0,0.29
2023-11-18 20:00:00,4.7,7.0,9,100.0,0.09
2023-11-18 21:00:00,5.1,5.1,99,46.0,0.99
2023-11-18 22:00:00,4.2,4.8,19,15.0,0.19
2023-11-18 23:00:00,2.7,7.6,91,3.0,0.91
2023-11-19 00:00:00,0.1,8.8,100,3.0,1.0
2023-11-19 01:00:00,1.3,6.6,100,15.0,1.0
2023-11-19 02:00:00,0.8,6.2,100,43.0,1.0
2023-11-19 03:00:00,-0.0,5.2,100,93.0,1.0
2023-11-19 04:00:00,-1.5,5.0,100,149.0,1.0
2023-11-19 05:00:00,-2.2,4.5,100,237.0,1.0
2023-11-19 06:00:00,-2.7,4.6,100,334.0,1.0
2023-11-19 07:00:00,-2.2,4.4,99,458.0,0.99
2023-11-19 08:00:00,-2.8,5.8,99,553.0,0.99
2023-11-19 09:00:00,-2.2,6.2,99,626.0,0.99
2023-11-19 10:00:00,-2.4,6.1,99,682.0,0.99
2023-11-19 11:00:00,-2.5,5.9,100,712.0,1.0
2023-11-19 12:00:00,-2.7,6.6,100,711.0,1.0
2023-11-19 13:00:00,-2.2,7.7,100,651.0,1.0
2023-11-19 14:00:00,-2.7,6.0,100,592.0,1.0
2023-11-19 15:00:00,-3.6,5.8,100,513.0,1.0
2023-11-19 16:00:00,-3.7,4.6,100,391.0,1.0
2023-11-19 17:00:00,-1.8,5.7,100,288.0,1.0
2023-11-19 18:00:00,0.7,16.6,100,205.0,1.0
2023-11-19 19:00:00,-0.1,20.2,100,152.0,1.0
2023-11-19 20:00:00,-1.0,20.3,94,96.0,0.94
2023-11-19 21:00:00,-2.1,18.8,98,46.0,0.98
2023-11-19 22:00:00,-2.6,18.4,97,16.0,0.97
2023-11-19 23:00:00,-4.0,15.9,98,5.0,0.98
2023-11-20 00:00:00,-6.1,13.0,100,5.0,1.0
2023-11-20 01:00:00,-2.9,7.2,100,18.0,1.0
2023-11-20 02:00:00,-3.2,8.0,100,48.0,1.0
2023-11-20 03:00:00,-6.4,11.2,100,95.0,1.0
2023-11-20 04:00:00,-4.7,17.0,100,150.0,1.0
2023-11-20 05:00:00,-6.6,19.1,100,211.0,1.0
2023-11-20 06:00:00,-3.5,25.5,100,282.0,1.0
2023-11-20 07:00:00,-4.7,21.0,99,370.0,0.99
2023-11-20 08:00:00,-4.3,17.1,77,511.0,0.77
2023-11-20 09:00:00,-4.2,12.2,5,633.0,0.05
2023-11-20 10:00:00,-3.8,7.0,1,715.0,0.01
2023-11-20 11:00:00,-3.7,2.9,0,746.0,0.0
2023-11-20 12:00:00,-4.0,6.6,8,746.0,0.08
2023-11-20 13:00:00,-4.3,9.2,90,717.0,0.9
2023-11-20 14:00:00,-4.4,9.0,88,656.0,0.88
2023-11-20 15:00:00,-4.6,10.2,86,565.0,0.86
2023-11-20 16:00:00,-5.2,10.6,31,469.0,0.31
2023-11-20 17:00:00,-6.1,9.2,15,382.0,0.15
2023-11-20 18:00:00,-5.4,4.5,33,286.0,0.33
2023-11-20 19:00:00,-5.7,1.8,37,188.0,0.37
2023-11-20 20:00:00,-9.4,8.7,37,105.0,0.37
2023-11-20 21:00:00,-9.2,14.1,5,51.0,0.05
2023-11-20 22:00:00,-10.0,14.7,52,20.0,0.52
2023-11-20 23:00:00,-9.5,16.2,98,7.0,0.98
2023-11-21 00:00:00,-8.4,15.8,72,6.0,0.72
2023-11-21 01:00:00,-8.0,12.1,13,17.0,0.13
2023-11-21 02:00:00,-8.9,13.7,0,48.0,0.0
2023-11-21 03:00:00,-9.1,18.4,0,109.0,0.0
2023-11-21 04:00:00,-8.7,18.4,3,191.0,0.03
2023-11-21 05:00:00,-7.9,17.9,3,286.0,0.03
2023-11-21 06:00:00,-6.8,17.6,40,393.0,0.4
2023-11-21 07:00:00,-5.8,16.6,80,490.0,0.8
2023-11-21 08:00:00,-5.2,15.6,79,578.0,0.79
2023-11-21 09:00:00,-5.3,16.5,56,657.0,0.56
2023-11-21 10:00:00,-5.1,16.8,40,717.0,0.4
2023-11-21 11:00:00,-4.9,21.2,1,750.0,0.01
2023-11-21 12:00:00,-4.9,19.1,0,755.0,0.0
2023-11-21 13:00:00,-5.1,18.8,0,728.0,0.0
2023-11-21 14:00:00,-5.3,15.8,4,673.0,0.04
2023-11-21 15:00:00,-5.5,16.1,6,594.0,0.06
2023-11-21 16:00:00,-6.0,18.2,71,498.0,0.71
2023-11-21 17:00:00,-6.3,20.9,1,386.0,0.01
2023-11-21 18:00:00,-6.9,23.1,1,294.0,0.01
2023-11-21 19:00:00,-7.6,22.4,0,198.0,0.0
2023-11-21 20:00:00,-8.4,20.5,0,117.0,0.0
2023-11-21 21:00:00,-9.0,18.9,0,59.0,0.0
2023-11-21 22:00:00,-9.1,19.7,0,24.0,0.0
2023-11-21 23:00:00,-8.4,25.6,0,10.0,0.0
2023-11-22 00:00:00,-8.2,29.6,0,10.0,0.0
2023-11-22 01:00:00,-7.6,31.9,0,25.0,0.0
2023-11-22 02:00:00,-7.3,33.6,0,61.0,0.0
2023-11-22 03:00:00,-7.4,34.9,7,120.0,0.07
2023-11-22 04:00:00,-7.2,36.6,27,198.0,0.27
2023-11-22 05:00:00,-7.0,37.5,25,287.0,0.25
2023-11-22 06:00:00,-6.5,35.8,26,390.0,0.26
2023-11-22 07:00:00,-6.2,37.6,15,500.0,0.15
2023-11-22 08:00:00,-6.0,38.4,24,596.0,0.24
2023-11-22 09:00:00,-5.6,37.2,18,677.0,0.18
2023-11-22 10:00:00,-5.3,35.1,0,731.0,0.0
2023-11-22 11:00:00,-5.1,32.8,0,760.0,0.0
2023-11-22 12:00:00,-4.9,28.7,0,760.0,0.0
2023-11-22 13:00:00,-4.4,28.7,1,730.0,0.01
2023-11-22 14:00:00,-4.3,20.8,0,675.0,0.0
2023-11-22 15:00:00,-4.6,14.1,0,598.0,0.0
2023-11-22 16:00:00,-4.7,14.5,0,504.0,0.0
2023-11-22 17:00:00,-4.8,18.6,0,401.0,0.0
2023-11-22 18:00:00,-6.6,13.5,0,298.0,0.0
2023-11-22 19:00:00,-8.8,15.7,0,202.0,0.0
2023-11-22 20:00:00,-7.9,18.7,0,121.0,0.0
2023-11-22 21:00:00,-7.5,19.8,0,62.0,0.0
2023-11-22 22:00:00,-7.4,22.3,0,27.0,0.0
2023-11-22 23:00:00,-6.8,26.4,0,12.0,0.0
2023-11-23 00:00:00,-6.6,27.9,0,12.0,0.0
2023-11-23 01:00:00,-6.5,28.0,0,28.0,0.0
2023-11-23 02:00:00,-6.3,28.9,0,64.0,0.0
2023-11-23 03:00:00,-5.6,29.3,0,124.0,0.0
2023-11-23 04:00:00,-5.4,27.0,1,205.0,0.01
2023-11-23 05:00:00,-4.8,26.5,9,300.0,0.09
2023-11-23 06:00:00,-4.0,25.3,9,404.0,0.09
2023-11-23 07:00:00,-3.3,25.1,2,506.0,0.02
2023-11-23 08:00:00,-2.7,28.1,0,601.0,0.0
2023-11-23 09:00:00,-2.0,25.8,0,677.0,0.0
2023-11-23 10:00:00,-1.5,22.3,0,731.0,0.0
2023-11-23 11:00:00,-1.2,19.5,1,759.0,0.01
2023-11-23 12:00:00,-1.0,17.0,7,757.0,0.07
2023-11-23 13:00:00,-1.1,10.9,7,725.0,0.07
2023-11-23 14:00:00,-1.4,9.4,16,671.0,0.16
2023-11-23 15:00:00,-1.9,8.3,24,592.0,0.24
2023-11-23 16:00:00,-2.4,7.9,22,497.0,0.22
2023-11-23 17:00:00,-3.4,10.0,9,395.0,0.09
2023-11-23 18:00:00,-4.3,10.8,2,293.0,0.02
2023-11-23 19:00:00,-5.0,9.8,4,202.0,0.04
2023-11-23 20:00:00,-5.8,10.6,12,122.0,0.12
2023-11-23 21:00:00,-6.9,12.4,30,63.0,0.3
2023-11-23 22:00:00,-7.9,15.1,38,29.0,0.38
2023-11-23 23:00:00,-8.0,14.2,2,14.0,0.02
2023-11-24 00:00:00,-6.8,10.4,0,14.0,0.0
2023-11-24 01:00:00,-7.8,12.3,0,30.0,0.0
2023-11-24 02:00:00,-7.2,10.5,0,65.0,0.0
2023-11-24 03:00:00,-6.7,10.1,0,125.0,0.0
2023-11-24 04:00:00,-6.6,12.3,0,206.0,0.0
2023-11-24 05:00:00,-6.1,13.0,0,304.0,0.0
2023-11-24 06:00:00,-5.3,12.7,0,408.0,0.0
2023-11-24 07:00:00,-4.8,10.6,0,513.0,0.0
2023-11-24 08:00:00,-4.4,8.0,0,608.0,0.0
2023-11-24 09:00:00,-3.6,6.5,0,687.0,0.0
2023-11-24 10:00:00,-2.9,5.2,0,742.0,0.0
2023-11-24 11:00:00,-2.2,3.3,0,769.0,0.0
2023-11-24 12:00:00,-2.3,4.0,0,769.0,0.0
2023-11-24 13:00:00,-2.7,4.5,0,741.0,0.0
2023-11-24 14:00:00,-3.0,7.3,0,687.0,0.0
2023-11-24 15:00:00,-3.6,7.6,0,609.0,0.0
2023-11-24 16:00:00,-4.5,6.5,0,516.0,0.0
2023-11-24 17:00:00,-5.2,6.5,0,413.0,0.0
2023-11-24 18:00:00,-5.4,5.9,0,308.0,0.0
2023-11-24 19:00:00,-4.3,2.7,0,211.0,0.0
2023-11-24 20:00:00,-5.2,3.3,0,129.0,0.0
2023-11-24 21:00:00,-6.7,5.2,0,69.0,0.0
2023-11-24 22:00:00,-7.5,5.1,0,32.0,0.0
2023-11-24 23:00:00,-9.4,6.6,9,17.0,0.09
2023-11-25 00:00:00,-10.6,7.7,11,16.0,0.11
2023-11-25 01:00:00,-11.1,9.4,0,32.0,0.0
2023-11-25 02:00:00,-10.7,8.5,0,69.0,0.0
2023-11-25 03:00:00,-8.3,3.1,0,130.0,0.0
2023-11-25 04:00:00,-8.6,5.2,0,213.0,0.0
2023-11-25 05:00:00,-8.4,5.6,0,308.0,0.0
2023-11-25 06:00:00,-8.1,9.0,0,412.0,0.0
2023-11-25 07:00:00,-6.0,17.9,0,517.0,0.0
2023-11-25 08:00:00,-6.1,19.1,0,610.0,0.0
2023-11-25 09:00:00,-6.3,14.9,0,687.0,0.0
2023-11-25 10:00:00,-6.3,11.5,1,741.0,0.01
2023-11-25 11:00:00,-6.1,10.1,1,768.0,0.01
2023-11-25 12:00:00,-5.9,9.5,0,768.0,0.0
2023-11-25 13:00:00,-5.8,8.4,1,739.0,0.01
2023-11-25 14:00:00,-5.8,9.3,0,683.0,0.0
2023-11-25 15:00:00,-6.1,8.3,0,607.0,0.0
2023-11-25 16:00:00,-7.2,5.8,0,514.0,0.0
2023-11-25 17:00:00,-7.1,4.3,0,411.0,0.0
2023-11-25 18:00:00,-7.0,3.9,3,308.0,0.03
2023-11-25 19:00:00,-7.8,5.1,74,208.0,0.74
2023-11-25 20:00:00,-9.9,7.5,100,120.0,1.0
2023-11-25 21:00:00,-10.0,9.3,98,57.0,0.98
2023-11-25 22:00:00,-10.1,11.1,99,29.0,0.99
2023-11-25 23:00:00,-10.0,13.5,100,16.0,1.0
2023-11-26 00:00:00,-9.3,10.4,100,15.0,1.0
2023-11-26 01:00:00,-9.3,4.4,100,26.0,1.0
2023-11-26 02:00:00,-9.1,2.5,97,57.0,0.97
2023-11-26 03:00:00,-9.9,5.3,89,93.0,0.89
2023-11-26 04:00:00,-9.1,7.9,77,160.0,0.77
2023-11-26 05:00:00,-8.9,8.2,59,269.0,0.59
2023-11-26 06:00:00,-9.2,7.4,16,410.0,0.16
2023-11-26 07:00:00,-8.5,6.2,1,522.0,0.01
2023-11-26 08:00:00,-7.7,4.6,0,610.0,0.0
2023-11-26 09:00:00,-7.5,3.6,0,689.0,0.0
2023-11-26 10:00:00,-7.6,3.3,0,745.0,0.0
2023-11-26 11:00:00,-7.3,3.3,0,775.0,0.0
2023-11-26 12:00:00,-6.7,4.7,0,776.0,0.0
2023-11-26 13:00:00,-6.7,1.8,0,752.0,0.0
2023-11-26 14:00:00,-6.6,2.2,0,694.0,0.0
2023-11-26 15:00:00,-6.3,1.5,0,614.0,0.0
2023-11-26 16:00:00,-6.9,5.4,0,521.0,0.0
2023-11-26 17:00:00,-7.3,9.4,0,419.0,0.0
2023-11-26 18:00:00,-7.5,12.6,0,315.0,0.0
2023-11-26 19:00:00,-7.7,15.8,0,219.0,0.0
2023-11-26 20:00:00,-8.0,18.4,0,137.0,0.0
2023-11-26 21:00:00,-8.4,18.8,0,76.0,0.0
2023-11-26 22:00:00,-8.5,20.7,0,38.0,0.0
2023-11-26 23:00:00,-8.5,21.3,0,22.0,0.0
2023-11-27 00:00:00,-8.4,24.6,11,21.0,0.11
2023-11-27 01:00:00,-8.1,29.7,0,38.0,0.0
2023-11-27 02:00:00,-8.2,31.0,0,74.0,0.0
2023-11-27 03:00:00,-8.0,30.6,13,136.0,0.13
2023-11-27 04:00:00,-7.4,31.4,41,213.0,0.41
2023-11-27 05:00:00,-6.9,32.1,47,299.0,0.47
2023-11-27 06:00:00,-6.2,32.4,76,387.0,0.76
2023-11-27 07:00:00,-5.6,32.5,51,442.0,0.51
2023-11-27 08:00:00,-5.3,31.6,25,565.0,0.25
2023-11-27 09:00:00,-4.9,29.8,4,683.0,0.04
2023-11-27 10:00:00,-4.7,28.6,0,751.0,0.0
2023-11-27 11:00:00,-4.3,26.9,14,777.0,0.14
2023-11-27 12:00:00,-3.9,25.8,13,776.0,0.13
2023-11-27 13:00:00,-3.4,21.6,0,748.0,0.0
2023-11-27 14:00:00,-3.5,20.7,0,693.0,0.0
2023-11-27 15:00:00,-3.6,19.5,6,616.0,0.06
2023-11-27 16:00:00,-3.6,22.2,8,524.0,0.08
2023-11-27 17:00:00,-4.0,22.3,0,416.0,0.0
2023-11-27 18:00:00,-5.2,19.5,0,317.0,0.0
2023-11-27 19:00:00,-6.5,16.8,0,220.0,0.0
2023-11-27 20:00:00,-7.2,18.7,0,138.0,0.0
2023-11-27 21:00:00,-7.1,22.3,0,78.0,0.0
2023-11-27 22:00:00,-7.8,20.6,0,40.0,0.0
2023-11-27 23:00:00,-8.1,20.8,2,23.0,0.02
2023-11-28 00:00:00,-8.1,19.6,0,23.0,0.0
2023-11-28 01:00:00,-8.8,17.6,1,40.0,0.01
2023-11-28 02:00:00,-8.0,18.2,8,76.0,0.08
2023-11-28 03:00:00,-6.6,24.2,16,139.0,0.16
2023-11-28 04:00:00,-6.1,32.2,0,218.0,0.0
2023-11-28 05:00:00,-6.4,27.2,4,315.0,0.04
2023-11-28 06:00:00,-6.2,19.2,1,410.0,0.01
2023-11-28 07:00:00,-5.8,15.4,2,519.0,0.02
2023-11-28 08:00:00,-5.2,13.0,12,600.0,0.12
2023-11-28 09:00:00,-4.8,13.2,67,670.0,0.67
2023-11-28 10:00:00,-4.2,11.6,100,712.0,1.0
2023-11-28 11:00:00,-3.3,17.7,100,577.0,1.0
2023-11-28 12:00:00,-2.9,19.8,99,573.0,0.99
2023-11-28 13:00:00,-3.2,23.4,100,482.0,1.0
2023-11-28 14:00:00,-3.2,27.5,100,399.0,1.0
2023-11-28 15:00:00,-2.9,29.9,100,377.0,1.0
2023-11-28 16:00:00,-3.2,28.4,84,380.0,0.84
2023-11-28 17:00:00,-3.9,23.9,91,360.0,0.91
2023-11-28 18:00:00,-4.4,27.2,99,264.0,0.99
2023-11-28 19:00:00,-5.0,30.3,100,188.0,1.0
2023-11-28 20:00:00,-5.1,31.0,100,99.0,1.0
2023-11-28 21:00:00,-5.1,26.1,100,52.0,1.0
2023-11-28 22:00:00,-5.3,20.9,100,29.0,1.0
2023-11-28 23:00:00,-4.7,25.3,100,17.0,1.0
2023-11-29 00:00:00,-4.4,37.6,100,16.0,1.0
2023-11-29 01:00:00,-4.7,43.8,100,23.0,1.0
2023-11-29 02:00:00,-5.1,50.3,100,40.0,1.0
2023-11-29 03:00:00,-5.3,49.8,100,86.0,1.0
2023-11-29 04:00:00,-5.3,49.6,100,122.0,1.0
2023-11-29 05:00:00,-5.1,47.8,100,174.0,1.0
2023-11-29 06:00:00,-4.9,46.0,100,254.0,1.0
2023-11-29 07:00:00,-4.8,44.3,100,322.0,1.0
2023-11-29 08:00:00,-4.6,41.9,100,386.0,1.0
2023-11-29 09:00:00,-4.2,39.2,97,479.0,0.97
2023-11-29 10:00:00,-3.9,36.4,86,678.0,0.86
2023-11-29 11:00:00,-3.9,33.0,46,763.0,0.46
2023-11-29 12:00:00,-3.7,28.8,52,779.0,0.52
2023-11-29 13:00:00,-3.5,29.0,80,738.0,0.8
2023-11-29 14:00:00,-3.4,26.9,98,678.0,0.98
2023-11-29 15:00:00,-3.6,26.1,97,579.0,0.97
2023-11-29 16:00:00,-4.0,26.7,98,494.0,0.98
2023-11-29 17:00:00,-4.3,27.7,98,395.0,0.98
2023-11-29 18:00:00,-4.6,28.2,98,291.0,0.98
2023-11-29 19:00:00,-4.8,30.6,88,206.0,0.88
2023-11-29 20:00:00,-5.2,34.1,70,137.0,0.7
2023-11-29 21:00:00,-5.3,37.4,100,77.0,1.0
2023-11-29 22:00:00,-4.4,38.9,100,28.0,1.0
2023-11-29 23:00:00,-4.4,37.7,100,16.0,1.0
2023-11-30 00:00:00,-4.4,36.7,100,17.0,1.0
2023-11-30 01:00:00,-5.3,37.8,30,36.0,0.3
2023-11-30 02:00:00,-5.8,35.8,47,77.0,0.47
2023-11-30 03:00:00,-5.4,36.4,67,132.0,0.67
2023-11-30 04:00:00,-5.0,37.1,70,205.0,0.7
2023-11-30 05:00:00,-4.4,37.3,94,292.0,0.94
2023-11-30 06:00:00,-3.7,35.7,96,377.0,0.96
2023-11-30 07:00:00,-3.3,33.9,91,479.0,0.91
2023-11-30 08:00:00,-2.7,31.6,94,563.0,0.94
2023-11-30 09:00:00,-2.2,29.5,76,675.0,0.76
2023-11-30 10:00:00,-1.9,27.8,65,743.0,0.65
2023-11-30 11:00:00,-1.6,26.4,19,776.0,0.19
2023-11-30 12:00:00,-1.4,24.8,13,780.0,0.13
2023-11-30 13:00:00,-0.8,27.1,61,746.0,0.61
2023-11-30 14:00:00,-0.9,26.9,80,686.0,0.8
2023-11-30 15:00:00,-1.1,27.7,90,608.0,0.9
2023-11-30 16:00:00,-1.4,31.1,98,502.0,0.98
2023-11-30 17:00:00,-1.7,31.7,97,386.0,0.97
2023-11-30 18:00:00,-1.9,32.2,100,273.0,1.0
2023-11-30 19:00:00,-2.1,32.2,99,184.0,0.99
2023-11-30 20:00:00,-2.4,32.3,100,119.0,1.0
2023-11-30 21:00:00,-2.7,31.9,98,74.0,0.98
2023-11-30 22:00:00,-3.0,29.5,100,39.0,1.0
2023-11-30 23:00:00,-3.4,27.6,100,24.0,1.0
2023-12-01 00:00:00,-3.8,28.8,100,24.0,1.0
2023-12-01 01:00:00,-2.7,34.1,100,33.0,1.0
2023-12-01 02:00:00,-2.7,34.2,100,58.0,1.0
2023-12-01 03:00:00,-2.7,32.1,100,100.0,1.0
2023-12-01 04:00:00,-2.9,30.1,98,175.0,0.98
2023-12-01 05:00:00,-3.0,30.8,62,278.0,0.62
2023-12-01 06:00:00,-2.8,29.6,94,410.0,0.94
2023-12-01 07:00:00,-2.4,28.5,91,513.0,0.91
2023-12-01 08:00:00,-2.1,27.0,45,611.0,0.45
2023-12-01 09:00:00,-1.8,25.7,21,693.0,0.21
2023-12-01 10:00:00,-1.5,23.7,7,750.0,0.07
2023-12-01 11:00:00,-1.2,21.9,4,780.0,0.04
2023-12-01 12:00:00,-1.0,20.2,1,781.0,0.01
2023-12-01 13:00:00,-0.7,21.2,30,750.0,0.3
2023-12-01 14:00:00,-0.7,19.7,45,695.0,0.45
2023-12-01 15:00:00,-0.9,17.5,62,615.0,0.62
2023-12-01 16:00:00,-1.2,16.1,67,518.0,0.67
2023-12-01 17:00:00,-1.8,15.6,34,416.0,0.34
2023-12-01 18:00:00,-2.8,16.4,1,321.0,0.01
2023-12-01 19:00:00,-3.4,18.4,0,233.0,0.0
2023-12-01 20:00:00,-3.7,20.8,5,150.0,0.05
2023-12-01 21:00:00,-3.8,24.7,19,87.0,0.19
2023-12-01 22:00:00,-4.0,26.8,29,48.0,0.29
2023-12-01 23:00:00,-4.2,28.0,17,30.0,0.17
2023-12-02 00:00:00,-4.4,28.8,35,30.0,0.35
2023-12-02 01:00:00,-3.7,26.9,99,39.0,0.99
2023-12-02 02:00:00,-3.4,28.4,100,66.0,1.0
2023-12-02 03:00:00,-3.2,30.4,100,108.0,1.0
2023-12-02 04:00:00,-3.2,30.5,100,193.0,1.0
2023-12-02 05:00:00,-3.0,30.8,99,287.0,0.99
2023-12-02 06:00:00,-2.7,31.9,100,374.0,1.0
2023-12-02 07:00:00,-2.4,32.6,100,446.0,1.0
2023-12-02 08:00:00,-2.0,30.4,99,551.0,0.99
2023-12-02 09:00:00,-1.6,28.8,100,613.0,1.0
2023-12-02 10:00:00,-1.4,28.0,100,699.0,1.0
2023-12-02 11:00:00,-1.3,27.1,100,731.0,1.0
2023-12-02 12:00:00,-1.3,26.3,100,707.0,1.0
2023-12-02 13:00:00,-1.2,26.0,100,678.0,1.0
2023-12-02 14:00:00,-1.2,24.7,100,559.0,1.0
2023-12-02 15:00:00,-1.3,23.9,100,521.0,1.0
2023-12-02 16:00:00,-1.4,23.5,100,443.0,1.0
2023-12-02 17:00:00,-1.7,22.9,100,346.0,1.0
2023-12-02 18:00:00,-2.1,22.2,100,271.0,1.0
2023-12-02 19:00:00,-2.7,22.5,71,195.0,0.71
2023-12-02 20:00:00,-3.5,22.9,23,136.0,0.23
2023-12-02 21:00:00,-4.0,23.2,10,88.0,0.1
2023-12-02 22:00:00,-4.2,21.5,15,50.0,0.15
2023-12-02 23:00:00,-4.6,19.0,38,33.0,0.38
2023-12-03 00:00:00,-4.9,19.0,33,32.0,0.33
2023-12-03 01:00:00,-4.4,20.5,9,49.0,0.09
2023-12-03 02:00:00,-4.6,19.8,36,86.0,0.36
2023-12-03 03:00:00,-4.8,18.4,62,144.0,0.62
2023-12-03 04:00:00,-4.9,17.3,79,221.0,0.79
2023-12-03 05:00:00,-4.8,15.9,61,319.0,0.61
2023-12-03 06:00:00,-4.6,13.3,26,428.0,0.26
2023-12-03 07:00:00,-3.9,12.6,0,535.0,0.0
2023-12-03 08:00:00,-3.3,10.8,0,629.0,0.0
2023-12-03 09:00:00,-2.8,9.2,0,707.0,0.0
2023-12-03 10:00:00,-2.3,7.0,0,762.0,0.0
2023-12-03 11:00:00,-1.8,5.2,0,792.0,0.0
2023-12-03 12:00:00,-1.6,3.9,0,794.0,0.0
2023-12-03 13:00:00,-1.1,3.6,0,764.0,0.0
2023-12-03 14:00:00,-1.3,4.6,0,711.0,0.0
2023-12-03 15:00:00,-1.8,5.9,0,636.0,0.0
2023-12-03 16:00:00,-2.6,7.4,0,545.0,0.0
2023-12-03 17:00:00,-3.5,8.4,0,444.0,0.0
2023-12-03 18:00:00,-4.5,8.7,0,340.0,0.0
2023-12-03 19:00:00,-5.1,8.6,0,243.0,0.0
2023-12-03 20:00:00,-5.5,9.0,0,160.0,0.0
2023-12-03 21:00:00,-6.0,9.4,0,96.0,0.0
2023-12-03 22:00:00,-6.5,9.8,0,56.0,0.0
2023-12-03 23:00:00,-8.0,10.8,0,37.0,0.0
2023-12-04 00:00:00,-8.7,11.6,0,36.0,0.0
2023-12-04 01:00:00,-7.6,12.7,0,53.0,0.0
2023-12-04 02:00:00,-7.5,11.0,0,92.0,0.0
2023-12-04 03:00:00,-7.3,8.3,0,153.0,0.0
2023-12-04 04:00:00,-6.2,10.7,0,235.0,0.0
2023-12-04 05:00:00,-4.5,19.1,0,331.0,0.0
2023-12-04 06:00:00,-4.4,19.0,0,433.0,0.0
2023-12-04 07:00:00,-4.0,17.2,0,534.0,0.0
2023-12-04 08:00:00,-3.6,16.1,0,627.0,0.0
2023-12-04 09:00:00,-3.2,13.3,0,704.0,0.0
2023-12-04 10:00:00,-2.9,10.2,0,760.0,0.0
2023-12-04 11:00:00,-2.7,6.9,0,790.0,0.0
2023-12-04 12:00:00,-2.6,3.9,0,791.0,0.0
2023-12-04 13:00:00,-3.1,2.4,0,763.0,0.0
2023-12-04 14:00:00,-3.2,1.1,0,710.0,0.0
2023-12-04 15:00:00,-3.6,3.5,0,635.0,0.0
2023-12-04 16:00:00,-3.5,3.3,0,544.0,0.0
2023-12-04 17:00:00,-3.1,3.7,0,443.0,0.0
2023-12-04 18:00:00,-3.4,4.4,0,340.0,0.0
2023-12-04 19:00:00,-3.6,5.2,0,244.0,0.0
2023-12-04 20:00:00,-3.5,3.9,0,161.0,0.0
2023-12-04 21:00:00,-3.9,4.3,0,98.0,0.0
2023-12-04 22:00:00,-3.8,2.2,0,57.0,0.0
2023-12-04 23:00:00,-4.1,5.4,0,38.0,0.0
2023-12-05 00:00:00,-10.1,10.1,0,38.0,0.0
2023-12-05 01:00:00,-9.7,11.2,0,54.0,0.0
2023-12-05 02:00:00,-9.3,9.3,0,93.0,0.0
2023-12-05 03:00:00,-9.1,9.3,0,154.0,0.0
2023-12-05 04:00:00,-8.5,10.4,0,237.0,0.0
2023-12-05 05:00:00,-7.3,10.7,0,335.0,0.0
2023-12-05 06:00:00,-6.1,9.9,0,440.0,0.0
2023-12-05 07:00:00,-5.2,9.2,0,542.0,0.0
2023-12-05 08:00:00,-3.6,15.1,21,633.0,0.21
2023-12-05 09:00:00,-2.7,18.5,0,708.0,0.0
2023-12-05 10:00:00,-2.3,19.0,0,763.0,0.0
2023-12-05 11:00:00,-1.8,21.7,0,793.0,0.0
2023-12-05 12:00:00,-1.5,22.6,0,794.0,0.0
2023-12-05 13:00:00,-2.2,17.3,0,766.0,0.0
2023-12-05 14:00:00,-2.0,18.4,0,712.0,0.0
2023-12-05 15:00:00,-1.5,27.6,0,636.0,0.0
2023-12-05 16:00:00,-1.7,31.4,0,543.0,0.0
2023-12-05 17:00:00,-2.4,30.3,0,441.0,0.0
2023-12-05 18:00:00,-3.0,31.6,0,339.0,0.0
2023-12-05 19:00:00,-3.7,31.5,0,243.0,0.0
2023-12-05 20:00:00,-4.4,30.7,4,159.0,0.04
2023-12-05 21:00:00,-4.8,32.4,3,95.0,0.03
2023-12-05 22:00:00,-5.3,32.2,3,57.0,0.03
2023-12-05 23:00:00,-5.9,31.8,4,38.0,0.04
2023-12-06 00:00:00,-6.4,32.9,2,36.0,0.02
2023-12-06 01:00:00,-6.6,32.0,9,51.0,0.09
2023-12-06 02:00:00,-6.4,32.1,4,86.0,0.04
2023-12-06 03:00:00,-6.6,28.5,35,143.0,0.35
2023-12-06 04:00:00,-6.7,28.6,72,205.0,0.72
2023-12-06 05:00:00,-6.3,31.0,82,274.0,0.82
2023-12-06 06:00:00,-5.8,33.8,100,361.0,1.0
2023-12-06 07:00:00,-5.3,34.2,92,434.0,0.92
2023-12-06 08:00:00,-5.3,36.4,97,521.0,0.97
2023-12-06 09:00:00,-5.1,38.2,100,608.0,1.0
2023-12-06 10:00:00,-4.9,39.4,100,629.0,1.0
2023-12-06 11:00:00,-4.5,41.1,100,622.0,1.0
2023-12-06 12:00:00,-4.3,37.9,100,633.0,1.0
2023-12-06 13:00:00,-4.4,38.2,100,608.0,1.0
2023-12-06 14:00:00,-4.4,36.0,100,528.0,1.0
2023-12-06 15:00:00,-4.3,32.0,100,434.0,1.0
2023-12-06 16:00:00,-4.2,31.5,100,359.0,1.0
2023-12-06 17:00:00,-4.1,29.8,100,276.0,1.0
2023-12-06 18:00:00,-4.2,27.9,100,226.0,1.0
2023-12-06 19:00:00,-4.6,27.2,100,167.0,1.0
2023-12-06 20:00:00,-4.7,25.3,100,114.0,1.0
2023-12-06 21:00:00,-5.1,24.2,100,73.0,1.0
2023-12-06 22:00:00,-5.6,22.3,100,45.0,1.0
2023-12-06 23:00:00,-5.9,21.6,100,31.0,1.0
2023-12-07 00:00:00,-5.6,21.1,99,30.0,0.99
2023-12-07 01:00:00,-5.5,20.5,89,42.0,0.89
2023-12-07 02:00:00,-5.8,19.2,68,75.0,0.68
2023-12-07 03:00:00,-5.9,16.6,65,136.0,0.65
2023-12-07 04:00:00,-5.5,15.3,55,214.0,0.55
2023-12-07 05:00:00,-4.9,14.4,2,309.0,0.02
2023-12-07 06:00:00,-4.7,11.4,1,425.0,0.01
2023-12-07 07:00:00,-4.3,9.1,5,535.0,0.05
2023-12-07 08:00:00,-4.1,6.7,15,629.0,0.15
2023-12-07 09:00:00,-4.0,4.8,12,706.0,0.12
2023-12-07 10:00:00,-3.8,4.5,0,762.0,0.0
2023-12-07 11:00:00,-3.7,6.3,0,787.0,0.0
2023-12-07 12:00:00,-3.3,10.3,0,791.0,0.0
2023-12-07 13:00:00,-3.1,11.5,0,767.0,0.0
2023-12-07 14:00:00,-3.1,12.4,83,717.0,0.83
2023-12-07 15:00:00,-3.2,11.2,100,637.0,1.0
2023-12-07 16:00:00,-3.3,12.6,100,492.0,1.0
2023-12-07 17:00:00,-3.6,14.8,100,396.0,1.0
2023-12-07 18:00:00,-3.7,16.3,100,268.0,1.0
2023-12-07 19:00:00,-4.1,19.9,100,214.0,1.0
2023-12-07 20:00:00,-4.2,22.7,100,118.0,1.0
2023-12-07 21:00:00,-4.4,24.1,100,66.0,1.0
2023-12-07 22:00:00,-4.6,24.1,100,42.0,1.0
2023-12-07 23:00:00,-4.7,26.7,100,30.0,1.0
2023-12-08 00:00:00,-4.6,29.2,100,27.0,1.0
2023-12-08 01:00:00,-4.9,33.3,100,35.0,1.0
2023-12-08 02:00:00,-4.8,33.7,100,48.0,1.0
2023-12-08 03:00:00,-4.7,34.5,100,71.0,1.0
2023-12-08 04:00:00,-4.5,34.8,100,94.0,1.0
2023-12-08 05:00:00,-4.1,34.8,100,148.0,1.0
2023-12-08 06:00:00,-3.9,34.5,100,198.0,1.0
2023-12-08 07:00:00,-3.7,34.5,100,243.0,1.0
2023-12-08 08:00:00,-3.5,34.9,100,314.0,1.0
2023-12-08 09:00:00,-3.2,33.9,100,356.0,1.0
2023-12-08 10:00:00,-3.0,33.0,100,377.0,1.0
2023-12-08 11:00:00,-2.8,32.7,100,416.0,1.0
2023-12-08 12:00:00,-2.6,32.4,100,461.0,1.0
2023-12-08 13:00:00,-3.0,31.6,100,413.0,1.0
2023-12-08 14:00:00,-2.9,32.0,100,406.0,1.0
2023-12-08 15:00:00,-2.9,31.8,100,367.0,1.0
2023-12-08 16:00:00,-2.9,31.5,100,295.0,1.0
2023-12-08 17:00:00,-3.0,30.9,100,209.0,1.0
2023-12-08 18:00:00,-3.0,31.4,100,161.0,1.0
2023-12-08 19:00:00,-2.9,31.5,100,116.0,1.0
2023-12-08 20:00:00,-2.9,32.4,100,70.0,1.0
2023-12-08 21:00:00,-2.8,32.6,100,47.0,1.0
2023-12-08 22:00:00,-2.7,32.8,100,29.0,1.0
2023-12-08 23:00:00,-2.7,33.7,100,20.0,1.0
2023-12-09 00:00:00,-2.7,34.8,100,16.0,1.0
2023-12-09 01:00:00,-2.7,37.5,100,29.0,1.0
2023-12-09 02:00:00,-2.7,35.9,100,52.0,1.0
2023-12-09 03:00:00,-2.5,35.6,100,93.0,1.0
2023-12-09 04:00:00,-2.2,35.3,100,133.0,1.0
2023-12-09 05:00:00,-2.1,35.6,100,186.0,1.0
2023-12-09 06:00:00,-1.9,36.5,100,245.0,1.0
2023-12-09 07:00:00,-1.6,37.7,100,324.0,1.0
2023-12-09 08:00:00,-1.4,39.6,100,391.0,1.0
2023-12-09 09:00:00,-1.3,40.4,100,417.0,1.0
2023-12-09 10:00:00,-1.0,43.9,100,497.0,1.0
2023-12-09 11:00:00,-0.8,44.4,100,543.0,1.0
2023-12-09 12:00:00,-0.9,44.0,100,479.0,1.0
2023-12-09 13:00:00,-1.0,45.0,100,429.0,1.0
2023-12-09 14:00:00,-1.1,43.1,100,330.0,1.0
2023-12-09 15:00:00,-1.0,43.8,100,296.0,1.0
2023-12-09 16:00:00,-0.9,47.0,100,270.0,1.0
2023-12-09 17:00:00,-0.9,46.2,100,232.0,1.0
2023-12-09 18:00:00,-1.0,44.2,100,159.0,1.0
2023-12-09 19:00:00,-1.2,44.6,100,115.0,1.0
2023-12-09 20:00:00,-1.4,42.4,100,67.0,1.0
2023-12-09 21:00:00,-1.6,39.7,100,40.0,1.0
2023-12-09 22:00:00,-2.1,32.9,100,29.0,1.0
2023-12-09 23:00:00,-2.1,31.2,100,21.0,1.0
2023-12-10 00:00:00,-2.2,26.4,100,20.0,1.0
2023-12-10 01:00:00,-2.3,25.6,100,26.0,1.0
2023-12-10 02:00:00,-2.3,28.0,100,41.0,1.0
2023-12-10 03:00:00,-2.2,30.9,100,64.0,1.0
2023-12-10 04:00:00,-2.1,30.6,100,96.0,1.0
2023-12-10 05:00:00,-1.9,27.8,100,158.0,1.0
2023-12-10 06:00:00,-1.8,27.9,100,206.0,1.0
2023-12-10 07:00:00,-1.6,29.0,100,256.0,1.0
2023-12-10 08:00:00,-1.3,30.8,100,352.0,1.0
2023-12-10 09:00:00,-1.0,31.4,100,436.0,1.0
2023-12-10 10:00:00,-0.6,33.0,100,604.0,1.0
2023-12-10 11:00:00,-0.5,34.0,80,586.0,0.8
2023-12-10 12:00:00,-0.2,35.7,67,698.0,0.67
2023-12-10 13:00:00,-0.4,37.4,86,707.0,0.86
2023-12-10 14:00:00,-0.4,40.2,100,657.0,1.0
2023-12-10 15:00:00,-0.4,39.7,100,542.0,1.0
2023-12-10 16:00:00,-0.2,42.5,100,434.0,1.0
2023-12-10 17:00:00,-0.4,42.9,100,308.0,1.0
2023-12-10 18:00:00,-0.5,45.1,100,230.0,1.0
2023-12-10 19:00:00,-0.8,45.3,100,173.0,1.0
2023-12-10 20:00:00,-0.8,47.0,100,112.0,1.0
2023-12-10 21:00:00,-0.5,45.9,100,72.0,1.0
2023-12-10 22:00:00,-0.7,47.5,100,44.0,1.0
2023-12-10 23:00:00,-0.7,49.6,100,33.0,1.0
2023-12-11 00:00:00,-0.4,50.6,100,32.0,1.0
2023-12-11 01:00:00,-0.4,53.6,100,43.0,1.0
2023-12-11 02:00:00,-0.3,54.1,100,63.0,1.0
2023-12-11 03:00:00,-0.1,54.3,100,101.0,1.0
2023-12-11 04:00:00,0.1,53.1,100,151.0,1.0
2023-12-11 05:00:00,0.2,51.0,100,201.0,1.0
2023-12-11 06:00:00,0.3,51.4,100,270.0,1.0
2023-12-11 07:00:00,0.5,54.9,100,354.0,1.0
2023-12-11 08:00:00,0.6,51.9,100,438.0,1.0
2023-12-11 09:00:00,0.7,48.0,100,504.0,1.0
2023-12-11 10:00:00,0.8,45.1,100,484.0,1.0
2023-12-11 11:00:00,1.0,43.3,100,471.0,1.0
2023-12-11 12:00:00,1.2,43.3,99,557.0,0.99
2023-12-11 13:00:00,1.0,45.9,100,553.0,1.0
2023-12-11 14:00:00,0.7,41.9,100,525.0,1.0
2023-12-11 15:00:00,0.4,39.6,100,427.0,1.0
2023-12-11 16:00:00,0.1,39.3,100,317.0,1.0
2023-12-11 17:00:00,-0.1,37.5,100,256.0,1.0
2023-12-11 18:00:00,-0.2,36.1,100,203.0,1.0
2023-12-11 19:00:00,-0.3,33.0,100,149.0,1.0
2023-12-11 20:00:00,-0.4,32.2,100,102.0,1.0
2023-12-11 21:00:00,-0.5,32.9,100,66.0,1.0
2023-12-11 22:00:00,-0.6,32.9,100,42.0,1.0
2023-12-11 23:00:00,-0.5,33.0,100,32.0,1.0
2023-12-12 00:00:00,-0.6,30.8,100,32.0,1.0
2023-12-12 01:00:00,-0.8,32.0,100,43.0,1.0
2023-12-12 02:00:00,-0.8,29.5,100,65.0,1.0
2023-12-12 03:00:00,-0.6,28.6,100,96.0,1.0
2023-12-12 04:00:00,-0.6,28.0,99,154.0,0.99
2023-12-12 05:00:00,-0.8,25.1,49,276.0,0.49
2023-12-12 06:00:00,-0.6,20.4,72,409.0,0.72
2023-12-12 07:00:00,-0.3,17.3,76,507.0,0.76
2023-12-12 08:00:00,0.4,15.6,99,610.0,0.99
2023-12-12 09:00:00,1.0,13.3,97,656.0,0.97
2023-12-12 10:00:00,1.3,10.3,100,707.0,1.0
2023-12-12 11:00:00,1.7,13.2,100,691.0,1.0
2023-12-12 12:00:00,1.5,28.9,100,589.0,1.0
2023-12-12 13:00:00,1.1,35.9,100,538.0,1.0
2023-12-12 14:00:00,0.9,25.1,100,566.0,1.0
2023-12-12 15:00:00,1.0,35.9,100,438.0,1.0
2023-12-12 16:00:00,0.6,32.7,100,352.0,1.0
2023-12-12 17:00:00,0.4,34.0,100,292.0,1.0
2023-12-12 18:00:00,0.4,31.4,100,237.0,1.0
2023-12-12 19:00:00,0.4,33.4,100,153.0,1.0
2023-12-12 20:00:00,0.0,35.8,100,116.0,1.0
2023-12-12 21:00:00,-0.3,37.2,100,73.0,1.0
2023-12-12 22:00:00,-0.5,41.4,100,51.0,1.0
2023-12-12 23:00:00,-0.8,44.4,100,34.0,1.0
2023-12-13 00:00:00,-1.1,44.7,100,33.0,1.0
2023-12-13 01:00:00,-1.1,41.8,100,48.0,1.0
2023-12-13 02:00:00,-1.6,44.2,100,76.0,1.0
2023-12-13 03:00:00,-1.3,41.6,100,127.0,1.0
2023-12-13 04:00:00,-1.1,38.4,100,185.0,1.0
2023-12-13 05:00:00,-1.0,42.3,100,247.0,1.0
2023-12-13 06:00:00,-1.1,41.6,99,362.0,0.99
2023-12-13 07:00:00,-1.0,38.3,100,474.0,1.0
2023-12-13 08:00:00,-0.5,37.5,100,549.0,1.0
2023-12-13 09:00:00,-0.6,39.0,100,577.0,1.0
2023-12-13 10:00:00,-0.2,36.0,100,671.0,1.0
2023-12-13 11:00:00,0.0,35.9,100,738.0,1.0
2023-12-13 12:00:00,0.1,36.2,100,723.0,1.0
2023-12-13 13:00:00,-0.0,34.6,100,686.0,1.0
2023-12-13 14:00:00,-0.0,35.7,100,635.0,1.0
2023-12-13 15:00:00,-0.2,32.7,96,584.0,0.96
2023-12-13 16:00:00,-0.4,31.6,91,517.0,0.91
2023-12-13 17:00:00,-0.5,32.0,98,418.0,0.98
2023-12-13 18:00:00,-0.9,32.6,100,283.0,1.0
2023-12-13 19:00:00,-1.2,31.9,98,173.0,0.98
2023-12-13 20:00:00,-1.6,30.9,95,125.0,0.95
2023-12-13 21:00:00,-1.7,30.6,81,86.0,0.81
2023-12-13 22:00:00,-2.2,28.3,83,62.0,0.83
2023-12-13 23:00:00,-2.3,27.6,96,45.0,0.96
2023-12-14 00:00:00,-2.3,27.3,95,41.0,0.95
2023-12-14 01:00:00,-2.3,27.4,98,54.0,0.98
2023-12-14 02:00:00,-2.2,26.2,94,85.0,0.94
2023-12-14 03:00:00,-2.2,25.4,91,138.0,0.91
2023-12-14 04:00:00,-2.0,24.9,85,224.0,0.85
2023-12-14 05:00:00,-1.6,24.3,76,304.0,0.76
2023-12-14 06:00:00,-1.3,23.8,94,415.0,0.94
2023-12-14 07:00:00,-0.8,22.7,85,496.0,0.85
2023-12-14 08:00:00,-0.2,22.2,67,608.0,0.67
2023-12-14 09:00:00,0.1,20.9,49,694.0,0.49
2023-12-14 10:00:00,0.4,18.4,30,758.0,0.3
2023-12-14 11:00:00,0.8,18.4,32,800.0,0.32
2023-12-14 12:00:00,0.9,22.3,52,802.0,0.52
2023-12-14 13:00:00,1.0,23.0,98,775.0,0.98
2023-12-14 14:00:00,0.9,22.8,99,713.0,0.99
2023-12-14 15:00:00,0.8,22.0,64,633.0,0.64
2023-12-14 16:00:00,0.3,21.3,26,563.0,0.26
2023-12-14 17:00:00,-0.2,21.9,21,466.0,0.21
2023-12-14 18:00:00,-0.7,22.4,6,364.0,0.06
2023-12-14 19:00:00,-1.3,22.9,8,269.0,0.08
2023-12-14 20:00:00,-1.8,22.8,21,185.0,0.21
2023-12-14 21:00:00,-2.2,23.2,28,118.0,0.28
2023-12-14 22:00:00,-2.4,24.4,13,74.0,0.13
2023-12-14 23:00:00,-2.6,24.7,2,53.0,0.02
2023-12-15 00:00:00,-2.7,26.5,0,51.0,0.0
2023-12-15 01:00:00,-2.1,25.0,0,69.0,0.0
2023-12-15 02:00:00,-2.0,27.3,0,107.0,0.0
2023-12-15 03:00:00,-1.9,28.5,5,167.0,0.05
2023-12-15 04:00:00,-1.7,24.4,19,247.0,0.19
2023-12-15 05:00:00,-1.5,20.6,13,340.0,0.13
2023-12-15 06:00:00,-1.1,28.5,22,445.0,0.22
2023-12-15 07:00:00,-0.9,25.6,18,545.0,0.18
2023-12-15 08:00:00,-0.6,23.1,17,641.0,0.17
2023-12-15 09:00:00,-0.2,20.1,15,719.0,0.15
2023-12-15 10:00:00,0.1,20.5,46,777.0,0.46
2023-12-15 11:00:00,0.1,20.0,67,806.0,0.67
2023-12-15 12:00:00,0.1,17.9,32,810.0,0.32
2023-12-15 13:00:00,0.2,13.9,0,789.0,0.0
2023-12-15 14:00:00,0.2,10.5,0,740.0,0.0
2023-12-15 15:00:00,-0.2,8.4,0,667.0,0.0
2023-12-15 16:00:00,-0.8,7.8,0,576.0,0.0
2023-12-15 17:00:00,-1.2,6.5,0,476.0,0.0
2023-12-15 18:00:00,0.2,5.1,0,372.0,0.0
2023-12-15 19:00:00,-0.3,5.6,0,273.0,0.0
2023-12-15 20:00:00,-2.0,6.6,0,188.0,0.0
2023-12-15 21:00:00,-0.9,5.7,0,122.0,0.0
2023-12-15 22:00:00,-1.2,3.7,0,77.0,0.0
2023-12-15 23:00:00,-1.7,4.9,0,55.0,0.0
2023-12-16 00:00:00,-2.0,5.4,0,52.0,0.0
2023-12-16 01:00:00,-1.4,4.3,0,69.0,0.0
2023-12-16 02:00:00,-1.8,3.7,0,108.0,0.0
2023-12-16 03:00:00,-2.1,4.9,0,169.0,0.0
2023-12-16 04:00:00,-5.1,7.1,0,250.0,0.0
2023-12-16 05:00:00,-5.4,8.3,0,346.0,0.0
2023-12-16 06:00:00,-4.7,7.9,0,449.0,0.0
2023-12-16 07:00:00,-3.5,8.7,0,552.0,0.0
2023-12-16 08:00:00,-2.4,8.8,0,647.0,0.0
2023-12-16 09:00:00,-1.4,7.3,0,727.0,0.0
2023-12-16 10:00:00,-0.7,9.5,0,786.0,0.0
2023-12-16 11:00:00,-0.7,15.3,0,818.0,0.0
2023-12-16 12:00:00,-0.9,14.5,0,822.0,0.0
2023-12-16 13:00:00,-0.7,8.4,0,797.0,0.0
2023-12-16 14:00:00,-0.8,4.2,0,747.0,0.0
2023-12-16 15:00:00,-0.4,1.8,0,674.0,0.0
2023-12-16 16:00:00,-1.4,4.7,0,583.0,0.0
2023-12-16 17:00:00,-2.4,6.1,0,482.0,0.0
2023-12-16 18:00:00,-3.2,7.2,0,378.0,0.0
2023-12-16 19:00:00,-4.4,8.4,0,280.0,0.0
2023-12-16 20:00:00,-5.1,8.6,0,194.0,0.0
2023-12-16 21:00:00,-4.7,7.2,0,126.0,0.0
2023-12-16 22:00:00,-3.0,5.1,0,80.0,0.0
2023-12-16 23:00:00,-3.3,3.7,0,57.0,0.0
2023-12-17 00:00:00,-3.4,3.4,0,54.0,0.0
2023-12-17 01:00:00,-1.9,3.3,0,71.0,0.0
2023-12-17 02:00:00,-2.3,5.0,0,110.0,0.0
2023-12-17 03:00:00,-4.6,7.4,0,171.0,0.0
2023-12-17 04:00:00,-6.1,8.3,0,253.0,0.0
2023-12-17 05:00:00,-5.9,10.2,0,349.0,0.0
2023-12-17 06:00:00,-4.5,12.6,0,452.0,0.0
2023-12-17 07:00:00,-3.2,16.1,0,555.0,0.0
2023-12-17 08:00:00,-2.8,21.1,0,649.0,0.0
2023-12-17 09:00:00,-2.3,19.5,0,727.0,0.0
2023-12-17 10:00:00,-2.0,16.9,0,784.0,0.0
2023-12-17 11:00:00,-1.7,12.6,0,818.0,0.0
2023-12-17 12:00:00,-1.5,7.6,0,824.0,0.0
2023-12-17 13:00:00,-1.2,6.0,75,796.0,0.75
2023-12-17 14:00:00,-1.3,5.2,100,744.0,1.0
2023-12-17 15:00:00,-1.7,6.2,100,667.0,1.0
2023-12-17 16:00:00,-2.1,9.0,100,564.0,1.0
2023-12-17 17:00:00,-2.6,12.7,100,454.0,1.0
2023-12-17 18:00:00,-3.3,13.4,100,348.0,1.0
2023-12-17 19:00:00,-4.4,12.8,100,244.0,1.0
2023-12-17 20:00:00,-5.0,12.5,100,167.0,1.0
2023-12-17 21:00:00,-6.1,11.4,100,106.0,1.0
2023-12-17 22:00:00,-6.6,11.8,100,68.0,1.0
2023-12-17 23:00:00,-6.6,9.6,99,50.0,0.99
2023-12-18 00:00:00,-4.2,6.4,11,51.0,0.11
2023-12-18 01:00:00,-3.3,2.6,23,70.0,0.23
2023-12-18 02:00:00,-5.2,6.8,0,109.0,0.0
2023-12-18 03:00:00,-3.9,3.5,0,170.0,0.0
2023-12-18 04:00:00,-7.3,10.5,10,250.0,0.1
2023-12-18 05:00:00,-5.9,16.1,4,345.0,0.04
2023-12-18 06:00:00,-5.4,21.1,0,449.0,0.0
2023-12-18 07:00:00,-4.8,21.4,2,552.0,0.02
2023-12-18 08:00:00,-4.4,20.3,5,645.0,0.05
2023-12-18 09:00:00,-4.1,18.5,4,723.0,0.04
2023-12-18 10:00:00,-4.0,18.2,1,782.0,0.01
2023-12-18 11:00:00,-3.9,19.1,0,815.0,0.0
2023-12-18 12:00:00,-3.8,18.7,0,819.0,0.0
2023-12-18 13:00:00,-3.8,17.5,3,794.0,0.03
2023-12-18 14:00:00,-3.9,17.2,1,745.0,0.01
2023-12-18 15:00:00,-4.0,16.5,1,673.0,0.01
2023-12-18 16:00:00,-4.3,16.1,0,583.0,0.0
2023-12-18 17:00:00,-4.8,16.7,0,482.0,0.0
2023-12-18 18:00:00,-5.4,18.4,0,378.0,0.0
2023-12-18 19:00:00,-6.0,19.7,2,279.0,0.02
2023-12-18 20:00:00,-6.5,20.5,22,192.0,0.22
2023-12-18 21:00:00,-7.0,21.4,8,124.0,0.08
2023-12-18 22:00:00,-7.4,21.9,14,79.0,0.14
2023-12-18 23:00:00,-7.7,22.1,12,56.0,0.12
2023-12-19 00:00:00,-7.9,21.9,9,53.0,0.09
2023-12-19 01:00:00,-7.4,20.3,4,69.0,0.04
2023-12-19 02:00:00,-7.2,20.8,0,107.0,0.0
2023-12-19 03:00:00,-7.0,20.5,0,168.0,0.0
2023-12-19 04:00:00,-6.7,19.1,0,249.0,0.0
2023-12-19 05:00:00,-6.4,18.7,1,345.0,0.01
2023-12-19 06:00:00,-6.0,18.9,0,449.0,0.0
2023-12-19 07:00:00,-5.5,19.0,3,552.0,0.03
2023-12-19 08:00:00,-5.0,18.7,56,646.0,0.56
2023-12-19 09:00:00,-4.7,18.9,22,725.0,0.22
2023-12-19 10:00:00,-4.4,19.1,14,783.0,0.14
2023-12-19 11:00:00,-4.2,19.4,79,814.0,0.79
2023-12-19 12:00:00,-4.1,19.8,37,819.0,0.37
2023-12-19 13:00:00,-3.9,20.9,23,792.0,0.23
2023-12-19 14:00:00,-4.0,21.4,21,743.0,0.21
2023-12-19 15:00:00,-4.2,21.5,32,670.0,0.32
2023-12-19 16:00:00,-4.4,21.8,59,576.0,0.59
2023-12-19 17:00:00,-4.6,22.6,80,458.0,0.8
2023-12-19 18:00:00,-5.1,23.2,99,340.0,0.99
2023-12-19 19:00:00,-5.5,24.7,99,245.0,0.99
2023-12-19 20:00:00,-6.0,25.8,98,163.0,0.98
2023-12-19 21:00:00,-6.3,26.9,98,102.0,0.98
2023-12-19 22:00:00,-6.5,27.7,94,64.0,0.94
2023-12-19 23:00:00,-6.7,28.3,97,45.0,0.97
2023-12-20 00:00:00,-7.0,28.9,99,43.0,0.99
2023-12-20 01:00:00,-5.6,28.7,100,46.0,1.0
2023-12-20 02:00:00,-5.7,29.2,99,65.0,0.99
2023-12-20 03:00:00,-5.5,29.5,100,104.0,1.0
2023-12-20 04:00:00,-5.4,29.6,100,150.0,1.0
2023-12-20 05:00:00,-5.3,28.9,100,216.0,1.0
2023-12-20 06:00:00,-5.1,27.3,100,291.0,1.0
2023-12-20 07:00:00,-5.0,25.1,100,336.0,1.0
2023-12-20 08:00:00,-4.8,24.3,100,416.0,1.0
2023-12-20 09:00:00,-4.6,24.6,100,533.0,1.0
2023-12-20 10:00:00,-4.2,24.5,100,605.0,1.0
2023-12-20 11:00:00,-3.8,24.2,100,634.0,1.0
2023-12-20 12:00:00,-3.7,23.1,100,606.0,1.0
2023-12-20 13:00:00,-3.3,19.5,99,601.0,0.99
2023-12-20 14:00:00,-3.2,17.9,100,635.0,1.0
2023-12-20 15:00:00,-3.2,16.9,100,604.0,1.0
2023-12-20 16:00:00,-3.4,16.3,100,501.0,1.0
2023-12-20 17:00:00,-3.5,15.5,100,395.0,1.0
2023-12-20 18:00:00,-4.0,15.1,97,290.0,0.97
2023-12-20 19:00:00,-4.5,15.7,92,225.0,0.92
2023-12-20 20:00:00,-5.4,16.8,85,159.0,0.85
2023-12-20 21:00:00,-6.3,17.7,85,112.0,0.85
2023-12-20 22:00:00,-6.8,17.6,62,73.0,0.62
2023-12-20 23:00:00,-7.2,17.0,32,53.0,0.32
2023-12-21 00:00:00,-7.4,17.3,20,51.0,0.2
2023-12-21 01:00:00,-6.8,16.6,30,63.0,0.3
2023-12-21 02:00:00,-6.9,16.9,10,102.0,0.1
2023-12-21 03:00:00,-6.5,17.4,9,164.0,0.09
2023-12-21 04:00:00,-6.2,17.0,9,244.0,0.09
2023-12-21 05:00:00,-5.7,17.1,1,336.0,0.01
2023-12-21 06:00:00,-5.3,18.5,0,446.0,0.0
2023-12-21 07:00:00,-5.0,18.7,12,550.0,0.12
2023-12-21 08:00:00,-4.8,21.3,7,644.0,0.07
2023-12-21 09:00:00,-4.7,21.5,7,724.0,0.07
2023-12-21 10:00:00,-4.5,20.9,0,783.0,0.0
2023-12-21 11:00:00,-4.3,20.2,0,816.0,0.0
2023-12-21 12:00:00,-4.1,19.4,0,822.0,0.0
2023-12-21 13:00:00,-3.8,19.5,0,801.0,0.0
2023-12-21 14:00:00,-3.8,21.7,0,751.0,0.0
2023-12-21 15:00:00,-4.2,24.6,2,678.0,0.02
2023-12-21 16:00:00,-4.7,26.6,0,587.0,0.0
2023-12-21 17:00:00,-5.1,27.3,73,486.0,0.73
2023-12-21 18:00:00,-5.6,28.4,99,377.0,0.99
2023-12-21 19:00:00,-6.0,29.9,100,264.0,1.0
2023-12-21 20:00:00,-6.3,31.6,100,171.0,1.0
2023-12-21 21:00:00,-6.7,32.6,100,112.0,1.0
2023-12-21 22:00:00,-7.0,34.2,100,69.0,1.0
2023-12-21 23:00:00,-7.1,36.8,100,49.0,1.0
2023-12-22 00:00:00,-7.0,40.1,100,46.0,1.0
2023-12-22 01:00:00,-5.8,40.2,100,52.0,1.0
2023-12-22 02:00:00,-5.7,40.9,100,79.0,1.0
2023-12-22 03:00:00,-5.6,41.9,100,112.0,1.0
2023-12-22 04:00:00,-5.3,42.5,100,168.0,1.0
2023-12-22 05:00:00,-5.1,43.5,99,254.0,0.99
2023-12-22 06:00:00,-4.9,45.8,100,354.0,1.0
2023-12-22 07:00:00,-4.4,46.6,100,442.0,1.0
2023-12-22 08:00:00,-3.6,48.2,100,498.0,1.0
2023-12-22 09:00:00,-3.1,51.5,100,560.0,1.0
2023-12-22 10:00:00,-2.9,50.8,100,611.0,1.0
2023-12-22 11:00:00,-2.7,52.6,100,672.0,1.0
2023-12-22 12:00:00,-2.5,54.4,100,679.0,1.0
2023-12-22 13:00:00,-2.7,52.4,100,669.0,1.0
2023-12-22 14:00:00,-2.7,51.5,100,611.0,1.0
2023-12-22 15:00:00,-2.8,52.4,100,524.0,1.0
2023-12-22 16:00:00,-2.9,50.0,100,464.0,1.0
2023-12-22 17:00:00,-2.9,50.1,100,361.0,1.0
2023-12-22 18:00:00,-2.9,51.9,100,272.0,1.0
2023-12-22 19:00:00,-2.9,53.5,100,201.0,1.0
2023-12-22 20:00:00,-3.1,54.1,100,136.0,1.0
2023-12-22 21:00:00,-3.3,54.3,100,91.0,1.0
2023-12-22 22:00:00,-3.5,54.1,100,60.0,1.0
2023-12-22 23:00:00,-3.5,54.0,100,46.0,1.0
2023-12-23 00:00:00,-3.4,53.5,100,43.0,1.0
2023-12-23 01:00:00,-3.1,50.0,100,55.0,1.0
2023-12-23 02:00:00,-2.9,47.7,100,86.0,1.0
2023-12-23 03:00:00,-2.7,45.6,100,133.0,1.0
2023-12-23 04:00:00,-2.5,45.6,100,203.0,1.0
2023-12-23 05:00:00,-2.3,43.2,100,292.0,1.0
2023-12-23 06:00:00,-2.1,40.0,100,413.0,1.0
2023-12-23 07:00:00,-1.6,38.2,97,513.0,0.97
2023-12-23 08:00:00,-1.1,35.3,100,628.0,1.0
2023-12-23 09:00:00,-0.5,31.0,98,710.0,0.98
2023-12-23 10:00:00,-0.0,26.1,100,760.0,1.0
2023-12-23 11:00:00,0.2,20.1,97,815.0,0.97
2023-12-23 12:00:00,0.4,14.9,10,826.0,0.1
2023-12-23 13:00:00,0.7,13.2,15,805.0,0.15
2023-12-23 14:00:00,0.5,10.7,5,757.0,0.05
2023-12-23 15:00:00,-0.1,5.6,1,683.0,0.01
2023-12-23 16:00:00,-0.8,7.1,0,592.0,0.0
2023-12-23 17:00:00,-1.8,9.3,0,491.0,0.0
2023-12-23 18:00:00,-2.1,13.3,0,387.0,0.0
2023-12-23 19:00:00,-2.6,15.9,0,288.0,0.0
2023-12-23 20:00:00,-2.4,19.5,0,201.0,0.0
2023-12-23 21:00:00,-2.6,20.9,4,132.0,0.04
2023-12-23 22:00:00,-3.2,21.3,21,84.0,0.21
2023-12-23 23:00:00,-3.6,22.0,39,59.0,0.39
2023-12-24 00:00:00,-3.7,23.1,16,55.0,0.16
2023-12-24 01:00:00,-4.6,19.0,0,71.0,0.0
2023-12-24 02:00:00,-5.0,19.0,0,109.0,0.0
2023-12-24 03:00:00,-4.8,18.2,2,168.0,0.02
2023-12-24 04:00:00,-4.8,17.5,10,251.0,0.1
2023-12-24 05:00:00,-3.3,16.8,73,326.0,0.73
2023-12-24 06:00:00,-1.8,15.5,44,406.0,0.44
2023-12-24 07:00:00,-1.6,17.1,37,543.0,0.37
2023-12-24 08:00:00,-0.3,16.6,65,637.0,0.65
2023-12-24 09:00:00,0.9,13.7,45,709.0,0.45
2023-12-24 10:00:00,1.4,11.9,39,775.0,0.39
2023-12-24 11:00:00,1.6,12.4,27,808.0,0.27
2023-12-24 12:00:00,2.0,11.4,56,812.0,0.56
2023-12-24 13:00:00,2.2,9.8,94,757.0,0.94
2023-12-24 14:00:00,2.4,9.4,96,684.0,0.96
2023-12-24 15:00:00,2.3,9.1,100,647.0,1.0
2023-12-24 16:00:00,1.9,8.8,100,543.0,1.0
2023-12-24 17:00:00,2.2,14.2,100,377.0,1.0
2023-12-24 18:00:00,1.3,10.9,100,233.0,1.0
2023-12-24 19:00:00,0.5,11.2,100,191.0,1.0
2023-12-24 20:00:00,0.5,12.2,100,125.0,1.0
2023-12-24 21:00:00,-0.0,14.7,100,87.0,1.0
2023-12-24 22:00:00,-0.2,15.3,100,57.0,1.0
2023-12-24 23:00:00,-0.1,17.0,100,41.0,1.0
2023-12-25 00:00:00,-0.6,18.1,100,40.0,1.0
2023-12-25 01:00:00,0.0,21.7,100,38.0,1.0
2023-12-25 02:00:00,-0.3,19.9,100,58.0,1.0
2023-12-25 03:00:00,-0.3,17.9,100,85.0,1.0
2023-12-25 04:00:00,-0.3,19.6,100,124.0,1.0
2023-12-25 05:00:00,-0.3,20.9,100,169.0,1.0
2023-12-25 06:00:00,0.2,20.5,93,288.0,0.93
2023-12-25 07:00:00,0.2,23.3,99,424.0,0.99
2023-12-25 08:00:00,0.3,25.3,96,474.0,0.96
2023-12-25 09:00:00,0.4,22.9,94,588.0,0.94
2023-12-25 10:00:00,0.2,24.9,84,677.0,0.84
2023-12-25 11:00:00,0.3,25.9,79,758.0,0.79
2023-12-25 12:00:00,0.0,25.2,97,726.0,0.97
2023-12-25 13:00:00,0.5,20.9,100,689.0,1.0
2023-12-25 14:00:00,0.5,19.8,100,722.0,1.0
2023-12-25 15:00:00,0.4,17.6,100,644.0,1.0
2023-12-25 16:00:00,0.2,17.7,100,540.0,1.0
2023-12-25 17:00:00,-0.4,17.2,100,451.0,1.0
2023-12-25 18:00:00,-1.1,16.2,100,355.0,1.0
2023-12-25 19:00:00,-1.8,17.3,100,249.0,1.0
2023-12-25 20:00:00,-2.2,21.0,100,157.0,1.0
2023-12-25 21:00:00,-2.3,23.8,100,97.0,1.0
2023-12-25 22:00:00,-2.6,25.4,100,64.0,1.0
2023-12-25 23:00:00,-3.0,26.3,100,45.0,1.0
2023-12-26 00:00:00,-3.2,26.4,100,40.0,1.0
2023-12-26 01:00:00,-3.0,26.0,100,50.0,1.0
2023-12-26 02:00:00,-3.0,26.0,100,73.0,1.0
2023-12-26 03:00:00,-3.1,25.5,100,117.0,1.0
2023-12-26 04:00:00,-2.9,25.8,100,181.0,1.0
2023-12-26 05:00:00,-2.8,25.0,100,269.0,1.0
2023-12-26 06:00:00,-2.6,26.1,100,364.0,1.0
2023-12-26 07:00:00,-2.3,26.0,100,489.0,1.0
2023-12-26 08:00:00,-1.8,25.5,100,603.0,1.0
2023-12-26 09:00:00,-1.5,24.6,100,683.0,1.0
2023-12-26 10:00:00,-1.2,24.6,100,728.0,1.0
2023-12-26 11:00:00,-0.9,23.5,100,757.0,1.0
2023-12-26 12:00:00,-0.9,25.0,100,758.0,1.0
2023-12-26 13:00:00,-1.1,21.0,100,748.0,1.0
2023-12-26 14:00:00,-1.0,20.3,100,701.0,1.0
2023-12-26 15:00:00,-1.1,20.0,100,632.0,1.0
2023-12-26 16:00:00,-1.3,20.2,100,522.0,1.0
2023-12-26 17:00:00,-1.7,20.3,100,431.0,1.0
2023-12-26 18:00:00,-2.3,19.4,100,331.0,1.0
2023-12-26 19:00:00,-2.8,18.4,100,231.0,1.0
2023-12-26 20:00:00,-3.3,18.3,100,148.0,1.0
2023-12-26 21:00:00,-3.7,19.6,94,100.0,0.94
2023-12-26 22:00:00,-4.3,21.9,97,66.0,0.97
2023-12-26 23:00:00,-4.2,24.2,97,47.0,0.97
2023-12-27 00:00:00,-4.6,25.4,91,43.0,0.91
2023-12-27 01:00:00,-4.4,26.0,100,53.0,1.0
2023-12-27 02:00:00,-4.3,26.6,100,74.0,1.0
2023-12-27 03:00:00,-4.2,28.0,100,118.0,1.0
2023-12-27 04:00:00,-4.2,28.7,100,180.0,1.0
2023-12-27 05:00:00,-3.9,29.3,100,250.0,1.0
2023-12-27 06:00:00,-3.8,30.3,100,280.0,1.0
2023-12-27 07:00:00,-3.4,32.0,100,372.0,1.0
2023-12-27 08:00:00,-3.2,32.9,100,385.0,1.0
2023-12-27 09:00:00,-3.1,36.4,100,411.0,1.0
2023-12-27 10:00:00,-2.6,37.9,100,501.0,1.0
2023-12-27 11:00:00,-2.3,38.7,100,564.0,1.0
2023-12-27 12:00:00,-2.2,38.4,96,560.0,0.96
2023-12-27 13:00:00,-2.3,35.5,100,595.0,1.0
2023-12-27 14:00:00,-2.3,35.9,100,624.0,1.0
2023-12-27 15:00:00,-2.2,35.3,100,607.0,1.0
2023-12-27 16:00:00,-2.4,35.6,100,528.0,1.0
2023-12-27 17:00:00,-2.5,34.3,100,399.0,1.0
2023-12-27 18:00:00,-2.8,33.6,100,302.0,1.0
2023-12-27 19:00:00,-3.0,33.8,100,229.0,1.0
2023-12-27 20:00:00,-3.1,31.7,100,144.0,1.0
2023-12-27 21:00:00,-3.2,29.7,100,95.0,1.0
2023-12-27 22:00:00,-3.4,30.3,100,59.0,1.0
2023-12-27 23:00:00,-3.4,30.4,100,41.0,1.0
2023-12-28 00:00:00,-3.3,29.2,100,37.0,1.0
2023-12-28 01:00:00,-3.6,24.3,100,54.0,1.0
2023-12-28 02:00:00,-3.2,22.1,100,78.0,1.0
2023-12-28 03:00:00,-3.1,21.5,100,123.0,1.0
2023-12-28 04:00:00,-2.8,18.7,99,203.0,0.99
2023-12-28 05:00:00,-3.0,15.0,100,289.0,1.0
2023-12-28 06:00:00,-2.3,11.2,100,413.0,1.0
2023-12-28 07:00:00,-1.9,10.8,100,512.0,1.0
2023-12-28 08:00:00,-0.6,13.5,100,578.0,1.0
2023-12-28 09:00:00,-0.2,12.4,100,641.0,1.0
2023-12-28 10:00:00,0.3,3.5,100,713.0,1.0
2023-12-28 11:00:00,-0.0,6.9,100,751.0,1.0
2023-12-28 12:00:00,-0.2,10.5,100,748.0,1.0
2023-12-28 13:00:00,1.0,5.9,100,734.0,1.0
2023-12-28 14:00:00,1.1,4.1,100,678.0,1.0
2023-12-28 15:00:00,1.0,4.2,100,600.0,1.0
2023-12-28 16:00:00,1.2,6.3,100,488.0,1.0
2023-12-28 17:00:00,0.8,8.3,100,411.0,1.0
2023-12-28 18:00:00,-0.2,9.8,100,317.0,1.0
2023-12-28 19:00:00,-0.5,10.1,100,214.0,1.0
2023-12-28 20:00:00,-0.6,12.1,100,146.0,1.0
2023-12-28 21:00:00,-0.1,17.7,100,94.0,1.0
2023-12-28 22:00:00,-0.1,20.7,100,59.0,1.0
2023-12-28 23:00:00,-0.3,22.3,100,43.0,1.0
2023-12-29 00:00:00,-0.3,25.0,100,39.0,1.0
2023-12-29 01:00:00,-0.2,24.9,100,49.0,1.0
2023-12-29 02:00:00,-0.2,25.6,99,79.0,0.99
2023-12-29 03:00:00,-0.2,24.8,98,131.0,0.98
2023-12-29 04:00:00,-0.1,26.3,100,196.0,1.0
2023-12-29 05:00:00,0.1,24.8,76,289.0,0.76
2023-12-29 06:00:00,0.1,22.7,4,417.0,0.04
2023-12-29 07:00:00,0.1,21.3,0,535.0,0.0
2023-12-29 08:00:00,0.3,19.8,0,634.0,0.0
2023-12-29 09:00:00,0.4,20.8,0,715.0,0.0
2023-12-29 10:00:00,0.5,20.7,0,776.0,0.0
2023-12-29 11:00:00,0.7,21.5,0,811.0,0.0
2023-12-29 12:00:00,0.7,22.1,0,818.0,0.0
2023-12-29 13:00:00,0.6,21.0,1,797.0,0.01
2023-12-29 14:00:00,0.5,21.1,96,749.0,0.96
2023-12-29 15:00:00,0.3,19.1,15,675.0,0.15
2023-12-29 16:00:00,-0.1,16.6,74,587.0,0.74
2023-12-29 17:00:00,-0.6,15.7,100,479.0,1.0
2023-12-29 18:00:00,-1.3,15.6,100,368.0,1.0
2023-12-29 19:00:00,-1.7,17.4,100,263.0,1.0
2023-12-29 20:00:00,-2.2,19.5,100,180.0,1.0
2023-12-29 21:00:00,-2.4,21.3,100,112.0,1.0
2023-12-29 22:00:00,-2.9,22.4,38,73.0,0.38
2023-12-29 23:00:00,-3.0,23.3,98,54.0,0.98
2023-12-30 00:00:00,-3.0,21.8,89,47.0,0.89
2023-12-30 01:00:00,-3.1,17.8,96,62.0,0.96
2023-12-30 02:00:00,-2.7,17.1,100,86.0,1.0
2023-12-30 03:00:00,-2.2,16.3,100,124.0,1.0
2023-12-30 04:00:00,-1.4,26.4,99,208.0,0.99
2023-12-30 05:00:00,-1.7,25.4,86,321.0,0.86
2023-12-30 06:00:00,-1.7,19.9,58,428.0,0.58
2023-12-30 07:00:00,-1.5,17.8,78,538.0,0.78
2023-12-30 08:00:00,-1.1,21.1,34,635.0,0.34
2023-12-30 09:00:00,-0.9,19.5,64,718.0,0.64
2023-12-30 10:00:00,-0.7,18.7,95,779.0,0.95
2023-12-30 11:00:00,-0.6,18.9,76,816.0,0.76
2023-12-30 12:00:00,-0.7,18.8,38,823.0,0.38
2023-12-30 13:00:00,-0.6,16.3,11,799.0,0.11
2023-12-30 14:00:00,-0.7,14.9,65,751.0,0.65
2023-12-30 15:00:00,-1.0,14.7,100,677.0,1.0
2023-12-30 16:00:00,-1.2,16.1,100,570.0,1.0
2023-12-30 17:00:00,-1.7,16.8,100,464.0,1.0
2023-12-30 18:00:00,-2.2,18.0,100,350.0,1.0
2023-12-30 19:00:00,-2.7,20.2,100,261.0,1.0
2023-12-30 20:00:00,-3.2,21.4,100,178.0,1.0
2023-12-30 21:00:00,-3.4,21.9,100,115.0,1.0
2023-12-30 22:00:00,-3.8,21.6,96,74.0,0.96
2023-12-30 23:00:00,-4.1,20.1,77,50.0,0.77
2023-12-31 00:00:00,-4.5,18.1,99,45.0,0.99
2023-12-31 01:00:00,-4.8,14.0,100,56.0,1.0
2023-12-31 02:00:00,-5.0,13.6,100,92.0,1.0
2023-12-31 03:00:00,-5.4,9.6,100,149.0,1.0
2023-12-31 04:00:00,-4.8,15.2,100,213.0,1.0
2023-12-31 05:00:00,-3.3,21.0,100,309.0,1.0
2023-12-31 06:00:00,-2.6,20.9,100,412.0,1.0
2023-12-31 07:00:00,-2.4,19.9,100,519.0,1.0
2023-12-31 08:00:00,-2.3,18.3,99,609.0,0.99
2023-12-31 09:00:00,-2.1,17.7,100,691.0,1.0
2023-12-31 10:00:00,-2.0,17.9,100,758.0,1.0
2023-12-31 11:00:00,-1.9,19.7,100,800.0,1.0
2023-12-31 12:00:00,-1.9,22.4,100,809.0,1.0
2023-12-31 13:00:00,-2.0,20.7,100,775.0,1.0
2023-12-31 14:00:00,-2.1,21.3,100,720.0,1.0
2023-12-31 15:00:00,-2.3,22.0,100,643.0,1.0
2023-12-31 16:00:00,-2.6,22.0,100,539.0,1.0
2023-12-31 17:00:00,-3.0,22.4,100,449.0,1.0
2023-12-31 18:00:00,-3.4,22.7,100,345.0,1.0
2023-12-31 19:00:00,-3.9,22.4,100,240.0,1.0
2023-12-31 20:00:00,-4.4,21.4,100,165.0,1.0
2023-12-31 21:00:00,-5.2,20.4,99,110.0,0.99
2023-12-31 22:00:00,-5.6,23.4,99,69.0,0.99
2023-12-31 23:00:00,-5.8,25.9,97,48.0,0.97
2024-01-01 00:00:00,-6.0,26.9,62,42.0,0.62
2024-01-01 01:00:00,-5.7,23.8,95,59.0,0.95
2024-01-01 02:00:00,-5.7,22.1,100,84.0,1.0
2024-01-01 03:00:00,-5.1,20.0,100,117.0,1.0
2024-01-01 04:00:00,-4.7,24.9,100,178.0,1.0
2024-01-01 05:00:00,-4.5,27.2,100,266.0,1.0
2024-01-01 06:00:00,-4.4,28.5,100,391.0,1.0
2024-01-01 07:00:00,-4.3,30.0,99,508.0,0.99
2024-01-01 08:00:00,-4.1,31.5,100,604.0,1.0
2024-01-01 09:00:00,-3.8,31.6,90,685.0,0.9
2024-01-01 10:00:00,-3.5,31.4,28,768.0,0.28
2024-01-01 11:00:00,-3.4,32.4,1,809.0,0.01
2024-01-01 12:00:00,-3.4,32.2,0,820.0,0.0
2024-01-01 13:00:00,-3.0,28.2,0,799.0,0.0
2024-01-01 14:00:00,-3.0,26.1,0,751.0,0.0
2024-01-01 15:00:00,-3.1,23.9,0,680.0,0.0
2024-01-01 16:00:00,-3.4,20.8,0,590.0,0.0
2024-01-01 17:00:00,-3.8,18.2,0,489.0,0.0
2024-01-01 18:00:00,-4.4,16.8,0,384.0,0.0
2024-01-01 19:00:00,-5.1,16.6,0,283.0,0.0
2024-01-01 20:00:00,-5.6,17.5,0,195.0,0.0
2024-01-01 21:00:00,-6.1,17.1,81,125.0,0.81
2024-01-01 22:00:00,-6.8,15.3,87,74.0,0.87
2024-01-01 23:00:00,-7.4,13.0,100,47.0,1.0
2024-01-02 00:00:00,-8.0,11.4,100,40.0,1.0
2024-01-02 01:00:00,-7.5,10.1,100,53.0,1.0
2024-01-02 02:00:00,-6.8,7.9,94,87.0,0.94
2024-01-02 03:00:00,-6.9,6.8,99,146.0,0.99
2024-01-02 04:00:00,-7.5,7.2,95,222.0,0.95
2024-01-02 05:00:00,-6.9,8.6,100,306.0,1.0
2024-01-02 06:00:00,-5.6,9.4,98,403.0,0.98
2024-01-02 07:00:00,-5.0,8.3,97,508.0,0.97
2024-01-02 08:00:00,-4.5,5.9,99,608.0,0.99
2024-01-02 09:00:00,-3.9,3.0,91,701.0,0.91
2024-01-02 10:00:00,-3.6,0.8,89,763.0,0.89
2024-01-02 11:00:00,-3.3,1.1,70,801.0,0.7
2024-01-02 12:00:00,-2.9,4.3,59,809.0,0.59
2024-01-02 13:00:00,-3.0,2.3,0,794.0,0.0
2024-01-02 14:00:00,-3.0,1.6,10,746.0,0.1
2024-01-02 15:00:00,-3.4,1.5,8,675.0,0.08
2024-01-02 16:00:00,-4.2,3.4,3,584.0,0.03
2024-01-02 17:00:00,-5.1,4.7,1,484.0,0.01
2024-01-02 18:00:00,-5.8,8.5,14,380.0,0.14
2024-01-02 19:00:00,-6.3,11.0,0,280.0,0.0
2024-01-02 20:00:00,-7.3,9.7,0,192.0,0.0
2024-01-02 21:00:00,-6.9,7.4,0,123.0,0.0
2024-01-02 22:00:00,-4.6,4.8,0,76.0,0.0
2024-01-02 23:00:00,-4.7,4.4,0,50.0,0.0
2024-01-03 00:00:00,-5.1,5.1,0,45.0,0.0
2024-01-03 01:00:00,-5.2,3.3,7,58.0,0.07
2024-01-03 02:00:00,-5.8,1.8,8,93.0,0.08
2024-01-03 03:00:00,-9.4,7.6,0,150.0,0.0
2024-01-03 04:00:00,-9.2,10.8,0,228.0,0.0
2024-01-03 05:00:00,-8.4,9.8,0,322.0,0.0
2024-01-03 06:00:00,-7.4,8.0,0,425.0,0.0
2024-01-03 07:00:00,-6.5,5.8,0,528.0,0.0
2024-01-03 08:00:00,-5.5,4.0,0,623.0,0.0
2024-01-03 09:00:00,-4.9,1.3,0,705.0,0.0
2024-01-03 10:00:00,-4.6,0.4,0,765.0,0.0
2024-01-03 11:00:00,-4.3,1.5,0,806.0,0.0
2024-01-03 12:00:00,-3.8,3.0,0,815.0,0.0
2024-01-03 13:00:00,-3.5,7.6,0,796.0,0.0
2024-01-03 14:00:00,-3.5,7.6,0,748.0,0.0
2024-01-03 15:00:00,-3.7,6.2,0,678.0,0.0
2024-01-03 16:00:00,-3.5,2.3,0,589.0,0.0
2024-01-03 17:00:00,-4.8,5.1,0,487.0,0.0
2024-01-03 18:00:00,-6.0,7.4,0,381.0,0.0
2024-01-03 19:00:00,-6.6,9.7,0,280.0,0.0
2024-01-03 20:00:00,-7.2,11.8,0,192.0,0.0
2024-01-03 21:00:00,-7.9,12.0,0,122.0,0.0
2024-01-03 22:00:00,-8.7,11.9,0,75.0,0.0
2024-01-03 23:00:00,-9.2,10.2,0,50.0,0.0
2024-01-04 00:00:00,-9.8,11.6,0,45.0,0.0
2024-01-04 01:00:00,-8.0,12.5,0,58.0,0.0
2024-01-04 02:00:00,-8.8,14.8,0,92.0,0.0
2024-01-04 03:00:00,-8.7,14.3,0,150.0,0.0
2024-01-04 04:00:00,-8.0,13.2,0,229.0,0.0
2024-01-04 05:00:00,-7.5,12.9,0,324.0,0.0
2024-01-04 06:00:00,-6.7,12.7,0,429.0,0.0
2024-01-04 07:00:00,-5.6,11.0,0,534.0,0.0
2024-01-04 08:00:00,-4.5,10.9,0,631.0,0.0
2024-01-04 09:00:00,-3.8,14.8,0,714.0,0.0
2024-01-04 10:00:00,-3.6,17.2,0,775.0,0.0
2024-01-04 11:00:00,-3.4,16.3,0,810.0,0.0
2024-01-04 12:00:00,-3.4,15.0,0,817.0,0.0
2024-01-04 13:00:00,-3.1,10.8,0,795.0,0.0
2024-01-04 14:00:00,-3.3,10.2,0,747.0,0.0
2024-01-04 15:00:00,-3.6,9.3,0,676.0,0.0
2024-01-04 16:00:00,-4.2,8.4,0,587.0,0.0
2024-01-04 17:00:00,-5.0,8.9,0,486.0,0.0
2024-01-04 18:00:00,-6.0,8.9,0,382.0,0.0
2024-01-04 19:00:00,-6.9,9.2,0,281.0,0.0
2024-01-04 20:00:00,-7.6,9.0,0,193.0,0.0
2024-01-04 21:00:00,-8.3,9.7,0,122.0,0.0
2024-01-04 22:00:00,-8.7,10.0,0,75.0,0.0
2024-01-04 23:00:00,-8.1,8.6,0,49.0,0.0
2024-01-05 00:00:00,-7.9,8.1,0,44.0,0.0
2024-01-05 01:00:00,-7.5,6.9,0,56.0,0.0
2024-01-05 02:00:00,-9.9,9.4,0,90.0,0.0
2024-01-05 03:00:00,-9.5,11.2,0,146.0,0.0
2024-01-05 04:00:00,-9.2,11.5,0,224.0,0.0
2024-01-05 05:00:00,-8.1,12.0,0,318.0,0.0
2024-01-05 06:00:00,-6.8,12.6,0,422.0,0.0
2024-01-05 07:00:00,-6.0,12.2,0,527.0,0.0
2024-01-05 08:00:00,-5.4,10.2,0,624.0,0.0
2024-01-05 09:00:00,-4.8,6.6,0,707.0,0.0
2024-01-05 10:00:00,-4.2,1.8,0,769.0,0.0
2024-01-05 11:00:00,-4.1,2.6,0,806.0,0.0
2024-01-05 12:00:00,-4.4,5.8,0,815.0,0.0
2024-01-05 13:00:00,-3.5,6.3,0,794.0,0.0
2024-01-05 14:00:00,-3.8,6.6,0,747.0,0.0
2024-01-05 15:00:00,-4.1,5.4,0,676.0,0.0
2024-01-05 16:00:00,-4.9,4.9,0,586.0,0.0
2024-01-05 17:00:00,-4.3,3.5,0,486.0,0.0
2024-01-05 18:00:00,-4.3,3.2,0,381.0,0.0
2024-01-05 19:00:00,-4.5,3.3,0,280.0,0.0
2024-01-05 20:00:00,-4.8,4.4,0,191.0,0.0
2024-01-05 21:00:00,-4.8,5.3,0,121.0,0.0
2024-01-05 22:00:00,-5.1,5.7,0,72.0,0.0
2024-01-05 23:00:00,-5.2,5.2,0,47.0,0.0
2024-01-06 00:00:00,-5.2,5.5,4,41.0,0.04
2024-01-06 01:00:00,-5.2,5.8,2,53.0,0.02
2024-01-06 02:00:00,-8.7,7.9,0,87.0,0.0
2024-01-06 03:00:00,-9.4,12.3,1,143.0,0.01
2024-01-06 04:00:00,-8.3,12.5,4,221.0,0.04
2024-01-06 05:00:00,-7.3,12.8,0,315.0,0.0
2024-01-06 06:00:00,-6.7,11.3,0,418.0,0.0
2024-01-06 07:00:00,-6.0,8.9,0,522.0,0.0
2024-01-06 08:00:00,-5.3,5.6,0,619.0,0.0
2024-01-06 09:00:00,-4.3,3.3,2,703.0,0.02
2024-01-06 10:00:00,-3.5,1.3,0,766.0,0.0
2024-01-06 11:00:00,-3.7,0.8,5,803.0,0.05
2024-01-06 12:00:00,-3.5,3.9,3,812.0,0.03
2024-01-06 13:00:00,-3.0,3.1,1,793.0,0.01
2024-01-06 14:00:00,-3.2,3.7,0,745.0,0.0
2024-01-06 15:00:00,-3.6,3.8,0,674.0,0.0
2024-01-06 16:00:00,-4.2,6.1,1,584.0,0.01
2024-01-06 17:00:00,-5.0,7.4,5,483.0,0.05
2024-01-06 18:00:00,-5.8,9.5,0,378.0,0.0
2024-01-06 19:00:00,-6.5,11.0,0,277.0,0.0
2024-01-06 20:00:00,-7.4,11.2,0,189.0,0.0
2024-01-06 21:00:00,-7.3,8.5,0,118.0,0.0
2024-01-06 22:00:00,-5.2,6.8,4,71.0,0.04
2024-01-06 23:00:00,-4.3,5.6,2,45.0,0.02
2024-01-07 00:00:00,-5.0,6.6,0,39.0,0.0
2024-01-07 01:00:00,-7.7,9.0,0,51.0,0.0
2024-01-07 02:00:00,-8.8,10.8,0,84.0,0.0
2024-01-07 03:00:00,-8.6,10.7,0,141.0,0.0
2024-01-07 04:00:00,-7.6,7.9,0,220.0,0.0
2024-01-07 05:00:00,-7.5,7.9,0,315.0,0.0
2024-01-07 06:00:00,-7.3,7.2,0,418.0,0.0
2024-01-07 07:00:00,-6.2,5.1,0,523.0,0.0
2024-01-07 08:00:00,-4.6,3.3,0,621.0,0.0
2024-01-07 09:00:00,-4.0,2.9,0,704.0,0.0
2024-01-07 10:00:00,-3.5,2.3,0,766.0,0.0
2024-01-07 11:00:00,-3.4,4.0,0,802.0,0.0
2024-01-07 12:00:00,-3.4,4.7,0,811.0,0.0
2024-01-07 13:00:00,-2.8,1.9,0,791.0,0.0
2024-01-07 14:00:00,-3.3,2.3,0,744.0,0.0
2024-01-07 15:00:00,-3.5,1.1,0,673.0,0.0
2024-01-07 16:00:00,-3.4,0.8,0,584.0,0.0
2024-01-07 17:00:00,-3.7,1.5,0,483.0,0.0
2024-01-07 18:00:00,-4.1,2.4,0,378.0,0.0
2024-01-07 19:00:00,-4.4,4.6,0,277.0,0.0
2024-01-07 20:00:00,-4.5,5.0,0,188.0,0.0
2024-01-07 21:00:00,-5.5,6.4,0,118.0,0.0
2024-01-07 22:00:00,-6.8,8.0,0,69.0,0.0
2024-01-07 23:00:00,-8.4,9.6,0,44.0,0.0
2024-01-08 00:00:00,-9.0,13.0,0,38.0,0.0
2024-01-08 01:00:00,-8.6,12.3,0,50.0,0.0
2024-01-08 02:00:00,-8.6,12.8,8,84.0,0.08
2024-01-08 03:00:00,-8.2,11.9,6,141.0,0.06
2024-01-08 04:00:00,-7.1,12.7,21,219.0,0.21
2024-01-08 05:00:00,-4.9,18.9,14,313.0,0.14
2024-01-08 06:00:00,-4.1,22.6,0,417.0,0.0
2024-01-08 07:00:00,-3.7,26.6,0,521.0,0.0
2024-01-08 08:00:00,-3.6,28.8,0,618.0,0.0
2024-01-08 09:00:00,-3.3,27.3,0,699.0,0.0
2024-01-08 10:00:00,-3.0,23.7,0,760.0,0.0
2024-01-08 11:00:00,-2.6,20.7,6,799.0,0.06
2024-01-08 12:00:00,-2.5,19.6,23,808.0,0.23
2024-01-08 13:00:00,-2.0,19.9,29,786.0,0.29
2024-01-08 14:00:00,-2.3,18.0,56,738.0,0.56
2024-01-08 15:00:00,-2.6,16.3,46,666.0,0.46
2024-01-08 16:00:00,-3.0,14.7,27,577.0,0.27
2024-01-08 17:00:00,-3.6,14.3,33,477.0,0.33
2024-01-08 18:00:00,-4.0,16.3,4,372.0,0.04
2024-01-08 19:00:00,-4.4,17.9,1,272.0,0.01
2024-01-08 20:00:00,-4.8,19.5,0,184.0,0.0
2024-01-08 21:00:00,-5.1,20.3,18,114.0,0.18
2024-01-08 22:00:00,-5.7,18.7,0,67.0,0.0
2024-01-08 23:00:00,-6.4,16.5,42,41.0,0.42
2024-01-09 00:00:00,-7.6,12.9,2,35.0,0.02
2024-01-09 01:00:00,-7.0,14.3,20,47.0,0.2
2024-01-09 02:00:00,-8.2,14.5,7,79.0,0.07
2024-01-09 03:00:00,-8.4,12.8,2,134.0,0.02
2024-01-09 04:00:00,-7.2,13.3,0,210.0,0.0
2024-01-09 05:00:00,-5.7,14.1,3,304.0,0.03
2024-01-09 06:00:00,-4.7,12.9,6,406.0,0.06
2024-01-09 07:00:00,-4.4,8.6,8,511.0,0.08
2024-01-09 08:00:00,-3.0,3.7,0,608.0,0.0
2024-01-09 09:00:00,-2.3,1.9,0,692.0,0.0
2024-01-09 10:00:00,-2.6,4.0,0,754.0,0.0
2024-01-09 11:00:00,-2.4,4.8,0,791.0,0.0
2024-01-09 12:00:00,-2.3,2.4,0,801.0,0.0
2024-01-09 13:00:00,-1.6,3.1,0,781.0,0.0
2024-01-09 14:00:00,-1.4,1.6,0,734.0,0.0
2024-01-09 15:00:00,-1.2,2.3,0,664.0,0.0
2024-01-09 16:00:00,-1.1,2.6,0,576.0,0.0
2024-01-09 17:00:00,-1.3,3.6,0,475.0,0.0
2024-01-09 18:00:00,-1.5,4.3,0,370.0,0.0
2024-01-09 19:00:00,-2.1,4.4,0,270.0,0.0
2024-01-09 20:00:00,-2.7,4.7,0,181.0,0.0
2024-01-09 21:00:00,-3.3,4.8,0,111.0,0.0
2024-01-09 22:00:00,-3.6,4.3,0,64.0,0.0
2024-01-09 23:00:00,-4.2,5.4,0,39.0,0.0
2024-01-10 00:00:00,-5.3,6.1,0,33.0,0.0
2024-01-10 01:00:00,-4.7,5.1,0,44.0,0.0
2024-01-10 02:00:00,-4.8,3.0,0,76.0,0.0
2024-01-10 03:00:00,-5.2,1.4,0,130.0,0.0
2024-01-10 04:00:00,-5.5,1.3,0,205.0,0.0
2024-01-10 05:00:00,-5.6,1.8,0,298.0,0.0
2024-01-10 06:00:00,-6.6,5.4,0,401.0,0.0
2024-01-10 07:00:00,-6.4,7.9,22,504.0,0.22
2024-01-10 08:00:00,-5.5,9.2,25,600.0,0.25
2024-01-10 09:00:00,-4.6,7.8,6,683.0,0.06
2024-01-10 10:00:00,-4.1,3.9,18,748.0,0.18
2024-01-10 11:00:00,-3.7,3.8,26,787.0,0.26
2024-01-10 12:00:00,-3.4,6.8,26,799.0,0.26
2024-01-10 13:00:00,-3.2,5.9,10,782.0,0.1
2024-01-10 14:00:00,-3.6,8.9,13,737.0,0.13
2024-01-10 15:00:00,-3.8,7.4,6,665.0,0.06
2024-01-10 16:00:00,-4.4,8.3,1,576.0,0.01
2024-01-10 17:00:00,-5.3,7.4,0,477.0,0.0
2024-01-10 18:00:00,-5.6,11.3,0,372.0,0.0
2024-01-10 19:00:00,-5.3,17.7,5,271.0,0.05
2024-01-10 20:00:00,-7.6,12.1,0,183.0,0.0
2024-01-10 21:00:00,-8.8,10.4,0,112.0,0.0
2024-01-10 22:00:00,-7.9,9.2,0,63.0,0.0
2024-01-10 23:00:00,-9.8,12.2,0,38.0,0.0
2024-01-11 00:00:00,-9.2,14.8,0,32.0,0.0
2024-01-11 01:00:00,-7.2,18.4,0,43.0,0.0
2024-01-11 02:00:00,-7.5,16.9,0,75.0,0.0
2024-01-11 03:00:00,-7.3,16.2,0,130.0,0.0
2024-01-11 04:00:00,-6.8,15.9,0,207.0,0.0
2024-01-11 05:00:00,-6.3,15.1,0,300.0,0.0
2024-01-11 06:00:00,-5.8,14.1,0,404.0,0.0
2024-01-11 07:00:00,-4.8,14.3,0,508.0,0.0
2024-01-11 08:00:00,-4.2,11.9,0,607.0,0.0
2024-01-11 09:00:00,-3.8,8.2,0,691.0,0.0
2024-01-11 10:00:00,-3.3,5.7,0,754.0,0.0
2024-01-11 11:00:00,-2.9,3.3,0,792.0,0.0
2024-01-11 12:00:00,-2.4,1.1,0,802.0,0.0
2024-01-11 13:00:00,-2.5,3.3,0,781.0,0.0
2024-01-11 14:00:00,-2.6,6.7,0,734.0,0.0
2024-01-11 15:00:00,-2.9,8.4,0,664.0,0.0
2024-01-11 16:00:00,-3.5,8.9,0,575.0,0.0
2024-01-11 17:00:00,-4.5,8.2,0,475.0,0.0
2024-01-11 18:00:00,-5.6,9.3,0,370.0,0.0
2024-01-11 19:00:00,-6.7,10.4,0,268.0,0.0
2024-01-11 20:00:00,-7.3,9.0,0,179.0,0.0
2024-01-11 21:00:00,-5.9,7.2,0,108.0,0.0
2024-01-11 22:00:00,-6.0,7.3,0,60.0,0.0
2024-01-11 23:00:00,-4.5,6.4,0,35.0,0.0
2024-01-12 00:00:00,-4.4,3.8,0,29.0,0.0
2024-01-12 01:00:00,-4.1,5.4,0,40.0,0.0
2024-01-12 02:00:00,-4.4,4.3,0,70.0,0.0
2024-01-12 03:00:00,-3.8,4.7,0,124.0,0.0
2024-01-12 04:00:00,-4.9,6.0,0,200.0,0.0
2024-01-12 05:00:00,-6.3,6.8,0,293.0,0.0
2024-01-12 06:00:00,-6.9,7.0,0,395.0,0.0
2024-01-12 07:00:00,-6.3,7.5,0,500.0,0.0
2024-01-12 08:00:00,-5.6,7.3,0,597.0,0.0
2024-01-12 09:00:00,-4.8,6.9,0,681.0,0.0
2024-01-12 10:00:00,-4.2,6.0,0,745.0,0.0
2024-01-12 11:00:00,-3.7,5.2,0,784.0,0.0
2024-01-12 12:00:00,-3.3,4.8,0,795.0,0.0
2024-01-12 13:00:00,-2.6,5.6,0,775.0,0.0
2024-01-12 14:00:00,-2.7,5.9,0,730.0,0.0
2024-01-12 15:00:00,-3.2,6.4,1,660.0,0.01
2024-01-12 16:00:00,-3.7,5.7,34,570.0,0.34
2024-01-12 17:00:00,-3.5,5.4,69,465.0,0.69
2024-01-12 18:00:00,-2.5,3.7,35,360.0,0.35
2024-01-12 19:00:00,-2.7,3.8,0,263.0,0.0
2024-01-12 20:00:00,-3.3,5.4,0,175.0,0.0
2024-01-12 21:00:00,-3.6,4.9,0,105.0,0.0
2024-01-12 22:00:00,-3.8,5.7,0,57.0,0.0
2024-01-12 23:00:00,-7.1,8.3,2,33.0,0.02
2024-01-13 00:00:00,-9.5,14.4,0,27.0,0.0
2024-01-13 01:00:00,-6.8,16.3,0,37.0,0.0
2024-01-13 02:00:00,-6.6,18.1,0,67.0,0.0
2024-01-13 03:00:00,-6.2,18.4,0,120.0,0.0
2024-01-13 04:00:00,-5.8,19.4,0,196.0,0.0
2024-01-13 05:00:00,-5.2,22.5,0,288.0,0.0
2024-01-13 06:00:00,-4.8,23.4,0,391.0,0.0
2024-01-13 07:00:00,-4.5,24.6,0,496.0,0.0
2024-01-13 08:00:00,-4.2,23.2,0,593.0,0.0
2024-01-13 09:00:00,-3.8,19.3,0,676.0,0.0
2024-01-13 10:00:00,-3.4,15.3,0,739.0,0.0
2024-01-13 11:00:00,-2.9,11.6,0,779.0,0.0
2024-01-13 12:00:00,-2.5,9.3,0,790.0,0.0
2024-01-13 13:00:00,-2.6,6.2,0,773.0,0.0
2024-01-13 14:00:00,-2.8,3.7,0,728.0,0.0
2024-01-13 15:00:00,-2.4,3.4,0,660.0,0.0
2024-01-13 16:00:00,-2.6,4.0,0,572.0,0.0
2024-01-13 17:00:00,-2.5,4.2,0,472.0,0.0
2024-01-13 18:00:00,-4.2,5.8,0,367.0,0.0
2024-01-13 19:00:00,-7.1,9.4,0,265.0,0.0
2024-01-13 20:00:00,-7.5,12.8,0,175.0,0.0
2024-01-13 21:00:00,-8.2,13.4,0,105.0,0.0
2024-01-13 22:00:00,-8.9,16.3,0,57.0,0.0
2024-01-13 23:00:00,-9.0,17.3,0,32.0,0.0
2024-01-14 00:00:00,-8.9,18.4,0,26.0,0.0
2024-01-14 01:00:00,-6.6,25.0,0,36.0,0.0
2024-01-14 02:00:00,-6.1,30.6,0,67.0,0.0
2024-01-14 03:00:00,-6.2,30.4,0,122.0,0.0
2024-01-14 04:00:00,-6.1,33.6,0,198.0,0.0
2024-01-14 05:00:00,-6.0,33.5,53,293.0,0.53
2024-01-14 06:00:00,-5.7,33.2,100,387.0,1.0
2024-01-14 07:00:00,-5.3,32.2,100,473.0,1.0
2024-01-14 08:00:00,-4.8,32.7,100,540.0,1.0
2024-01-14 09:00:00,-4.2,32.1,100,570.0,1.0
2024-01-14 10:00:00,-3.8,32.2,100,599.0,1.0
2024-01-14 11:00:00,-3.4,32.9,100,642.0,1.0
2024-01-14 12:00:00,-3.2,33.6,100,640.0,1.0
2024-01-14 13:00:00,-3.6,31.4,100,626.0,1.0
2024-01-14 14:00:00,-3.5,32.3,100,567.0,1.0
2024-01-14 15:00:00,-3.5,33.2,100,504.0,1.0
2024-01-14 16:00:00,-3.4,33.1,100,438.0,1.0
2024-01-14 17:00:00,-3.3,33.5,100,353.0,1.0
2024-01-14 18:00:00,-3.4,34.0,100,261.0,1.0
2024-01-14 19:00:00,-3.6,32.6,100,180.0,1.0
2024-01-14 20:00:00,-3.8,30.8,100,112.0,1.0
2024-01-14 21:00:00,-4.1,31.7,95,73.0,0.95
2024-01-14 22:00:00,-4.7,31.7,100,44.0,1.0
2024-01-14 23:00:00,-5.1,31.2,100,23.0,1.0
2024-01-15 00:00:00,-5.3,32.5,100,18.0,1.0
2024-01-15 01:00:00,-4.7,30.6,100,23.0,1.0
2024-01-15 02:00:00,-4.8,29.2,100,43.0,1.0
2024-01-15 03:00:00,-5.0,29.3,100,83.0,1.0
2024-01-15 04:00:00,-4.9,29.1,100,135.0,1.0
2024-01-15 05:00:00,-4.6,28.7,100,213.0,1.0
2024-01-15 06:00:00,-4.2,27.6,100,299.0,1.0
2024-01-15 07:00:00,-3.8,26.9,100,391.0,1.0
2024-01-15 08:00:00,-3.5,26.0,100,500.0,1.0
2024-01-15 09:00:00,-3.1,25.8,100,592.0,1.0
2024-01-15 10:00:00,-2.8,26.4,100,660.0,1.0
2024-01-15 11:00:00,-2.7,25.6,100,711.0,1.0
2024-01-15 12:00:00,-2.6,24.8,100,722.0,1.0
2024-01-15 13:00:00,-2.8,23.1,100,692.0,1.0
2024-01-15 14:00:00,-2.7,22.3,100,658.0,1.0
2024-01-15 15:00:00,-2.8,20.5,100,567.0,1.0
2024-01-15 16:00:00,-3.0,18.8,100,466.0,1.0
2024-01-15 17:00:00,-3.2,18.1,100,372.0,1.0
2024-01-15 18:00:00,-3.5,19.0,99,297.0,0.99
2024-01-15 19:00:00,-4.2,19.8,74,214.0,0.74
2024-01-15 20:00:00,-4.8,20.7,96,149.0,0.96
2024-01-15 21:00:00,-5.3,21.3,98,86.0,0.98
2024-01-15 22:00:00,-5.6,21.9,87,45.0,0.87
2024-01-15 23:00:00,-5.5,22.4,98,23.0,0.98
2024-01-16 00:00:00,-5.4,23.2,100,17.0,1.0
2024-01-16 01:00:00,-5.3,22.5,64,26.0,0.64
2024-01-16 02:00:00,-5.4,19.5,70,49.0,0.7
2024-01-16 03:00:00,-5.7,17.3,82,98.0,0.82
2024-01-16 04:00:00,-4.8,19.9,82,163.0,0.82
2024-01-16 05:00:00,-4.4,21.5,64,255.0,0.64
2024-01-16 06:00:00,-4.1,22.7,94,364.0,0.94
2024-01-16 07:00:00,-3.7,22.1,88,465.0,0.88
2024-01-16 08:00:00,-3.4,19.7,35,568.0,0.35
2024-01-16 09:00:00,-2.9,19.1,16,658.0,0.16
2024-01-16 10:00:00,-2.6,20.9,3,724.0,0.03
2024-01-16 11:00:00,-2.4,20.4,1,764.0,0.01
2024-01-16 12:00:00,-2.3,17.8,0,776.0,0.0
2024-01-16 13:00:00,-1.4,15.7,7,757.0,0.07
2024-01-16 14:00:00,-1.5,16.2,9,712.0,0.09
2024-01-16 15:00:00,-1.7,17.3,10,642.0,0.1
2024-01-16 16:00:00,-1.9,19.2,5,553.0,0.05
2024-01-16 17:00:00,-2.4,20.4,0,453.0,0.0
2024-01-16 18:00:00,-2.8,22.5,0,348.0,0.0
2024-01-16 19:00:00,-3.2,25.1,0,247.0,0.0
2024-01-16 20:00:00,-3.7,25.5,0,159.0,0.0
2024-01-16 21:00:00,-4.6,23.1,0,91.0,0.0
2024-01-16 22:00:00,-5.9,18.0,1,46.0,0.01
2024-01-16 23:00:00,-6.4,19.3,2,22.0,0.02
2024-01-17 00:00:00,-6.0,24.2,1,17.0,0.01
2024-01-17 01:00:00,-5.0,26.9,1,25.0,0.01
2024-01-17 02:00:00,-5.0,27.7,0,51.0,0.0
2024-01-17 03:00:00,-5.1,27.3,0,100.0,0.0
2024-01-17 04:00:00,-4.8,25.9,5,170.0,0.05
2024-01-17 05:00:00,-4.4,24.9,68,256.0,0.68
2024-01-17 06:00:00,-3.9,24.0,66,340.0,0.66
2024-01-17 07:00:00,-3.3,23.2,100,413.0,1.0
2024-01-17 08:00:00,-3.0,23.0,97,473.0,0.97
2024-01-17 09:00:00,-2.8,23.2,46,619.0,0.46
2024-01-17 10:00:00,-2.6,22.5,9,716.0,0.09
2024-01-17 11:00:00,-2.3,21.3,30,756.0,0.3
2024-01-17 12:00:00,-2.1,19.9,38,764.0,0.38
2024-01-17 13:00:00,-1.8,19.1,37,683.0,0.37
2024-01-17 14:00:00,-1.8,17.4,0,698.0,0.0
2024-01-17 15:00:00,-1.9,15.6,0,634.0,0.0
2024-01-17 16:00:00,-2.2,13.8,0,545.0,0.0
2024-01-17 17:00:00,-2.7,12.2,0,446.0,0.0
2024-01-17 18:00:00,-3.6,10.9,0,342.0,0.0
2024-01-17 19:00:00,-4.5,10.6,0,242.0,0.0
2024-01-17 20:00:00,-4.9,7.7,0,154.0,0.0
2024-01-17 21:00:00,-4.2,7.1,2,86.0,0.02
2024-01-17 22:00:00,-2.2,5.8,0,42.0,0.0
2024-01-17 23:00:00,-3.5,6.6,0,19.0,0.0
2024-01-18 00:00:00,-4.5,6.9,4,14.0,0.04
2024-01-18 01:00:00,-5.0,8.4,6,21.0,0.06
2024-01-18 02:00:00,-4.8,12.6,1,47.0,0.01
2024-01-18 03:00:00,-3.8,15.0,22,95.0,0.22
2024-01-18 04:00:00,-3.0,15.6,42,165.0,0.42
2024-01-18 05:00:00,-2.4,14.8,96,237.0,0.96
2024-01-18 06:00:00,-1.6,13.1,87,293.0,0.87
2024-01-18 07:00:00,-1.1,14.7,89,399.0,0.89
2024-01-18 08:00:00,-0.7,18.0,86,498.0,0.86
2024-01-18 09:00:00,-0.4,20.3,82,566.0,0.82
2024-01-18 10:00:00,-0.2,19.8,60,642.0,0.6
2024-01-18 11:00:00,0.2,18.5,66,690.0,0.66
2024-01-18 12:00:00,0.4,17.7,80,686.0,0.8
2024-01-18 13:00:00,0.6,14.1,52,714.0,0.52
2024-01-18 14:00:00,0.7,13.4,78,652.0,0.78
2024-01-18 15:00:00,0.6,13.0,90,539.0,0.9
2024-01-18 16:00:00,0.5,12.3,97,453.0,0.97
2024-01-18 17:00:00,0.2,12.3,97,349.0,0.97
2024-01-18 18:00:00,0.3,12.1,100,255.0,1.0
2024-01-18 19:00:00,0.3,13.9,100,146.0,1.0
2024-01-18 20:00:00,0.1,15.5,100,95.0,1.0
2024-01-18 21:00:00,-0.1,17.2,100,57.0,1.0
2024-01-18 22:00:00,-0.3,19.0,99,29.0,0.99
2024-01-18 23:00:00,-0.5,16.9,96,15.0,0.96
2024-01-19 00:00:00,-1.2,18.7,98,11.0,0.98
2024-01-19 01:00:00,-0.2,24.9,100,17.0,1.0
2024-01-19 02:00:00,0.1,25.9,100,34.0,1.0
2024-01-19 03:00:00,-0.1,25.3,100,67.0,1.0
2024-01-19 04:00:00,0.0,25.0,100,115.0,1.0
2024-01-19 05:00:00,-0.0,24.1,100,190.0,1.0
2024-01-19 06:00:00,0.0,21.9,100,275.0,1.0
2024-01-19 07:00:00,0.0,26.9,100,392.0,1.0
2024-01-19 08:00:00,0.1,24.0,100,512.0,1.0
2024-01-19 09:00:00,0.2,21.6,100,604.0,1.0
2024-01-19 10:00:00,0.5,20.6,100,680.0,1.0
2024-01-19 11:00:00,0.6,18.9,100,727.0,1.0
2024-01-19 12:00:00,0.9,17.9,100,721.0,1.0
2024-01-19 13:00:00,1.4,16.7,100,661.0,1.0
2024-01-19 14:00:00,1.3,14.5,100,608.0,1.0
2024-01-19 15:00:00,1.2,12.7,100,544.0,1.0
2024-01-19 16:00:00,1.0,10.4,100,456.0,1.0
2024-01-19 17:00:00,0.3,9.4,100,364.0,1.0
2024-01-19 18:00:00,-0.7,9.3,100,286.0,1.0
2024-01-19 19:00:00,-1.5,9.8,100,199.0,1.0
2024-01-19 20:00:00,-2.1,11.0,100,121.0,1.0
2024-01-19 21:00:00,-2.2,13.9,100,72.0,1.0
2024-01-19 22:00:00,-1.7,18.0,100,32.0,1.0
2024-01-19 23:00:00,-1.9,21.2,100,14.0,1.0
2024-01-20 00:00:00,-2.0,20.6,100,10.0,1.0
2024-01-20 01:00:00,-1.9,20.0,100,16.0,1.0
2024-01-20 02:00:00,-1.7,23.1,100,38.0,1.0
2024-01-20 03:00:00,-1.7,24.3,100,82.0,1.0
2024-01-20 04:00:00,-1.4,22.0,99,147.0,0.99
2024-01-20 05:00:00,-1.1,19.2,100,215.0,1.0
2024-01-20 06:00:00,-0.7,15.6,100,277.0,1.0
2024-01-20 07:00:00,-0.1,12.0,100,368.0,1.0
2024-01-20 08:00:00,0.3,14.7,100,479.0,1.0
2024-01-20 09:00:00,0.5,13.8,100,559.0,1.0
2024-01-20 10:00:00,1.0,10.0,100,649.0,1.0
2024-01-20 11:00:00,1.3,7.1,67,702.0,0.67
2024-01-20 12:00:00,1.5,5.7,6,742.0,0.06
2024-01-20 13:00:00,1.1,1.3,1,740.0,0.01
2024-01-20 14:00:00,0.7,2.9,0,697.0,0.0
2024-01-20 15:00:00,0.3,4.9,2,627.0,0.02
2024-01-20 16:00:00,-0.2,6.1,1,539.0,0.01
2024-01-20 17:00:00,-0.8,6.9,23,440.0,0.23
2024-01-20 18:00:00,-1.8,8.0,17,336.0,0.17
2024-01-20 19:00:00,-3.0,10.0,0,235.0,0.0
2024-01-20 20:00:00,-3.6,9.3,0,148.0,0.0
2024-01-20 21:00:00,-4.4,9.7,1,80.0,0.01
2024-01-20 22:00:00,-4.1,9.1,78,36.0,0.78
2024-01-20 23:00:00,-6.2,14.0,100,14.0,1.0
2024-01-21 00:00:00,-4.8,18.1,90,8.0,0.9
2024-01-21 01:00:00,-5.5,13.8,100,15.0,1.0
2024-01-21 02:00:00,-5.8,13.0,100,37.0,1.0
2024-01-21 03:00:00,-5.5,12.2,99,78.0,0.99
2024-01-21 04:00:00,-6.3,6.2,95,146.0,0.95
2024-01-21 05:00:00,-6.2,6.3,89,236.0,0.89
2024-01-21 06:00:00,-5.0,6.5,15,346.0,0.15
2024-01-21 07:00:00,-3.6,4.8,6,455.0,0.06
2024-01-21 08:00:00,-2.4,1.8,12,558.0,0.12
2024-01-21 09:00:00,-2.1,1.4,3,644.0,0.03
2024-01-21 10:00:00,-1.9,3.7,0,709.0,0.0
2024-01-21 11:00:00,-1.8,4.0,4,749.0,0.04
2024-01-21 12:00:00,-1.7,1.9,20,760.0,0.2
2024-01-21 13:00:00,-1.9,3.7,2,741.0,0.02
2024-01-21 14:00:00,-2.2,6.0,0,696.0,0.0
2024-01-21 15:00:00,-2.6,6.4,0,627.0,0.0
2024-01-21 16:00:00,-3.4,4.7,0,539.0,0.0
2024-01-21 17:00:00,-2.6,3.5,0,439.0,0.0
2024-01-21 18:00:00,-2.8,1.8,10,334.0,0.1
2024-01-21 19:00:00,-3.1,1.1,16,233.0,0.16
2024-01-21 20:00:00,-3.8,1.6,16,145.0,0.16
2024-01-21 21:00:00,-4.4,3.9,19,77.0,0.19
2024-01-21 22:00:00,-4.4,5.9,1,33.0,0.01
2024-01-21 23:00:00,-6.4,7.6,4,11.0,0.04
2024-01-22 00:00:00,-8.1,9.5,17,6.0,0.17
2024-01-22 01:00:00,-7.1,12.7,86,13.0,0.86
2024-01-22 02:00:00,-7.1,13.7,80,35.0,0.8
2024-01-22 03:00:00,-6.9,13.6,81,83.0,0.81
2024-01-22 04:00:00,-6.7,11.8,81,152.0,0.81
2024-01-22 05:00:00,-5.6,15.1,86,241.0,0.86
2024-01-22 06:00:00,-5.0,20.2,81,338.0,0.81
2024-01-22 07:00:00,-4.7,21.2,42,445.0,0.42
2024-01-22 08:00:00,-4.3,20.6,46,545.0,0.46
2024-01-22 09:00:00,-3.8,18.5,51,624.0,0.51
2024-01-22 10:00:00,-3.3,15.8,47,682.0,0.47
2024-01-22 11:00:00,-3.1,15.2,36,730.0,0.36
2024-01-22 12:00:00,-3.2,14.6,25,750.0,0.25
2024-01-22 13:00:00,-2.7,9.7,29,732.0,0.29
2024-01-22 14:00:00,-3.0,8.8,15,688.0,0.15
2024-01-22 15:00:00,-3.3,10.2,5,620.0,0.05
2024-01-22 16:00:00,-3.7,12.4,1,533.0,0.01
2024-01-22 17:00:00,-4.3,14.1,3,433.0,0.03
2024-01-22 18:00:00,-4.9,16.5,4,329.0,0.04
2024-01-22 19:00:00,-5.3,19.6,6,229.0,0.06
2024-01-22 20:00:00,-5.8,21.4,5,141.0,0.05
2024-01-22 21:00:00,-6.1,24.7,5,73.0,0.05
2024-01-22 22:00:00,-6.4,27.7,25,29.0,0.25
2024-01-22 23:00:00,-6.6,27.7,100,9.0,1.0
2024-01-23 00:00:00,-5.7,27.1,100,3.0,1.0
2024-01-23 01:00:00,-4.4,28.0,100,7.0,1.0
2024-01-23 02:00:00,-4.8,28.3,100,22.0,1.0
2024-01-23 03:00:00,-5.1,28.9,100,46.0,1.0
2024-01-23 04:00:00,-5.0,31.4,100,82.0,1.0
2024-01-23 05:00:00,-5.0,33.5,99,152.0,0.99
2024-01-23 06:00:00,-4.8,34.0,100,243.0,1.0
2024-01-23 07:00:00,-4.5,33.7,99,359.0,0.99
2024-01-23 08:00:00,-4.0,33.0,90,446.0,0.9
2024-01-23 09:00:00,-3.7,32.8,65,519.0,0.65
2024-01-23 10:00:00,-3.5,32.6,52,647.0,0.52
2024-01-23 11:00:00,-3.4,32.5,48,729.0,0.48
2024-01-23 12:00:00,-3.2,31.1,75,735.0,0.75
2024-01-23 13:00:00,-2.8,29.0,67,712.0,0.67
2024-01-23 14:00:00,-2.7,27.4,81,643.0,0.81
2024-01-23 15:00:00,-2.7,25.8,61,560.0,0.61
2024-01-23 16:00:00,-2.9,24.6,21,500.0,0.21
2024-01-23 17:00:00,-3.5,25.3,5,422.0,0.05
2024-01-23 18:00:00,-4.1,28.6,4,319.0,0.04
2024-01-23 19:00:00,-4.5,31.2,22,219.0,0.22
2024-01-23 20:00:00,-4.8,33.1,33,130.0,0.33
2024-01-23 21:00:00,-5.0,33.3,98,63.0,0.98
2024-01-23 22:00:00,-4.5,33.6,100,21.0,1.0
2024-01-23 23:00:00,-4.1,33.7,100,5.0,1.0
2024-01-24 00:00:00,-4.2,32.9,100,1.0,1.0
2024-01-24 01:00:00,-3.6,34.7,100,5.0,1.0
2024-01-24 02:00:00,-3.6,34.4,100,15.0,1.0
2024-01-24 03:00:00,-3.9,34.3,98,47.0,0.98
2024-01-24 04:00:00,-4.2,33.8,97,96.0,0.97
2024-01-24 05:00:00,-3.9,32.8,98,165.0,0.98
2024-01-24 06:00:00,-3.9,31.0,89,218.0,0.89
2024-01-24 07:00:00,-3.8,28.8,48,334.0,0.48
2024-01-24 08:00:00,-3.7,26.1,24,510.0,0.24
2024-01-24 09:00:00,-3.4,23.7,19,622.0,0.19
2024-01-24 10:00:00,-3.0,24.8,20,688.0,0.2
2024-01-24 11:00:00,-3.0,28.7,12,731.0,0.12
2024-01-24 12:00:00,-2.9,28.3,11,744.0,0.11
2024-01-24 13:00:00,-1.8,24.3,15,722.0,0.15
2024-01-24 14:00:00,-1.8,24.0,4,678.0,0.04
2024-01-24 15:00:00,-2.0,24.2,0,608.0,0.0
2024-01-24 16:00:00,-2.2,25.4,3,520.0,0.03
2024-01-24 17:00:00,-2.5,25.6,24,418.0,0.24
2024-01-24 18:00:00,-2.9,25.8,34,312.0,0.34
2024-01-24 19:00:00,-3.4,27.3,45,208.0,0.45
2024-01-24 20:00:00,-3.7,28.4,86,120.0,0.86
2024-01-24 21:00:00,-3.3,27.9,100,46.0,1.0
2024-01-24 22:00:00,-3.0,26.9,100,14.0,1.0
2024-01-24 23:00:00,-3.0,25.9,95,3.0,0.95
2024-01-25 00:00:00,-3.5,26.6,96,0.0,0.96
2024-01-25 01:00:00,-2.9,30.2,93,5.0,0.93
2024-01-25 02:00:00,-3.1,29.2,90,21.0,0.9
2024-01-25 03:00:00,-3.4,27.8,85,60.0,0.85
2024-01-25 04:00:00,-3.3,27.5,60,126.0,0.6
2024-01-25 05:00:00,-3.1,27.8,72,213.0,0.72
2024-01-25 06:00:00,-2.9,28.0,81,309.0,0.81
2024-01-25 07:00:00,-2.6,29.3,74,397.0,0.74
2024-01-25 08:00:00,-2.4,29.9,68,513.0,0.68
2024-01-25 09:00:00,-2.0,28.8,97,604.0,0.97
2024-01-25 10:00:00,-1.4,26.9,100,617.0,1.0
2024-01-25 11:00:00,-1.0,24.3,100,584.0,1.0
2024-01-25 12:00:00,-1.1,22.1,100,571.0,1.0
2024-01-25 13:00:00,-0.9,20.1,48,688.0,0.48
2024-01-25 14:00:00,-0.9,19.9,50,653.0,0.5
2024-01-25 15:00:00,-1.1,19.2,26,595.0,0.26
2024-01-25 16:00:00,-1.6,19.2,2,515.0,0.02
2024-01-25 17:00:00,-2.2,17.9,0,417.0,0.0
2024-01-25 18:00:00,-2.9,16.9,1,314.0,0.01
2024-01-25 19:00:00,-4.0,15.6,11,214.0,0.11
2024-01-25 20:00:00,-4.8,15.6,10,128.0,0.1
2024-01-25 21:00:00,-5.7,16.2,0,62.0,0.0
2024-01-25 22:00:00,-6.5,16.7,0,21.0,0.0
2024-01-25 23:00:00,-7.7,17.8,0,3.0,0.0
2024-01-26 00:00:00,-9.1,19.2,0,0.0,0.0
2024-01-26 01:00:00,-5.9,18.5,36,4.0,0.36
2024-01-26 02:00:00,-6.6,17.6,7,23.0,0.07
2024-01-26 03:00:00,-7.0,16.7,0,68.0,0.0
2024-01-26 04:00:00,-6.8,14.5,0,138.0,0.0
2024-01-26 05:00:00,-6.4,11.8,0,229.0,0.0
2024-01-26 06:00:00,-5.9,9.6,0,331.0,0.0
2024-01-26 07:00:00,-5.3,7.2,0,436.0,0.0
2024-01-26 08:00:00,-4.8,5.6,0,535.0,0.0
2024-01-26 09:00:00,-4.2,4.9,0,621.0,0.0
2024-01-26 10:00:00,-3.8,5.1,0,687.0,0.0
2024-01-26 11:00:00,-3.5,5.2,0,727.0,0.0
2024-01-26 12:00:00,-3.2,4.6,0,738.0,0.0
2024-01-26 13:00:00,-3.2,6.2,0,717.0,0.0
2024-01-26 14:00:00,-3.4,8.0,0,671.0,0.0
2024-01-26 15:00:00,-3.7,6.8,0,602.0,0.0
2024-01-26 16:00:00,-4.4,4.8,0,513.0,0.0
2024-01-26 17:00:00,-3.9,3.7,0,411.0,0.0
2024-01-26 18:00:00,-3.7,3.6,0,306.0,0.0
2024-01-26 19:00:00,-3.8,2.3,1,205.0,0.01
2024-01-26 20:00:00,-4.1,1.1,9,120.0,0.09
2024-01-26 21:00:00,-4.7,5.9,54,55.0,0.54
2024-01-26 22:00:00,-6.9,6.7,87,17.0,0.87
2024-01-26 23:00:00,-8.8,8.5,100,1.0,1.0
2024-01-27 00:00:00,-8.6,7.4,100,0.0,1.0
2024-01-27 01:00:00,-7.6,6.1,100,2.0,1.0
2024-01-27 02:00:00,-7.7,6.2,91,18.0,0.91
2024-01-27 03:00:00,-7.8,6.0,79,52.0,0.79
2024-01-27 04:00:00,-7.9,6.2,1,114.0,0.01
2024-01-27 05:00:00,-7.5,5.4,0,203.0,0.0
2024-01-27 06:00:00,-7.1,5.1,0,299.0,0.0
2024-01-27 07:00:00,-6.0,3.7,0,392.0,0.0
2024-01-27 08:00:00,-4.8,2.9,0,498.0,0.0
2024-01-27 09:00:00,-4.1,2.8,0,583.0,0.0
2024-01-27 10:00:00,-3.3,3.2,0,656.0,0.0
2024-01-27 11:00:00,-2.8,4.3,0,706.0,0.0
2024-01-27 12:00:00,-2.6,4.0,0,722.0,0.0
2024-01-27 13:00:00,-1.9,5.9,0,710.0,0.0
2024-01-27 14:00:00,-2.2,5.0,0,665.0,0.0
2024-01-27 15:00:00,-2.4,4.8,0,596.0,0.0
2024-01-27 16:00:00,-2.5,5.2,0,508.0,0.0
2024-01-27 17:00:00,-2.9,6.2,0,408.0,0.0
2024-01-27 18:00:00,-3.4,6.5,0,304.0,0.0
2024-01-27 19:00:00,-3.7,6.8,0,204.0,0.0
2024-01-27 20:00:00,-4.7,7.6,0,118.0,0.0
2024-01-27 21:00:00,-4.8,7.2,0,54.0,0.0
2024-01-27 22:00:00,-3.2,6.5,0,15.0,0.0
2024-01-27 23:00:00,-2.7,6.1,0,0.0,0.0
2024-01-28 00:00:00,-2.9,5.5,0,0.0,0.0
2024-01-28 01:00:00,-6.3,8.7,0,1.0,0.0
2024-01-28 02:00:00,-6.3,8.2,15,18.0,0.15
2024-01-28 03:00:00,-4.3,6.4,5,59.0,0.05
2024-01-28 04:00:00,-3.5,4.7,0,126.0,0.0
2024-01-28 05:00:00,-3.5,3.8,0,212.0,0.0
2024-01-28 06:00:00,-3.6,3.6,0,309.0,0.0
2024-01-28 07:00:00,-3.4,2.6,0,409.0,0.0
2024-01-28 08:00:00,-3.4,1.8,0,506.0,0.0
2024-01-28 09:00:00,-3.7,2.3,9,595.0,0.09
2024-01-28 10:00:00,-4.1,3.1,20,659.0,0.2
2024-01-28 11:00:00,-4.1,3.3,25,699.0,0.25
2024-01-28 12:00:00,-4.3,4.5,21,713.0,0.21
2024-01-28 13:00:00,-4.7,4.9,27,680.0,0.27
2024-01-28 14:00:00,-5.4,4.0,30,623.0,0.3
2024-01-28 15:00:00,-5.6,4.3,37,551.0,0.37
2024-01-28 16:00:00,-6.3,4.3,75,456.0,0.75
2024-01-28 17:00:00,-6.9,4.3,100,369.0,1.0
2024-01-28 18:00:00,-7.7,3.3,100,261.0,1.0
2024-01-28 19:00:00,-8.4,3.4,100,179.0,1.0
2024-01-28 20:00:00,-8.8,3.3,100,96.0,1.0
2024-01-28 21:00:00,-9.2,4.7,93,43.0,0.93
2024-01-28 22:00:00,-8.7,4.0,83,11.0,0.83
2024-01-28 23:00:00,-9.3,4.9,76,0.0,0.76
2024-01-29 00:00:00,-9.5,4.7,68,0.0,0.68
2024-01-29 01:00:00,-7.4,3.8,68,0.0,0.68
2024-01-29 02:00:00,-8.1,2.5,78,13.0,0.78
2024-01-29 03:00:00,-8.4,1.3,82,47.0,0.82
2024-01-29 04:00:00,-8.3,1.8,80,104.0,0.8
2024-01-29 05:00:00,-8.2,2.1,82,184.0,0.82
2024-01-29 06:00:00,-7.8,1.1,88,274.0,0.88
2024-01-29 07:00:00,-7.3,0.8,88,378.0,0.88
2024-01-29 08:00:00,-6.1,1.8,77,478.0,0.77
2024-01-29 09:00:00,-5.4,0.8,66,568.0,0.66
2024-01-29 10:00:00,-5.4,1.8,59,640.0,0.59
2024-01-29 11:00:00,-4.4,1.1,6,694.0,0.06
2024-01-29 12:00:00,-3.5,1.8,5,704.0,0.05
2024-01-29 13:00:00,-3.8,0.0,23,698.0,0.23
2024-01-29 14:00:00,-3.5,2.6,1,657.0,0.01
2024-01-29 15:00:00,-2.7,2.7,0,591.0,0.0
2024-01-29 16:00:00,-2.6,1.6,0,504.0,0.0
2024-01-29 17:00:00,-1.8,3.7,0,403.0,0.0
2024-01-29 18:00:00,-3.1,7.2,0,298.0,0.0
2024-01-29 19:00:00,-5.2,11.3,0,198.0,0.0
2024-01-29 20:00:00,-4.9,9.0,0,111.0,0.0
2024-01-29 21:00:00,-6.0,8.3,0,47.0,0.0
2024-01-29 22:00:00,-8.1,11.3,0,10.0,0.0
2024-01-29 23:00:00,-5.9,19.4,0,0.0,0.0
2024-01-30 00:00:00,-4.3,26.1,0,0.0,0.0
2024-01-30 01:00:00,-3.6,28.1,0,0.0,0.0
2024-01-30 02:00:00,-3.8,28.4,0,12.0,0.0
2024-01-30 03:00:00,-3.9,28.1,0,53.0,0.0
2024-01-30 04:00:00,-4.0,29.2,0,120.0,0.0
2024-01-30 05:00:00,-4.2,30.0,0,208.0,0.0
2024-01-30 06:00:00,-3.8,31.0,0,307.0,0.0
2024-01-30 07:00:00,-3.3,32.1,0,411.0,0.0
2024-01-30 08:00:00,-2.6,35.8,0,509.0,0.0
2024-01-30 09:00:00,-1.9,41.0,0,595.0,0.0
2024-01-30 10:00:00,-1.2,43.2,16,663.0,0.16
2024-01-30 11:00:00,-0.6,44.5,100,705.0,1.0
2024-01-30 12:00:00,-0.5,46.3,100,717.0,1.0
2024-01-30 13:00:00,-0.1,46.6,100,699.0,1.0
2024-01-30 14:00:00,0.1,50.6,100,643.0,1.0
2024-01-30 15:00:00,0.1,52.3,100,551.0,1.0
2024-01-30 16:00:00,0.3,56.2,100,441.0,1.0
2024-01-30 17:00:00,0.1,60.2,100,312.0,1.0
2024-01-30 18:00:00,0.2,63.0,100,208.0,1.0
2024-01-30 19:00:00,0.1,65.7,100,124.0,1.0
2024-01-30 20:00:00,0.1,67.1,100,54.0,1.0
2024-01-30 21:00:00,-0.5,69.0,100,19.0,1.0
2024-01-30 22:00:00,-1.0,70.1,100,3.0,1.0
2024-01-30 23:00:00,-1.3,70.7,100,0.0,1.0
2024-01-31 00:00:00,-1.4,72.2,100,0.0,1.0
2024-01-31 01:00:00,-1.2,68.4,100,0.0,1.0
2024-01-31 02:00:00,-1.3,67.5,100,3.0,1.0
2024-01-31 03:00:00,-1.5,65.7,100,17.0,1.0
2024-01-31 04:00:00,-1.5,63.0,100,37.0,1.0
2024-01-31 05:00:00,-1.5,61.8,100,61.0,1.0
2024-01-31 06:00:00,-1.4,61.1,100,91.0,1.0
2024-01-31 07:00:00,-1.2,61.9,100,168.0,1.0
2024-01-31 08:00:00,-1.0,61.0,100,228.0,1.0
2024-01-31 09:00:00,-0.8,60.0,100,256.0,1.0
2024-01-31 10:00:00,-0.6,59.4,100,298.0,1.0
2024-01-31 11:00:00,-0.4,60.0,100,336.0,1.0
2024-01-31 12:00:00,-0.3,58.6,100,297.0,1.0
2024-01-31 13:00:00,-0.5,55.7,100,350.0,1.0
2024-01-31 14:00:00,-0.5,54.2,100,287.0,1.0
2024-01-31 15:00:00,-0.2,52.7,100,313.0,1.0
2024-01-31 16:00:00,-0.2,51.0,100,226.0,1.0
2024-01-31 17:00:00,-0.4,48.8,100,164.0,1.0
2024-01-31 18:00:00,-0.5,46.1,100,104.0,1.0
2024-01-31 19:00:00,-0.4,43.8,100,67.0,1.0
2024-01-31 20:00:00,-0.4,42.3,100,36.0,1.0
2024-01-31 21:00:00,-0.5,43.1,100,14.0,1.0
2024-01-31 22:00:00,-0.4,44.0,100,2.0,1.0
2024-01-31 23:00:00,-0.4,44.8,100,0.0,1.0
2024-02-01 00:00:00,-0.2,44.3,100,0.0,1.0
2024-02-01 01:00:00,-0.3,40.6,100,0.0,1.0
2024-02-01 02:00:00,-0.2,42.7,100,4.0,1.0
2024-02-01 03:00:00,-0.2,40.9,100,21.0,1.0
2024-02-01 04:00:00,-0.3,44.0,100,48.0,1.0
2024-02-01 05:00:00,-0.3,40.6,100,82.0,1.0
2024-02-01 06:00:00,-0.1,40.8,100,121.0,1.0
2024-02-01 07:00:00,0.2,43.7,100,198.0,1.0
2024-02-01 08:00:00,0.3,45.0,100,247.0,1.0
2024-02-01 09:00:00,0.6,47.0,100,331.0,1.0
2024-02-01 10:00:00,0.6,44.3,100,356.0,1.0
2024-02-01 11:00:00,0.8,43.8,100,398.0,1.0
2024-02-01 12:00:00,0.9,41.8,100,408.0,1.0
2024-02-01 13:00:00,1.0,40.8,100,402.0,1.0
2024-02-01 14:00:00,1.0,38.5,100,335.0,1.0
2024-02-01 15:00:00,1.0,37.5,100,271.0,1.0
2024-02-01 16:00:00,1.0,37.4,100,219.0,1.0
2024-02-01 17:00:00,1.0,37.4,100,159.0,1.0
2024-02-01 18:00:00,1.0,36.9,100,115.0,1.0
2024-02-01 19:00:00,1.0,36.1,100,67.0,1.0
2024-02-01 20:00:00,1.0,35.6,100,40.0,1.0
2024-02-01 21:00:00,0.9,34.4,100,15.0,1.0
2024-02-01 22:00:00,0.8,33.5,100,2.0,1.0
2024-02-01 23:00:00,0.8,32.8,100,0.0,1.0
2024-02-02 00:00:00,0.8,31.5,100,0.0,1.0
2024-02-02 01:00:00,0.6,31.6,100,0.0,1.0
2024-02-02 02:00:00,0.7,30.4,100,3.0,1.0
2024-02-02 03:00:00,0.6,27.3,100,23.0,1.0
2024-02-02 04:00:00,0.6,25.0,100,63.0,1.0
2024-02-02 05:00:00,0.6,22.6,100,126.0,1.0
2024-02-02 06:00:00,0.8,19.3,95,217.0,0.95
2024-02-02 07:00:00,0.9,16.1,72,344.0,0.72
2024-02-02 08:00:00,0.9,12.8,58,460.0,0.58
2024-02-02 09:00:00,1.3,9.9,41,554.0,0.41
2024-02-02 10:00:00,1.3,5.6,37,626.0,0.37
2024-02-02 11:00:00,2.5,1.9,0,669.0,0.0
2024-02-02 12:00:00,1.6,7.2,0,684.0,0.0
2024-02-02 13:00:00,1.9,9.4,5,671.0,0.05
2024-02-02 14:00:00,2.0,10.1,22,630.0,0.22
2024-02-02 15:00:00,1.5,8.7,40,563.0,0.4
2024-02-02 16:00:00,0.7,8.0,37,475.0,0.37
2024-02-02 17:00:00,-0.2,8.4,34,375.0,0.34
2024-02-02 18:00:00,-0.6,11.2,26,270.0,0.26
2024-02-02 19:00:00,-0.9,14.2,6,172.0,0.06
2024-02-02 20:00:00,-1.2,16.8,0,91.0,0.0
2024-02-02 21:00:00,-2.0,17.1,0,31.0,0.0
2024-02-02 22:00:00,-2.9,17.3,0,2.0,0.0
2024-02-02 23:00:00,-3.1,18.0,0,0.0,0.0
2024-02-03 00:00:00,-3.0,19.4,0,0.0,0.0
2024-02-03 01:00:00,-1.0,33.3,0,0.0,0.0
2024-02-03 02:00:00,-1.3,35.0,0,3.0,0.0
2024-02-03 03:00:00,-1.4,37.0,0,35.0,0.0
2024-02-03 04:00:00,-1.7,37.9,0,96.0,0.0
2024-02-03 05:00:00,-1.6,34.7,0,181.0,0.0
2024-02-03 06:00:00,-1.4,30.9,0,281.0,0.0
2024-02-03 07:00:00,-1.2,28.8,0,384.0,0.0
2024-02-03 08:00:00,-1.0,27.4,0,482.0,0.0
2024-02-03 09:00:00,-0.9,24.8,0,568.0,0.0
2024-02-03 10:00:00,-0.7,22.6,0,633.0,0.0
2024-02-03 11:00:00,-0.6,21.0,0,672.0,0.0
2024-02-03 12:00:00,-0.5,19.1,0,685.0,0.0
2024-02-03 13:00:00,-0.7,17.8,0,668.0,0.0
2024-02-03 14:00:00,-0.7,19.0,1,623.0,0.01
2024-02-03 15:00:00,-0.9,20.8,6,553.0,0.06
2024-02-03 16:00:00,-1.2,22.2,11,464.0,0.11
2024-02-03 17:00:00,-1.5,22.6,14,363.0,0.14
2024-02-03 18:00:00,-2.1,21.9,55,260.0,0.55
2024-02-03 19:00:00,-2.7,20.5,100,161.0,1.0
2024-02-03 20:00:00,-2.6,19.5,100,69.0,1.0
2024-02-03 21:00:00,-2.1,19.8,100,20.0,1.0
2024-02-03 22:00:00,-2.3,19.2,100,1.0,1.0
2024-02-03 23:00:00,-2.3,19.5,99,0.0,0.99
2024-02-04 00:00:00,-2.6,19.3,97,0.0,0.97
2024-02-04 01:00:00,-3.3,15.7,95,0.0,0.95
2024-02-04 02:00:00,-3.7,16.4,100,2.0,1.0
2024-02-04 03:00:00,-3.3,17.4,100,23.0,1.0
2024-02-04 04:00:00,-3.1,19.2,100,62.0,1.0
2024-02-04 05:00:00,-2.8,19.2,100,119.0,1.0
2024-02-04 06:00:00,-2.6,17.9,100,188.0,1.0
2024-02-04 07:00:00,-2.5,14.8,100,313.0,1.0
2024-02-04 08:00:00,-2.2,11.7,98,443.0,0.98
2024-02-04 09:00:00,-1.9,9.7,99,545.0,0.99
2024-02-04 10:00:00,-1.7,8.4,92,613.0,0.92
2024-02-04 11:00:00,-1.5,6.7,71,656.0,0.71
2024-02-04 12:00:00,-1.4,6.2,31,672.0,0.31
2024-02-04 13:00:00,-1.4,9.5,10,656.0,0.1
2024-02-04 14:00:00,-1.4,9.8,9,617.0,0.09
2024-02-04 15:00:00,-1.5,9.0,9,542.0,0.09
2024-02-04 16:00:00,-2.0,7.9,12,443.0,0.12
2024-02-04 17:00:00,-3.1,7.5,16,355.0,0.16
2024-02-04 18:00:00,-3.9,10.0,23,255.0,0.23
2024-02-04 19:00:00,-4.8,11.5,14,159.0,0.14
2024-02-04 20:00:00,-5.8,11.2,1,78.0,0.01
2024-02-04 21:00:00,-6.1,9.4,1,23.0,0.01
2024-02-04 22:00:00,-4.5,7.3,12,0.0,0.12
2024-02-04 23:00:00,-2.8,4.1,13,0.0,0.13
2024-02-05 00:00:00,-3.2,3.1,16,0.0,0.16
2024-02-05 01:00:00,-4.1,4.0,10,0.0,0.1
2024-02-05 02:00:00,-4.7,2.6,5,1.0,0.05
2024-02-05 03:00:00,-5.4,1.0,14,25.0,0.14
2024-02-05 04:00:00,-5.0,3.3,13,82.0,0.13
2024-02-05 05:00:00,-6.1,6.0,2,166.0,0.02
2024-02-05 06:00:00,-6.4,6.0,1,265.0,0.01
2024-02-05 07:00:00,-6.4,6.1,0,371.0,0.0
2024-02-05 08:00:00,-5.6,7.3,0,472.0,0.0
2024-02-05 09:00:00,-5.0,7.1,0,559.0,0.0
2024-02-05 10:00:00,-4.6,5.9,0,624.0,0.0
2024-02-05 11:00:00,-4.2,4.3,0,663.0,0.0
2024-02-05 12:00:00,-4.0,1.6,0,676.0,0.0
2024-02-05 13:00:00,-3.4,4.0,3,658.0,0.03
2024-02-05 14:00:00,-3.6,2.3,3,614.0,0.03
2024-02-05 15:00:00,-3.3,2.5,0,545.0,0.0
2024-02-05 16:00:00,-4.0,4.1,0,458.0,0.0
2024-02-05 17:00:00,-4.9,5.9,0,358.0,0.0
2024-02-05 18:00:00,-6.3,9.4,0,254.0,0.0
2024-02-05 19:00:00,-6.9,12.5,0,157.0,0.0
2024-02-05 20:00:00,-7.3,14.6,0,75.0,0.0
2024-02-05 21:00:00,-7.6,16.3,0,20.0,0.0
2024-02-05 22:00:00,-7.8,18.0,0,0.0,0.0
2024-02-05 23:00:00,-8.0,18.8,0,0.0,0.0
2024-02-06 00:00:00,-8.2,20.6,0,0.0,0.0
2024-02-06 01:00:00,-5.5,19.8,61,0.0,0.61
2024-02-06 02:00:00,-6.5,22.6,39,0.0,0.39
2024-02-06 03:00:00,-6.7,24.9,59,22.0,0.59
2024-02-06 04:00:00,-6.5,26.0,98,71.0,0.98
2024-02-06 05:00:00,-5.6,26.0,99,121.0,0.99
2024-02-06 06:00:00,-5.5,26.1,100,237.0,1.0
2024-02-06 07:00:00,-5.3,27.4,98,341.0,0.98
2024-02-06 08:00:00,-5.1,30.0,93,447.0,0.93
2024-02-06 09:00:00,-5.0,31.9,69,539.0,0.69
2024-02-06 10:00:00,-4.7,31.7,97,607.0,0.97
2024-02-06 11:00:00,-4.3,30.6,100,647.0,1.0
2024-02-06 12:00:00,-4.0,30.7,100,639.0,1.0
2024-02-06 13:00:00,-4.3,29.8,100,620.0,1.0
2024-02-06 14:00:00,-4.2,30.9,100,560.0,1.0
2024-02-06 15:00:00,-4.3,33.6,100,481.0,1.0
2024-02-06 16:00:00,-4.4,36.6,100,373.0,1.0
2024-02-06 17:00:00,-4.6,38.0,100,274.0,1.0
2024-02-06 18:00:00,-4.5,39.2,100,177.0,1.0
2024-02-06 19:00:00,-4.7,41.5,100,99.0,1.0
2024-02-06 20:00:00,-4.8,43.0,100,46.0,1.0
2024-02-06 21:00:00,-4.9,44.6,100,12.0,1.0
2024-02-06 22:00:00,-5.1,45.5,100,0.0,1.0
2024-02-06 23:00:00,-5.1,46.7,100,0.0,1.0
2024-02-07 00:00:00,-4.9,49.5,100,0.0,1.0
2024-02-07 01:00:00,-4.2,50.8,100,0.0,1.0
2024-02-07 02:00:00,-4.1,51.9,100,0.0,1.0
2024-02-07 03:00:00,-4.1,51.1,100,13.0,1.0
2024-02-07 04:00:00,-4.1,49.8,100,53.0,1.0
2024-02-07 05:00:00,-4.1,50.2,100,103.0,1.0
2024-02-07 06:00:00,-3.8,50.7,100,189.0,1.0
2024-02-07 07:00:00,-3.6,52.3,100,279.0,1.0
2024-02-07 08:00:00,-3.6,55.2,100,384.0,1.0
2024-02-07 09:00:00,-3.2,57.7,100,453.0,1.0
2024-02-07 10:00:00,-2.8,56.8,100,515.0,1.0
2024-02-07 11:00:00,-2.5,56.2,100,528.0,1.0
2024-02-07 12:00:00,-2.3,58.2,100,566.0,1.0
2024-02-07 13:00:00,-2.1,59.1,100,530.0,1.0
2024-02-07 14:00:00,-1.9,58.3,100,515.0,1.0
2024-02-07 15:00:00,-2.0,58.9,100,393.0,1.0
2024-02-07 16:00:00,-1.9,59.1,99,314.0,0.99
2024-02-07 17:00:00,-2.0,59.7,99,266.0,0.99
2024-02-07 18:00:00,-2.1,59.5,100,177.0,1.0
2024-02-07 19:00:00,-2.1,59.7,100,102.0,1.0
2024-02-07 20:00:00,-2.2,57.7,100,47.0,1.0
2024-02-07 21:00:00,-2.2,57.0,100,10.0,1.0
2024-02-07 22:00:00,-2.1,56.3,100,0.0,1.0
2024-02-07 23:00:00,-2.1,56.2,100,0.0,1.0
2024-02-08 00:00:00,-2.1,55.4,100,0.0,1.0
2024-02-08 01:00:00,-2.0,55.7,99,0.0,0.99
2024-02-08 02:00:00,-2.0,54.8,100,0.0,1.0
2024-02-08 03:00:00,-1.8,55.4,100,12.0,1.0
2024-02-08 04:00:00,-1.7,55.9,100,49.0,1.0
2024-02-08 05:00:00,-1.5,56.1,100,101.0,1.0
2024-02-08 06:00:00,-1.2,53.8,100,146.0,1.0
2024-02-08 07:00:00,-0.9,52.0,100,193.0,1.0
2024-02-08 08:00:00,-0.6,51.4,100,254.0,1.0
2024-02-08 09:00:00,-0.2,50.6,100,351.0,1.0
2024-02-08 10:00:00,0.1,49.9,100,430.0,1.0
2024-02-08 11:00:00,0.4,48.0,100,463.0,1.0
2024-02-08 12:00:00,0.6,47.0,100,434.0,1.0
2024-02-08 13:00:00,0.6,48.9,100,500.0,1.0
2024-02-08 14:00:00,0.7,51.5,100,478.0,1.0
2024-02-08 15:00:00,0.6,53.5,100,387.0,1.0
2024-02-08 16:00:00,0.4,51.8,100,264.0,1.0
2024-02-08 17:00:00,0.4,49.9,100,188.0,1.0
2024-02-08 18:00:00,0.2,50.7,100,143.0,1.0
2024-02-08 19:00:00,0.1,49.9,100,76.0,1.0
2024-02-08 20:00:00,-0.1,50.7,100,34.0,1.0
2024-02-08 21:00:00,-0.1,49.3,100,6.0,1.0
2024-02-08 22:00:00,-0.2,48.5,100,0.0,1.0
2024-02-08 23:00:00,-0.2,44.4,100,0.0,1.0
2024-02-09 00:00:00,-0.3,42.7,100,0.0,1.0
2024-02-09 01:00:00,-0.4,43.8,100,0.0,1.0
2024-02-09 02:00:00,-0.3,40.3,100,0.0,1.0
2024-02-09 03:00:00,-0.2,39.8,100,8.0,1.0
2024-02-09 04:00:00,-0.1,38.9,100,41.0,1.0
2024-02-09 05:00:00,0.0,38.5,100,96.0,1.0
2024-02-09 06:00:00,0.2,38.2,100,168.0,1.0
2024-02-09 07:00:00,0.6,37.7,100,259.0,1.0
2024-02-09 08:00:00,0.9,37.4,100,341.0,1.0
2024-02-09 09:00:00,1.0,35.6,100,413.0,1.0
2024-02-09 10:00:00,1.2,35.3,100,455.0,1.0
2024-02-09 11:00:00,1.5,33.8,100,499.0,1.0
2024-02-09 12:00:00,1.6,32.8,100,493.0,1.0
2024-02-09 13:00:00,1.0,27.0,100,458.0,1.0
2024-02-09 14:00:00,1.1,26.1,100,390.0,1.0
2024-02-09 15:00:00,1.1,26.6,100,350.0,1.0
2024-02-09 16:00:00,1.0,27.2,100,262.0,1.0
2024-02-09 17:00:00,0.9,30.1,100,184.0,1.0
2024-02-09 18:00:00,0.7,29.3,100,144.0,1.0
2024-02-09 19:00:00,0.3,30.2,100,79.0,1.0
2024-02-09 20:00:00,-0.0,30.1,100,33.0,1.0
2024-02-09 21:00:00,-0.5,33.1,100,5.0,1.0
2024-02-09 22:00:00,-0.8,35.6,100,0.0,1.0
2024-02-09 23:00:00,-0.9,33.6,100,0.0,1.0
2024-02-10 00:00:00,-0.7,34.6,100,0.0,1.0
2024-02-10 01:00:00,-0.8,34.6,100,0.0,1.0
2024-02-10 02:00:00,-0.6,35.5,100,0.0,1.0
2024-02-10 03:00:00,-0.6,34.9,58,7.0,0.58
2024-02-10 04:00:00,-0.8,35.4,49,48.0,0.49
2024-02-10 05:00:00,-0.8,34.3,34,118.0,0.34
2024-02-10 06:00:00,-0.6,33.7,35,198.0,0.35
2024-02-10 07:00:00,-0.3,32.0,44,293.0,0.44
2024-02-10 08:00:00,0.0,31.7,47,398.0,0.47
2024-02-10 09:00:00,0.4,31.4,51,475.0,0.51
2024-02-10 10:00:00,0.6,30.1,66,544.0,0.66
2024-02-10 11:00:00,0.8,28.6,29,586.0,0.29
2024-02-10 12:00:00,0.9,24.8,37,609.0,0.37
2024-02-10 13:00:00,1.1,21.7,99,549.0,0.99
2024-02-10 14:00:00,1.0,18.7,60,418.0,0.6
2024-02-10 15:00:00,0.7,16.4,28,439.0,0.28
2024-02-10 16:00:00,0.1,14.4,10,391.0,0.1
2024-02-10 17:00:00,-0.8,14.0,1,320.0,0.01
2024-02-10 18:00:00,-1.5,16.4,3,220.0,0.03
2024-02-10 19:00:00,-2.0,16.9,0,126.0,0.0
2024-02-10 20:00:00,-2.8,16.5,1,50.0,0.01
2024-02-10 21:00:00,-3.7,14.0,2,6.0,0.02
2024-02-10 22:00:00,-4.6,11.3,16,0.0,0.16
2024-02-10 23:00:00,-4.2,8.8,5,0.0,0.05
2024-02-11 00:00:00,-5.0,9.1,0,0.0,0.0
2024-02-11 01:00:00,-5.3,13.9,0,0.0,0.0
2024-02-11 02:00:00,-5.5,15.2,2,0.0,0.02
2024-02-11 03:00:00,-5.0,16.4,23,7.0,0.23
2024-02-11 04:00:00,-4.5,17.4,0,56.0,0.0
2024-02-11 05:00:00,-4.0,18.7,0,136.0,0.0
2024-02-11 06:00:00,-3.6,20.2,0,233.0,0.0
2024-02-11 07:00:00,-3.3,20.6,0,336.0,0.0
2024-02-11 08:00:00,-3.3,19.2,0,435.0,0.0
2024-02-11 09:00:00,-3.3,17.0,0,521.0,0.0
2024-02-11 10:00:00,-3.4,14.5,0,588.0,0.0
2024-02-11 11:00:00,-3.4,11.9,0,629.0,0.0
2024-02-11 12:00:00,-3.4,10.2,0,643.0,0.0
2024-02-11 13:00:00,-3.6,9.1,0,625.0,0.0
2024-02-11 14:00:00,-3.8,8.4,0,581.0,0.0
2024-02-11 15:00:00,-4.4,6.3,0,514.0,0.0
2024-02-11 16:00:00,-4.8,5.2,0,426.0,0.0
2024-02-11 17:00:00,-5.3,6.2,0,325.0,0.0
2024-02-11 18:00:00,-6.2,7.3,0,221.0,0.0
2024-02-11 19:00:00,-7.5,9.1,0,125.0,0.0
2024-02-11 20:00:00,-8.3,10.2,0,47.0,0.0
2024-02-11 21:00:00,-8.2,9.2,0,4.0,0.0
2024-02-11 22:00:00,-7.4,7.7,0,0.0,0.0
2024-02-11 23:00:00,-4.6,5.4,0,0.0,0.0
2024-02-12 00:00:00,-4.4,5.2,0,0.0,0.0
2024-02-12 01:00:00,-9.9,9.4,0,0.0,0.0
2024-02-12 02:00:00,-9.2,14.2,0,0.0,0.0
2024-02-12 03:00:00,-7.9,19.3,0,5.0,0.0
2024-02-12 04:00:00,-7.8,19.5,0,51.0,0.0
2024-02-12 05:00:00,-7.3,20.7,0,130.0,0.0
2024-02-12 06:00:00,-6.7,22.4,0,227.0,0.0
2024-02-12 07:00:00,-6.2,23.0,0,329.0,0.0
2024-02-12 08:00:00,-5.9,22.7,7,426.0,0.07
2024-02-12 09:00:00,-5.4,22.4,17,511.0,0.17
2024-02-12 10:00:00,-5.3,19.2,11,580.0,0.11
2024-02-12 11:00:00,-5.1,13.8,8,620.0,0.08
2024-02-12 12:00:00,-5.0,11.3,6,639.0,0.06
2024-02-12 13:00:00,-5.3,7.2,5,616.0,0.05
2024-02-12 14:00:00,-5.2,3.0,21,575.0,0.21
2024-02-12 15:00:00,-4.9,2.7,41,506.0,0.41
2024-02-12 16:00:00,-5.0,4.0,43,417.0,0.43
2024-02-12 17:00:00,-7.2,6.9,40,313.0,0.4
2024-02-12 18:00:00,-7.8,7.2,7,212.0,0.07
2024-02-12 19:00:00,-6.0,5.9,0,119.0,0.0
2024-02-12 20:00:00,-6.0,6.1,0,43.0,0.0
2024-02-12 21:00:00,-9.4,8.6,0,3.0,0.0
2024-02-12 22:00:00,-11.7,12.3,6,0.0,0.06
2024-02-12 23:00:00,-11.6,14.8,68,0.0,0.68
2024-02-13 00:00:00,-11.8,14.8,52,0.0,0.52
2024-02-13 01:00:00,-11.8,11.7,2,0.0,0.02
2024-02-13 02:00:00,-11.9,13.3,2,0.0,0.02
2024-02-13 03:00:00,-12.1,13.5,8,3.0,0.08
2024-02-13 04:00:00,-12.0,12.1,7,45.0,0.07
2024-02-13 05:00:00,-11.8,10.7,0,123.0,0.0
2024-02-13 06:00:00,-11.5,11.4,0,221.0,0.0
2024-02-13 07:00:00,-10.7,11.3,4,325.0,0.04
2024-02-13 08:00:00,-9.3,7.9,12,424.0,0.12
2024-02-13 09:00:00,-7.3,5.1,0,511.0,0.0
2024-02-13 10:00:00,-7.0,9.7,2,578.0,0.02
2024-02-13 11:00:00,-6.4,15.9,10,619.0,0.1
2024-02-13 12:00:00,-6.5,16.5,17,630.0,0.17
2024-02-13 13:00:00,-6.5,10.0,12,612.0,0.12
2024-02-13 14:00:00,-6.9,6.3,10,565.0,0.1
2024-02-13 15:00:00,-7.2,4.6,2,496.0,0.02
2024-02-13 16:00:00,-7.9,5.8,0,408.0,0.0
2024-02-13 17:00:00,-8.7,7.1,0,309.0,0.0
2024-02-13 18:00:00,-9.4,8.0,0,207.0,0.0
2024-02-13 19:00:00,-9.6,8.2,0,112.0,0.0
2024-02-13 20:00:00,-9.2,7.7,0,37.0,0.0
2024-02-13 21:00:00,-7.2,6.2,0,2.0,0.0
2024-02-13 22:00:00,-7.9,6.7,0,0.0,0.0
2024-02-13 23:00:00,-10.0,7.8,0,0.0,0.0
2024-02-14 00:00:00,-13.7,11.4,0,0.0,0.0
2024-02-14 01:00:00,-12.6,13.7,0,0.0,0.0
2024-02-14 02:00:00,-13.1,11.5,5,0.0,0.05
2024-02-14 03:00:00,-13.4,11.2,5,2.0,0.05
2024-02-14 04:00:00,-13.1,12.4,0,41.0,0.0
2024-02-14 05:00:00,-12.3,12.3,4,117.0,0.04
2024-02-14 06:00:00,-11.0,10.9,0,212.0,0.0
2024-02-14 07:00:00,-9.7,8.0,1,316.0,0.01
2024-02-14 08:00:00,-8.5,12.3,0,414.0,0.0
2024-02-14 09:00:00,-7.3,17.5,0,499.0,0.0
2024-02-14 10:00:00,-7.1,15.2,1,566.0,0.01
2024-02-14 11:00:00,-6.8,15.9,0,607.0,0.0
2024-02-14 12:00:00,-6.6,17.6,1,620.0,0.01
2024-02-14 13:00:00,-6.0,14.4,30,604.0,0.3
2024-02-14 14:00:00,-6.2,13.0,94,556.0,0.94
2024-02-14 15:00:00,-6.5,12.6,100,482.0,1.0
2024-02-14 16:00:00,-6.9,14.3,100,376.0,1.0
2024-02-14 17:00:00,-7.2,16.1,100,270.0,1.0
2024-02-14 18:00:00,-7.5,16.8,100,170.0,1.0
2024-02-14 19:00:00,-7.7,17.3,100,79.0,1.0
2024-02-14 20:00:00,-7.9,18.1,100,26.0,1.0
2024-02-14 21:00:00,-7.9,17.9,100,1.0,1.0
2024-02-14 22:00:00,-8.3,18.0,100,0.0,1.0
2024-02-14 23:00:00,-8.0,17.3,94,0.0,0.94
2024-02-15 00:00:00,-9.0,15.8,100,0.0,1.0
2024-02-15 01:00:00,-8.7,13.0,100,0.0,1.0
2024-02-15 02:00:00,-8.7,11.7,100,0.0,1.0
2024-02-15 03:00:00,-8.3,10.1,100,1.0,1.0
2024-02-15 04:00:00,-7.2,13.1,100,28.0,1.0
2024-02-15 05:00:00,-6.5,14.8,100,79.0,1.0
2024-02-15 06:00:00,-6.1,16.1,100,142.0,1.0
2024-02-15 07:00:00,-6.1,14.2,100,235.0,1.0
2024-02-15 08:00:00,-6.0,9.7,100,309.0,1.0
2024-02-15 09:00:00,-6.1,9.1,100,370.0,1.0
2024-02-15 10:00:00,-6.4,9.5,100,447.0,1.0
2024-02-15 11:00:00,-6.3,14.5,100,508.0,1.0
2024-02-15 12:00:00,-6.2,18.5,100,527.0,1.0
2024-02-15 13:00:00,-6.2,19.1,100,508.0,1.0
2024-02-15 14:00:00,-6.3,20.5,100,448.0,1.0
2024-02-15 15:00:00,-6.5,23.1,100,397.0,1.0
2024-02-15 16:00:00,-7.0,24.3,100,338.0,1.0
2024-02-15 17:00:00,-7.3,26.5,100,231.0,1.0
2024-02-15 18:00:00,-7.6,28.0,100,134.0,1.0
2024-02-15 19:00:00,-7.6,29.5,100,71.0,1.0
2024-02-15 20:00:00,-7.2,30.3,100,22.0,1.0
2024-02-15 21:00:00,-7.0,33.8,100,0.0,1.0
2024-02-15 22:00:00,-7.1,36.1,100,0.0,1.0
2024-02-15 23:00:00,-7.1,38.8,100,0.0,1.0
2024-02-16 00:00:00,-7.2,40.0,100,0.0,1.0
2024-02-16 01:00:00,-7.0,42.1,100,0.0,1.0
2024-02-16 02:00:00,-6.2,41.5,100,0.0,1.0
2024-02-16 03:00:00,-7.2,45.1,100,0.0,1.0
2024-02-16 04:00:00,-7.8,45.7,100,25.0,1.0
2024-02-16 05:00:00,-7.5,45.7,100,73.0,1.0
2024-02-16 06:00:00,-7.2,48.3,100,129.0,1.0
2024-02-16 07:00:00,-6.9,50.1,100,205.0,1.0
2024-02-16 08:00:00,-6.7,51.7,100,274.0,1.0
2024-02-16 09:00:00,-6.3,52.2,100,367.0,1.0
2024-02-16 10:00:00,-6.1,53.0,100,364.0,1.0
2024-02-16 11:00:00,-6.1,54.8,100,369.0,1.0
2024-02-16 12:00:00,-6.0,55.6,100,405.0,1.0
2024-02-16 13:00:00,-5.9,55.4,100,442.0,1.0
2024-02-16 14:00:00,-5.6,55.6,100,415.0,1.0
2024-02-16 15:00:00,-5.5,57.8,100,367.0,1.0
2024-02-16 16:00:00,-5.3,58.9,100,273.0,1.0
2024-02-16 17:00:00,-5.1,59.7,100,165.0,1.0
2024-02-16 18:00:00,-4.9,58.8,100,104.0,1.0
2024-02-16 19:00:00,-4.7,59.4,100,53.0,1.0
2024-02-16 20:00:00,-4.6,59.4,100,15.0,1.0
2024-02-16 21:00:00,-4.4,60.4,100,0.0,1.0
2024-02-16 22:00:00,-4.2,60.7,100,0.0,1.0
2024-02-16 23:00:00,-4.1,60.5,100,0.0,1.0
2024-02-17 00:00:00,-3.9,60.4,100,0.0,1.0
2024-02-17 01:00:00,-3.8,62.7,100,0.0,1.0
2024-02-17 02:00:00,-3.8,59.7,100,0.0,1.0
2024-02-17 03:00:00,-3.8,60.8,100,0.0,1.0
2024-02-17 04:00:00,-4.0,63.6,100,14.0,1.0
2024-02-17 05:00:00,-4.1,62.5,100,54.0,1.0
2024-02-17 06:00:00,-4.0,61.4,100,91.0,1.0
2024-02-17 07:00:00,-3.9,61.0,100,134.0,1.0
2024-02-17 08:00:00,-3.8,60.8,100,197.0,1.0
2024-02-17 09:00:00,-3.7,61.3,100,208.0,1.0
2024-02-17 10:00:00,-3.5,60.6,100,267.0,1.0
2024-02-17 11:00:00,-3.4,61.1,100,284.0,1.0
2024-02-17 12:00:00,-3.3,62.9,100,323.0,1.0
2024-02-17 13:00:00,-3.4,65.5,100,326.0,1.0
2024-02-17 14:00:00,-3.3,65.6,100,317.0,1.0
2024-02-17 15:00:00,-3.3,66.1,100,244.0,1.0
2024-02-17 16:00:00,-3.2,66.2,100,178.0,1.0
2024-02-17 17:00:00,-3.0,65.7,100,129.0,1.0
2024-02-17 18:00:00,-2.9,64.1,100,82.0,1.0
2024-02-17 19:00:00,-2.7,62.5,100,40.0,1.0
2024-02-17 20:00:00,-2.4,61.2,100,9.0,1.0
2024-02-17 21:00:00,-2.3,58.5,100,0.0,1.0
2024-02-17 22:00:00,-2.1,56.5,100,0.0,1.0
2024-02-17 23:00:00,-2.0,54.3,100,0.0,1.0
2024-02-18 00:00:00,-2.0,52.3,100,0.0,1.0
2024-02-18 01:00:00,-2.1,50.9,100,0.0,1.0
2024-02-18 02:00:00,-2.1,52.5,100,0.0,1.0
2024-02-18 03:00:00,-2.1,52.4,100,0.0,1.0
2024-02-18 04:00:00,-2.2,51.7,100,13.0,1.0
2024-02-18 05:00:00,-2.0,52.0,100,49.0,1.0
2024-02-18 06:00:00,-1.8,52.1,100,87.0,1.0
2024-02-18 07:00:00,-1.7,52.3,100,142.0,1.0
2024-02-18 08:00:00,-1.5,52.6,100,212.0,1.0
2024-02-18 09:00:00,-1.1,51.7,100,276.0,1.0
2024-02-18 10:00:00,-0.9,50.4,100,332.0,1.0
2024-02-18 11:00:00,-0.6,49.9,100,358.0,1.0
2024-02-18 12:00:00,-0.4,49.1,100,387.0,1.0
2024-02-18 13:00:00,-0.6,51.6,100,315.0,1.0
2024-02-18 14:00:00,-0.4,50.7,100,285.0,1.0
2024-02-18 15:00:00,-0.3,49.8,100,268.0,1.0
2024-02-18 16:00:00,-0.3,48.6,99,216.0,0.99
2024-02-18 17:00:00,-0.4,48.0,100,172.0,1.0
2024-02-18 18:00:00,-0.5,46.5,99,104.0,0.99
2024-02-18 19:00:00,-0.5,45.7,100,44.0,1.0
2024-02-18 20:00:00,-0.5,45.7,100,10.0,1.0
2024-02-18 21:00:00,-0.5,45.5,100,0.0,1.0
2024-02-18 22:00:00,-0.5,44.0,100,0.0,1.0
2024-02-18 23:00:00,-0.5,43.2,85,0.0,0.85
2024-02-19 00:00:00,-1.1,43.0,97,0.0,0.97
2024-02-19 01:00:00,-1.3,41.6,100,0.0,1.0
2024-02-19 02:00:00,-1.4,41.5,100,0.0,1.0
2024-02-19 03:00:00,-1.9,41.3,100,0.0,1.0
2024-02-19 04:00:00,-2.0,36.4,100,11.0,1.0
2024-02-19 05:00:00,-1.7,30.2,89,44.0,0.89
2024-02-19 06:00:00,-1.8,34.1,96,131.0,0.96
2024-02-19 07:00:00,-1.5,34.3,91,189.0,0.91
2024-02-19 08:00:00,-1.2,32.7,88,262.0,0.88
2024-02-19 09:00:00,-1.0,31.1,93,351.0,0.93
2024-02-19 10:00:00,-0.6,29.5,82,460.0,0.82
2024-02-19 11:00:00,-0.4,26.7,19,514.0,0.19
2024-02-19 12:00:00,-0.3,23.8,6,560.0,0.06
2024-02-19 13:00:00,0.0,22.9,6,534.0,0.06
2024-02-19 14:00:00,-0.1,19.3,0,515.0,0.0
2024-02-19 15:00:00,-0.6,16.6,0,452.0,0.0
2024-02-19 16:00:00,-1.3,14.8,0,365.0,0.0
2024-02-19 17:00:00,-2.3,14.0,0,267.0,0.0
2024-02-19 18:00:00,-3.4,14.8,0,167.0,0.0
2024-02-19 19:00:00,-4.7,15.3,0,77.0,0.0
2024-02-19 20:00:00,-6.0,15.2,0,13.0,0.0
2024-02-19 21:00:00,-6.9,13.2,0,0.0,0.0
2024-02-19 22:00:00,-7.7,11.7,0,0.0,0.0
2024-02-19 23:00:00,-8.0,10.4,0,0.0,0.0
2024-02-20 00:00:00,-6.3,8.0,42,0.0,0.42
2024-02-20 01:00:00,-6.8,8.5,80,0.0,0.8
2024-02-20 02:00:00,-2.9,5.1,18,0.0,0.18
2024-02-20 03:00:00,-3.5,5.2,9,0.0,0.09
2024-02-20 04:00:00,-6.4,6.6,0,16.0,0.0
2024-02-20 05:00:00,-8.2,6.9,6,82.0,0.06
2024-02-20 06:00:00,-8.1,6.3,87,173.0,0.87
2024-02-20 07:00:00,-5.7,3.2,100,261.0,1.0
2024-02-20 08:00:00,-5.6,1.8,100,328.0,1.0
2024-02-20 09:00:00,-5.9,1.3,100,416.0,1.0
2024-02-20 10:00:00,-5.9,1.3,100,462.0,1.0
2024-02-20 11:00:00,-5.5,2.7,100,467.0,1.0
2024-02-20 12:00:00,-5.4,4.0,100,484.0,1.0
2024-02-20 13:00:00,-5.9,2.6,100,480.0,1.0
2024-02-20 14:00:00,-5.8,1.5,100,431.0,1.0
2024-02-20 15:00:00,-5.3,1.6,100,372.0,1.0
2024-02-20 16:00:00,-5.0,0.4,26,332.0,0.26
2024-02-20 17:00:00,-4.7,0.4,79,256.0,0.79
2024-02-20 18:00:00,-4.7,1.0,99,157.0,0.99
2024-02-20 19:00:00,-4.5,5.0,100,69.0,1.0
2024-02-20 20:00:00,-7.0,8.2,100,9.0,1.0
2024-02-20 21:00:00,-8.2,10.2,100,0.0,1.0
2024-02-20 22:00:00,-7.2,12.4,100,0.0,1.0
2024-02-20 23:00:00,-3.5,5.2,100,0.0,1.0
2024-02-21 00:00:00,-3.1,3.1,100,0.0,1.0
2024-02-21 01:00:00,-3.2,4.0,100,0.0,1.0
2024-02-21 02:00:00,-4.6,6.5,100,0.0,1.0
2024-02-21 03:00:00,-6.8,10.7,100,0.0,1.0
2024-02-21 04:00:00,-7.5,11.8,100,11.0,1.0
2024-02-21 05:00:00,-6.5,12.9,100,56.0,1.0
2024-02-21 06:00:00,-6.1,14.7,100,128.0,1.0
2024-02-21 07:00:00,-5.5,17.0,100,197.0,1.0
2024-02-21 08:00:00,-4.9,17.6,100,272.0,1.0
2024-02-21 09:00:00,-4.5,17.4,100,357.0,1.0
2024-02-21 10:00:00,-4.3,16.7,100,430.0,1.0
2024-02-21 11:00:00,-4.4,18.5,100,457.0,1.0
2024-02-21 12:00:00,-4.4,21.7,100,468.0,1.0
2024-02-21 13:00:00,-4.7,20.1,88,515.0,0.88
2024-02-21 14:00:00,-4.8,21.2,99,481.0,0.99
2024-02-21 15:00:00,-5.0,23.0,97,400.0,0.97
2024-02-21 16:00:00,-5.3,24.5,100,294.0,1.0
2024-02-21 17:00:00,-5.4,25.3,100,188.0,1.0
2024-02-21 18:00:00,-5.5,26.5,100,107.0,1.0
2024-02-21 19:00:00,-5.8,27.7,100,46.0,1.0
2024-02-21 20:00:00,-5.9,28.3,100,6.0,1.0
2024-02-21 21:00:00,-6.0,28.2,100,0.0,1.0
2024-02-21 22:00:00,-6.1,27.7,100,0.0,1.0
2024-02-21 23:00:00,-6.1,27.1,100,0.0,1.0
2024-02-22 00:00:00,-6.0,26.6,100,0.0,1.0
2024-02-22 01:00:00,-6.0,22.7,100,0.0,1.0
2024-02-22 02:00:00,-6.0,21.2,100,0.0,1.0
2024-02-22 03:00:00,-5.9,20.5,100,0.0,1.0
2024-02-22 04:00:00,-5.7,20.8,100,7.0,1.0
2024-02-22 05:00:00,-5.3,21.8,100,41.0,1.0
2024-02-22 06:00:00,-4.8,21.7,100,93.0,1.0
2024-02-22 07:00:00,-4.0,22.3,100,159.0,1.0
2024-02-22 08:00:00,-3.0,21.2,100,236.0,1.0
2024-02-22 09:00:00,-2.5,20.1,100,319.0,1.0
2024-02-22 10:00:00,-2.1,22.2,100,372.0,1.0
2024-02-22 11:00:00,-2.3,24.1,100,422.0,1.0
2024-02-22 12:00:00,-2.7,26.6,100,427.0,1.0
2024-02-22 13:00:00,-1.9,19.4,100,429.0,1.0
2024-02-22 14:00:00,-1.9,14.0,100,388.0,1.0
2024-02-22 15:00:00,-1.9,17.5,100,328.0,1.0
2024-02-22 16:00:00,-1.8,29.1,100,254.0,1.0
2024-02-22 17:00:00,-2.4,22.9,100,189.0,1.0
2024-02-22 18:00:00,-4.2,13.2,100,115.0,1.0
2024-02-22 19:00:00,-4.0,17.2,99,46.0,0.99
2024-02-22 20:00:00,-3.0,29.6,98,5.0,0.98
2024-02-22 21:00:00,-3.3,31.9,98,0.0,0.98
2024-02-22 22:00:00,-4.0,29.5,100,0.0,1.0
2024-02-22 23:00:00,-5.0,21.6,100,0.0,1.0
2024-02-23 00:00:00,-4.7,26.5,98,0.0,0.98
2024-02-23 01:00:00,-4.1,26.1,94,0.0,0.94
2024-02-23 02:00:00,-4.9,20.6,100,0.0,1.0
2024-02-23 03:00:00,-4.9,19.5,99,0.0,0.99
2024-02-23 04:00:00,-5.4,18.8,100,7.0,1.0
2024-02-23 05:00:00,-5.2,19.7,62,56.0,0.62
2024-02-23 06:00:00,-5.0,20.8,51,147.0,0.51
2024-02-23 07:00:00,-4.6,19.2,3,252.0,0.03
2024-02-23 08:00:00,-4.7,12.3,0,351.0,0.0
2024-02-23 09:00:00,-3.2,2.9,0,438.0,0.0
2024-02-23 10:00:00,-4.3,11.1,0,504.0,0.0
2024-02-23 11:00:00,-4.4,13.1,0,545.0,0.0
2024-02-23 12:00:00,-5.2,12.1,0,558.0,0.0
2024-02-23 13:00:00,-5.7,8.0,0,540.0,0.0
2024-02-23 14:00:00,-5.5,6.6,0,496.0,0.0
2024-02-23 15:00:00,-5.0,5.2,0,428.0,0.0
2024-02-23 16:00:00,-2.7,4.2,0,340.0,0.0
2024-02-23 17:00:00,-5.7,10.4,0,241.0,0.0
2024-02-23 18:00:00,-4.4,21.7,0,142.0,0.0
2024-02-23 19:00:00,-5.7,21.2,26,55.0,0.26
2024-02-23 20:00:00,-6.1,19.6,53,4.0,0.53
2024-02-23 21:00:00,-6.8,16.8,39,0.0,0.39
2024-02-23 22:00:00,-7.6,15.5,16,0.0,0.16
2024-02-23 23:00:00,-7.6,17.5,15,0.0,0.15
2024-02-24 00:00:00,-7.5,19.4,30,0.0,0.3
2024-02-24 01:00:00,-7.4,19.1,35,0.0,0.35
2024-02-24 02:00:00,-8.4,16.6,13,0.0,0.13
2024-02-24 03:00:00,-9.8,13.5,0,0.0,0.0
2024-02-24 04:00:00,-9.8,14.6,0,6.0,0.0
2024-02-24 05:00:00,-7.3,21.6,3,61.0,0.03
2024-02-24 06:00:00,-6.2,30.5,17,151.0,0.17
2024-02-24 07:00:00,-6.2,29.1,56,247.0,0.56
2024-02-24 08:00:00,-6.1,24.6,87,331.0,0.87
2024-02-24 09:00:00,-5.9,21.6,89,402.0,0.89
2024-02-24 10:00:00,-5.7,16.9,41,474.0,0.41
2024-02-24 11:00:00,-5.9,16.6,11,536.0,0.11
2024-02-24 12:00:00,-6.3,15.9,19,554.0,0.19
2024-02-24 13:00:00,-6.8,13.0,35,532.0,0.35
2024-02-24 14:00:00,-6.9,11.2,20,483.0,0.2
2024-02-24 15:00:00,-7.4,12.0,43,417.0,0.43
2024-02-24 16:00:00,-7.2,16.4,66,325.0,0.66
2024-02-24 17:00:00,-6.9,24.7,87,227.0,0.87
2024-02-24 18:00:00,-6.9,24.7,99,123.0,0.99
2024-02-24 19:00:00,-6.9,25.6,76,43.0,0.76
2024-02-24 20:00:00,-6.7,33.4,50,2.0,0.5
2024-02-24 21:00:00,-7.2,35.7,64,0.0,0.64
2024-02-24 22:00:00,-6.8,38.5,58,0.0,0.58
2024-02-24 23:00:00,-7.0,40.2,73,0.0,0.73
2024-02-25 00:00:00,-7.3,41.0,43,0.0,0.43
2024-02-25 01:00:00,-7.1,41.3,52,0.0,0.52
2024-02-25 02:00:00,-6.9,41.5,24,0.0,0.24
2024-02-25 03:00:00,-6.8,42.1,24,0.0,0.24
2024-02-25 04:00:00,-6.7,43.9,11,4.0,0.11
2024-02-25 05:00:00,-6.4,44.6,11,54.0,0.11
2024-02-25 06:00:00,-5.9,46.4,9,144.0,0.09
2024-02-25 07:00:00,-5.4,49.3,2,242.0,0.02
2024-02-25 08:00:00,-4.9,48.9,0,339.0,0.0
2024-02-25 09:00:00,-4.3,47.6,3,424.0,0.03
2024-02-25 10:00:00,-3.9,47.7,3,489.0,0.03
2024-02-25 11:00:00,-3.6,46.3,3,527.0,0.03
2024-02-25 12:00:00,-3.4,45.0,22,535.0,0.22
2024-02-25 13:00:00,-3.4,46.0,81,483.0,0.81
2024-02-25 14:00:00,-3.3,45.7,54,434.0,0.54
2024-02-25 15:00:00,-3.4,45.4,36,366.0,0.36
2024-02-25 16:00:00,-3.7,44.7,44,294.0,0.44
2024-02-25 17:00:00,-4.1,44.6,67,211.0,0.67
2024-02-25 18:00:00,-4.4,44.0,74,108.0,0.74
2024-02-25 19:00:00,-4.9,41.3,79,37.0,0.79
2024-02-25 20:00:00,-5.5,36.4,66,1.0,0.66
2024-02-25 21:00:00,-5.6,41.7,81,0.0,0.81
2024-02-25 22:00:00,-5.9,42.2,70,0.0,0.7
2024-02-25 23:00:00,-6.0,45.7,88,0.0,0.88
2024-02-26 00:00:00,-5.5,51.9,52,0.0,0.52
2024-02-26 01:00:00,-5.3,55.6,13,0.0,0.13
2024-02-26 02:00:00,-5.9,59.1,8,0.0,0.08
2024-02-26 03:00:00,-6.1,56.0,1,0.0,0.01
2024-02-26 04:00:00,-6.4,59.9,5,2.0,0.05
2024-02-26 05:00:00,-6.7,55.9,11,49.0,0.11
2024-02-26 06:00:00,-6.7,52.0,0,134.0,0.0
2024-02-26 07:00:00,-6.5,50.1,0,232.0,0.0
2024-02-26 08:00:00,-6.2,49.5,57,331.0,0.57
2024-02-26 09:00:00,-5.8,48.7,35,416.0,0.35
2024-02-26 10:00:00,-5.6,49.2,15,485.0,0.15
2024-02-26 11:00:00,-5.4,48.5,0,525.0,0.0
2024-02-26 12:00:00,-5.3,48.7,19,539.0,0.19
2024-02-26 13:00:00,-4.4,50.6,100,352.0,1.0
2024-02-26 14:00:00,-4.4,47.2,100,364.0,1.0
2024-02-26 15:00:00,-4.5,44.2,100,271.0,1.0
2024-02-26 16:00:00,-4.6,41.4,100,211.0,1.0
2024-02-26 17:00:00,-4.9,37.6,100,151.0,1.0
2024-02-26 18:00:00,-5.0,35.1,100,79.0,1.0
2024-02-26 19:00:00,-5.2,32.9,100,26.0,1.0
2024-02-26 20:00:00,-5.7,30.8,91,1.0,0.91
2024-02-26 21:00:00,-6.7,29.9,15,0.0,0.15
2024-02-26 22:00:00,-7.0,30.1,61,0.0,0.61
2024-02-26 23:00:00,-7.1,29.0,54,0.0,0.54
2024-02-27 00:00:00,-7.4,27.1,42,0.0,0.42
2024-02-27 01:00:00,-7.0,26.7,93,0.0,0.93
2024-02-27 02:00:00,-6.7,27.1,97,0.0,0.97
2024-02-27 03:00:00,-6.5,26.6,99,0.0,0.99
2024-02-27 04:00:00,-6.4,24.9,99,1.0,0.99
2024-02-27 05:00:00,-6.3,24.0,98,33.0,0.98
2024-02-27 06:00:00,-6.0,23.0,62,97.0,0.62
2024-02-27 07:00:00,-5.8,21.2,85,203.0,0.85
2024-02-27 08:00:00,-5.4,19.5,100,302.0,1.0
2024-02-27 09:00:00,-4.6,18.2,100,355.0,1.0
2024-02-27 10:00:00,-4.0,17.3,100,423.0,1.0
2024-02-27 11:00:00,-3.6,15.7,100,452.0,1.0
2024-02-27 12:00:00,-3.3,13.6,99,470.0,0.99
2024-02-27 13:00:00,-4.2,13.2,0,509.0,0.0
2024-02-27 14:00:00,-4.6,11.9,0,464.0,0.0
2024-02-27 15:00:00,-5.1,12.3,0,394.0,0.0
2024-02-27 16:00:00,-5.5,12.6,3,301.0,0.03
2024-02-27 17:00:00,-6.4,12.7,18,202.0,0.18
2024-02-27 18:00:00,-7.3,14.8,30,108.0,0.3
2024-02-27 19:00:00,-8.1,15.7,44,31.0,0.44
2024-02-27 20:00:00,-8.4,15.5,63,0.0,0.63
2024-02-27 21:00:00,-8.4,15.0,93,0.0,0.93
2024-02-27 22:00:00,-7.6,14.0,85,0.0,0.85
2024-02-27 23:00:00,-6.9,13.6,100,0.0,1.0
2024-02-28 00:00:00,-5.9,13.0,100,0.0,1.0
2024-02-28 01:00:00,-8.3,15.5,97,0.0,0.97
2024-02-28 02:00:00,-7.9,12.1,100,0.0,1.0
2024-02-28 03:00:00,-6.9,9.9,78,0.0,0.78
2024-02-28 04:00:00,-8.5,11.8,28,1.0,0.28
2024-02-28 05:00:00,-9.0,12.7,90,35.0,0.9
2024-02-28 06:00:00,-8.7,11.4,86,109.0,0.86
2024-02-28 07:00:00,-7.5,9.4,100,183.0,1.0
2024-02-28 08:00:00,-5.2,10.3,100,229.0,1.0
2024-02-28 09:00:00,-4.2,14.9,100,284.0,1.0
2024-02-28 10:00:00,-4.0,17.9,100,357.0,1.0
2024-02-28 11:00:00,-4.2,16.9,100,370.0,1.0
2024-02-28 12:00:00,-4.3,14.1,100,289.0,1.0
2024-02-28 13:00:00,-4.3,8.5,100,405.0,1.0
2024-02-28 14:00:00,-4.3,8.8,100,327.0,1.0
2024-02-28 15:00:00,-4.5,7.3,100,230.0,1.0
2024-02-28 16:00:00,-4.8,4.6,100,170.0,1.0
2024-02-28 17:00:00,-5.0,3.6,100,112.0,1.0
2024-02-28 18:00:00,-5.2,2.1,100,59.0,1.0
2024-02-28 19:00:00,-5.3,2.7,99,17.0,0.99
2024-02-28 20:00:00,-6.3,5.2,83,0.0,0.83
2024-02-28 21:00:00,-6.6,5.3,85,0.0,0.85
2024-02-28 22:00:00,-6.1,4.4,75,0.0,0.75
2024-02-28 23:00:00,-6.1,3.3,69,0.0,0.69
2024-02-29 00:00:00,-7.1,3.7,73,0.0,0.73
2024-02-29 01:00:00,-6.5,1.4,56,0.0,0.56
2024-02-29 02:00:00,-6.9,1.5,75,0.0,0.75
2024-02-29 03:00:00,-7.7,4.6,91,0.0,0.91
2024-02-29 04:00:00,-8.0,4.7,97,0.0,0.97
2024-02-29 05:00:00,-8.0,3.6,85,28.0,0.85
2024-02-29 06:00:00,-7.9,3.3,98,91.0,0.98
2024-02-29 07:00:00,-7.9,3.4,100,160.0,1.0
2024-02-29 08:00:00,-8.4,3.2,100,246.0,1.0
2024-02-29 09:00:00,-7.7,3.4,99,322.0,0.99
2024-02-29 10:00:00,-7.3,2.6,100,360.0,1.0
2024-02-29 11:00:00,-6.5,4.9,87,392.0,0.87
2024-02-29 12:00:00,-6.5,3.0,62,439.0,0.62
2024-02-29 13:00:00,-6.2,3.3,99,372.0,0.99
2024-02-29 14:00:00,-6.0,4.6,43,352.0,0.43
2024-02-29 15:00:00,-6.8,7.7,99,305.0,0.99
2024-02-29 16:00:00,-7.3,6.4,93,238.0,0.93
2024-02-29 17:00:00,-8.1,3.1,95,150.0,0.95
2024-02-29 18:00:00,-7.9,1.6,82,77.0,0.82
2024-02-29 19:00:00,-8.1,1.5,98,19.0,0.98
2024-02-29 20:00:00,-8.3,0.8,100,0.0,1.0
2024-02-29 21:00:00,-8.5,3.1,100,0.0,1.0
2024-02-29 22:00:00,-9.6,4.6,100,0.0,1.0
2024-02-29 23:00:00,-9.9,5.1,98,0.0,0.98
2024-03-01 00:00:00,-9.8,4.6,61,0.0,0.61
2024-03-01 01:00:00,-9.6,7.2,20,0.0,0.2
2024-03-01 02:00:00,-9.2,5.0,13,0.0,0.13
2024-03-01 03:00:00,-10.7,6.1,5,0.0,0.05
2024-03-01 04:00:00,-12.1,8.0,0,0.0,0.0
2024-03-01 05:00:00,-11.7,8.3,0,28.0,0.0
2024-03-01 06:00:00,-7.9,3.3,0,107.0,0.0
2024-03-01 07:00:00,-7.8,3.4,0,208.0,0.0
2024-03-01 08:00:00,-9.0,6.2,0,308.0,0.0
2024-03-01 09:00:00,-8.5,16.9,0,394.0,0.0
2024-03-01 10:00:00,-8.6,23.4,0,459.0,0.0
2024-03-01 11:00:00,-8.9,23.7,0,498.0,0.0
2024-03-01 12:00:00,-8.9,20.1,0,509.0,0.0
2024-03-01 13:00:00,-8.7,16.1,0,490.0,0.0
2024-03-01 14:00:00,-9.0,15.0,0,445.0,0.0
2024-03-01 15:00:00,-9.5,13.7,0,375.0,0.0
2024-03-01 16:00:00,-10.2,13.7,0,287.0,0.0
2024-03-01 17:00:00,-10.8,15.1,0,190.0,0.0
2024-03-01 18:00:00,-11.4,16.8,0,94.0,0.0
2024-03-01 19:00:00,-11.9,17.7,0,19.0,0.0
2024-03-01 20:00:00,-12.1,17.7,0,0.0,0.0
2024-03-01 21:00:00,-12.4,17.4,0,0.0,0.0
2024-03-01 22:00:00,-12.7,17.1,0,0.0,0.0
2024-03-01 23:00:00,-13.1,16.2,0,0.0,0.0
2024-03-02 00:00:00,-13.7,14.8,0,0.0,0.0
2024-03-02 01:00:00,-13.5,14.3,0,0.0,0.0
2024-03-02 02:00:00,-14.3,13.1,1,0.0,0.01
2024-03-02 03:00:00,-14.7,13.2,8,0.0,0.08
2024-03-02 04:00:00,-15.0,14.1,10,0.0,0.1
2024-03-02 05:00:00,-14.7,16.0,23,26.0,0.23
2024-03-02 06:00:00,-14.4,16.2,33,105.0,0.33
2024-03-02 07:00:00,-13.6,17.3,57,201.0,0.57
2024-03-02 08:00:00,-12.1,18.4,3,299.0,0.03
2024-03-02 09:00:00,-10.6,22.7,0,384.0,0.0
2024-03-02 10:00:00,-10.1,27.2,0,449.0,0.0
2024-03-02 11:00:00,-9.7,28.8,0,489.0,0.0
2024-03-02 12:00:00,-9.4,29.3,7,500.0,0.07
2024-03-02 13:00:00,-8.9,29.6,14,482.0,0.14
2024-03-02 14:00:00,-8.8,28.3,24,435.0,0.24
2024-03-02 15:00:00,-8.8,27.5,54,361.0,0.54
2024-03-02 16:00:00,-9.0,27.5,79,270.0,0.79
2024-03-02 17:00:00,-9.2,28.2,89,171.0,0.89
2024-03-02 18:00:00,-9.5,29.3,92,80.0,0.92
2024-03-02 19:00:00,-9.7,30.3,79,14.0,0.79
2024-03-02 20:00:00,-9.7,31.1,66,0.0,0.66
2024-03-02 21:00:00,-9.6,31.5,79,0.0,0.79
2024-03-02 22:00:00,-9.6,31.6,54,0.0,0.54
2024-03-02 23:00:00,-9.7,32.1,42,0.0,0.42
2024-03-03 00:00:00,-9.8,32.0,39,0.0,0.39
2024-03-03 01:00:00,-9.4,31.9,64,0.0,0.64
2024-03-03 02:00:00,-9.4,33.1,61,0.0,0.61
2024-03-03 03:00:00,-9.3,33.2,51,0.0,0.51
2024-03-03 04:00:00,-9.2,33.0,56,0.0,0.56
2024-03-03 05:00:00,-8.8,32.6,65,19.0,0.65
2024-03-03 06:00:00,-8.4,33.0,78,86.0,0.78
2024-03-03 07:00:00,-8.1,32.7,52,175.0,0.52
2024-03-03 08:00:00,-8.0,32.9,97,269.0,0.97
2024-03-03 09:00:00,-7.6,32.4,100,342.0,1.0
2024-03-03 10:00:00,-7.2,32.1,100,375.0,1.0
2024-03-03 11:00:00,-6.9,31.4,100,361.0,1.0
2024-03-03 12:00:00,-6.6,30.2,100,359.0,1.0
2024-03-03 13:00:00,-6.3,27.0,100,332.0,1.0
2024-03-03 14:00:00,-6.3,26.9,100,284.0,1.0
2024-03-03 15:00:00,-6.4,27.2,100,241.0,1.0
2024-03-03 16:00:00,-6.7,27.1,100,179.0,1.0
2024-03-03 17:00:00,-7.0,26.5,100,108.0,1.0
2024-03-03 18:00:00,-7.3,26.0,100,54.0,1.0
2024-03-03 19:00:00,-7.7,26.7,100,9.0,1.0
2024-03-03 20:00:00,-8.1,28.0,100,0.0,1.0
2024-03-03 21:00:00,-8.4,29.0,100,0.0,1.0
2024-03-03 22:00:00,-8.8,29.0,100,0.0,1.0
2024-03-03 23:00:00,-8.9,27.9,100,0.0,1.0
2024-03-04 00:00:00,-9.2,24.8,100,0.0,1.0
2024-03-04 01:00:00,-9.1,23.8,100,0.0,1.0
2024-03-04 02:00:00,-9.7,21.8,100,0.0,1.0
2024-03-04 03:00:00,-10.1,18.6,100,0.0,1.0
2024-03-04 04:00:00,-10.8,17.0,100,0.0,1.0
2024-03-04 05:00:00,-11.4,16.9,100,15.0,1.0
2024-03-04 06:00:00,-11.1,15.2,100,72.0,1.0
2024-03-04 07:00:00,-11.0,13.9,100,156.0,1.0
2024-03-04 08:00:00,-11.3,12.1,99,256.0,0.99
2024-03-04 09:00:00,-11.2,10.0,98,349.0,0.98
2024-03-04 10:00:00,-11.0,7.2,100,409.0,1.0
2024-03-04 11:00:00,-10.2,3.2,100,447.0,1.0
2024-03-04 12:00:00,-9.5,2.6,55,467.0,0.55
2024-03-04 13:00:00,-10.8,3.8,27,458.0,0.27
2024-03-04 14:00:00,-10.9,6.1,22,415.0,0.22
2024-03-04 15:00:00,-11.5,7.1,48,349.0,0.48
2024-03-04 16:00:00,-11.4,6.4,29,262.0,0.29
2024-03-04 17:00:00,-10.2,5.6,25,166.0,0.25
2024-03-04 18:00:00,-11.8,6.6,9,73.0,0.09
2024-03-04 19:00:00,-14.8,9.4,0,9.0,0.0
2024-03-04 20:00:00,-13.2,7.9,0,0.0,0.0
2024-03-04 21:00:00,-16.5,10.8,7,0.0,0.07
2024-03-04 22:00:00,-16.1,16.2,11,0.0,0.11
2024-03-04 23:00:00,-15.6,15.7,10,0.0,0.1
2024-03-05 00:00:00,-16.8,14.2,16,0.0,0.16
2024-03-05 01:00:00,-16.3,13.0,21,0.0,0.21
2024-03-05 02:00:00,-16.8,11.9,13,0.0,0.13
2024-03-05 03:00:00,-17.0,12.2,21,0.0,0.21
2024-03-05 04:00:00,-17.1,13.7,43,0.0,0.43
2024-03-05 05:00:00,-16.6,15.4,52,14.0,0.52
2024-03-05 06:00:00,-15.2,15.5,35,84.0,0.35
2024-03-05 07:00:00,-13.5,18.8,32,177.0,0.32
2024-03-05 08:00:00,-12.6,20.8,3,273.0,0.03
2024-03-05 09:00:00,-12.1,20.0,9,358.0,0.09
2024-03-05 10:00:00,-11.9,17.1,11,426.0,0.11
2024-03-05 11:00:00,-11.8,13.4,17,468.0,0.17
2024-03-05 12:00:00,-11.8,11.8,22,477.0,0.22
2024-03-05 13:00:00,-11.1,14.7,38,456.0,0.38
2024-03-05 14:00:00,-11.6,14.7,53,410.0,0.53
2024-03-05 15:00:00,-12.2,14.7,100,332.0,1.0
2024-03-05 16:00:00,-12.0,17.8,100,224.0,1.0
2024-03-05 17:00:00,-12.4,20.9,100,145.0,1.0
2024-03-05 18:00:00,-12.7,23.7,94,64.0,0.94
2024-03-05 19:00:00,-12.9,26.0,77,6.0,0.77
2024-03-05 20:00:00,-12.7,26.0,51,0.0,0.51
2024-03-05 21:00:00,-12.6,24.7,80,0.0,0.8
2024-03-05 22:00:00,-12.9,23.4,52,0.0,0.52
2024-03-05 23:00:00,-12.7,23.4,53,0.0,0.53
2024-03-06 00:00:00,-12.6,25.1,96,0.0,0.96
2024-03-06 01:00:00,-11.5,26.6,100,0.0,1.0
2024-03-06 02:00:00,-11.5,21.6,100,0.0,1.0
2024-03-06 03:00:00,-11.4,24.5,100,0.0,1.0
2024-03-06 04:00:00,-11.8,26.6,98,0.0,0.98
2024-03-06 05:00:00,-11.9,27.2,94,9.0,0.94
2024-03-06 06:00:00,-12.1,28.4,41,70.0,0.41
2024-03-06 07:00:00,-11.7,28.6,35,165.0,0.35
2024-03-06 08:00:00,-11.3,28.4,31,261.0,0.31
2024-03-06 09:00:00,-10.9,26.8,36,347.0,0.36
2024-03-06 10:00:00,-10.6,26.0,28,413.0,0.28
2024-03-06 11:00:00,-10.4,25.2,28,452.0,0.28
2024-03-06 12:00:00,-10.2,23.8,11,464.0,0.11
2024-03-06 13:00:00,-10.2,22.5,7,446.0,0.07
2024-03-06 14:00:00,-10.6,20.9,7,401.0,0.07
2024-03-06 15:00:00,-11.1,20.4,8,332.0,0.08
2024-03-06 16:00:00,-11.5,21.4,30,244.0,0.3
2024-03-06 17:00:00,-12.1,22.4,41,148.0,0.41
2024-03-06 18:00:00,-12.5,24.7,55,58.0,0.55
2024-03-06 19:00:00,-12.5,27.6,59,4.0,0.59
2024-03-06 20:00:00,-12.5,28.3,50,0.0,0.5
2024-03-06 21:00:00,-12.6,28.7,63,0.0,0.63
2024-03-06 22:00:00,-12.7,29.4,65,0.0,0.65
2024-03-06 23:00:00,-12.7,31.3,44,0.0,0.44
2024-03-07 00:00:00,-12.7,33.1,45,0.0,0.45
2024-03-07 01:00:00,-12.0,34.7,81,0.0,0.81
2024-03-07 02:00:00,-12.0,34.7,100,0.0,1.0
2024-03-07 03:00:00,-11.7,34.6,100,0.0,1.0
2024-03-07 04:00:00,-11.9,35.6,100,0.0,1.0
2024-03-07 05:00:00,-11.9,36.9,100,7.0,1.0
2024-03-07 06:00:00,-11.9,38.3,98,63.0,0.98
2024-03-07 07:00:00,-11.6,38.5,67,153.0,0.67
2024-03-07 08:00:00,-11.3,38.7,70,251.0,0.7
2024-03-07 09:00:00,-10.9,39.8,99,322.0,0.99
2024-03-07 10:00:00,-10.5,39.8,92,385.0,0.92
2024-03-07 11:00:00,-10.1,39.6,100,427.0,1.0
2024-03-07 12:00:00,-9.8,39.0,100,413.0,1.0
2024-03-07 13:00:00,-9.7,38.5,100,374.0,1.0
2024-03-07 14:00:00,-9.6,38.5,100,326.0,1.0
2024-03-07 15:00:00,-9.7,39.3,100,246.0,1.0
2024-03-07 16:00:00,-9.8,42.4,95,184.0,0.95
2024-03-07 17:00:00,-10.1,44.5,94,116.0,0.94
2024-03-07 18:00:00,-10.3,42.4,80,46.0,0.8
2024-03-07 19:00:00,-10.4,38.8,45,3.0,0.45
2024-03-07 20:00:00,-10.6,38.0,63,0.0,0.63
2024-03-07 21:00:00,-10.8,38.4,98,0.0,0.98
2024-03-07 22:00:00,-10.8,39.0,93,0.0,0.93
2024-03-07 23:00:00,-10.9,38.2,37,0.0,0.37
2024-03-08 00:00:00,-11.0,37.8,0,0.0,0.0
2024-03-08 01:00:00,-10.6,39.6,8,0.0,0.08
2024-03-08 02:00:00,-10.8,39.1,26,0.0,0.26
2024-03-08 03:00:00,-11.0,37.8,9,0.0,0.09
2024-03-08 04:00:00,-11.1,37.2,1,0.0,0.01
2024-03-08 05:00:00,-11.2,38.4,2,6.0,0.02
2024-03-08 06:00:00,-10.9,40.0,25,67.0,0.25
2024-03-08 07:00:00,-10.5,40.6,6,155.0,0.06
2024-03-08 08:00:00,-10.0,40.6,10,246.0,0.1
2024-03-08 09:00:00,-9.6,40.2,34,328.0,0.34
2024-03-08 10:00:00,-9.1,39.5,14,394.0,0.14
2024-03-08 11:00:00,-8.7,39.8,52,437.0,0.52
2024-03-08 12:00:00,-8.3,41.4,90,438.0,0.9
2024-03-08 13:00:00,-8.1,40.0,82,418.0,0.82
2024-03-08 14:00:00,-8.0,40.8,86,368.0,0.86
2024-03-08 15:00:00,-7.9,41.4,98,295.0,0.98
2024-03-08 16:00:00,-7.7,42.9,100,194.0,1.0
2024-03-08 17:00:00,-7.6,44.4,100,109.0,1.0
2024-03-08 18:00:00,-7.4,44.3,100,37.0,1.0
2024-03-08 19:00:00,-7.0,46.8,100,1.0,1.0
2024-03-08 20:00:00,-6.8,47.8,100,0.0,1.0
2024-03-08 21:00:00,-6.7,47.5,100,0.0,1.0
2024-03-08 22:00:00,-6.6,46.6,100,0.0,1.0
2024-03-08 23:00:00,-6.5,44.0,100,0.0,1.0
2024-03-09 00:00:00,-6.4,40.5,100,0.0,1.0
2024-03-09 01:00:00,-6.1,38.0,100,0.0,1.0
2024-03-09 02:00:00,-6.0,32.6,99,0.0,0.99
2024-03-09 03:00:00,-6.1,28.6,100,0.0,1.0
2024-03-09 04:00:00,-6.5,26.7,98,0.0,0.98
2024-03-09 05:00:00,-7.6,25.4,86,4.0,0.86
2024-03-09 06:00:00,-8.0,23.5,21,60.0,0.21
2024-03-09 07:00:00,-8.0,20.5,0,151.0,0.0
2024-03-09 08:00:00,-8.3,15.2,0,246.0,0.0
2024-03-09 09:00:00,-9.3,8.7,0,330.0,0.0
2024-03-09 10:00:00,-8.9,6.9,0,396.0,0.0
2024-03-09 11:00:00,-8.0,6.2,0,436.0,0.0
2024-03-09 12:00:00,-8.6,9.4,0,447.0,0.0
2024-03-09 13:00:00,-7.9,9.0,0,427.0,0.0
2024-03-09 14:00:00,-8.5,8.1,0,382.0,0.0
2024-03-09 15:00:00,-8.5,7.2,0,312.0,0.0
2024-03-09 16:00:00,-9.6,7.7,0,225.0,0.0
2024-03-09 17:00:00,-11.0,12.6,0,131.0,0.0
2024-03-09 18:00:00,-11.4,14.9,0,44.0,0.0
2024-03-09 19:00:00,-10.8,18.0,0,1.0,0.0
2024-03-09 20:00:00,-9.4,24.6,0,0.0,0.0
2024-03-09 21:00:00,-9.4,30.5,0,0.0,0.0
2024-03-09 22:00:00,-10.1,31.4,0,0.0,0.0
2024-03-09 23:00:00,-10.5,29.6,0,0.0,0.0
2024-03-10 00:00:00,-10.8,27.3,0,0.0,0.0
2024-03-10 01:00:00,-10.8,26.3,0,0.0,0.0
2024-03-10 02:00:00,-10.4,26.6,0,0.0,0.0
2024-03-10 03:00:00,-10.3,24.7,0,0.0,0.0
2024-03-10 04:00:00,-10.4,24.9,0,0.0,0.0
2024-03-10 05:00:00,-10.5,24.6,0,3.0,0.0
2024-03-10 06:00:00,-10.3,23.3,0,57.0,0.0
2024-03-10 07:00:00,-9.7,22.2,0,147.0,0.0
2024-03-10 08:00:00,-9.1,21.7,0,240.0,0.0
2024-03-10 09:00:00,-8.3,25.4,0,323.0,0.0
2024-03-10 10:00:00,-7.9,28.3,0,385.0,0.0
2024-03-10 11:00:00,-7.6,29.6,0,421.0,0.0
2024-03-10 12:00:00,-7.5,28.7,1,431.0,0.01
2024-03-10 13:00:00,-7.5,26.0,27,411.0,0.27
2024-03-10 14:00:00,-7.5,24.6,58,361.0,0.58
2024-03-10 15:00:00,-7.8,23.4,70,285.0,0.7
2024-03-10 16:00:00,-7.8,23.6,79,192.0,0.79
2024-03-10 17:00:00,-7.9,24.3,82,107.0,0.82
2024-03-10 18:00:00,-8.2,25.8,88,31.0,0.88
2024-03-10 19:00:00,-8.1,26.8,96,0.0,0.96
2024-03-10 20:00:00,-7.8,27.4,95,0.0,0.95
2024-03-10 21:00:00,-7.8,27.2,95,0.0,0.95
2024-03-10 22:00:00,-7.4,26.9,98,0.0,0.98
2024-03-10 23:00:00,-7.3,27.5,100,0.0,1.0
2024-03-11 00:00:00,-7.3,28.7,94,0.0,0.94
2024-03-11 01:00:00,-7.7,30.2,55,0.0,0.55
2024-03-11 02:00:00,-8.1,30.5,53,0.0,0.53
2024-03-11 03:00:00,-8.2,29.8,78,0.0,0.78
2024-03-11 04:00:00,-7.8,29.1,98,0.0,0.98
2024-03-11 05:00:00,-7.5,27.9,100,2.0,1.0
2024-03-11 06:00:00,-7.3,27.4,100,33.0,1.0
2024-03-11 07:00:00,-7.1,27.7,100,89.0,1.0
2024-03-11 08:00:00,-7.0,27.1,100,164.0,1.0
2024-03-11 09:00:00,-6.7,26.1,97,232.0,0.97
2024-03-11 10:00:00,-6.6,24.8,100,307.0,1.0
2024-03-11 11:00:00,-6.5,24.5,100,362.0,1.0
2024-03-11 12:00:00,-6.5,24.2,100,374.0,1.0
2024-03-11 13:00:00,-6.5,23.0,98,358.0,0.98
2024-03-11 14:00:00,-6.9,21.7,95,330.0,0.95
2024-03-11 15:00:00,-7.4,20.6,81,268.0,0.81
2024-03-11 16:00:00,-8.1,19.7,64,197.0,0.64
2024-03-11 17:00:00,-9.1,18.4,0,110.0,0.0
2024-03-11 18:00:00,-10.1,17.3,0,31.0,0.0
2024-03-11 19:00:00,-10.2,16.8,0,0.0,0.0
2024-03-11 20:00:00,-10.0,18.8,0,0.0,0.0
2024-03-11 21:00:00,-10.1,19.2,0,0.0,0.0
2024-03-11 22:00:00,-10.4,19.1,0,0.0,0.0
2024-03-11 23:00:00,-10.6,19.9,0,0.0,0.0
2024-03-12 00:00:00,-10.5,20.5,0,0.0,0.0
2024-03-12 01:00:00,-9.5,19.6,63,0.0,0.63
2024-03-12 02:00:00,-10.2,20.1,9,0.0,0.09
2024-03-12 03:00:00,-10.1,20.9,0,0.0,0.0
2024-03-12 04:00:00,-10.6,19.7,1,0.0,0.01
2024-03-12 05:00:00,-11.6,18.8,0,1.0,0.0
2024-03-12 06:00:00,-12.2,17.0,0,45.0,0.0
2024-03-12 07:00:00,-10.6,18.9,0,130.0,0.0
2024-03-12 08:00:00,-9.4,19.0,0,222.0,0.0
2024-03-12 09:00:00,-10.1,16.5,0,305.0,0.0
2024-03-12 10:00:00,-10.8,16.2,0,369.0,0.0
2024-03-12 11:00:00,-10.4,13.1,0,408.0,0.0
2024-03-12 12:00:00,-9.7,12.3,0,419.0,0.0
2024-03-12 13:00:00,-8.1,15.5,0,399.0,0.0
2024-03-12 14:00:00,-8.9,12.2,0,353.0,0.0
2024-03-12 15:00:00,-10.2,12.9,0,284.0,0.0
2024-03-12 16:00:00,-11.2,14.7,0,198.0,0.0
2024-03-12 17:00:00,-11.9,14.3,0,106.0,0.0
2024-03-12 18:00:00,-12.4,15.6,0,26.0,0.0
2024-03-12 19:00:00,-12.0,16.6,0,0.0,0.0
2024-03-12 20:00:00,-12.3,16.2,0,0.0,0.0
2024-03-12 21:00:00,-12.5,16.6,0,0.0,0.0
2024-03-12 22:00:00,-12.4,17.4,0,0.0,0.0
2024-03-12 23:00:00,-12.3,17.3,0,0.0,0.0
2024-03-13 00:00:00,-12.2,17.7,0,0.0,0.0
2024-03-13 01:00:00,-11.2,18.4,0,0.0,0.0
2024-03-13 02:00:00,-11.4,17.4,0,0.0,0.0
2024-03-13 03:00:00,-12.2,15.6,0,0.0,0.0
2024-03-13 04:00:00,-12.8,15.1,0,0.0,0.0
2024-03-13 05:00:00,-12.4,16.7,0,0.0,0.0
2024-03-13 06:00:00,-10.9,18.9,0,41.0,0.0
2024-03-13 07:00:00,-9.5,21.0,0,126.0,0.0
2024-03-13 08:00:00,-7.7,33.1,0,218.0,0.0
2024-03-13 09:00:00,-7.7,34.7,0,300.0,0.0
2024-03-13 10:00:00,-7.7,25.5,0,362.0,0.0
2024-03-13 11:00:00,-7.6,18.5,0,402.0,0.0
2024-03-13 12:00:00,-8.0,16.1,0,413.0,0.0
2024-03-13 13:00:00,-7.4,24.0,0,391.0,0.0
2024-03-13 14:00:00,-8.1,18.9,0,345.0,0.0
2024-03-13 15:00:00,-8.5,17.6,0,277.0,0.0
2024-03-13 16:00:00,-9.6,15.1,0,191.0,0.0
2024-03-13 17:00:00,-10.1,16.5,3,99.0,0.03
2024-03-13 18:00:00,-9.5,20.9,0,22.0,0.0
2024-03-13 19:00:00,-8.0,27.4,0,0.0,0.0
2024-03-13 20:00:00,-7.9,29.3,0,0.0,0.0
2024-03-13 21:00:00,-8.0,28.2,0,0.0,0.0
2024-03-13 22:00:00,-7.8,29.4,0,0.0,0.0
2024-03-13 23:00:00,-7.8,28.5,0,0.0,0.0
2024-03-14 00:00:00,-7.8,28.4,0,0.0,0.0
2024-03-14 01:00:00,-7.3,30.4,0,0.0,0.0
2024-03-14 02:00:00,-7.6,28.3,0,0.0,0.0
2024-03-14 03:00:00,-8.0,26.4,0,0.0,0.0
2024-03-14 04:00:00,-8.0,27.3,0,0.0,0.0
2024-03-14 05:00:00,-8.1,27.9,0,0.0,0.0
2024-03-14 06:00:00,-8.0,25.7,0,35.0,0.0
2024-03-14 07:00:00,-7.6,25.3,0,118.0,0.0
2024-03-14 08:00:00,-7.2,24.3,2,209.0,0.02
2024-03-14 09:00:00,-7.1,21.9,14,291.0,0.14
2024-03-14 10:00:00,-6.9,20.1,22,355.0,0.22
2024-03-14 11:00:00,-6.9,18.0,31,394.0,0.31
2024-03-14 12:00:00,-7.4,15.7,11,404.0,0.11
2024-03-14 13:00:00,-7.4,13.4,0,386.0,0.0
2024-03-14 14:00:00,-8.4,10.7,0,340.0,0.0
2024-03-14 15:00:00,-4.5,5.2,3,270.0,0.03
2024-03-14 16:00:00,-4.9,1.8,15,184.0,0.15
2024-03-14 17:00:00,-5.1,4.6,2,93.0,0.02
2024-03-14 18:00:00,-5.4,4.0,6,18.0,0.06
2024-03-14 19:00:00,-6.4,6.6,3,0.0,0.03
2024-03-14 20:00:00,-10.0,8.3,3,0.0,0.03
2024-03-14 21:00:00,-11.3,9.4,7,0.0,0.07
2024-03-14 22:00:00,-7.2,7.3,11,0.0,0.11
2024-03-14 23:00:00,-6.4,3.6,15,0.0,0.15
2024-03-15 00:00:00,-7.1,4.7,28,0.0,0.28
2024-03-15 01:00:00,-7.5,5.4,43,0.0,0.43
2024-03-15 02:00:00,-7.7,2.9,40,0.0,0.4
2024-03-15 03:00:00,-8.2,1.8,17,0.0,0.17
2024-03-15 04:00:00,-9.2,2.2,31,0.0,0.31
2024-03-15 05:00:00,-9.7,3.8,53,0.0,0.53
2024-03-15 06:00:00,-9.5,5.1,58,29.0,0.58
2024-03-15 07:00:00,-9.4,5.9,62,106.0,0.62
2024-03-15 08:00:00,-9.6,6.2,93,195.0,0.93
2024-03-15 09:00:00,-10.7,6.1,86,267.0,0.86
2024-03-15 10:00:00,-10.3,4.7,34,330.0,0.34
2024-03-15 11:00:00,-10.3,4.3,33,381.0,0.33
2024-03-15 12:00:00,-10.3,3.1,18,393.0,0.18
2024-03-15 13:00:00,-11.1,4.8,49,368.0,0.49
2024-03-15 14:00:00,-11.7,3.2,28,321.0,0.28
2024-03-15 15:00:00,-11.7,1.3,3,256.0,0.03
2024-03-15 16:00:00,-11.5,5.1,8,173.0,0.08
2024-03-15 17:00:00,-10.7,6.5,35,84.0,0.35
2024-03-15 18:00:00,-14.3,8.9,6,14.0,0.06
2024-03-15 19:00:00,-15.0,10.7,9,0.0,0.09
2024-03-15 20:00:00,-13.2,9.6,1,0.0,0.01
2024-03-15 21:00:00,-10.1,7.7,7,0.0,0.07
2024-03-15 22:00:00,-9.4,5.5,26,0.0,0.26
2024-03-15 23:00:00,-9.8,7.0,56,0.0,0.56
2024-03-16 00:00:00,-15.2,17.6,80,0.0,0.8
2024-03-16 01:00:00,-14.5,11.5,99,0.0,0.99
2024-03-16 02:00:00,-14.5,8.0,45,0.0,0.45
2024-03-16 03:00:00,-16.5,10.5,0,0.0,0.0
2024-03-16 04:00:00,-14.1,20.6,0,0.0,0.0
2024-03-16 05:00:00,-10.2,36.4,3,0.0,0.03
2024-03-16 06:00:00,-10.4,47.5,0,26.0,0.0
2024-03-16 07:00:00,-10.0,46.6,0,107.0,0.0
2024-03-16 08:00:00,-9.2,45.9,0,197.0,0.0
2024-03-16 09:00:00,-8.7,44.6,0,280.0,0.0
2024-03-16 10:00:00,-8.2,43.6,0,344.0,0.0
2024-03-16 11:00:00,-7.7,42.7,0,382.0,0.0
2024-03-16 12:00:00,-7.5,41.0,0,392.0,0.0
2024-03-16 13:00:00,-7.6,37.6,0,371.0,0.0
2024-03-16 14:00:00,-7.8,33.0,0,324.0,0.0
2024-03-16 15:00:00,-9.9,21.7,0,254.0,0.0
2024-03-16 16:00:00,-11.5,18.6,0,167.0,0.0
2024-03-16 17:00:00,-12.3,19.4,0,78.0,0.0
2024-03-16 18:00:00,-12.9,19.7,0,11.0,0.0
2024-03-16 19:00:00,-12.6,21.3,0,0.0,0.0
2024-03-16 20:00:00,-13.2,18.6,9,0.0,0.09
2024-03-16 21:00:00,-14.3,16.9,0,0.0,0.0
2024-03-16 22:00:00,-15.1,15.4,1,0.0,0.01
2024-03-16 23:00:00,-12.8,21.1,2,0.0,0.02
2024-03-17 00:00:00,-9.8,31.7,0,0.0,0.0
2024-03-17 01:00:00,-8.7,45.7,4,0.0,0.04
2024-03-17 02:00:00,-8.6,43.1,36,0.0,0.36
2024-03-17 03:00:00,-8.7,40.3,1,0.0,0.01
2024-03-17 04:00:00,-8.8,37.9,1,0.0,0.01
2024-03-17 05:00:00,-9.1,34.7,45,0.0,0.45
2024-03-17 06:00:00,-9.0,33.2,7,20.0,0.07
2024-03-17 07:00:00,-8.8,34.6,0,96.0,0.0
2024-03-17 08:00:00,-8.1,34.3,0,185.0,0.0
2024-03-17 09:00:00,-7.8,35.9,0,266.0,0.0
2024-03-17 10:00:00,-8.0,41.0,0,330.0,0.0
2024-03-17 11:00:00,-7.8,41.7,0,370.0,0.0
2024-03-17 12:00:00,-7.9,38.3,0,381.0,0.0
2024-03-17 13:00:00,-7.5,34.1,0,361.0,0.0
2024-03-17 14:00:00,-7.8,33.3,0,316.0,0.0
2024-03-17 15:00:00,-8.3,33.5,0,247.0,0.0
2024-03-17 16:00:00,-8.8,35.9,0,162.0,0.0
2024-03-17 17:00:00,-9.3,40.0,0,73.0,0.0
2024-03-17 18:00:00,-9.9,43.3,0,8.0,0.0
2024-03-17 19:00:00,-10.2,42.4,0,0.0,0.0
2024-03-17 20:00:00,-10.5,42.0,0,0.0,0.0
2024-03-17 21:00:00,-10.6,44.9,0,0.0,0.0
2024-03-17 22:00:00,-10.7,45.8,0,0.0,0.0
2024-03-17 23:00:00,-10.9,44.1,0,0.0,0.0
2024-03-18 00:00:00,-11.0,44.4,0,0.0,0.0
2024-03-18 01:00:00,-11.2,43.7,0,0.0,0.0
2024-03-18 02:00:00,-11.1,41.3,0,0.0,0.0
2024-03-18 03:00:00,-11.1,39.4,0,0.0,0.0
2024-03-18 04:00:00,-10.9,40.3,0,0.0,0.0
2024-03-18 05:00:00,-10.8,41.0,0,0.0,0.0
2024-03-18 06:00:00,-10.6,40.7,0,18.0,0.0
2024-03-18 07:00:00,-10.2,40.5,0,92.0,0.0
2024-03-18 08:00:00,-9.8,39.4,0,180.0,0.0
2024-03-18 09:00:00,-9.4,37.1,0,260.0,0.0
2024-03-18 10:00:00,-9.1,35.6,0,323.0,0.0
2024-03-18 11:00:00,-8.9,32.2,0,361.0,0.0
2024-03-18 12:00:00,-8.8,29.2,0,371.0,0.0
2024-03-18 13:00:00,-8.3,25.7,0,350.0,0.0
2024-03-18 14:00:00,-8.4,24.2,0,304.0,0.0
2024-03-18 15:00:00,-8.8,22.2,0,236.0,0.0
2024-03-18 16:00:00,-9.7,19.2,0,151.0,0.0
2024-03-18 17:00:00,-10.9,18.1,0,65.0,0.0
2024-03-18 18:00:00,-11.2,19.3,0,6.0,0.0
2024-03-18 19:00:00,-11.4,19.4,0,0.0,0.0
2024-03-18 20:00:00,-11.3,20.5,0,0.0,0.0
2024-03-18 21:00:00,-10.7,23.2,0,0.0,0.0
2024-03-18 22:00:00,-10.1,27.1,0,0.0,0.0
2024-03-18 23:00:00,-10.0,28.6,0,0.0,0.0
2024-03-19 00:00:00,-10.0,28.9,0,0.0,0.0
2024-03-19 01:00:00,-10.0,23.1,0,0.0,0.0
2024-03-19 02:00:00,-8.8,24.5,0,0.0,0.0
2024-03-19 03:00:00,-8.1,26.4,0,0.0,0.0
2024-03-19 04:00:00,-8.7,26.2,0,0.0,0.0
2024-03-19 05:00:00,-9.6,26.9,0,0.0,0.0
2024-03-19 06:00:00,-9.3,32.0,0,15.0,0.0
2024-03-19 07:00:00,-8.6,32.9,0,87.0,0.0
2024-03-19 08:00:00,-8.3,30.2,0,174.0,0.0
2024-03-19 09:00:00,-8.1,26.0,0,254.0,0.0
2024-03-19 10:00:00,-8.5,19.5,0,317.0,0.0
2024-03-19 11:00:00,-8.9,16.7,0,355.0,0.0
2024-03-19 12:00:00,-8.9,15.5,0,365.0,0.0
2024-03-19 13:00:00,-9.2,9.7,0,345.0,0.0
2024-03-19 14:00:00,-10.1,9.6,0,298.0,0.0
2024-03-19 15:00:00,-10.5,13.6,0,229.0,0.0
2024-03-19 16:00:00,-10.4,16.8,0,145.0,0.0
2024-03-19 17:00:00,-11.2,17.9,0,59.0,0.0
2024-03-19 18:00:00,-11.5,17.9,0,4.0,0.0
2024-03-19 19:00:00,-11.8,17.2,0,0.0,0.0
2024-03-19 20:00:00,-12.3,17.1,0,0.0,0.0
2024-03-19 21:00:00,-10.8,22.4,0,0.0,0.0
2024-03-19 22:00:00,-9.7,29.2,0,0.0,0.0
2024-03-19 23:00:00,-9.6,30.3,0,0.0,0.0
2024-03-20 00:00:00,-9.6,29.8,0,0.0,0.0
2024-03-20 01:00:00,-9.6,28.4,0,0.0,0.0
2024-03-20 02:00:00,-10.1,28.7,0,0.0,0.0
2024-03-20 03:00:00,-10.5,30.5,0,0.0,0.0
2024-03-20 04:00:00,-10.7,29.5,0,0.0,0.0
2024-03-20 05:00:00,-10.8,28.1,0,0.0,0.0
2024-03-20 06:00:00,-10.9,25.8,0,12.0,0.0
2024-03-20 07:00:00,-10.9,24.2,0,79.0,0.0
2024-03-20 08:00:00,-10.7,20.7,0,166.0,0.0
2024-03-20 09:00:00,-11.7,12.8,0,246.0,0.0
2024-03-20 10:00:00,-11.2,14.6,0,308.0,0.0
2024-03-20 11:00:00,-10.5,31.3,0,346.0,0.0
2024-03-20 12:00:00,-11.2,29.9,0,355.0,0.0
2024-03-20 13:00:00,-12.2,21.3,0,334.0,0.0
2024-03-20 14:00:00,-12.5,15.5,0,287.0,0.0
2024-03-20 15:00:00,-13.9,13.2,0,219.0,0.0
2024-03-20 16:00:00,-14.9,11.6,0,136.0,0.0
2024-03-20 17:00:00,-15.3,11.9,0,52.0,0.0
2024-03-20 18:00:00,-15.4,11.2,7,2.0,0.07
2024-03-20 19:00:00,-14.9,15.4,63,0.0,0.63
2024-03-20 20:00:00,-13.3,23.0,57,0.0,0.57
2024-03-20 21:00:00,-13.6,19.9,10,0.0,0.1
2024-03-20 22:00:00,-14.6,17.8,5,0.0,0.05
2024-03-20 23:00:00,-14.6,10.1,1,0.0,0.01
2024-03-21 00:00:00,-9.2,3.3,2,0.0,0.02
2024-03-21 01:00:00,-14.6,23.4,0,0.0,0.0
2024-03-21 02:00:00,-14.4,25.5,0,0.0,0.0
2024-03-21 03:00:00,-14.6,25.0,0,0.0,0.0
2024-03-21 04:00:00,-14.6,23.7,0,0.0,0.0
2024-03-21 05:00:00,-15.1,23.1,0,0.0,0.0
2024-03-21 06:00:00,-15.1,25.5,0,9.0,0.0
2024-03-21 07:00:00,-14.8,26.6,0,74.0,0.0
2024-03-21 08:00:00,-14.1,27.6,0,160.0,0.0
2024-03-21 09:00:00,-13.8,25.8,0,240.0,0.0
2024-03-21 10:00:00,-13.4,27.0,0,303.0,0.0
2024-03-21 11:00:00,-13.3,24.8,0,340.0,0.0
2024-03-21 12:00:00,-13.3,21.4,0,349.0,0.0
2024-03-21 13:00:00,-12.9,20.8,0,327.0,0.0
2024-03-21 14:00:00,-13.3,21.4,0,281.0,0.0
2024-03-21 15:00:00,-13.2,25.6,0,213.0,0.0
2024-03-21 16:00:00,-13.7,24.5,0,129.0,0.0
2024-03-21 17:00:00,-14.1,25.3,0,46.0,0.0
2024-03-21 18:00:00,-14.0,28.8,0,1.0,0.0
2024-03-21 19:00:00,-13.8,31.4,0,0.0,0.0
2024-03-21 20:00:00,-13.7,36.1,0,0.0,0.0
2024-03-21 21:00:00,-13.7,38.3,0,0.0,0.0
2024-03-21 22:00:00,-13.5,40.2,0,0.0,0.0
2024-03-21 23:00:00,-13.1,36.5,0,0.0,0.0
2024-03-22 00:00:00,-13.1,40.9,0,0.0,0.0
2024-03-22 01:00:00,-12.9,42.7,0,0.0,0.0
2024-03-22 02:00:00,-12.9,44.8,0,0.0,0.0
2024-03-22 03:00:00,-12.9,46.1,1,0.0,0.01
2024-03-22 04:00:00,-12.8,48.7,43,0.0,0.43
2024-03-22 05:00:00,-12.5,50.8,100,0.0,1.0
2024-03-22 06:00:00,-12.1,53.2,98,6.0,0.98
2024-03-22 07:00:00,-11.8,54.6,100,57.0,1.0
2024-03-22 08:00:00,-11.3,56.4,100,129.0,1.0
2024-03-22 09:00:00,-11.0,55.7,66,212.0,0.66
2024-03-22 10:00:00,-10.6,55.2,47,276.0,0.47
2024-03-22 11:00:00,-10.3,55.9,56,316.0,0.56
2024-03-22 12:00:00,-10.0,55.2,100,321.0,1.0
2024-03-22 13:00:00,-9.8,58.2,100,230.0,1.0
2024-03-22 14:00:00,-9.5,59.6,100,190.0,1.0
2024-03-22 15:00:00,-9.3,58.2,100,132.0,1.0
2024-03-22 16:00:00,-8.7,51.7,100,79.0,1.0
2024-03-22 17:00:00,-8.4,52.3,100,26.0,1.0
2024-03-22 18:00:00,-8.5,57.4,100,0.0,1.0
2024-03-22 19:00:00,-8.4,54.8,100,0.0,1.0
2024-03-22 20:00:00,-7.8,54.6,100,0.0,1.0
2024-03-22 21:00:00,-7.7,54.4,100,0.0,1.0
2024-03-22 22:00:00,-7.5,53.6,100,0.0,1.0
2024-03-22 23:00:00,-7.2,51.4,100,0.0,1.0
2024-03-23 00:00:00,-7.1,52.8,100,0.0,1.0
2024-03-23 01:00:00,-6.9,54.7,100,0.0,1.0
2024-03-23 02:00:00,-6.7,53.8,100,0.0,1.0
2024-03-23 03:00:00,-6.7,54.7,100,0.0,1.0
2024-03-23 04:00:00,-6.5,54.4,100,0.0,1.0
2024-03-23 05:00:00,-6.3,53.8,100,0.0,1.0
2024-03-23 06:00:00,-5.9,52.2,100,4.0,1.0
2024-03-23 07:00:00,-5.5,55.0,100,39.0,1.0
2024-03-23 08:00:00,-5.0,58.6,100,85.0,1.0
2024-03-23 09:00:00,-4.7,63.7,100,132.0,1.0
2024-03-23 10:00:00,-4.4,64.8,100,165.0,1.0
2024-03-23 11:00:00,-4.3,67.6,100,189.0,1.0
2024-03-23 12:00:00,-4.2,66.5,100,182.0,1.0
2024-03-23 13:00:00,-4.3,68.0,100,165.0,1.0
2024-03-23 14:00:00,-4.2,64.3,100,146.0,1.0
2024-03-23 15:00:00,-4.2,58.4,100,103.0,1.0
2024-03-23 16:00:00,-4.1,51.7,100,53.0,1.0
2024-03-23 17:00:00,-3.8,45.9,100,16.0,1.0
2024-03-23 18:00:00,-3.5,40.5,100,0.0,1.0
2024-03-23 19:00:00,-3.4,34.1,100,0.0,1.0
2024-03-23 20:00:00,-3.6,26.9,100,0.0,1.0
2024-03-23 21:00:00,-4.1,29.1,100,0.0,1.0
2024-03-23 22:00:00,-4.2,31.1,100,0.0,1.0
2024-03-23 23:00:00,-3.3,28.1,100,0.0,1.0
2024-03-24 00:00:00,-5.2,13.7,100,0.0,1.0
2024-03-24 01:00:00,-4.8,13.0,100,0.0,1.0
2024-03-24 02:00:00,-5.6,9.2,100,0.0,1.0
2024-03-24 03:00:00,-3.4,4.5,100,0.0,1.0
2024-03-24 04:00:00,-7.7,9.7,100,0.0,1.0
2024-03-24 05:00:00,-7.9,9.7,100,0.0,1.0
2024-03-24 06:00:00,-6.7,7.4,86,3.0,0.86
2024-03-24 07:00:00,-5.2,1.8,30,45.0,0.3
2024-03-24 08:00:00,-5.8,4.1,33,122.0,0.33
2024-03-24 09:00:00,-6.4,1.8,67,201.0,0.67
2024-03-24 10:00:00,-7.2,3.7,98,250.0,0.98
2024-03-24 11:00:00,-9.1,4.7,99,278.0,0.99
2024-03-24 12:00:00,-9.0,4.0,51,275.0,0.51
2024-03-24 13:00:00,-10.6,6.5,13,285.0,0.13
2024-03-24 14:00:00,-10.4,11.4,0,244.0,0.0
2024-03-24 15:00:00,-10.0,15.8,0,181.0,0.0
2024-03-24 16:00:00,-11.2,14.1,0,103.0,0.0
2024-03-24 17:00:00,-13.1,11.3,0,28.0,0.0
2024-03-24 18:00:00,-13.5,10.1,0,0.0,0.0
2024-03-24 19:00:00,-13.6,11.5,0,0.0,0.0
2024-03-24 20:00:00,-13.4,13.2,0,0.0,0.0
2024-03-24 21:00:00,-13.3,13.7,0,0.0,0.0
2024-03-24 22:00:00,-13.1,14.8,0,0.0,0.0
2024-03-24 23:00:00,-13.2,14.3,0,0.0,0.0
2024-03-25 00:00:00,-13.0,8.6,0,0.0,0.0
2024-03-25 01:00:00,-14.1,9.2,0,0.0,0.0
2024-03-25 02:00:00,-15.7,10.6,0,0.0,0.0
2024-03-25 03:00:00,-15.6,12.4,0,0.0,0.0
2024-03-25 04:00:00,-14.5,9.6,0,0.0,0.0
2024-03-25 05:00:00,-13.5,7.1,0,0.0,0.0
2024-03-25 06:00:00,-11.9,6.1,0,2.0,0.0
2024-03-25 07:00:00,-10.9,5.9,0,50.0,0.0
2024-03-25 08:00:00,-10.7,2.9,0,130.0,0.0
2024-03-25 09:00:00,-9.9,1.1,0,207.0,0.0
2024-03-25 10:00:00,-9.5,2.1,0,266.0,0.0
2024-03-25 11:00:00,-8.7,3.4,0,303.0,0.0
2024-03-25 12:00:00,-7.8,5.4,0,311.0,0.0
2024-03-25 13:00:00,-9.0,6.8,0,291.0,0.0
2024-03-25 14:00:00,-7.5,4.3,0,246.0,0.0
2024-03-25 15:00:00,-7.8,3.7,0,179.0,0.0
2024-03-25 16:00:00,-13.8,13.8,0,98.0,0.0
2024-03-25 17:00:00,-12.0,23.4,21,24.0,0.21
2024-03-25 18:00:00,-10.8,36.4,97,0.0,0.97
2024-03-25 19:00:00,-10.0,43.3,100,0.0,1.0
2024-03-25 20:00:00,-9.8,38.5,100,0.0,1.0
2024-03-25 21:00:00,-10.0,32.8,100,0.0,1.0
2024-03-25 22:00:00,-10.3,23.2,100,0.0,1.0
2024-03-25 23:00:00,-9.2,25.7,100,0.0,1.0
2024-03-26 00:00:00,-7.9,35.0,100,0.0,1.0
2024-03-26 01:00:00,-7.9,35.3,100,0.0,1.0
2024-03-26 02:00:00,-8.2,35.5,100,0.0,1.0
2024-03-26 03:00:00,-8.3,33.6,100,0.0,1.0
2024-03-26 04:00:00,-7.9,35.7,100,0.0,1.0
2024-03-26 05:00:00,-7.4,38.3,100,0.0,1.0
2024-03-26 06:00:00,-7.8,36.3,100,1.0,1.0
2024-03-26 07:00:00,-8.0,30.3,96,32.0,0.96
2024-03-26 08:00:00,-7.7,31.3,100,95.0,1.0
2024-03-26 09:00:00,-7.2,31.7,100,147.0,1.0
2024-03-26 10:00:00,-7.5,27.3,100,198.0,1.0
2024-03-26 11:00:00,-7.8,24.1,100,250.0,1.0
2024-03-26 12:00:00,-7.5,26.2,99,250.0,0.99
2024-03-26 13:00:00,-7.9,21.5,98,237.0,0.98
2024-03-26 14:00:00,-8.2,21.8,100,186.0,1.0
2024-03-26 15:00:00,-8.5,22.7,100,121.0,1.0
2024-03-26 16:00:00,-8.7,26.8,100,65.0,1.0
2024-03-26 17:00:00,-9.0,27.3,100,14.0,1.0
2024-03-26 18:00:00,-8.8,29.4,100,0.0,1.0
2024-03-26 19:00:00,-9.2,26.8,100,0.0,1.0
2024-03-26 20:00:00,-9.4,25.8,100,0.0,1.0
2024-03-26 21:00:00,-9.4,26.7,100,0.0,1.0
2024-03-26 22:00:00,-9.7,26.7,100,0.0,1.0
2024-03-26 23:00:00,-9.8,25.9,100,0.0,1.0
2024-03-27 00:00:00,-9.8,26.6,100,0.0,1.0
2024-03-27 01:00:00,-10.2,24.2,100,0.0,1.0
2024-03-27 02:00:00,-9.6,28.2,100,0.0,1.0
2024-03-27 03:00:00,-9.5,27.3,100,0.0,1.0
2024-03-27 04:00:00,-9.2,27.9,100,0.0,1.0
2024-03-27 05:00:00,-9.0,33.1,100,0.0,1.0
2024-03-27 06:00:00,-8.8,36.2,100,0.0,1.0
2024-03-27 07:00:00,-8.5,39.6,100,27.0,1.0
2024-03-27 08:00:00,-7.9,40.4,100,78.0,1.0
2024-03-27 09:00:00,-7.3,40.2,100,141.0,1.0
2024-03-27 10:00:00,-6.9,40.4,99,187.0,0.99
2024-03-27 11:00:00,-6.6,39.3,99,238.0,0.99
2024-03-27 12:00:00,-5.7,38.7,100,225.0,1.0
2024-03-27 13:00:00,-6.7,37.2,100,187.0,1.0
2024-03-27 14:00:00,-6.6,31.9,100,139.0,1.0
2024-03-27 15:00:00,-6.4,28.6,100,106.0,1.0
2024-03-27 16:00:00,-5.7,33.2,100,46.0,1.0
2024-03-27 17:00:00,-5.4,40.3,100,7.0,1.0
2024-03-27 18:00:00,-5.2,43.0,100,0.0,1.0
2024-03-27 19:00:00,-5.1,46.2,100,0.0,1.0
2024-03-27 20:00:00,-4.8,48.3,100,0.0,1.0
2024-03-27 21:00:00,-4.9,45.1,98,0.0,0.98
2024-03-27 22:00:00,-4.6,42.2,100,0.0,1.0
2024-03-27 23:00:00,-4.2,40.0,99,0.0,0.99
2024-03-28 00:00:00,-4.2,37.7,95,0.0,0.95
2024-03-28 01:00:00,-4.4,38.8,99,0.0,0.99
2024-03-28 02:00:00,-4.4,35.3,100,0.0,1.0
2024-03-28 03:00:00,-4.2,32.0,100,0.0,1.0
2024-03-28 04:00:00,-3.8,34.1,100,0.0,1.0
2024-03-28 05:00:00,-3.8,35.7,100,0.0,1.0
2024-03-28 06:00:00,-4.0,38.9,100,0.0,1.0
2024-03-28 07:00:00,-4.0,38.3,100,17.0,1.0
2024-03-28 08:00:00,-3.9,36.3,100,50.0,1.0
2024-03-28 09:00:00,-3.7,34.8,100,85.0,1.0
2024-03-28 10:00:00,-3.4,36.2,100,110.0,1.0
2024-03-28 11:00:00,-3.2,37.2,100,125.0,1.0
2024-03-28 12:00:00,-3.1,36.9,100,128.0,1.0
2024-03-28 13:00:00,-3.2,35.5,100,128.0,1.0
2024-03-28 14:00:00,-3.3,36.2,100,105.0,1.0
2024-03-28 15:00:00,-3.5,35.9,100,72.0,1.0
2024-03-28 16:00:00,-3.6,34.1,100,35.0,1.0
2024-03-28 17:00:00,-3.5,32.4,100,6.0,1.0
2024-03-28 18:00:00,-3.6,32.2,100,0.0,1.0
2024-03-28 19:00:00,-3.6,32.6,100,0.0,1.0
2024-03-28 20:00:00,-3.7,33.9,100,0.0,1.0
2024-03-28 21:00:00,-3.6,33.7,100,0.0,1.0
2024-03-28 22:00:00,-3.7,33.4,100,0.0,1.0
2024-03-28 23:00:00,-3.6,35.1,100,0.0,1.0
2024-03-29 00:00:00,-3.8,35.1,100,0.0,1.0
2024-03-29 01:00:00,-3.9,41.9,100,0.0,1.0
2024-03-29 02:00:00,-4.0,41.1,100,0.0,1.0
2024-03-29 03:00:00,-4.1,40.4,100,0.0,1.0
2024-03-29 04:00:00,-4.3,40.0,99,0.0,0.99
2024-03-29 05:00:00,-4.5,39.6,100,0.0,1.0
2024-03-29 06:00:00,-4.5,39.2,100,0.0,1.0
2024-03-29 07:00:00,-4.5,39.8,100,13.0,1.0
2024-03-29 08:00:00,-4.6,39.6,100,45.0,1.0
2024-03-29 09:00:00,-4.8,38.9,100,89.0,1.0
2024-03-29 10:00:00,-4.8,39.6,99,119.0,0.99
2024-03-29 11:00:00,-4.9,38.7,66,171.0,0.66
2024-03-29 12:00:00,-5.3,36.8,47,226.0,0.47
2024-03-29 13:00:00,-5.4,35.1,81,210.0,0.81
2024-03-29 14:00:00,-5.7,32.8,56,177.0,0.56
2024-03-29 15:00:00,-6.3,31.1,29,130.0,0.29
2024-03-29 16:00:00,-6.9,29.8,30,65.0,0.3
2024-03-29 17:00:00,-7.3,29.8,30,8.0,0.3
2024-03-29 18:00:00,-7.5,31.0,25,0.0,0.25
2024-03-29 19:00:00,-7.5,32.8,63,0.0,0.63
2024-03-29 20:00:00,-7.7,33.9,93,0.0,0.93
2024-03-29 21:00:00,-7.8,34.0,100,0.0,1.0
2024-03-29 22:00:00,-7.7,34.6,100,0.0,1.0
2024-03-29 23:00:00,-7.8,35.5,99,0.0,0.99
2024-03-30 00:00:00,-7.8,36.1,100,0.0,1.0
2024-03-30 01:00:00,-8.1,34.1,100,0.0,1.0
2024-03-30 02:00:00,-7.9,32.3,100,0.0,1.0
2024-03-30 03:00:00,-7.6,30.6,100,0.0,1.0
2024-03-30 04:00:00,-7.5,34.3,100,0.0,1.0
2024-03-30 05:00:00,-8.1,33.5,100,0.0,1.0
2024-03-30 06:00:00,-8.7,29.6,100,0.0,1.0
2024-03-30 07:00:00,-8.6,31.1,100,19.0,1.0
2024-03-30 08:00:00,-8.6,36.5,100,72.0,1.0
2024-03-30 09:00:00,-8.7,36.5,100,127.0,1.0
2024-03-30 10:00:00,-8.6,34.8,100,175.0,1.0
2024-03-30 11:00:00,-8.3,38.0,100,195.0,1.0
2024-03-30 12:00:00,-8.1,38.9,100,200.0,1.0
2024-03-30 13:00:00,-8.1,32.5,100,179.0,1.0
2024-03-30 14:00:00,-8.3,31.7,100,148.0,1.0
2024-03-30 15:00:00,-8.3,34.9,100,107.0,1.0
2024-03-30 16:00:00,-8.8,34.7,100,51.0,1.0
2024-03-30 17:00:00,-9.2,32.2,100,5.0,1.0
2024-03-30 18:00:00,-9.3,30.2,100,0.0,1.0
2024-03-30 19:00:00,-9.4,32.0,100,0.0,1.0
2024-03-30 20:00:00,-9.8,32.0,50,0.0,0.5
2024-03-30 21:00:00,-10.2,32.7,50,0.0,0.5
2024-03-30 22:00:00,-10.3,34.1,64,0.0,0.64
2024-03-30 23:00:00,-10.2,39.5,54,0.0,0.54
2024-03-31 00:00:00,-10.3,40.6,48,0.0,0.48
2024-03-31 01:00:00,-9.9,33.7,38,0.0,0.38
2024-03-31 02:00:00,-10.2,32.7,56,0.0,0.56
2024-03-31 03:00:00,-10.5,34.3,77,0.0,0.77
2024-03-31 04:00:00,-10.8,34.5,89,0.0,0.89
2024-03-31 05:00:00,-11.3,31.5,99,0.0,0.99
2024-03-31 06:00:00,-11.6,28.1,85,0.0,0.85
2024-03-31 07:00:00,-11.7,29.8,82,18.0,0.82
2024-03-31 08:00:00,-11.1,37.0,98,81.0,0.98
2024-03-31 09:00:00,-10.8,41.7,100,142.0,1.0
2024-03-31 10:00:00,-10.5,42.1,100,195.0,1.0
2024-03-31 11:00:00,-10.4,40.5,69,230.0,0.69
2024-03-31 12:00:00,-10.4,39.9,78,246.0,0.78
2024-03-31 13:00:00,-10.0,40.7,95,223.0,0.95
2024-03-31 14:00:00,-9.7,39.3,99,182.0,0.99
2024-03-31 15:00:00,-9.7,38.0,99,110.0,0.99
2024-03-31 16:00:00,-9.8,36.3,94,47.0,0.94
2024-03-31 17:00:00,-9.8,35.9,72,4.0,0.72
2024-03-31 18:00:00,-9.9,37.0,89,0.0,0.89
2024-03-31 19:00:00,-9.9,37.5,86,0.0,0.86
2024-03-31 20:00:00,-10.0,37.9,77,0.0,0.77
2024-03-31 21:00:00,-10.0,38.0,98,0.0,0.98
2024-03-31 22:00:00,-9.8,38.1,99,0.0,0.99
2024-03-31 23:00:00,-9.6,37.5,96,0.0,0.96
2024-04-01 00:00:00,-9.7,36.7,49,0.0,0.49
2024-04-01 01:00:00,-10.0,31.0,10,0.0,0.1
2024-04-01 02:00:00,-10.2,30.2,63,0.0,0.63
2024-04-01 03:00:00,-10.4,29.2,100,0.0,1.0
2024-04-01 04:00:00,-10.8,27.0,98,0.0,0.98
2024-04-01 05:00:00,-10.9,26.2,100,0.0,1.0
2024-04-01 06:00:00,-10.7,28.6,99,0.0,0.99
2024-04-01 07:00:00,-10.9,27.7,43,15.0,0.43
2024-04-01 08:00:00,-11.0,26.5,39,80.0,0.39
2024-04-01 09:00:00,-10.8,24.5,0,155.0,0.0
2024-04-01 10:00:00,-10.9,22.2,32,215.0,0.32
2024-04-01 11:00:00,-10.9,19.9,83,248.0,0.83
2024-04-01 12:00:00,-11.7,16.9,92,256.0,0.92
2024-04-01 13:00:00,-10.9,17.9,96,229.0,0.96
2024-04-01 14:00:00,-11.6,16.1,98,181.0,0.98
2024-04-01 15:00:00,-12.6,15.7,98,113.0,0.98
2024-04-01 16:00:00,-13.1,17.5,98,47.0,0.98
2024-04-01 17:00:00,-14.0,17.6,96,3.0,0.96
2024-04-01 18:00:00,-14.2,18.0,98,0.0,0.98
2024-04-01 19:00:00,-14.6,16.8,100,0.0,1.0
2024-04-01 20:00:00,-15.7,17.3,99,0.0,0.99
2024-04-01 21:00:00,-16.8,17.2,15,0.0,0.15
2024-04-01 22:00:00,-17.4,15.6,1,0.0,0.01
2024-04-01 23:00:00,-17.4,14.3,0,0.0,0.0
2024-04-02 00:00:00,-17.8,14.1,0,0.0,0.0
2024-04-02 01:00:00,-16.4,13.5,75,0.0,0.75
2024-04-02 02:00:00,-16.6,14.0,91,0.0,0.91
2024-04-02 03:00:00,-17.1,13.4,25,0.0,0.25
2024-04-02 04:00:00,-17.1,10.5,49,0.0,0.49
2024-04-02 05:00:00,-11.5,6.0,59,0.0,0.59
2024-04-02 06:00:00,-11.8,2.7,98,0.0,0.98
2024-04-02 07:00:00,-13.1,3.3,100,13.0,1.0
2024-04-02 08:00:00,-13.7,4.6,45,72.0,0.45
2024-04-02 09:00:00,-13.6,4.1,0,142.0,0.0
2024-04-02 10:00:00,-13.3,3.8,6,207.0,0.06
2024-04-02 11:00:00,-13.3,4.1,1,241.0,0.01
2024-04-02 12:00:00,-13.4,1.8,4,248.0,0.04
2024-04-02 13:00:00,-13.4,2.1,19,227.0,0.19
2024-04-02 14:00:00,-14.2,1.6,4,181.0,0.04
2024-04-02 15:00:00,-14.1,1.0,0,116.0,0.0
2024-04-02 16:00:00,-14.2,1.6,0,44.0,0.0
2024-04-02 17:00:00,-15.0,3.4,0,1.0,0.0
2024-04-02 18:00:00,-15.7,1.3,0,0.0,0.0
2024-04-02 19:00:00,-16.2,2.2,0,0.0,0.0
2024-04-02 20:00:00,-16.1,4.0,0,0.0,0.0
2024-04-02 21:00:00,-16.2,6.4,0,0.0,0.0
2024-04-02 22:00:00,-18.5,8.1,0,0.0,0.0
2024-04-02 23:00:00,-19.6,9.0,0,0.0,0.0
2024-04-03 00:00:00,-18.6,8.4,0,0.0,0.0
2024-04-03 01:00:00,-17.2,7.7,0,0.0,0.0
2024-04-03 02:00:00,-16.8,4.1,0,0.0,0.0
2024-04-03 03:00:00,-18.6,7.9,0,0.0,0.0
2024-04-03 04:00:00,-19.1,8.5,0,0.0,0.0
2024-04-03 05:00:00,-16.0,6.9,0,0.0,0.0
2024-04-03 06:00:00,-15.1,5.8,0,0.0,0.0
2024-04-03 07:00:00,-19.6,10.4,0,11.0,0.0
2024-04-03 08:00:00,-16.1,8.0,0,73.0,0.0
2024-04-03 09:00:00,-17.7,7.9,0,143.0,0.0
2024-04-03 10:00:00,-15.4,7.2,0,199.0,0.0
2024-04-03 11:00:00,-20.4,16.3,1,232.0,0.01
2024-04-03 12:00:00,-19.0,20.7,1,239.0,0.01
2024-04-03 13:00:00,-20.8,13.4,0,219.0,0.0
2024-04-03 14:00:00,-21.0,11.4,0,174.0,0.0
2024-04-03 15:00:00,-19.7,9.9,0,110.0,0.0
2024-04-03 16:00:00,-18.2,9.0,0,39.0,0.0
2024-04-03 17:00:00,-20.0,10.7,0,1.0,0.0
2024-04-03 18:00:00,-21.5,18.3,0,0.0,0.0
2024-04-03 19:00:00,-19.9,22.7,0,0.0,0.0
2024-04-03 20:00:00,-19.9,23.6,0,0.0,0.0
2024-04-03 21:00:00,-19.9,23.7,0,0.0,0.0
2024-04-03 22:00:00,-20.0,24.1,0,0.0,0.0
2024-04-03 23:00:00,-20.0,24.4,0,0.0,0.0
2024-04-04 00:00:00,-20.0,25.7,0,0.0,0.0
2024-04-04 01:00:00,-20.3,21.7,0,0.0,0.0
2024-04-04 02:00:00,-20.8,22.3,0,0.0,0.0
2024-04-04 03:00:00,-20.9,22.5,0,0.0,0.0
2024-04-04 04:00:00,-20.8,22.4,0,0.0,0.0
2024-04-04 05:00:00,-21.2,20.9,0,0.0,0.0
2024-04-04 06:00:00,-21.3,20.6,0,0.0,0.0
2024-04-04 07:00:00,-20.6,23.1,0,9.0,0.0
2024-04-04 08:00:00,-20.6,22.0,0,67.0,0.0
2024-04-04 09:00:00,-21.1,17.7,0,136.0,0.0
2024-04-04 10:00:00,-22.2,13.2,0,192.0,0.0
2024-04-04 11:00:00,-22.1,13.0,0,226.0,0.0
2024-04-04 12:00:00,-22.1,10.9,0,234.0,0.0
2024-04-04 13:00:00,-21.8,13.7,0,212.0,0.0
2024-04-04 14:00:00,-22.8,15.3,0,167.0,0.0
2024-04-04 15:00:00,-23.5,16.2,0,103.0,0.0
2024-04-04 16:00:00,-24.5,15.2,0,34.0,0.0
2024-04-04 17:00:00,-23.9,14.5,0,0.0,0.0
2024-04-04 18:00:00,-23.7,15.1,0,0.0,0.0
2024-04-04 19:00:00,-23.8,16.5,0,0.0,0.0
2024-04-04 20:00:00,-24.8,14.9,0,0.0,0.0
2024-04-04 21:00:00,-25.7,14.1,0,0.0,0.0
2024-04-04 22:00:00,-25.2,15.9,0,0.0,0.0
2024-04-04 23:00:00,-24.4,17.3,0,0.0,0.0
2024-04-05 00:00:00,-23.4,18.8,0,0.0,0.0
2024-04-05 01:00:00,-21.1,21.9,0,0.0,0.0
2024-04-05 02:00:00,-21.1,21.0,0,0.0,0.0
2024-04-05 03:00:00,-21.5,20.2,0,0.0,0.0
2024-04-05 04:00:00,-21.5,20.5,0,0.0,0.0
2024-04-05 05:00:00,-20.9,21.6,0,0.0,0.0
2024-04-05 06:00:00,-19.9,24.2,0,0.0,0.0
2024-04-05 07:00:00,-18.5,26.5,0,6.0,0.0
2024-04-05 08:00:00,-18.3,24.6,0,61.0,0.0
2024-04-05 09:00:00,-17.6,24.1,12,129.0,0.12
2024-04-05 10:00:00,-17.1,22.5,0,185.0,0.0
2024-04-05 11:00:00,-17.3,20.0,10,218.0,0.1
2024-04-05 12:00:00,-20.6,17.2,22,225.0,0.22
2024-04-05 13:00:00,-19.7,19.7,19,200.0,0.19
2024-04-05 14:00:00,-16.2,24.2,100,154.0,1.0
2024-04-05 15:00:00,-15.5,23.4,100,87.0,1.0
2024-04-05 16:00:00,-16.4,20.8,100,22.0,1.0
2024-04-05 17:00:00,-14.6,26.2,87,0.0,0.87
2024-04-05 18:00:00,-14.5,26.8,74,0.0,0.74
2024-04-05 19:00:00,-14.9,26.4,35,0.0,0.35
2024-04-05 20:00:00,-15.2,25.6,3,0.0,0.03
2024-04-05 21:00:00,-15.2,26.1,0,0.0,0.0
2024-04-05 22:00:00,-15.6,24.3,0,0.0,0.0
2024-04-05 23:00:00,-16.1,23.4,2,0.0,0.02
2024-04-06 00:00:00,-16.9,22.4,1,0.0,0.01
2024-04-06 01:00:00,-17.3,22.5,52,0.0,0.52
2024-04-06 02:00:00,-16.9,22.5,33,0.0,0.33
2024-04-06 03:00:00,-17.4,20.2,85,0.0,0.85
2024-04-06 04:00:00,-18.1,18.8,70,0.0,0.7
2024-04-06 05:00:00,-17.5,18.0,100,0.0,1.0
2024-04-06 06:00:00,-15.9,20.4,100,0.0,1.0
2024-04-06 07:00:00,-14.8,22.7,100,4.0,1.0
2024-04-06 08:00:00,-14.3,23.1,100,44.0,1.0
2024-04-06 09:00:00,-13.3,25.6,100,86.0,1.0
2024-04-06 10:00:00,-13.1,28.9,100,126.0,1.0
2024-04-06 11:00:00,-13.1,29.2,100,146.0,1.0
2024-04-06 12:00:00,-13.0,28.4,100,145.0,1.0
2024-04-06 13:00:00,-13.4,25.2,100,132.0,1.0
2024-04-06 14:00:00,-13.9,23.9,100,99.0,1.0
2024-04-06 15:00:00,-14.5,19.2,100,59.0,1.0
2024-04-06 16:00:00,-14.6,18.8,100,16.0,1.0
2024-04-06 17:00:00,-13.6,20.5,100,0.0,1.0
2024-04-06 18:00:00,-14.0,21.2,100,0.0,1.0
2024-04-06 19:00:00,-14.9,20.2,100,0.0,1.0
2024-04-06 20:00:00,-15.6,17.8,100,0.0,1.0
2024-04-06 21:00:00,-16.5,14.4,100,0.0,1.0
2024-04-06 22:00:00,-16.8,9.3,100,0.0,1.0
2024-04-06 23:00:00,-15.5,8.4,100,0.0,1.0
2024-04-07 00:00:00,-16.2,8.9,100,0.0,1.0
2024-04-07 01:00:00,-10.9,3.4,100,0.0,1.0
2024-04-07 02:00:00,-15.6,10.3,100,0.0,1.0
2024-04-07 03:00:00,-14.8,7.7,100,0.0,1.0
2024-04-07 04:00:00,-13.4,6.5,100,0.0,1.0
2024-04-07 05:00:00,-16.8,8.3,99,0.0,0.99
2024-04-07 06:00:00,-19.0,12.4,100,0.0,1.0
2024-04-07 07:00:00,-19.1,11.7,93,3.0,0.93
2024-04-07 08:00:00,-16.8,6.3,25,41.0,0.25
2024-04-07 09:00:00,-15.6,3.6,41,110.0,0.41
2024-04-07 10:00:00,-15.6,4.4,5,162.0,0.05
2024-04-07 11:00:00,-15.3,4.0,0,195.0,0.0
2024-04-07 12:00:00,-14.9,2.9,8,202.0,0.08
2024-04-07 13:00:00,-15.3,5.8,0,181.0,0.0
2024-04-07 14:00:00,-14.8,3.1,0,138.0,0.0
2024-04-07 15:00:00,-14.9,1.5,3,78.0,0.03
2024-04-07 16:00:00,-15.2,2.2,100,18.0,1.0
2024-04-07 17:00:00,-15.4,5.8,43,0.0,0.43
2024-04-07 18:00:00,-15.9,5.4,100,0.0,1.0
2024-04-07 19:00:00,-16.3,4.5,100,0.0,1.0
2024-04-07 20:00:00,-17.5,6.6,100,0.0,1.0
2024-04-07 21:00:00,-15.5,4.7,100,0.0,1.0
2024-04-07 22:00:00,-16.2,6.3,100,0.0,1.0
2024-04-07 23:00:00,-16.2,7.3,100,0.0,1.0
2024-04-08 00:00:00,-15.9,8.5,100,0.0,1.0
2024-04-08 01:00:00,-16.2,9.2,100,0.0,1.0
2024-04-08 02:00:00,-15.9,13.5,98,0.0,0.98
2024-04-08 03:00:00,-16.4,14.6,17,0.0,0.17
2024-04-08 04:00:00,-16.9,14.3,0,0.0,0.0
2024-04-08 05:00:00,-17.0,12.2,1,0.0,0.01
2024-04-08 06:00:00,-17.3,13.0,27,0.0,0.27
2024-04-08 07:00:00,-16.8,16.0,42,2.0,0.42
2024-04-08 08:00:00,-14.8,21.3,100,40.0,1.0
2024-04-08 09:00:00,-13.8,25.9,100,82.0,1.0
2024-04-08 10:00:00,-13.2,29.0,100,106.0,1.0
2024-04-08 11:00:00,-12.2,28.9,100,124.0,1.0
2024-04-08 12:00:00,-11.7,33.9,100,128.0,1.0
2024-04-08 13:00:00,-11.9,30.6,100,118.0,1.0
2024-04-08 14:00:00,-12.3,34.3,100,89.0,1.0
2024-04-08 15:00:00,-12.6,36.2,100,49.0,1.0
2024-04-08 16:00:00,-13.3,36.0,100,10.0,1.0
2024-04-08 17:00:00,-13.5,33.4,100,0.0,1.0
2024-04-08 18:00:00,-12.7,36.0,100,0.0,1.0
2024-04-08 19:00:00,-12.2,38.0,100,0.0,1.0
2024-04-08 20:00:00,-11.4,41.2,100,0.0,1.0
2024-04-08 21:00:00,-10.8,44.9,100,0.0,1.0
2024-04-08 22:00:00,-10.6,42.0,100,0.0,1.0
2024-04-08 23:00:00,-10.0,45.9,100,0.0,1.0
2024-04-09 00:00:00,-9.9,52.6,100,0.0,1.0
2024-04-09 01:00:00,-10.1,52.6,100,0.0,1.0
2024-04-09 02:00:00,-9.8,58.2,100,0.0,1.0
2024-04-09 03:00:00,-9.9,58.5,100,0.0,1.0
2024-04-09 04:00:00,-10.0,59.0,100,0.0,1.0
2024-04-09 05:00:00,-10.3,61.0,100,0.0,1.0
2024-04-09 06:00:00,-10.4,62.9,100,0.0,1.0
2024-04-09 07:00:00,-10.4,63.3,100,1.0,1.0
2024-04-09 08:00:00,-10.1,63.4,95,24.0,0.95
2024-04-09 09:00:00,-9.9,63.0,94,63.0,0.94
2024-04-09 10:00:00,-9.6,61.7,99,111.0,0.99
2024-04-09 11:00:00,-9.2,58.0,100,132.0,1.0
2024-04-09 12:00:00,-8.9,52.8,100,131.0,1.0
2024-04-09 13:00:00,-8.9,46.5,100,113.0,1.0
2024-04-09 14:00:00,-8.8,39.4,100,80.0,1.0
2024-04-09 15:00:00,-8.8,29.9,100,43.0,1.0
2024-04-09 16:00:00,-9.5,17.7,100,8.0,1.0
2024-04-09 17:00:00,-11.9,11.0,100,0.0,1.0
2024-04-09 18:00:00,-12.1,8.0,100,0.0,1.0
2024-04-09 19:00:00,-13.1,9.2,98,0.0,0.98
2024-04-09 20:00:00,-13.5,10.5,100,0.0,1.0
2024-04-09 21:00:00,-13.5,9.8,94,0.0,0.94
2024-04-09 22:00:00,-9.1,3.6,100,0.0,1.0
2024-04-09 23:00:00,-10.5,2.2,100,0.0,1.0
2024-04-10 00:00:00,-15.4,12.1,85,0.0,0.85
2024-04-10 01:00:00,-13.5,11.7,100,0.0,1.0
2024-04-10 02:00:00,-13.0,13.5,100,0.0,1.0
2024-04-10 03:00:00,-13.9,12.8,2,0.0,0.02
2024-04-10 04:00:00,-15.4,12.6,0,0.0,0.0
2024-04-10 05:00:00,-15.8,10.3,0,0.0,0.0
2024-04-10 06:00:00,-15.0,9.3,0,0.0,0.0
2024-04-10 07:00:00,-11.4,2.9,0,0.0,0.0
2024-04-10 08:00:00,-11.9,4.1,0,32.0,0.0
2024-04-10 09:00:00,-12.3,0.8,40,90.0,0.4
2024-04-10 10:00:00,-12.0,3.9,100,140.0,1.0
2024-04-10 11:00:00,-12.4,1.9,100,170.0,1.0
2024-04-10 12:00:00,-11.9,2.3,100,168.0,1.0
2024-04-10 13:00:00,-11.5,2.7,100,130.0,1.0
2024-04-10 14:00:00,-11.4,3.6,100,83.0,1.0
2024-04-10 15:00:00,-10.9,3.9,100,38.0,1.0
2024-04-10 16:00:00,-11.1,3.1,100,5.0,1.0
2024-04-10 17:00:00,-14.0,7.9,100,0.0,1.0
2024-04-10 18:00:00,-12.4,22.7,100,0.0,1.0
2024-04-10 19:00:00,-12.3,39.7,100,0.0,1.0
2024-04-10 20:00:00,-13.4,41.6,100,0.0,1.0
2024-04-10 21:00:00,-13.4,40.3,100,0.0,1.0
2024-04-10 22:00:00,-12.8,43.2,100,0.0,1.0
2024-04-10 23:00:00,-12.5,42.2,100,0.0,1.0
2024-04-11 00:00:00,-12.5,47.8,100,0.0,1.0
2024-04-11 01:00:00,-12.2,42.1,100,0.0,1.0
2024-04-11 02:00:00,-12.3,48.9,100,0.0,1.0
2024-04-11 03:00:00,-12.8,42.3,100,0.0,1.0
2024-04-11 04:00:00,-12.2,50.2,100,0.0,1.0
2024-04-11 05:00:00,-13.1,56.5,100,0.0,1.0
2024-04-11 06:00:00,-13.1,55.8,100,0.0,1.0
2024-04-11 07:00:00,-13.2,59.1,100,0.0,1.0
2024-04-11 08:00:00,-13.4,59.7,100,14.0,1.0
2024-04-11 09:00:00,-13.4,60.9,100,43.0,1.0
2024-04-11 10:00:00,-13.3,61.2,100,65.0,1.0
2024-04-11 11:00:00,-13.2,60.7,100,84.0,1.0
2024-04-11 12:00:00,-12.8,58.6,100,86.0,1.0
2024-04-11 13:00:00,-12.5,56.7,100,79.0,1.0
2024-04-11 14:00:00,-12.3,54.8,100,62.0,1.0
2024-04-11 15:00:00,-12.1,55.0,100,28.0,1.0
2024-04-11 16:00:00,-11.8,54.8,100,3.0,1.0
2024-04-11 17:00:00,-11.4,51.6,100,0.0,1.0
2024-04-11 18:00:00,-11.1,49.7,100,0.0,1.0
2024-04-11 19:00:00,-10.9,48.2,100,0.0,1.0
2024-04-11 20:00:00,-10.7,46.7,100,0.0,1.0
2024-04-11 21:00:00,-10.6,44.2,100,0.0,1.0
2024-04-11 22:00:00,-10.7,40.0,100,0.0,1.0
2024-04-11 23:00:00,-10.5,35.7,100,0.0,1.0
2024-04-12 00:00:00,-10.5,32.1,89,0.0,0.89
2024-04-12 01:00:00,-10.8,30.8,0,0.0,0.0
2024-04-12 02:00:00,-10.7,28.6,0,0.0,0.0
2024-04-12 03:00:00,-11.0,25.9,9,0.0,0.09
2024-04-12 04:00:00,-10.8,27.1,1,0.0,0.01
2024-04-12 05:00:00,-11.0,26.7,8,0.0,0.08
2024-04-12 06:00:00,-11.2,26.3,0,0.0,0.0
2024-04-12 07:00:00,-11.0,27.9,0,0.0,0.0
2024-04-12 08:00:00,-10.9,27.9,6,23.0,0.06
2024-04-12 09:00:00,-10.6,28.0,0,78.0,0.0
2024-04-12 10:00:00,-10.3,26.8,7,128.0,0.07
2024-04-12 11:00:00,-10.1,28.4,1,158.0,0.01
2024-04-12 12:00:00,-10.1,30.0,0,164.0,0.0
2024-04-12 13:00:00,-9.7,29.5,2,143.0,0.02
2024-04-12 14:00:00,-9.9,29.2,3,102.0,0.03
2024-04-12 15:00:00,-10.3,28.5,0,47.0,0.0
2024-04-12 16:00:00,-10.5,29.2,0,4.0,0.0
2024-04-12 17:00:00,-10.5,30.0,0,0.0,0.0
2024-04-12 18:00:00,-10.3,31.4,0,0.0,0.0
2024-04-12 19:00:00,-10.0,35.0,0,0.0,0.0
2024-04-12 20:00:00,-9.9,36.6,0,0.0,0.0
2024-04-12 21:00:00,-10.0,37.4,100,0.0,1.0
2024-04-12 22:00:00,-10.0,39.5,100,0.0,1.0
2024-04-12 23:00:00,-10.0,42.3,100,0.0,1.0
2024-04-13 00:00:00,-9.8,43.3,100,0.0,1.0
2024-04-13 01:00:00,-9.5,44.0,100,0.0,1.0
2024-04-13 02:00:00,-9.5,42.2,100,0.0,1.0
2024-04-13 03:00:00,-9.5,41.1,100,0.0,1.0
2024-04-13 04:00:00,-9.5,42.0,100,0.0,1.0
2024-04-13 05:00:00,-9.7,43.0,100,0.0,1.0
2024-04-13 06:00:00,-9.8,45.5,100,0.0,1.0
2024-04-13 07:00:00,-10.0,45.8,100,0.0,1.0
2024-04-13 08:00:00,-10.0,47.5,100,16.0,1.0
2024-04-13 09:00:00,-10.0,48.4,98,66.0,0.98
2024-04-13 10:00:00,-9.9,50.0,99,116.0,0.99
2024-04-13 11:00:00,-9.8,51.3,100,137.0,1.0
2024-04-13 12:00:00,-9.7,50.1,99,138.0,0.99
2024-04-13 13:00:00,-9.9,44.3,78,128.0,0.78
2024-04-13 14:00:00,-10.4,41.3,26,94.0,0.26
2024-04-13 15:00:00,-10.9,41.3,2,42.0,0.02
2024-04-13 16:00:00,-11.2,41.4,0,2.0,0.0
2024-04-13 17:00:00,-11.3,43.0,0,0.0,0.0
2024-04-13 18:00:00,-11.2,42.8,0,0.0,0.0
2024-04-13 19:00:00,-11.1,42.9,0,0.0,0.0
2024-04-13 20:00:00,-11.2,40.1,0,0.0,0.0
2024-04-13 21:00:00,-11.3,36.2,0,0.0,0.0
2024-04-13 22:00:00,-11.6,32.3,0,0.0,0.0
2024-04-13 23:00:00,-11.9,29.9,0,0.0,0.0
2024-04-14 00:00:00,-12.9,26.6,0,0.0,0.0
2024-04-14 01:00:00,-12.3,21.3,0,0.0,0.0
2024-04-14 02:00:00,-14.0,19.3,22,0.0,0.22
2024-04-14 03:00:00,-16.3,20.5,14,0.0,0.14
2024-04-14 04:00:00,-16.9,21.9,0,0.0,0.0
2024-04-14 05:00:00,-16.1,19.5,0,0.0,0.0
2024-04-14 06:00:00,-16.1,16.3,0,0.0,0.0
2024-04-14 07:00:00,-16.3,16.3,0,0.0,0.0
2024-04-14 08:00:00,-15.3,19.2,0,16.0,0.0
2024-04-14 09:00:00,-15.1,19.2,0,69.0,0.0
2024-04-14 10:00:00,-15.8,16.0,0,117.0,0.0
2024-04-14 11:00:00,-15.9,16.1,0,146.0,0.0
2024-04-14 12:00:00,-15.8,16.0,0,151.0,0.0
2024-04-14 13:00:00,-14.5,15.1,0,131.0,0.0
2024-04-14 14:00:00,-14.5,14.8,0,89.0,0.0
2024-04-14 15:00:00,-15.0,15.2,3,36.0,0.03
2024-04-14 16:00:00,-14.9,15.5,54,1.0,0.54
2024-04-14 17:00:00,-14.3,16.0,23,0.0,0.23
2024-04-14 18:00:00,-14.9,16.5,11,0.0,0.11
2024-04-14 19:00:00,-14.7,16.8,5,0.0,0.05
2024-04-14 20:00:00,-14.8,16.5,12,0.0,0.12
2024-04-14 21:00:00,-14.9,17.2,14,0.0,0.14
2024-04-14 22:00:00,-14.9,17.5,12,0.0,0.12
2024-04-14 23:00:00,-15.1,17.2,9,0.0,0.09
2024-04-15 00:00:00,-15.2,17.5,5,0.0,0.05
2024-04-15 01:00:00,-15.4,17.1,0,0.0,0.0
2024-04-15 02:00:00,-15.3,18.1,100,0.0,1.0
2024-04-15 03:00:00,-14.7,19.7,65,0.0,0.65
2024-04-15 04:00:00,-13.5,21.6,97,0.0,0.97
2024-04-15 05:00:00,-12.9,22.4,40,0.0,0.4
2024-04-15 06:00:00,-12.2,24.3,67,0.0,0.67
2024-04-15 07:00:00,-11.5,28.7,100,0.0,1.0
2024-04-15 08:00:00,-11.0,29.7,100,10.0,1.0
2024-04-15 09:00:00,-10.4,30.5,100,45.0,1.0
2024-04-15 10:00:00,-10.0,31.5,100,74.0,1.0
2024-04-15 11:00:00,-9.6,31.7,100,88.0,1.0
2024-04-15 12:00:00,-9.5,32.3,100,94.0,1.0
2024-04-15 13:00:00,-9.9,31.1,100,78.0,1.0
2024-04-15 14:00:00,-10.1,30.9,100,58.0,1.0
2024-04-15 15:00:00,-10.4,31.2,99,24.0,0.99
2024-04-15 16:00:00,-10.8,31.3,100,0.0,1.0
2024-04-15 17:00:00,-10.8,34.5,100,0.0,1.0
2024-04-15 18:00:00,-11.0,36.2,73,0.0,0.73
2024-04-15 19:00:00,-11.1,36.3,100,0.0,1.0
2024-04-15 20:00:00,-10.8,36.1,100,0.0,1.0
2024-04-15 21:00:00,-10.3,41.0,100,0.0,1.0
2024-04-15 22:00:00,-10.0,43.5,100,0.0,1.0
2024-04-15 23:00:00,-9.8,42.2,100,0.0,1.0
2024-04-16 00:00:00,-9.6,44.3,100,0.0,1.0
2024-04-16 01:00:00,-9.9,43.7,100,0.0,1.0
2024-04-16 02:00:00,-9.6,45.7,100,0.0,1.0
2024-04-16 03:00:00,-9.0,46.9,100,0.0,1.0
2024-04-16 04:00:00,-8.5,47.8,100,0.0,1.0
2024-04-16 05:00:00,-8.3,50.8,100,0.0,1.0
2024-04-16 06:00:00,-8.1,53.0,100,0.0,1.0
2024-04-16 07:00:00,-7.6,53.5,100,0.0,1.0
2024-04-16 08:00:00,-7.3,53.5,100,8.0,1.0
2024-04-16 09:00:00,-7.2,52.6,100,39.0,1.0
2024-04-16 10:00:00,-7.5,50.4,93,77.0,0.93
2024-04-16 11:00:00,-7.6,47.9,90,106.0,0.9
2024-04-16 12:00:00,-7.8,47.3,63,116.0,0.63
2024-04-16 13:00:00,-7.8,45.9,95,94.0,0.95
2024-04-16 14:00:00,-7.6,43.8,97,64.0,0.97
2024-04-16 15:00:00,-7.7,41.5,95,22.0,0.95
2024-04-16 16:00:00,-8.0,38.6,99,0.0,0.99
2024-04-16 17:00:00,-7.9,37.1,99,0.0,0.99
2024-04-16 18:00:00,-8.0,37.1,91,0.0,0.91
2024-04-16 19:00:00,-8.0,35.6,62,0.0,0.62
2024-04-16 20:00:00,-8.2,32.1,10,0.0,0.1
2024-04-16 21:00:00,-8.6,29.1,15,0.0,0.15
2024-04-16 22:00:00,-9.4,25.3,3,0.0,0.03
2024-04-16 23:00:00,-9.8,22.2,0,0.0,0.0
2024-04-17 00:00:00,-10.5,19.2,0,0.0,0.0
2024-04-17 01:00:00,-9.1,21.9,3,0.0,0.03
2024-04-17 02:00:00,-11.5,15.3,22,0.0,0.22
2024-04-17 03:00:00,-13.6,12.7,47,0.0,0.47
2024-04-17 04:00:00,-13.6,11.3,19,0.0,0.19
2024-04-17 05:00:00,-13.5,14.8,14,0.0,0.14
2024-04-17 06:00:00,-11.8,19.4,35,0.0,0.35
2024-04-17 07:00:00,-13.9,14.8,38,0.0,0.38
2024-04-17 08:00:00,-14.8,10.7,29,7.0,0.29
2024-04-17 09:00:00,-15.2,8.7,15,50.0,0.15
2024-04-17 10:00:00,-15.6,9.2,30,96.0,0.3
2024-04-17 11:00:00,-13.2,6.5,38,122.0,0.38
2024-04-17 12:00:00,-12.9,5.1,95,121.0,0.95
2024-04-17 13:00:00,-16.2,8.2,100,101.0,1.0
2024-04-17 14:00:00,-15.9,7.6,100,60.0,1.0
2024-04-17 15:00:00,-15.0,6.9,100,19.0,1.0
2024-04-17 16:00:00,-13.9,2.9,100,0.0,1.0
2024-04-17 17:00:00,-16.6,7.3,100,0.0,1.0
2024-04-17 18:00:00,-16.2,11.3,100,0.0,1.0
2024-04-17 19:00:00,-15.8,12.3,100,0.0,1.0
2024-04-17 20:00:00,-15.8,13.0,100,0.0,1.0
2024-04-17 21:00:00,-15.8,12.3,100,0.0,1.0
2024-04-17 22:00:00,-15.4,12.8,100,0.0,1.0
2024-04-17 23:00:00,-15.1,14.1,100,0.0,1.0
2024-04-18 00:00:00,-14.8,15.8,100,0.0,1.0
2024-04-18 01:00:00,-15.5,16.6,100,0.0,1.0
2024-04-18 02:00:00,-15.4,17.6,100,0.0,1.0
2024-04-18 03:00:00,-15.6,20.1,100,0.0,1.0
2024-04-18 04:00:00,-15.4,20.9,100,0.0,1.0
2024-04-18 05:00:00,-15.2,22.2,100,0.0,1.0
2024-04-18 06:00:00,-15.3,23.4,100,0.0,1.0
2024-04-18 07:00:00,-15.4,23.5,100,0.0,1.0
2024-04-18 08:00:00,-15.4,23.4,100,4.0,1.0
2024-04-18 09:00:00,-15.3,23.7,100,30.0,1.0
2024-04-18 10:00:00,-15.3,23.2,100,61.0,1.0
2024-04-18 11:00:00,-15.1,24.2,100,78.0,1.0
2024-04-18 12:00:00,-15.1,24.7,100,82.0,1.0
2024-04-18 13:00:00,-15.1,22.8,100,70.0,1.0
2024-04-18 14:00:00,-15.2,24.2,100,45.0,1.0
2024-04-18 15:00:00,-15.4,26.1,100,13.0,1.0
2024-04-18 16:00:00,-15.6,27.5,100,0.0,1.0
2024-04-18 17:00:00,-15.9,28.3,100,0.0,1.0
2024-04-18 18:00:00,-15.9,28.3,100,0.0,1.0
2024-04-18 19:00:00,-16.1,28.7,100,0.0,1.0
2024-04-18 20:00:00,-16.1,28.0,100,0.0,1.0
2024-04-18 21:00:00,-15.9,26.3,100,0.0,1.0
2024-04-18 22:00:00,-15.7,24.8,100,0.0,1.0
2024-04-18 23:00:00,-16.0,23.3,100,0.0,1.0
2024-04-19 00:00:00,-16.8,22.3,62,0.0,0.62
2024-04-19 01:00:00,-16.2,26.8,30,0.0,0.3
2024-04-19 02:00:00,-16.6,24.7,8,0.0,0.08
2024-04-19 03:00:00,-16.7,25.0,1,0.0,0.01
2024-04-19 04:00:00,-16.7,25.7,0,0.0,0.0
2024-04-19 05:00:00,-16.5,27.2,0,0.0,0.0
2024-04-19 06:00:00,-16.5,26.8,0,0.0,0.0
2024-04-19 07:00:00,-16.7,26.3,0,0.0,0.0
2024-04-19 08:00:00,-16.7,25.9,0,4.0,0.0
2024-04-19 09:00:00,-16.8,23.8,0,41.0,0.0
2024-04-19 10:00:00,-16.9,22.7,0,85.0,0.0
2024-04-19 11:00:00,-17.1,20.2,0,112.0,0.0
2024-04-19 12:00:00,-17.8,17.9,0,117.0,0.0
2024-04-19 13:00:00,-17.5,17.5,0,98.0,0.0
2024-04-19 14:00:00,-18.6,15.7,0,60.0,0.0
2024-04-19 15:00:00,-19.4,15.6,0,14.0,0.0
2024-04-19 16:00:00,-19.6,15.7,0,0.0,0.0
2024-04-19 17:00:00,-20.0,15.6,0,0.0,0.0
2024-04-19 18:00:00,-20.3,15.7,0,0.0,0.0
2024-04-19 19:00:00,-19.0,20.2,2,0.0,0.02
2024-04-19 20:00:00,-15.9,31.4,100,0.0,1.0
2024-04-19 21:00:00,-15.5,37.0,100,0.0,1.0
2024-04-19 22:00:00,-15.4,36.6,100,0.0,1.0
2024-04-19 23:00:00,-15.1,38.3,100,0.0,1.0
2024-04-20 00:00:00,-14.8,40.7,100,0.0,1.0
2024-04-20 01:00:00,-14.4,44.5,100,0.0,1.0
2024-04-20 02:00:00,-14.2,48.2,100,0.0,1.0
2024-04-20 03:00:00,-14.0,50.6,100,0.0,1.0
2024-04-20 04:00:00,-13.8,52.1,100,0.0,1.0
2024-04-20 05:00:00,-13.7,54.0,100,0.0,1.0
2024-04-20 06:00:00,-13.5,55.9,100,0.0,1.0
2024-04-20 07:00:00,-13.3,57.5,100,0.0,1.0
2024-04-20 08:00:00,-13.3,58.2,100,2.0,1.0
2024-04-20 09:00:00,-13.0,58.8,100,25.0,1.0
2024-04-20 10:00:00,-12.8,60.1,100,52.0,1.0
2024-04-20 11:00:00,-12.5,60.9,100,72.0,1.0
2024-04-20 12:00:00,-12.2,61.5,100,75.0,1.0
2024-04-20 13:00:00,-12.0,60.1,100,65.0,1.0
2024-04-20 14:00:00,-11.8,59.4,100,38.0,1.0
2024-04-20 15:00:00,-11.6,59.5,100,8.0,1.0
2024-04-20 16:00:00,-11.5,58.9,100,0.0,1.0
2024-04-20 17:00:00,-11.6,57.4,100,0.0,1.0
2024-04-20 18:00:00,-11.5,54.5,98,0.0,0.98
2024-04-20 19:00:00,-11.6,50.1,96,0.0,0.96
2024-04-20 20:00:00,-12.4,48.8,76,0.0,0.76
2024-04-20 21:00:00,-12.3,49.9,75,0.0,0.75
2024-04-20 22:00:00,-12.4,51.5,3,0.0,0.03
2024-04-20 23:00:00,-12.3,50.4,0,0.0,0.0
2024-04-21 00:00:00,-13.0,46.3,59,0.0,0.59
2024-04-21 01:00:00,-12.4,45.4,0,0.0,0.0
2024-04-21 02:00:00,-12.8,39.4,9,0.0,0.09
2024-04-21 03:00:00,-13.0,34.6,18,0.0,0.18
2024-04-21 04:00:00,-12.8,29.2,45,0.0,0.45
2024-04-21 05:00:00,-15.6,15.0,74,0.0,0.74
2024-04-21 06:00:00,-16.9,12.6,93,0.0,0.93
2024-04-21 07:00:00,-15.3,18.5,94,0.0,0.94
2024-04-21 08:00:00,-14.9,23.0,36,1.0,0.36
2024-04-21 09:00:00,-15.1,26.0,0,31.0,0.0
2024-04-21 10:00:00,-15.4,26.3,0,75.0,0.0
2024-04-21 11:00:00,-15.5,24.7,0,102.0,0.0
2024-04-21 12:00:00,-15.6,23.6,0,107.0,0.0
2024-04-21 13:00:00,-15.6,20.7,0,88.0,0.0
2024-04-21 14:00:00,-16.6,18.8,0,50.0,0.0
2024-04-21 15:00:00,-16.9,20.2,0,9.0,0.0
2024-04-21 16:00:00,-16.3,23.9,0,0.0,0.0
2024-04-21 17:00:00,-15.8,28.5,0,0.0,0.0
2024-04-21 18:00:00,-15.7,30.1,0,0.0,0.0
2024-04-21 19:00:00,-15.1,32.7,0,0.0,0.0
2024-04-21 20:00:00,-14.5,34.7,0,0.0,0.0
2024-04-21 21:00:00,-14.1,35.5,0,0.0,0.0
2024-04-21 22:00:00,-14.1,35.4,0,0.0,0.0
2024-04-21 23:00:00,-14.1,34.4,0,0.0,0.0
2024-04-22 00:00:00,-14.1,31.8,0,0.0,0.0
2024-04-22 01:00:00,-14.0,32.7,0,0.0,0.0
2024-04-22 02:00:00,-14.0,29.4,0,0.0,0.0
2024-04-22 03:00:00,-13.9,27.8,0,0.0,0.0
2024-04-22 04:00:00,-14.0,25.9,0,0.0,0.0
2024-04-22 05:00:00,-14.0,26.8,0,0.0,0.0
2024-04-22 06:00:00,-13.8,27.4,0,0.0,0.0
2024-04-22 07:00:00,-14.1,26.0,0,0.0,0.0
2024-04-22 08:00:00,-14.8,23.1,0,1.0,0.0
2024-04-22 09:00:00,-15.3,22.3,0,27.0,0.0
2024-04-22 10:00:00,-15.7,21.1,0,67.0,0.0
2024-04-22 11:00:00,-16.4,18.8,0,93.0,0.0
2024-04-22 12:00:00,-17.1,17.9,0,98.0,0.0
2024-04-22 13:00:00,-17.6,17.6,0,79.0,0.0
2024-04-22 14:00:00,-17.7,17.9,0,43.0,0.0
2024-04-22 15:00:00,-17.7,18.6,0,6.0,0.0
2024-04-22 16:00:00,-17.6,18.5,0,0.0,0.0
2024-04-22 17:00:00,-17.8,17.9,0,0.0,0.0
2024-04-22 18:00:00,-17.9,17.4,0,0.0,0.0
2024-04-22 19:00:00,-17.7,17.9,0,0.0,0.0
2024-04-22 20:00:00,-17.2,18.0,0,0.0,0.0
2024-04-22 21:00:00,-16.7,18.8,0,0.0,0.0
2024-04-22 22:00:00,-16.3,19.4,0,0.0,0.0
2024-04-22 23:00:00,-16.3,19.6,0,0.0,0.0
2024-04-23 00:00:00,-16.7,18.7,0,0.0,0.0
2024-04-23 01:00:00,-16.2,20.8,0,0.0,0.0
2024-04-23 02:00:00,-16.4,20.8,0,0.0,0.0
2024-04-23 03:00:00,-16.5,20.8,1,0.0,0.01
2024-04-23 04:00:00,-16.7,20.2,96,0.0,0.96
2024-04-23 05:00:00,-16.7,19.2,100,0.0,1.0
2024-04-23 06:00:00,-16.0,21.5,100,0.0,1.0
2024-04-23 07:00:00,-15.4,22.3,100,0.0,1.0
2024-04-23 08:00:00,-15.4,24.4,100,0.0,1.0
2024-04-23 09:00:00,-15.2,25.6,100,19.0,1.0
2024-04-23 10:00:00,-14.9,25.7,100,50.0,1.0
2024-04-23 11:00:00,-14.6,28.3,100,66.0,1.0
2024-04-23 12:00:00,-14.5,29.3,100,66.0,1.0
2024-04-23 13:00:00,-15.1,29.7,100,53.0,1.0
2024-04-23 14:00:00,-15.1,29.0,100,29.0,1.0
2024-04-23 15:00:00,-15.0,28.8,100,3.0,1.0
2024-04-23 16:00:00,-14.7,29.5,100,0.0,1.0
2024-04-23 17:00:00,-14.6,30.3,100,0.0,1.0
2024-04-23 18:00:00,-14.5,31.8,100,0.0,1.0
2024-04-23 19:00:00,-14.6,33.7,100,0.0,1.0
2024-04-23 20:00:00,-14.7,35.4,99,0.0,0.99
2024-04-23 21:00:00,-14.8,36.7,100,0.0,1.0
2024-04-23 22:00:00,-15.0,38.3,100,0.0,1.0
2024-04-23 23:00:00,-15.0,39.2,100,0.0,1.0
2024-04-24 00:00:00,-14.9,41.4,100,0.0,1.0
2024-04-24 01:00:00,-14.0,42.2,100,0.0,1.0
2024-04-24 02:00:00,-13.7,41.0,100,0.0,1.0
2024-04-24 03:00:00,-13.4,42.1,100,0.0,1.0
2024-04-24 04:00:00,-13.1,43.1,100,0.0,1.0
2024-04-24 05:00:00,-12.8,44.7,100,0.0,1.0
2024-04-24 06:00:00,-12.7,45.8,100,0.0,1.0
2024-04-24 07:00:00,-12.5,46.9,100,0.0,1.0
2024-04-24 08:00:00,-12.3,47.0,100,0.0,1.0
2024-04-24 09:00:00,-12.0,48.2,100,12.0,1.0
2024-04-24 10:00:00,-11.8,49.9,100,35.0,1.0
2024-04-24 11:00:00,-11.6,51.4,100,50.0,1.0
2024-04-24 12:00:00,-11.5,51.9,100,51.0,1.0
2024-04-24 13:00:00,-11.2,50.4,100,40.0,1.0
2024-04-24 14:00:00,-11.1,52.3,100,21.0,1.0
2024-04-24 15:00:00,-11.1,52.6,100,2.0,1.0
2024-04-24 16:00:00,-11.0,53.2,100,0.0,1.0
2024-04-24 17:00:00,-10.8,51.9,100,0.0,1.0
2024-04-24 18:00:00,-10.5,52.2,100,0.0,1.0
2024-04-24 19:00:00,-10.3,52.7,100,0.0,1.0
2024-04-24 20:00:00,-10.0,51.5,100,0.0,1.0
2024-04-24 21:00:00,-9.7,50.2,100,0.0,1.0
2024-04-24 22:00:00,-9.4,48.9,100,0.0,1.0
2024-04-24 23:00:00,-9.3,47.1,100,0.0,1.0
2024-04-25 00:00:00,-9.1,45.2,100,0.0,1.0
2024-04-25 01:00:00,-8.3,45.6,100,0.0,1.0
2024-04-25 02:00:00,-8.1,43.2,100,0.0,1.0
2024-04-25 03:00:00,-7.9,40.2,100,0.0,1.0
2024-04-25 04:00:00,-7.6,36.7,100,0.0,1.0
2024-04-25 05:00:00,-7.6,33.4,100,0.0,1.0
2024-04-25 06:00:00,-7.6,30.8,100,0.0,1.0
2024-04-25 07:00:00,-7.6,27.7,100,0.0,1.0
2024-04-25 08:00:00,-7.7,24.5,100,0.0,1.0
2024-04-25 09:00:00,-8.2,21.7,100,11.0,1.0
2024-04-25 10:00:00,-8.4,19.4,100,36.0,1.0
2024-04-25 11:00:00,-8.8,18.1,100,53.0,1.0
2024-04-25 12:00:00,-9.0,17.1,100,53.0,1.0
2024-04-25 13:00:00,-9.2,16.1,100,44.0,1.0
2024-04-25 14:00:00,-10.5,16.2,99,22.0,0.99
2024-04-25 15:00:00,-11.3,15.3,92,1.0,0.92
2024-04-25 16:00:00,-11.7,12.2,99,0.0,0.99
2024-04-25 17:00:00,-11.2,10.5,100,0.0,1.0
2024-04-25 18:00:00,-11.1,10.6,100,0.0,1.0
2024-04-25 19:00:00,-11.8,12.8,98,0.0,0.98
2024-04-25 20:00:00,-11.6,14.0,53,0.0,0.53
2024-04-25 21:00:00,-12.2,14.9,54,0.0,0.54
2024-04-25 22:00:00,-12.5,14.2,65,0.0,0.65
2024-04-25 23:00:00,-13.2,12.5,50,0.0,0.5
2024-04-26 00:00:00,-14.4,11.8,0,0.0,0.0
2024-04-26 01:00:00,-14.5,14.8,42,0.0,0.42
2024-04-26 02:00:00,-14.2,13.0,78,0.0,0.78
2024-04-26 03:00:00,-12.9,9.3,16,0.0,0.16
2024-04-26 04:00:00,-13.1,8.8,0,0.0,0.0
2024-04-26 05:00:00,-16.2,10.2,0,0.0,0.0
2024-04-26 06:00:00,-16.9,13.6,0,0.0,0.0
2024-04-26 07:00:00,-17.5,13.4,0,0.0,0.0
2024-04-26 08:00:00,-17.9,11.6,0,0.0,0.0
2024-04-26 09:00:00,-17.5,9.2,0,12.0,0.0
2024-04-26 10:00:00,-15.9,6.8,0,45.0,0.0
2024-04-26 11:00:00,-14.0,5.6,7,67.0,0.07
2024-04-26 12:00:00,-13.5,5.2,21,69.0,0.21
2024-04-26 13:00:00,-16.5,1.8,0,57.0,0.0
2024-04-26 14:00:00,-16.4,1.5,0,24.0,0.0
2024-04-26 15:00:00,-16.4,2.2,0,1.0,0.0
2024-04-26 16:00:00,-16.7,1.5,0,0.0,0.0
2024-04-26 17:00:00,-16.7,1.9,0,0.0,0.0
2024-04-26 18:00:00,-16.4,1.3,0,0.0,0.0
2024-04-26 19:00:00,-16.9,0.8,0,0.0,0.0
2024-04-26 20:00:00,-18.4,1.1,1,0.0,0.01
2024-04-26 21:00:00,-18.4,4.2,35,0.0,0.35
2024-04-26 22:00:00,-18.5,3.3,100,0.0,1.0
2024-04-26 23:00:00,-18.2,3.3,100,0.0,1.0
2024-04-27 00:00:00,-18.5,3.9,94,0.0,0.94
2024-04-27 01:00:00,-18.7,4.9,77,0.0,0.77
2024-04-27 02:00:00,-19.8,7.1,45,0.0,0.45
2024-04-27 03:00:00,-19.2,5.4,72,0.0,0.72
2024-04-27 04:00:00,-18.9,4.6,91,0.0,0.91
2024-04-27 05:00:00,-19.2,3.6,97,0.0,0.97
2024-04-27 06:00:00,-19.9,2.3,99,0.0,0.99
2024-04-27 07:00:00,-20.1,3.3,100,0.0,1.0
2024-04-27 08:00:00,-22.0,7.6,100,0.0,1.0
2024-04-27 09:00:00,-23.7,11.2,100,7.0,1.0
2024-04-27 10:00:00,-22.4,13.4,100,33.0,1.0
2024-04-27 11:00:00,-21.7,13.4,100,49.0,1.0
2024-04-27 12:00:00,-20.0,12.9,100,43.0,1.0
2024-04-27 13:00:00,-18.6,17.1,100,32.0,1.0
2024-04-27 14:00:00,-18.6,18.5,100,14.0,1.0
2024-04-27 15:00:00,-18.3,17.9,100,0.0,1.0
2024-04-27 16:00:00,-18.7,16.7,100,0.0,1.0
2024-04-27 17:00:00,-19.3,14.4,100,0.0,1.0
2024-04-27 18:00:00,-19.9,13.8,95,0.0,0.95
2024-04-27 19:00:00,-20.9,14.0,3,0.0,0.03
2024-04-27 20:00:00,-21.6,16.1,0,0.0,0.0
2024-04-27 21:00:00,-21.2,17.1,0,0.0,0.0
2024-04-27 22:00:00,-21.8,15.3,0,0.0,0.0
2024-04-27 23:00:00,-21.6,11.8,0,0.0,0.0
2024-04-28 00:00:00,-18.8,9.2,0,0.0,0.0
2024-04-28 01:00:00,-20.2,10.7,6,0.0,0.06
2024-04-28 02:00:00,-20.1,10.4,2,0.0,0.02
2024-04-28 03:00:00,-20.5,10.5,3,0.0,0.03
2024-04-28 04:00:00,-21.1,11.3,2,0.0,0.02
2024-04-28 05:00:00,-21.6,11.9,0,0.0,0.0
2024-04-28 06:00:00,-21.7,12.3,0,0.0,0.0
2024-04-28 07:00:00,-21.9,14.2,0,0.0,0.0
2024-04-28 08:00:00,-22.1,14.9,0,0.0,0.0
2024-04-28 09:00:00,-22.4,14.5,0,7.0,0.0
2024-04-28 10:00:00,-22.7,11.6,0,37.0,0.0
2024-04-28 11:00:00,-21.6,11.0,0,59.0,0.0
2024-04-28 12:00:00,-21.8,15.6,0,63.0,0.0
2024-04-28 13:00:00,-17.8,20.5,0,47.0,0.0
2024-04-28 14:00:00,-16.1,24.9,0,16.0,0.0
2024-04-28 15:00:00,-16.2,25.2,0,0.0,0.0
2024-04-28 16:00:00,-15.5,28.9,0,0.0,0.0
2024-04-28 17:00:00,-13.6,40.5,0,0.0,0.0
2024-04-28 18:00:00,-13.2,48.7,0,0.0,0.0
2024-04-28 19:00:00,-13.1,52.3,0,0.0,0.0
2024-04-28 20:00:00,-12.7,54.3,0,0.0,0.0
2024-04-28 21:00:00,-12.2,54.1,0,0.0,0.0
2024-04-28 22:00:00,-11.5,54.5,0,0.0,0.0
2024-04-28 23:00:00,-10.8,55.0,13,0.0,0.13
2024-04-29 00:00:00,-10.2,60.4,43,0.0,0.43
2024-04-29 01:00:00,-9.3,61.7,76,0.0,0.76
2024-04-29 02:00:00,-8.9,62.2,81,0.0,0.81
2024-04-29 03:00:00,-8.5,53.1,83,0.0,0.83
2024-04-29 04:00:00,-9.3,30.3,89,0.0,0.89
2024-04-29 05:00:00,-17.5,13.3,78,0.0,0.78
2024-04-29 06:00:00,-17.2,16.3,86,0.0,0.86
2024-04-29 07:00:00,-18.2,14.5,100,0.0,1.0
2024-04-29 08:00:00,-15.5,15.4,100,0.0,1.0
2024-04-29 09:00:00,-12.2,12.9,98,4.0,0.98
2024-04-29 10:00:00,-8.6,5.8,43,30.0,0.43
2024-04-29 11:00:00,-15.2,10.7,52,53.0,0.52
2024-04-29 12:00:00,-9.6,8.1,62,57.0,0.62
2024-04-29 13:00:00,-13.3,9.7,99,38.0,0.99
2024-04-29 14:00:00,-11.2,6.5,100,11.0,1.0
2024-04-29 15:00:00,-12.8,6.1,69,0.0,0.69
2024-04-29 16:00:00,-13.6,4.9,100,0.0,1.0
2024-04-29 17:00:00,-12.4,5.4,100,0.0,1.0
2024-04-29 18:00:00,-14.9,12.1,100,0.0,1.0
2024-04-29 19:00:00,-8.8,21.6,100,0.0,1.0
2024-04-29 20:00:00,-7.7,22.1,100,0.0,1.0
2024-04-29 21:00:00,-8.7,19.0,100,0.0,1.0
2024-04-29 22:00:00,-11.9,15.7,100,0.0,1.0
2024-04-29 23:00:00,-11.7,17.3,100,0.0,1.0
2024-04-30 00:00:00,-11.1,18.9,100,0.0,1.0
2024-04-30 01:00:00,-14.0,9.8,100,0.0,1.0
2024-04-30 02:00:00,-14.2,10.1,100,0.0,1.0
2024-04-30 03:00:00,-12.9,18.0,100,0.0,1.0
2024-04-30 04:00:00,-14.3,9.3,100,0.0,1.0
2024-04-30 05:00:00,-12.6,9.4,100,0.0,1.0
2024-04-30 06:00:00,-13.3,13.9,100,0.0,1.0
2024-04-30 07:00:00,-10.7,18.8,100,0.0,1.0
2024-04-30 08:00:00,-12.2,11.7,100,0.0,1.0
2024-04-30 09:00:00,-9.6,3.1,100,3.0,1.0
2024-04-30 10:00:00,-13.0,13.6,100,20.0,1.0
2024-04-30 11:00:00,-10.6,20.4,100,33.0,1.0
2024-04-30 12:00:00,-11.0,17.4,100,34.0,1.0
2024-04-30 13:00:00,-11.8,10.8,100,26.0,1.0
2024-04-30 14:00:00,-10.6,21.4,100,7.0,1.0
2024-04-30 15:00:00,-11.2,23.8,100,0.0,1.0
2024-04-30 16:00:00,-12.0,22.5,26,0.0,0.26
2024-04-30 17:00:00,-13.6,17.1,2,0.0,0.02
2024-04-30 18:00:00,-15.1,12.8,0,0.0,0.0
2024-04-30 19:00:00,-9.6,6.9,37,0.0,0.37
2024-04-30 20:00:00,-9.8,2.4,92,0.0,0.92
2024-04-30 21:00:00,-12.6,8.0,0,0.0,0.0
2024-04-30 22:00:00,-14.1,8.7,0,0.0,0.0
2024-04-30 23:00:00,-14.9,8.6,0,0.0,0.0
2024-05-01 00:00:00,-13.4,7.4,33,0.0,0.33
2024-05-01 01:00:00,-16.0,10.3,43,0.0,0.43
2024-05-01 02:00:00,-12.0,3.4,70,0.0,0.7
2024-05-01 03:00:00,-12.9,1.1,99,0.0,0.99
2024-05-01 04:00:00,-12.8,3.3,100,0.0,1.0
2024-05-01 05:00:00,-12.4,1.5,100,0.0,1.0
2024-05-01 06:00:00,-13.0,4.4,100,0.0,1.0
2024-05-01 07:00:00,-13.9,3.1,100,0.0,1.0
2024-05-01 08:00:00,-13.3,5.9,100,0.0,1.0
2024-05-01 09:00:00,-12.2,4.0,100,2.0,1.0
2024-05-01 10:00:00,-11.6,5.5,100,18.0,1.0
2024-05-01 11:00:00,-12.0,1.6,100,33.0,1.0
2024-05-01 12:00:00,-13.0,4.7,100,37.0,1.0
2024-05-01 13:00:00,-12.9,5.4,100,27.0,1.0
2024-05-01 14:00:00,-13.4,3.3,100,6.0,1.0
2024-05-01 15:00:00,-14.0,5.4,100,0.0,1.0
2024-05-01 16:00:00,-12.4,4.3,100,0.0,1.0
2024-05-01 17:00:00,-11.4,1.5,100,0.0,1.0
2024-05-01 18:00:00,-10.5,4.1,100,0.0,1.0
2024-05-01 19:00:00,-10.0,3.2,100,0.0,1.0
2024-05-01 20:00:00,-10.2,0.8,100,0.0,1.0
2024-05-01 21:00:00,-10.6,1.5,100,0.0,1.0
2024-05-01 22:00:00,-9.8,5.6,100,0.0,1.0
2024-05-01 23:00:00,-10.9,7.6,100,0.0,1.0
2024-05-02 00:00:00,-11.0,8.3,100,0.0,1.0
2024-05-02 01:00:00,-12.6,8.4,100,0.0,1.0
2024-05-02 02:00:00,-10.0,5.1,100,0.0,1.0
2024-05-02 03:00:00,-10.6,4.9,100,0.0,1.0
2024-05-02 04:00:00,-10.5,5.7,82,0.0,0.82
2024-05-02 05:00:00,-9.7,7.6,16,0.0,0.16
2024-05-02 06:00:00,-8.9,5.4,4,0.0,0.04
2024-05-02 07:00:00,-8.8,3.7,14,0.0,0.14
2024-05-02 08:00:00,-8.5,3.0,40,0.0,0.4
2024-05-02 09:00:00,-8.0,5.1,10,1.0,0.1
2024-05-02 10:00:00,-10.0,9.4,0,20.0,0.0
2024-05-02 11:00:00,-12.7,10.8,48,40.0,0.48
2024-05-02 12:00:00,-9.5,9.0,77,40.0,0.77
2024-05-02 13:00:00,-9.5,8.4,16,27.0,0.16
2024-05-02 14:00:00,-11.7,9.8,0,5.0,0.0
2024-05-02 15:00:00,-11.8,10.0,100,0.0,1.0
2024-05-02 16:00:00,-14.7,17.3,100,0.0,1.0
2024-05-02 17:00:00,-11.9,24.2,100,0.0,1.0
2024-05-02 18:00:00,-11.6,28.2,100,0.0,1.0
2024-05-02 19:00:00,-11.7,28.5,100,0.0,1.0
2024-05-02 20:00:00,-11.5,26.9,100,0.0,1.0
2024-05-02 21:00:00,-11.2,25.3,100,0.0,1.0
2024-05-02 22:00:00,-11.1,23.1,100,0.0,1.0
2024-05-02 23:00:00,-10.2,22.6,100,0.0,1.0
2024-05-03 00:00:00,-9.1,28.9,100,0.0,1.0
2024-05-03 01:00:00,-9.2,33.3,100,0.0,1.0
2024-05-03 02:00:00,-9.3,29.3,100,0.0,1.0
2024-05-03 03:00:00,-9.3,24.5,100,0.0,1.0
2024-05-03 04:00:00,-9.0,24.0,100,0.0,1.0
2024-05-03 05:00:00,-8.2,28.7,100,0.0,1.0
2024-05-03 06:00:00,-8.0,31.6,100,0.0,1.0
2024-05-03 07:00:00,-8.0,36.3,100,0.0,1.0
2024-05-03 08:00:00,-8.7,35.9,100,0.0,1.0
2024-05-03 09:00:00,-8.7,33.0,100,0.0,1.0
2024-05-03 10:00:00,-7.9,38.3,100,14.0,1.0
2024-05-03 11:00:00,-6.9,40.8,100,28.0,1.0
2024-05-03 12:00:00,-7.0,37.7,100,28.0,1.0
2024-05-03 13:00:00,-6.3,36.1,100,18.0,1.0
2024-05-03 14:00:00,-6.0,36.0,100,3.0,1.0
2024-05-03 15:00:00,-6.1,32.9,100,0.0,1.0
2024-05-03 16:00:00,-6.4,31.7,100,0.0,1.0
2024-05-03 17:00:00,-6.5,31.4,100,0.0,1.0
2024-05-03 18:00:00,-6.7,30.8,100,0.0,1.0
2024-05-03 19:00:00,-6.4,33.6,100,0.0,1.0
2024-05-03 20:00:00,-6.4,32.9,100,0.0,1.0
2024-05-03 21:00:00,-5.9,33.6,100,0.0,1.0
2024-05-03 22:00:00,-5.7,33.4,100,0.0,1.0
2024-05-03 23:00:00,-5.6,32.3,100,0.0,1.0
2024-05-04 00:00:00,-5.4,31.8,100,0.0,1.0
2024-05-04 01:00:00,-4.3,33.5,100,0.0,1.0
2024-05-04 02:00:00,-4.2,31.9,100,0.0,1.0
2024-05-04 03:00:00,-4.1,32.5,100,0.0,1.0
2024-05-04 04:00:00,-3.8,34.9,100,0.0,1.0
2024-05-04 05:00:00,-3.9,33.8,100,0.0,1.0
2024-05-04 06:00:00,-4.1,30.3,100,0.0,1.0
2024-05-04 07:00:00,-4.1,30.4,100,0.0,1.0
2024-05-04 08:00:00,-4.5,30.2,100,0.0,1.0
2024-05-04 09:00:00,-4.7,28.7,100,0.0,1.0
2024-05-04 10:00:00,-4.5,29.6,100,10.0,1.0
2024-05-04 11:00:00,-4.2,30.6,100,23.0,1.0
2024-05-04 12:00:00,-4.4,30.1,100,25.0,1.0
2024-05-04 13:00:00,-5.0,25.0,100,16.0,1.0
2024-05-04 14:00:00,-5.6,22.2,100,2.0,1.0
2024-05-04 15:00:00,-5.9,21.4,100,0.0,1.0
2024-05-04 16:00:00,-5.2,28.2,100,0.0,1.0
2024-05-04 17:00:00,-5.5,29.1,100,0.0,1.0
2024-05-04 18:00:00,-5.8,28.5,100,0.0,1.0
2024-05-04 19:00:00,-6.2,28.8,100,0.0,1.0
2024-05-04 20:00:00,-6.4,25.8,100,0.0,1.0
2024-05-04 21:00:00,-6.8,25.8,100,0.0,1.0
2024-05-04 22:00:00,-6.8,27.4,100,0.0,1.0
2024-05-04 23:00:00,-6.9,27.2,100,0.0,1.0
2024-05-05 00:00:00,-6.9,25.6,100,0.0,1.0
2024-05-05 01:00:00,-6.6,26.3,100,0.0,1.0
2024-05-05 02:00:00,-6.4,24.7,100,0.0,1.0
2024-05-05 03:00:00,-6.4,22.4,100,0.0,1.0
2024-05-05 04:00:00,-6.5,22.1,100,0.0,1.0
2024-05-05 05:00:00,-7.3,20.3,100,0.0,1.0
2024-05-05 06:00:00,-8.7,15.3,100,0.0,1.0
2024-05-05 07:00:00,-10.7,12.5,100,0.0,1.0
2024-05-05 08:00:00,-7.6,26.7,100,0.0,1.0
2024-05-05 09:00:00,-7.7,27.1,100,0.0,1.0
2024-05-05 10:00:00,-7.6,28.9,100,9.0,1.0
2024-05-05 11:00:00,-9.4,19.6,85,23.0,0.85
2024-05-05 12:00:00,-10.8,16.0,99,28.0,0.99
2024-05-05 13:00:00,-8.6,34.0,96,15.0,0.96
2024-05-05 14:00:00,-9.7,26.5,98,1.0,0.98
2024-05-05 15:00:00,-10.9,18.9,97,0.0,0.97
2024-05-05 16:00:00,-10.5,17.6,100,0.0,1.0
2024-05-05 17:00:00,-8.8,33.4,95,0.0,0.95
2024-05-05 18:00:00,-10.4,24.7,44,0.0,0.44
2024-05-05 19:00:00,-9.8,33.7,82,0.0,0.82
2024-05-05 20:00:00,-10.2,33.3,48,0.0,0.48
2024-05-05 21:00:00,-10.6,30.1,5,0.0,0.05
2024-05-05 22:00:00,-10.8,27.2,25,0.0,0.25
2024-05-05 23:00:00,-10.3,29.7,7,0.0,0.07
2024-05-06 00:00:00,-11.0,29.8,1,0.0,0.01
2024-05-06 01:00:00,-11.1,29.7,0,0.0,0.0
2024-05-06 02:00:00,-11.5,29.1,0,0.0,0.0
2024-05-06 03:00:00,-11.5,31.5,0,0.0,0.0
2024-05-06 04:00:00,-11.7,32.4,0,0.0,0.0
2024-05-06 05:00:00,-12.2,32.5,19,0.0,0.19
2024-05-06 06:00:00,-12.5,34.1,18,0.0,0.18
2024-05-06 07:00:00,-12.7,34.1,28,0.0,0.28
2024-05-06 08:00:00,-12.9,35.2,36,0.0,0.36
2024-05-06 09:00:00,-13.2,35.3,61,0.0,0.61
2024-05-06 10:00:00,-13.2,34.4,94,7.0,0.94
2024-05-06 11:00:00,-13.0,34.5,99,19.0,0.99
2024-05-06 12:00:00,-13.4,31.5,100,22.0,1.0
2024-05-06 13:00:00,-13.4,26.2,99,12.0,0.99
2024-05-06 14:00:00,-13.8,24.9,99,0.0,0.99
2024-05-06 15:00:00,-13.7,28.2,100,0.0,1.0
2024-05-06 16:00:00,-14.0,30.6,100,0.0,1.0
2024-05-06 17:00:00,-14.6,26.6,100,0.0,1.0
2024-05-06 18:00:00,-15.2,23.6,100,0.0,1.0
2024-05-06 19:00:00,-14.9,26.6,100,0.0,1.0
2024-05-06 20:00:00,-15.4,25.2,100,0.0,1.0
2024-05-06 21:00:00,-16.3,21.4,100,0.0,1.0
2024-05-06 22:00:00,-15.9,25.9,100,0.0,1.0
2024-05-06 23:00:00,-16.2,27.8,69,0.0,0.69
2024-05-07 00:00:00,-16.3,28.6,14,0.0,0.14
2024-05-07 01:00:00,-15.9,28.0,22,0.0,0.22
2024-05-07 02:00:00,-15.9,28.2,52,0.0,0.52
2024-05-07 03:00:00,-16.8,20.5,26,0.0,0.26
2024-05-07 04:00:00,-16.0,27.8,16,0.0,0.16
2024-05-07 05:00:00,-16.4,27.5,87,0.0,0.87
2024-05-07 06:00:00,-17.0,26.5,100,0.0,1.0
2024-05-07 07:00:00,-17.2,25.3,99,0.0,0.99
2024-05-07 08:00:00,-17.1,25.6,99,0.0,0.99
2024-05-07 09:00:00,-16.8,28.1,98,0.0,0.98
2024-05-07 10:00:00,-16.8,29.4,75,6.0,0.75
2024-05-07 11:00:00,-16.8,29.7,100,20.0,1.0
2024-05-07 12:00:00,-16.6,31.2,100,21.0,1.0
2024-05-07 13:00:00,-15.9,33.0,100,9.0,1.0
2024-05-07 14:00:00,-15.4,35.6,100,0.0,1.0
2024-05-07 15:00:00,-15.0,38.0,100,0.0,1.0
2024-05-07 16:00:00,-14.5,40.1,100,0.0,1.0
2024-05-07 17:00:00,-14.3,41.9,100,0.0,1.0
2024-05-07 18:00:00,-14.0,44.2,100,0.0,1.0
2024-05-07 19:00:00,-13.9,44.8,100,0.0,1.0
2024-05-07 20:00:00,-13.8,44.4,81,0.0,0.81
2024-05-07 21:00:00,-13.8,44.5,67,0.0,0.67
2024-05-07 22:00:00,-13.9,43.8,58,0.0,0.58
2024-05-07 23:00:00,-13.9,43.9,70,0.0,0.7
2024-05-08 00:00:00,-13.9,44.6,81,0.0,0.81
2024-05-08 01:00:00,-13.2,43.3,37,0.0,0.37
2024-05-08 02:00:00,-13.2,43.3,15,0.0,0.15
2024-05-08 03:00:00,-13.1,43.9,22,0.0,0.22
2024-05-08 04:00:00,-13.0,45.3,29,0.0,0.29
2024-05-08 05:00:00,-12.8,45.5,34,0.0,0.34
2024-05-08 06:00:00,-12.6,46.8,43,0.0,0.43
2024-05-08 07:00:00,-12.5,46.5,81,0.0,0.81
2024-05-08 08:00:00,-12.0,46.0,95,0.0,0.95
2024-05-08 09:00:00,-11.7,45.7,96,0.0,0.96
2024-05-08 10:00:00,-11.5,44.4,97,3.0,0.97
2024-05-08 11:00:00,-11.2,43.6,76,15.0,0.76
2024-05-08 12:00:00,-11.0,43.1,76,17.0,0.76
2024-05-08 13:00:00,-10.6,43.3,98,6.0,0.98
2024-05-08 14:00:00,-10.3,43.0,100,0.0,1.0
2024-05-08 15:00:00,-10.1,42.7,100,0.0,1.0
2024-05-08 16:00:00,-10.0,42.5,100,0.0,1.0
2024-05-08 17:00:00,-10.0,43.0,86,0.0,0.86
2024-05-08 18:00:00,-10.1,42.7,81,0.0,0.81
2024-05-08 19:00:00,-10.2,41.6,96,0.0,0.96
2024-05-08 20:00:00,-10.0,41.4,99,0.0,0.99
2024-05-08 21:00:00,-9.6,41.1,100,0.0,1.0
2024-05-08 22:00:00,-9.4,41.5,100,0.0,1.0
2024-05-08 23:00:00,-9.3,41.3,99,0.0,0.99
2024-05-09 00:00:00,-9.5,40.8,89,0.0,0.89
2024-05-09 01:00:00,-8.8,41.9,100,0.0,1.0
2024-05-09 02:00:00,-8.8,40.7,100,0.0,1.0
2024-05-09 03:00:00,-8.8,39.9,100,0.0,1.0
2024-05-09 04:00:00,-8.9,38.6,100,0.0,1.0
2024-05-09 05:00:00,-8.9,37.8,100,0.0,1.0
2024-05-09 06:00:00,-9.0,38.0,100,0.0,1.0
2024-05-09 07:00:00,-8.9,38.0,100,0.0,1.0
2024-05-09 08:00:00,-8.9,37.2,100,0.0,1.0
2024-05-09 09:00:00,-9.0,36.4,100,0.0,1.0
2024-05-09 10:00:00,-9.0,35.6,100,2.0,1.0
2024-05-09 11:00:00,-9.2,34.3,99,11.0,0.99
2024-05-09 12:00:00,-9.3,33.2,100,13.0,1.0
2024-05-09 13:00:00,-9.3,32.3,100,4.0,1.0
2024-05-09 14:00:00,-9.2,30.3,100,0.0,1.0
2024-05-09 15:00:00,-9.4,29.1,100,0.0,1.0
2024-05-09 16:00:00,-9.6,28.2,100,0.0,1.0
2024-05-09 17:00:00,-9.9,25.9,100,0.0,1.0
2024-05-09 18:00:00,-10.0,24.5,100,0.0,1.0
2024-05-09 19:00:00,-10.1,23.0,100,0.0,1.0
2024-05-09 20:00:00,-10.3,22.4,100,0.0,1.0
2024-05-09 21:00:00,-10.5,22.2,100,0.0,1.0
2024-05-09 22:00:00,-10.9,21.7,100,0.0,1.0
2024-05-09 23:00:00,-11.1,22.2,100,0.0,1.0
2024-05-10 00:00:00,-11.5,21.7,100,0.0,1.0
2024-05-10 01:00:00,-11.3,18.8,100,0.0,1.0
2024-05-10 02:00:00,-11.5,15.9,100,0.0,1.0
2024-05-10 03:00:00,-11.6,19.2,100,0.0,1.0
2024-05-10 04:00:00,-12.3,14.0,100,0.0,1.0
2024-05-10 05:00:00,-13.0,9.2,100,0.0,1.0
2024-05-10 06:00:00,-12.9,15.0,100,0.0,1.0
2024-05-10 07:00:00,-13.2,18.5,100,0.0,1.0
2024-05-10 08:00:00,-13.5,20.6,100,0.0,1.0
2024-05-10 09:00:00,-14.1,24.1,100,0.0,1.0
2024-05-10 10:00:00,-14.3,19.3,100,1.0,1.0
2024-05-10 11:00:00,-14.9,11.0,100,9.0,1.0
2024-05-10 12:00:00,-14.9,12.4,100,11.0,1.0
2024-05-10 13:00:00,-15.5,14.2,93,3.0,0.93
2024-05-10 14:00:00,-15.8,20.2,76,0.0,0.76
2024-05-10 15:00:00,-16.1,20.5,48,0.0,0.48
2024-05-10 16:00:00,-16.7,21.0,16,0.0,0.16
2024-05-10 17:00:00,-17.1,19.1,4,0.0,0.04
2024-05-10 18:00:00,-17.6,16.1,6,0.0,0.06
2024-05-10 19:00:00,-17.9,15.1,34,0.0,0.34
2024-05-10 20:00:00,-18.4,15.5,26,0.0,0.26
2024-05-10 21:00:00,-18.5,15.8,27,0.0,0.27
2024-05-10 22:00:00,-19.3,9.4,6,0.0,0.06
2024-05-10 23:00:00,-15.4,6.5,85,0.0,0.85
2024-05-11 00:00:00,-16.0,3.1,100,0.0,1.0
2024-05-11 01:00:00,-19.1,7.2,100,0.0,1.0
2024-05-11 02:00:00,-20.2,8.9,100,0.0,1.0
2024-05-11 03:00:00,-16.6,5.4,100,0.0,1.0
2024-05-11 04:00:00,-16.3,1.9,100,0.0,1.0
2024-05-11 05:00:00,-16.4,2.3,100,0.0,1.0
2024-05-11 06:00:00,-16.4,4.0,100,0.0,1.0
2024-05-11 07:00:00,-17.1,6.1,100,0.0,1.0
2024-05-11 08:00:00,-17.1,5.2,2,0.0,0.02
2024-05-11 09:00:00,-17.6,4.7,0,0.0,0.0
2024-05-11 10:00:00,-17.2,5.0,0,0.0,0.0
2024-05-11 11:00:00,-19.3,7.9,0,8.0,0.0
2024-05-11 12:00:00,-21.0,9.7,0,10.0,0.0
2024-05-11 13:00:00,-22.4,10.0,0,2.0,0.0
2024-05-11 14:00:00,-17.7,5.9,58,0.0,0.58
2024-05-11 15:00:00,-17.4,3.3,98,0.0,0.98
2024-05-11 16:00:00,-17.4,5.0,100,0.0,1.0
2024-05-11 17:00:00,-16.9,4.7,100,0.0,1.0
2024-05-11 18:00:00,-17.7,6.5,100,0.0,1.0
2024-05-11 19:00:00,-19.8,8.4,100,0.0,1.0
2024-05-11 20:00:00,-19.4,14.8,100,0.0,1.0
2024-05-11 21:00:00,-18.6,19.5,100,0.0,1.0
2024-05-11 22:00:00,-18.4,19.9,100,0.0,1.0
2024-05-11 23:00:00,-17.8,24.9,100,0.0,1.0
2024-05-12 00:00:00,-17.5,22.9,100,0.0,1.0
2024-05-12 01:00:00,-18.6,13.7,100,0.0,1.0
2024-05-12 02:00:00,-18.6,13.7,100,0.0,1.0
2024-05-12 03:00:00,-17.7,24.1,100,0.0,1.0
2024-05-12 04:00:00,-17.6,28.0,100,0.0,1.0
2024-05-12 05:00:00,-16.7,32.6,100,0.0,1.0
2024-05-12 06:00:00,-16.3,36.9,100,0.0,1.0
2024-05-12 07:00:00,-16.1,39.8,100,0.0,1.0
2024-05-12 08:00:00,-15.9,41.3,100,0.0,1.0
2024-05-12 09:00:00,-15.5,39.6,100,0.0,1.0
2024-05-12 10:00:00,-15.0,38.3,100,0.0,1.0
2024-05-12 11:00:00,-15.0,37.9,100,3.0,1.0
2024-05-12 12:00:00,-14.9,39.2,100,4.0,1.0
2024-05-12 13:00:00,-15.6,38.4,100,1.0,1.0
2024-05-12 14:00:00,-15.7,41.5,100,0.0,1.0
2024-05-12 15:00:00,-15.4,39.0,100,0.0,1.0
2024-05-12 16:00:00,-14.8,37.0,100,0.0,1.0
2024-05-12 17:00:00,-14.5,32.1,97,0.0,0.97
2024-05-12 18:00:00,-15.4,26.4,36,0.0,0.36
2024-05-12 19:00:00,-16.5,21.1,5,0.0,0.05
2024-05-12 20:00:00,-17.6,16.7,0,0.0,0.0
2024-05-12 21:00:00,-18.9,10.1,0,0.0,0.0
2024-05-12 22:00:00,-14.2,5.4,0,0.0,0.0
2024-05-12 23:00:00,-14.9,3.4,0,0.0,0.0
2024-05-13 00:00:00,-15.7,7.0,0,0.0,0.0
2024-05-13 01:00:00,-16.7,7.3,0,0.0,0.0
2024-05-13 02:00:00,-15.2,1.6,0,0.0,0.0
2024-05-13 03:00:00,-15.6,3.3,17,0.0,0.17
2024-05-13 04:00:00,-14.9,2.6,12,0.0,0.12
2024-05-13 05:00:00,-14.6,4.7,6,0.0,0.06
2024-05-13 06:00:00,-13.9,5.5,27,0.0,0.27
2024-05-13 07:00:00,-13.5,6.1,16,0.0,0.16
2024-05-13 08:00:00,-12.7,3.4,13,0.0,0.13
2024-05-13 09:00:00,-12.7,2.1,0,0.0,0.0
2024-05-13 10:00:00,-13.7,5.6,0,0.0,0.0
2024-05-13 11:00:00,-20.6,11.0,0,3.0,0.0
2024-05-13 12:00:00,-20.3,11.9,4,5.0,0.04
2024-05-13 13:00:00,-20.3,11.9,1,0.0,0.01
2024-05-13 14:00:00,-20.6,12.5,0,0.0,0.0
2024-05-13 15:00:00,-20.5,13.4,0,0.0,0.0
2024-05-13 16:00:00,-19.7,13.8,0,0.0,0.0
2024-05-13 17:00:00,-18.4,13.3,0,0.0,0.0
2024-05-13 18:00:00,-18.8,14.4,0,0.0,0.0
2024-05-13 19:00:00,-18.5,14.1,0,0.0,0.0
2024-05-13 20:00:00,-19.2,14.1,0,0.0,0.0
2024-05-13 21:00:00,-19.7,14.8,2,0.0,0.02
2024-05-13 22:00:00,-18.9,13.1,16,0.0,0.16
2024-05-13 23:00:00,-18.2,12.3,2,0.0,0.02
2024-05-14 00:00:00,-15.4,11.0,0,0.0,0.0
2024-05-14 01:00:00,-19.9,18.9,0,0.0,0.0
2024-05-14 02:00:00,-19.3,18.9,0,0.0,0.0
2024-05-14 03:00:00,-19.3,17.8,0,0.0,0.0
2024-05-14 04:00:00,-19.5,16.9,4,0.0,0.04
2024-05-14 05:00:00,-19.5,16.7,30,0.0,0.3
2024-05-14 06:00:00,-19.3,13.3,14,0.0,0.14
2024-05-14 07:00:00,-14.7,10.1,18,0.0,0.18
2024-05-14 08:00:00,-10.4,5.7,51,0.0,0.51
2024-05-14 09:00:00,-11.3,3.6,95,0.0,0.95
2024-05-14 10:00:00,-11.8,1.8,93,0.0,0.93
2024-05-14 11:00:00,-12.6,2.0,100,1.0,1.0
2024-05-14 12:00:00,-12.7,1.3,8,3.0,0.08
2024-05-14 13:00:00,-11.0,1.0,100,0.0,1.0
2024-05-14 14:00:00,-10.9,0.0,100,0.0,1.0
2024-05-14 15:00:00,-10.8,1.5,41,0.0,0.41
2024-05-14 16:00:00,-11.2,2.9,0,0.0,0.0
2024-05-14 17:00:00,-11.2,4.1,0,0.0,0.0
2024-05-14 18:00:00,-10.9,6.4,4,0.0,0.04
2024-05-14 19:00:00,-11.6,5.1,12,0.0,0.12
2024-05-14 20:00:00,-11.4,6.7,2,0.0,0.02
2024-05-14 21:00:00,-11.5,4.1,4,0.0,0.04
2024-05-14 22:00:00,-12.6,6.2,2,0.0,0.02
2024-05-14 23:00:00,-16.0,10.0,0,0.0,0.0
2024-05-15 00:00:00,-22.8,14.8,7,0.0,0.07
2024-05-15 01:00:00,-17.9,19.4,1,0.0,0.01
2024-05-15 02:00:00,-17.3,20.3,0,0.0,0.0
2024-05-15 03:00:00,-18.6,18.0,2,0.0,0.02
2024-05-15 04:00:00,-18.9,12.6,0,0.0,0.0
2024-05-15 05:00:00,-15.5,9.4,0,0.0,0.0
2024-05-15 06:00:00,-18.1,10.7,0,0.0,0.0
2024-05-15 07:00:00,-14.6,6.4,0,0.0,0.0
2024-05-15 08:00:00,-14.9,6.9,0,0.0,0.0
2024-05-15 09:00:00,-15.6,8.9,0,0.0,0.0
2024-05-15 10:00:00,-19.4,11.5,0,0.0,0.0
2024-05-15 11:00:00,-21.0,13.3,0,0.0,0.0
2024-05-15 12:00:00,-20.9,13.8,9,1.0,0.09
2024-05-15 13:00:00,-19.8,17.7,0,0.0,0.0
2024-05-15 14:00:00,-20.1,12.1,0,0.0,0.0
2024-05-15 15:00:00,-20.5,12.0,0,0.0,0.0
2024-05-15 16:00:00,-21.8,13.5,0,0.0,0.0
2024-05-15 17:00:00,-21.6,16.9,0,0.0,0.0
2024-05-15 18:00:00,-21.3,18.0,0,0.0,0.0
2024-05-15 19:00:00,-22.0,17.0,0,0.0,0.0
2024-05-15 20:00:00,-22.0,16.2,0,0.0,0.0
2024-05-15 21:00:00,-22.1,16.3,0,0.0,0.0
2024-05-15 22:00:00,-21.9,16.9,2,0.0,0.02
2024-05-15 23:00:00,-22.1,16.9,1,0.0,0.01
2024-05-16 00:00:00,-21.9,17.7,4,0.0,0.04
2024-05-16 01:00:00,-20.7,17.8,20,0.0,0.2
2024-05-16 02:00:00,-22.1,13.7,13,0.0,0.13
2024-05-16 03:00:00,-22.3,13.8,22,0.0,0.22
2024-05-16 04:00:00,-22.1,16.8,6,0.0,0.06
2024-05-16 05:00:00,-20.6,19.6,3,0.0,0.03
2024-05-16 06:00:00,-19.0,22.0,82,0.0,0.82
2024-05-16 07:00:00,-19.2,21.4,74,0.0,0.74
2024-05-16 08:00:00,-18.9,22.7,9,0.0,0.09
2024-05-16 09:00:00,-18.6,23.5,0,0.0,0.0
2024-05-16 10:00:00,-18.4,24.1,0,0.0,0.0
2024-05-16 11:00:00,-18.7,24.1,0,0.0,0.0
2024-05-16 12:00:00,-20.1,21.6,0,0.0,0.0
2024-05-16 13:00:00,-17.8,9.2,0,0.0,0.0
2024-05-16 14:00:00,-17.9,8.4,0,0.0,0.0
2024-05-16 15:00:00,-20.9,10.2,0,0.0,0.0
2024-05-16 16:00:00,-24.2,13.9,0,0.0,0.0
2024-05-16 17:00:00,-24.3,16.9,0,0.0,0.0
2024-05-16 18:00:00,-24.3,16.9,0,0.0,0.0
2024-05-16 19:00:00,-23.6,11.3,0,0.0,0.0
2024-05-16 20:00:00,-19.4,8.2,0,0.0,0.0
2024-05-16 21:00:00,-20.4,8.4,0,0.0,0.0
2024-05-16 22:00:00,-21.6,9.2,0,0.0,0.0
2024-05-16 23:00:00,-25.1,11.5,0,0.0,0.0
2024-05-17 00:00:00,-26.6,11.9,0,0.0,0.0
2024-05-17 01:00:00,-20.7,5.2,0,0.0,0.0
2024-05-17 02:00:00,-20.1,4.1,0,0.0,0.0
2024-05-17 03:00:00,-20.1,3.8,0,0.0,0.0
2024-05-17 04:00:00,-20.4,3.4,0,0.0,0.0
2024-05-17 05:00:00,-20.9,2.3,0,0.0,0.0
2024-05-17 06:00:00,-21.1,4.9,0,0.0,0.0
2024-05-17 07:00:00,-21.3,4.2,0,0.0,0.0
2024-05-17 08:00:00,-21.6,2.6,0,0.0,0.0
2024-05-17 09:00:00,-21.6,3.1,0,0.0,0.0
2024-05-17 10:00:00,-21.7,4.3,0,0.0,0.0
2024-05-17 11:00:00,-21.5,5.8,0,0.0,0.0
2024-05-17 12:00:00,-22.7,8.9,0,0.0,0.0
2024-05-17 13:00:00,-28.0,12.8,0,0.0,0.0
2024-05-17 14:00:00,-28.2,13.5,0,0.0,0.0
2024-05-17 15:00:00,-28.5,14.3,0,0.0,0.0
2024-05-17 16:00:00,-28.1,13.5,0,0.0,0.0
2024-05-17 17:00:00,-27.2,12.7,0,0.0,0.0
2024-05-17 18:00:00,-27.7,13.6,0,0.0,0.0
2024-05-17 19:00:00,-28.2,13.7,0,0.0,0.0
2024-05-17 20:00:00,-28.3,18.1,0,0.0,0.0
2024-05-17 21:00:00,-25.5,25.0,0,0.0,0.0
2024-05-17 22:00:00,-25.2,27.0,0,0.0,0.0
2024-05-17 23:00:00,-25.2,28.1,0,0.0,0.0
2024-05-18 00:00:00,-25.0,28.1,66,0.0,0.66
2024-05-18 01:00:00,-26.0,22.8,2,0.0,0.02
2024-05-18 02:00:00,-26.0,22.9,0,0.0,0.0
2024-05-18 03:00:00,-25.5,24.8,89,0.0,0.89
2024-05-18 04:00:00,-24.8,26.3,59,0.0,0.59
2024-05-18 05:00:00,-24.3,27.8,100,0.0,1.0
2024-05-18 06:00:00,-23.3,28.3,54,0.0,0.54
2024-05-18 07:00:00,-23.1,29.0,98,0.0,0.98
2024-05-18 08:00:00,-22.7,28.4,5,0.0,0.05
2024-05-18 09:00:00,-22.3,27.0,41,0.0,0.41
2024-05-18 10:00:00,-22.3,24.7,97,0.0,0.97
2024-05-18 11:00:00,-21.8,26.2,49,0.0,0.49
2024-05-18 12:00:00,-22.0,23.5,100,0.0,1.0
2024-05-18 13:00:00,-24.7,17.6,31,0.0,0.31
2024-05-18 14:00:00,-22.4,26.5,50,0.0,0.5
2024-05-18 15:00:00,-21.1,35.4,69,0.0,0.69
2024-05-18 16:00:00,-20.9,37.0,77,0.0,0.77
2024-05-18 17:00:00,-20.5,37.9,100,0.0,1.0
2024-05-18 18:00:00,-20.6,38.4,100,0.0,1.0
2024-05-18 19:00:00,-20.3,41.3,100,0.0,1.0
2024-05-18 20:00:00,-19.7,43.6,100,0.0,1.0
2024-05-18 21:00:00,-19.6,44.2,100,0.0,1.0
2024-05-18 22:00:00,-19.4,45.7,100,0.0,1.0
2024-05-18 23:00:00,-19.4,45.3,100,0.0,1.0
2024-05-19 00:00:00,-19.2,45.5,100,0.0,1.0
2024-05-19 01:00:00,-19.2,44.0,100,0.0,1.0
2024-05-19 02:00:00,-18.7,46.7,100,0.0,1.0
2024-05-19 03:00:00,-18.5,47.8,100,0.0,1.0
2024-05-19 04:00:00,-18.2,47.8,100,0.0,1.0
2024-05-19 05:00:00,-18.0,45.8,98,0.0,0.98
2024-05-19 06:00:00,-17.9,46.1,95,0.0,0.95
2024-05-19 07:00:00,-17.8,46.8,11,0.0,0.11
2024-05-19 08:00:00,-17.8,46.7,29,0.0,0.29
2024-05-19 09:00:00,-17.5,48.8,0,0.0,0.0
2024-05-19 10:00:00,-17.4,49.9,1,0.0,0.01
2024-05-19 11:00:00,-17.2,50.4,0,0.0,0.0
2024-05-19 12:00:00,-16.8,51.5,0,0.0,0.0
2024-05-19 13:00:00,-16.3,51.7,9,0.0,0.09
2024-05-19 14:00:00,-16.0,50.4,0,0.0,0.0
2024-05-19 15:00:00,-15.8,49.0,0,0.0,0.0
2024-05-19 16:00:00,-15.7,47.5,0,0.0,0.0
2024-05-19 17:00:00,-15.7,45.1,0,0.0,0.0
2024-05-19 18:00:00,-15.6,42.0,11,0.0,0.11
2024-05-19 19:00:00,-15.3,41.4,2,0.0,0.02
2024-05-19 20:00:00,-15.3,41.4,1,0.0,0.01
2024-05-19 21:00:00,-15.1,41.6,0,0.0,0.0
2024-05-19 22:00:00,-15.0,39.2,0,0.0,0.0
2024-05-19 23:00:00,-14.9,35.4,0,0.0,0.0
2024-05-20 00:00:00,-15.0,31.8,0,0.0,0.0
2024-05-20 01:00:00,-13.9,31.0,0,0.0,0.0
2024-05-20 02:00:00,-14.4,27.9,0,0.0,0.0
2024-05-20 03:00:00,-14.8,26.6,1,0.0,0.01
2024-05-20 04:00:00,-15.2,25.0,98,0.0,0.98
2024-05-20 05:00:00,-15.5,23.7,93,0.0,0.93
2024-05-20 06:00:00,-15.2,24.5,24,0.0,0.24
2024-05-20 07:00:00,-15.2,23.5,1,0.0,0.01
2024-05-20 08:00:00,-15.4,22.5,76,0.0,0.76
2024-05-20 09:00:00,-16.0,20.1,100,0.0,1.0
2024-05-20 10:00:00,-16.4,19.7,100,0.0,1.0
2024-05-20 11:00:00,-15.6,23.0,100,0.0,1.0
2024-05-20 12:00:00,-15.1,25.0,100,0.0,1.0
2024-05-20 13:00:00,-15.1,24.9,100,0.0,1.0
2024-05-20 14:00:00,-14.6,24.9,100,0.0,1.0
2024-05-20 15:00:00,-14.1,26.5,100,0.0,1.0
2024-05-20 16:00:00,-14.1,26.8,100,0.0,1.0
2024-05-20 17:00:00,-14.3,25.3,100,0.0,1.0
2024-05-20 18:00:00,-14.0,25.4,100,0.0,1.0
2024-05-20 19:00:00,-13.8,26.6,100,0.0,1.0
2024-05-20 20:00:00,-13.1,30.9,100,0.0,1.0
2024-05-20 21:00:00,-12.9,33.8,100,0.0,1.0
2024-05-20 22:00:00,-12.7,33.6,100,0.0,1.0
2024-05-20 23:00:00,-12.3,31.3,100,0.0,1.0
2024-05-21 00:00:00,-11.7,30.9,100,0.0,1.0
2024-05-21 01:00:00,-12.0,35.1,100,0.0,1.0
2024-05-21 02:00:00,-11.7,36.6,100,0.0,1.0
2024-05-21 03:00:00,-11.3,38.4,100,0.0,1.0
2024-05-21 04:00:00,-11.0,40.2,100,0.0,1.0
2024-05-21 05:00:00,-10.8,41.6,100,0.0,1.0
2024-05-21 06:00:00,-10.4,43.5,100,0.0,1.0
2024-05-21 07:00:00,-10.0,45.5,100,0.0,1.0
2024-05-21 08:00:00,-9.8,46.4,100,0.0,1.0
2024-05-21 09:00:00,-9.6,47.2,100,0.0,1.0
2024-05-21 10:00:00,-9.5,47.0,100,0.0,1.0
2024-05-21 11:00:00,-9.4,48.3,100,0.0,1.0
2024-05-21 12:00:00,-9.3,49.3,100,0.0,1.0
2024-05-21 13:00:00,-10.0,49.5,100,0.0,1.0
2024-05-21 14:00:00,-10.0,48.8,100,0.0,1.0
2024-05-21 15:00:00,-10.0,47.7,100,0.0,1.0
2024-05-21 16:00:00,-10.1,47.2,100,0.0,1.0
2024-05-21 17:00:00,-10.0,46.2,100,0.0,1.0
2024-05-21 18:00:00,-10.0,45.3,100,0.0,1.0
2024-05-21 19:00:00,-9.9,44.3,100,0.0,1.0
2024-05-21 20:00:00,-10.0,42.6,100,0.0,1.0
2024-05-21 21:00:00,-10.0,41.6,100,0.0,1.0
2024-05-21 22:00:00,-10.0,40.4,100,0.0,1.0
2024-05-21 23:00:00,-10.0,39.1,100,0.0,1.0
2024-05-22 00:00:00,-10.0,37.7,100,0.0,1.0
2024-05-22 01:00:00,-10.0,36.8,100,0.0,1.0
2024-05-22 02:00:00,-10.0,35.5,100,0.0,1.0
2024-05-22 03:00:00,-10.1,34.5,100,0.0,1.0
2024-05-22 04:00:00,-10.1,32.5,100,0.0,1.0
2024-05-22 05:00:00,-10.2,31.0,100,0.0,1.0
2024-05-22 06:00:00,-10.4,29.9,100,0.0,1.0
2024-05-22 07:00:00,-10.5,28.1,100,0.0,1.0
2024-05-22 08:00:00,-10.6,26.3,100,0.0,1.0
2024-05-22 09:00:00,-10.7,24.3,100,0.0,1.0
2024-05-22 10:00:00,-10.9,21.4,100,0.0,1.0
2024-05-22 11:00:00,-11.3,19.2,97,0.0,0.97
2024-05-22 12:00:00,-11.6,17.7,97,0.0,0.97
2024-05-22 13:00:00,-11.0,16.6,94,0.0,0.94
2024-05-22 14:00:00,-11.9,15.5,66,0.0,0.66
2024-05-22 15:00:00,-13.7,13.5,62,0.0,0.62
2024-05-22 16:00:00,-14.1,9.7,98,0.0,0.98
2024-05-22 17:00:00,-11.4,5.3,86,0.0,0.86
2024-05-22 18:00:00,-11.3,2.4,48,0.0,0.48
2024-05-22 19:00:00,-11.5,3.2,53,0.0,0.53
2024-05-22 20:00:00,-11.6,3.7,51,0.0,0.51
2024-05-22 21:00:00,-11.7,3.0,7,0.0,0.07
2024-05-22 22:00:00,-11.9,4.3,0,0.0,0.0
2024-05-22 23:00:00,-11.9,5.6,7,0.0,0.07
2024-05-23 00:00:00,-12.4,6.9,19,0.0,0.19
2024-05-23 01:00:00,-17.2,9.1,2,0.0,0.02
2024-05-23 02:00:00,-18.4,10.0,0,0.0,0.0
2024-05-23 03:00:00,-17.2,8.8,0,0.0,0.0
2024-05-23 04:00:00,-15.0,7.3,0,0.0,0.0
2024-05-23 05:00:00,-13.9,4.6,0,0.0,0.0
2024-05-23 06:00:00,-14.2,3.0,0,0.0,0.0
2024-05-23 07:00:00,-14.4,2.3,0,0.0,0.0
2024-05-23 08:00:00,-14.5,3.1,0,0.0,0.0
2024-05-23 09:00:00,-17.1,8.1,0,0.0,0.0
2024-05-23 10:00:00,-19.8,10.8,0,0.0,0.0
2024-05-23 11:00:00,-19.7,9.5,0,0.0,0.0
2024-05-23 12:00:00,-22.3,11.9,0,0.0,0.0
2024-05-23 13:00:00,-21.6,11.2,5,0.0,0.05
2024-05-23 14:00:00,-20.7,9.7,0,0.0,0.0
2024-05-23 15:00:00,-22.3,11.0,0,0.0,0.0
2024-05-23 16:00:00,-22.9,11.9,0,0.0,0.0
2024-05-23 17:00:00,-23.1,14.6,0,0.0,0.0
2024-05-23 18:00:00,-22.7,16.4,0,0.0,0.0
2024-05-23 19:00:00,-23.2,16.1,0,0.0,0.0
2024-05-23 20:00:00,-22.7,18.3,0,0.0,0.0
2024-05-23 21:00:00,-21.8,20.5,0,0.0,0.0
2024-05-23 22:00:00,-21.2,22.1,0,0.0,0.0
2024-05-23 23:00:00,-20.9,22.9,0,0.0,0.0
2024-05-24 00:00:00,-21.4,21.6,0,0.0,0.0
2024-05-24 01:00:00,-20.2,25.4,0,0.0,0.0
2024-05-24 02:00:00,-20.6,25.3,0,0.0,0.0
2024-05-24 03:00:00,-20.0,30.9,0,0.0,0.0
2024-05-24 04:00:00,-20.2,30.5,0,0.0,0.0
2024-05-24 05:00:00,-20.0,30.6,0,0.0,0.0
2024-05-24 06:00:00,-20.0,28.7,0,0.0,0.0
2024-05-24 07:00:00,-20.0,31.2,0,0.0,0.0
2024-05-24 08:00:00,-19.8,34.2,0,0.0,0.0
2024-05-24 09:00:00,-19.5,33.5,0,0.0,0.0
2024-05-24 10:00:00,-19.3,33.7,0,0.0,0.0
2024-05-24 11:00:00,-19.0,38.3,0,0.0,0.0
2024-05-24 12:00:00,-18.5,41.6,4,0.0,0.04
2024-05-24 13:00:00,-18.3,43.0,12,0.0,0.12
2024-05-24 14:00:00,-18.1,44.8,32,0.0,0.32
2024-05-24 15:00:00,-17.7,45.9,48,0.0,0.48
2024-05-24 16:00:00,-17.3,46.6,41,0.0,0.41
2024-05-24 17:00:00,-16.9,47.1,17,0.0,0.17
2024-05-24 18:00:00,-16.6,46.9,91,0.0,0.91
2024-05-24 19:00:00,-16.1,46.4,97,0.0,0.97
2024-05-24 20:00:00,-15.5,45.7,100,0.0,1.0
2024-05-24 21:00:00,-15.1,44.9,100,0.0,1.0
2024-05-24 22:00:00,-14.8,43.9,100,0.0,1.0
2024-05-24 23:00:00,-14.8,43.0,59,0.0,0.59
2024-05-25 00:00:00,-14.8,41.7,60,0.0,0.6
2024-05-25 01:00:00,-14.3,42.9,80,0.0,0.8
2024-05-25 02:00:00,-14.2,41.1,60,0.0,0.6
2024-05-25 03:00:00,-14.2,39.7,64,0.0,0.64
2024-05-25 04:00:00,-14.2,39.5,75,0.0,0.75
2024-05-25 05:00:00,-14.0,39.7,99,0.0,0.99
2024-05-25 06:00:00,-13.6,39.0,100,0.0,1.0
2024-05-25 07:00:00,-13.6,38.2,100,0.0,1.0
2024-05-25 08:00:00,-13.7,37.2,100,0.0,1.0
2024-05-25 09:00:00,-13.6,37.0,100,0.0,1.0
2024-05-25 10:00:00,-13.6,35.8,100,0.0,1.0
2024-05-25 11:00:00,-13.4,35.0,99,0.0,0.99
2024-05-25 12:00:00,-13.7,34.1,92,0.0,0.92
2024-05-25 13:00:00,-14.0,34.7,45,0.0,0.45
2024-05-25 14:00:00,-13.9,34.5,37,0.0,0.37
2024-05-25 15:00:00,-14.1,33.7,59,0.0,0.59
2024-05-25 16:00:00,-14.1,33.4,51,0.0,0.51
2024-05-25 17:00:00,-14.2,32.3,54,0.0,0.54
2024-05-25 18:00:00,-14.5,30.5,30,0.0,0.3
2024-05-25 19:00:00,-14.9,28.9,24,0.0,0.24
2024-05-25 20:00:00,-15.3,27.4,51,0.0,0.51
2024-05-25 21:00:00,-15.7,25.2,35,0.0,0.35
2024-05-25 22:00:00,-16.6,23.1,36,0.0,0.36
2024-05-25 23:00:00,-17.8,20.4,38,0.0,0.38
2024-05-26 00:00:00,-18.8,18.2,1,0.0,0.01
2024-05-26 01:00:00,-17.8,17.3,0,0.0,0.0
2024-05-26 02:00:00,-18.4,15.3,0,0.0,0.0
2024-05-26 03:00:00,-18.6,15.1,0,0.0,0.0
2024-05-26 04:00:00,-18.7,15.9,0,0.0,0.0
2024-05-26 05:00:00,-18.6,17.1,0,0.0,0.0
2024-05-26 06:00:00,-19.3,16.9,0,0.0,0.0
2024-05-26 07:00:00,-20.0,16.7,0,0.0,0.0
2024-05-26 08:00:00,-20.7,16.9,0,0.0,0.0
2024-05-26 09:00:00,-21.5,16.9,0,0.0,0.0
2024-05-26 10:00:00,-22.3,17.0,0,0.0,0.0
2024-05-26 11:00:00,-22.4,17.7,0,0.0,0.0
2024-05-26 12:00:00,-22.5,17.3,0,0.0,0.0
2024-05-26 13:00:00,-21.5,15.4,0,0.0,0.0
2024-05-26 14:00:00,-21.8,14.9,12,0.0,0.12
2024-05-26 15:00:00,-21.9,15.4,3,0.0,0.03
2024-05-26 16:00:00,-22.3,16.3,4,0.0,0.04
2024-05-26 17:00:00,-22.7,16.4,1,0.0,0.01
2024-05-26 18:00:00,-23.0,15.8,6,0.0,0.06
2024-05-26 19:00:00,-23.1,15.6,0,0.0,0.0
2024-05-26 20:00:00,-23.0,16.2,0,0.0,0.0
2024-05-26 21:00:00,-22.6,18.0,0,0.0,0.0
2024-05-26 22:00:00,-21.9,20.3,0,0.0,0.0
2024-05-26 23:00:00,-20.6,24.8,0,0.0,0.0
2024-05-27 00:00:00,-19.7,29.3,85,0.0,0.85
2024-05-27 01:00:00,-20.3,26.7,100,0.0,1.0
2024-05-27 02:00:00,-20.1,25.8,100,0.0,1.0
2024-05-27 03:00:00,-19.6,25.4,100,0.0,1.0
2024-05-27 04:00:00,-18.8,26.0,100,0.0,1.0
2024-05-27 05:00:00,-18.4,27.1,100,0.0,1.0
2024-05-27 06:00:00,-18.3,27.4,100,0.0,1.0
2024-05-27 07:00:00,-18.6,26.1,99,0.0,0.99
2024-05-27 08:00:00,-18.1,29.5,100,0.0,1.0
2024-05-27 09:00:00,-17.7,28.0,35,0.0,0.35
2024-05-27 10:00:00,-17.7,27.9,31,0.0,0.31
2024-05-27 11:00:00,-17.3,31.4,27,0.0,0.27
2024-05-27 12:00:00,-17.0,32.3,27,0.0,0.27
2024-05-27 13:00:00,-17.8,27.7,95,0.0,0.95
2024-05-27 14:00:00,-17.4,27.0,44,0.0,0.44
2024-05-27 15:00:00,-17.2,26.0,6,0.0,0.06
2024-05-27 16:00:00,-17.4,25.2,0,0.0,0.0
2024-05-27 17:00:00,-17.1,25.5,0,0.0,0.0
2024-05-27 18:00:00,-16.8,25.7,5,0.0,0.05
2024-05-27 19:00:00,-16.8,25.2,41,0.0,0.41
2024-05-27 20:00:00,-16.9,24.9,100,0.0,1.0
2024-05-27 21:00:00,-16.7,24.8,70,0.0,0.7
2024-05-27 22:00:00,-16.7,25.3,54,0.0,0.54
2024-05-27 23:00:00,-16.4,26.4,53,0.0,0.53
2024-05-28 00:00:00,-16.1,27.9,56,0.0,0.56
2024-05-28 01:00:00,-16.8,24.2,26,0.0,0.26
2024-05-28 02:00:00,-16.6,24.1,34,0.0,0.34
2024-05-28 03:00:00,-16.1,25.8,5,0.0,0.05
2024-05-28 04:00:00,-15.5,27.6,2,0.0,0.02
2024-05-28 05:00:00,-15.2,31.4,6,0.0,0.06
2024-05-28 06:00:00,-15.1,36.0,14,0.0,0.14
2024-05-28 07:00:00,-15.1,38.5,0,0.0,0.0
2024-05-28 08:00:00,-15.1,36.1,52,0.0,0.52
2024-05-28 09:00:00,-14.5,37.2,85,0.0,0.85
2024-05-28 10:00:00,-14.2,38.1,90,0.0,0.9
2024-05-28 11:00:00,-14.0,38.3,97,0.0,0.97
2024-05-28 12:00:00,-14.1,42.5,99,0.0,0.99
2024-05-28 13:00:00,-14.2,40.3,98,0.0,0.98
2024-05-28 14:00:00,-14.2,45.9,98,0.0,0.98
2024-05-28 15:00:00,-14.1,49.1,98,0.0,0.98
2024-05-28 16:00:00,-14.1,50.4,99,0.0,0.99
2024-05-28 17:00:00,-14.2,50.2,99,0.0,0.99
2024-05-28 18:00:00,-14.0,49.7,99,0.0,0.99
2024-05-28 19:00:00,-13.8,49.5,100,0.0,1.0
2024-05-28 20:00:00,-13.7,48.9,99,0.0,0.99
2024-05-28 21:00:00,-13.4,49.0,97,0.0,0.97
2024-05-28 22:00:00,-13.0,48.9,99,0.0,0.99
2024-05-28 23:00:00,-12.6,47.4,99,0.0,0.99
2024-05-29 00:00:00,-12.5,46.1,100,0.0,1.0
2024-05-29 01:00:00,-12.1,45.8,100,0.0,1.0
2024-05-29 02:00:00,-11.9,45.7,100,0.0,1.0
2024-05-29 03:00:00,-12.0,45.1,99,0.0,0.99
2024-05-29 04:00:00,-12.1,45.0,99,0.0,0.99
2024-05-29 05:00:00,-12.4,45.2,99,0.0,0.99
2024-05-29 06:00:00,-12.5,45.5,100,0.0,1.0
2024-05-29 07:00:00,-12.3,45.1,100,0.0,1.0
2024-05-29 08:00:00,-12.0,43.8,100,0.0,1.0
2024-05-29 09:00:00,-11.7,42.6,99,0.0,0.99
2024-05-29 10:00:00,-11.5,42.8,100,0.0,1.0
2024-05-29 11:00:00,-11.6,42.4,92,0.0,0.92
2024-05-29 12:00:00,-11.8,41.4,62,0.0,0.62
2024-05-29 13:00:00,-11.6,39.5,25,0.0,0.25
2024-05-29 14:00:00,-11.7,37.5,27,0.0,0.27
2024-05-29 15:00:00,-11.8,34.3,3,0.0,0.03
2024-05-29 16:00:00,-12.1,31.8,0,0.0,0.0
2024-05-29 17:00:00,-12.5,30.9,0,0.0,0.0
2024-05-29 18:00:00,-12.3,30.6,0,0.0,0.0
2024-05-29 19:00:00,-12.4,28.4,0,0.0,0.0
2024-05-29 20:00:00,-12.7,26.0,1,0.0,0.01
2024-05-29 21:00:00,-13.1,24.6,0,0.0,0.0
2024-05-29 22:00:00,-13.4,24.0,0,0.0,0.0
2024-05-29 23:00:00,-14.0,22.4,0,0.0,0.0
2024-05-30 00:00:00,-14.5,21.3,0,0.0,0.0
2024-05-30 01:00:00,-14.9,18.0,0,0.0,0.0
2024-05-30 02:00:00,-16.7,12.6,0,0.0,0.0
2024-05-30 03:00:00,-17.5,9.7,0,0.0,0.0
2024-05-30 04:00:00,-16.1,8.5,0,0.0,0.0
2024-05-30 05:00:00,-12.1,3.8,0,0.0,0.0
2024-05-30 06:00:00,-13.8,0.4,0,0.0,0.0
2024-05-30 07:00:00,-15.9,4.2,0,0.0,0.0
2024-05-30 08:00:00,-17.6,6.1,0,0.0,0.0
2024-05-30 09:00:00,-16.9,6.6,0,0.0,0.0
2024-05-30 10:00:00,-16.0,5.9,0,0.0,0.0
2024-05-30 11:00:00,-15.0,5.2,0,0.0,0.0
2024-05-30 12:00:00,-13.7,6.1,0,0.0,0.0
2024-05-30 13:00:00,-21.0,13.9,0,0.0,0.0
2024-05-30 14:00:00,-21.5,14.6,0,0.0,0.0
2024-05-30 15:00:00,-22.2,16.0,0,0.0,0.0
2024-05-30 16:00:00,-22.4,17.7,0,0.0,0.0
2024-05-30 17:00:00,-21.9,18.1,0,0.0,0.0
2024-05-30 18:00:00,-21.5,18.4,0,0.0,0.0
2024-05-30 19:00:00,-21.5,18.5,0,0.0,0.0
2024-05-30 20:00:00,-22.1,18.6,0,0.0,0.0
2024-05-30 21:00:00,-23.0,19.0,0,0.0,0.0
2024-05-30 22:00:00,-22.8,19.1,0,0.0,0.0
2024-05-30 23:00:00,-22.6,17.8,0,0.0,0.0
2024-05-31 00:00:00,-23.0,15.6,0,0.0,0.0
2024-05-31 01:00:00,-21.7,15.6,0,0.0,0.0
2024-05-31 02:00:00,-22.0,13.8,0,0.0,0.0
2024-05-31 03:00:00,-21.6,14.0,0,0.0,0.0
2024-05-31 04:00:00,-21.3,13.7,0,0.0,0.0
2024-05-31 05:00:00,-20.8,17.0,0,0.0,0.0
2024-05-31 06:00:00,-19.7,19.8,0,0.0,0.0
2024-05-31 07:00:00,-19.5,19.2,0,0.0,0.0
2024-05-31 08:00:00,-21.4,15.5,0,0.0,0.0
2024-05-31 09:00:00,-22.2,15.0,0,0.0,0.0
2024-05-31 10:00:00,-22.5,15.2,0,0.0,0.0
2024-05-31 11:00:00,-22.3,16.4,0,0.0,0.0
2024-05-31 12:00:00,-22.0,16.4,25,0.0,0.25
2024-05-31 13:00:00,-21.5,17.6,27,0.0,0.27
2024-05-31 14:00:00,-20.9,18.4,62,0.0,0.62
2024-05-31 15:00:00,-20.5,18.6,96,0.0,0.96
2024-05-31 16:00:00,-18.1,24.2,100,0.0,1.0
2024-05-31 17:00:00,-14.1,37.7,100,0.0,1.0
2024-05-31 18:00:00,-13.9,39.0,100,0.0,1.0
2024-05-31 19:00:00,-13.4,36.6,100,0.0,1.0
2024-05-31 20:00:00,-13.2,33.7,100,0.0,1.0
2024-05-31 21:00:00,-12.6,31.9,100,0.0,1.0
2024-05-31 22:00:00,-11.9,30.6,100,0.0,1.0
2024-05-31 23:00:00,-11.1,34.3,100,0.0,1.0
2024-06-01 00:00:00,-10.6,36.1,100,0.0,1.0
2024-06-01 01:00:00,-10.1,35.6,100,0.0,1.0
2024-06-01 02:00:00,-10.0,37.0,100,0.0,1.0
2024-06-01 03:00:00,-10.1,35.8,100,0.0,1.0
2024-06-01 04:00:00,-9.9,37.6,100,0.0,1.0
2024-06-01 05:00:00,-10.4,39.0,100,0.0,1.0
2024-06-01 06:00:00,-11.3,30.9,100,0.0,1.0
2024-06-01 07:00:00,-11.2,32.8,100,0.0,1.0
2024-06-01 08:00:00,-10.8,41.5,100,0.0,1.0
2024-06-01 09:00:00,-10.9,42.5,100,0.0,1.0
2024-06-01 10:00:00,-10.8,44.8,100,0.0,1.0
2024-06-01 11:00:00,-10.7,43.6,100,0.0,1.0
2024-06-01 12:00:00,-10.3,48.3,100,0.0,1.0
2024-06-01 13:00:00,-9.6,48.2,100,0.0,1.0
2024-06-01 14:00:00,-9.6,48.1,100,0.0,1.0
2024-06-01 15:00:00,-9.5,49.3,100,0.0,1.0
2024-06-01 16:00:00,-9.5,49.0,100,0.0,1.0
2024-06-01 17:00:00,-9.3,47.7,100,0.0,1.0
2024-06-01 18:00:00,-9.0,46.7,100,0.0,1.0
2024-06-01 19:00:00,-8.9,45.6,100,0.0,1.0
2024-06-01 20:00:00,-8.8,44.5,100,0.0,1.0
2024-06-01 21:00:00,-8.8,44.1,100,0.0,1.0
2024-06-01 22:00:00,-9.0,42.9,100,0.0,1.0
2024-06-01 23:00:00,-9.1,42.2,100,0.0,1.0
2024-06-02 00:00:00,-9.1,44.0,100,0.0,1.0
2024-06-02 01:00:00,-9.0,45.0,100,0.0,1.0
2024-06-02 02:00:00,-9.1,44.0,100,0.0,1.0
2024-06-02 03:00:00,-9.3,44.2,100,0.0,1.0
2024-06-02 04:00:00,-9.4,46.9,100,0.0,1.0
2024-06-02 05:00:00,-9.4,47.5,100,0.0,1.0
2024-06-02 06:00:00,-9.4,47.6,100,0.0,1.0
2024-06-02 07:00:00,-9.2,46.5,100,0.0,1.0
2024-06-02 08:00:00,-9.0,47.0,100,0.0,1.0
2024-06-02 09:00:00,-8.9,48.5,100,0.0,1.0
2024-06-02 10:00:00,-8.8,47.5,100,0.0,1.0
2024-06-02 11:00:00,-8.7,44.6,100,0.0,1.0
2024-06-02 12:00:00,-8.7,40.9,100,0.0,1.0
2024-06-02 13:00:00,-9.1,38.8,100,0.0,1.0
2024-06-02 14:00:00,-9.1,37.0,100,0.0,1.0
2024-06-02 15:00:00,-9.2,38.6,100,0.0,1.0
2024-06-02 16:00:00,-9.4,39.4,100,0.0,1.0
2024-06-02 17:00:00,-9.6,37.1,100,0.0,1.0
2024-06-02 18:00:00,-9.6,33.5,100,0.0,1.0
2024-06-02 19:00:00,-9.5,30.4,100,0.0,1.0
2024-06-02 20:00:00,-9.5,27.6,100,0.0,1.0
2024-06-02 21:00:00,-9.8,23.1,100,0.0,1.0
2024-06-02 22:00:00,-10.1,18.3,100,0.0,1.0
2024-06-02 23:00:00,-10.4,15.6,100,0.0,1.0
2024-06-03 00:00:00,-10.5,15.9,100,0.0,1.0
2024-06-03 01:00:00,-9.8,25.6,100,0.0,1.0
2024-06-03 02:00:00,-10.0,26.1,100,0.0,1.0
2024-06-03 03:00:00,-10.2,25.5,100,0.0,1.0
2024-06-03 04:00:00,-10.4,24.6,100,0.0,1.0
2024-06-03 05:00:00,-10.7,22.6,100,0.0,1.0
2024-06-03 06:00:00,-10.9,23.1,100,0.0,1.0
2024-06-03 07:00:00,-11.0,25.0,100,0.0,1.0
2024-06-03 08:00:00,-11.1,23.2,100,0.0,1.0
2024-06-03 09:00:00,-11.2,22.6,100,0.0,1.0
2024-06-03 10:00:00,-11.5,21.5,100,0.0,1.0
2024-06-03 11:00:00,-11.7,20.2,100,0.0,1.0
2024-06-03 12:00:00,-12.1,17.7,100,0.0,1.0
2024-06-03 13:00:00,-12.3,19.4,100,0.0,1.0
2024-06-03 14:00:00,-12.4,20.3,94,0.0,0.94
2024-06-03 15:00:00,-12.8,19.5,93,0.0,0.93
2024-06-03 16:00:00,-12.8,20.1,85,0.0,0.85
2024-06-03 17:00:00,-12.3,23.5,84,0.0,0.84
2024-06-03 18:00:00,-12.1,27.2,98,0.0,0.98
2024-06-03 19:00:00,-11.3,29.7,100,0.0,1.0
2024-06-03 20:00:00,-10.9,35.9,100,0.0,1.0
2024-06-03 21:00:00,-11.2,40.3,100,0.0,1.0
2024-06-03 22:00:00,-11.0,39.5,100,0.0,1.0
2024-06-03 23:00:00,-10.6,37.0,100,0.0,1.0
2024-06-04 00:00:00,-10.8,33.7,100,0.0,1.0
2024-06-04 01:00:00,-10.2,34.5,99,0.0,0.99
2024-06-04 02:00:00,-9.7,31.7,100,0.0,1.0
2024-06-04 03:00:00,-9.6,28.2,100,0.0,1.0
2024-06-04 04:00:00,-9.6,25.3,100,0.0,1.0
2024-06-04 05:00:00,-9.5,23.3,100,0.0,1.0
2024-06-04 06:00:00,-9.5,23.0,100,0.0,1.0
2024-06-04 07:00:00,-9.6,21.9,100,0.0,1.0
2024-06-04 08:00:00,-9.6,21.9,100,0.0,1.0
2024-06-04 09:00:00,-10.0,22.5,100,0.0,1.0
2024-06-04 10:00:00,-10.2,21.5,100,0.0,1.0
2024-06-04 11:00:00,-10.9,20.3,100,0.0,1.0
2024-06-04 12:00:00,-11.2,19.2,100,0.0,1.0
2024-06-04 13:00:00,-11.0,19.8,99,0.0,0.99
2024-06-04 14:00:00,-11.4,18.8,100,0.0,1.0
2024-06-04 15:00:00,-12.9,18.9,93,0.0,0.93
2024-06-04 16:00:00,-13.5,19.2,78,0.0,0.78
2024-06-04 17:00:00,-13.3,19.8,67,0.0,0.67
2024-06-04 18:00:00,-13.6,19.8,36,0.0,0.36
2024-06-04 19:00:00,-14.0,20.5,15,0.0,0.15
2024-06-04 20:00:00,-13.6,20.2,66,0.0,0.66
2024-06-04 21:00:00,-13.8,19.5,99,0.0,0.99
2024-06-04 22:00:00,-14.7,19.0,98,0.0,0.98
2024-06-04 23:00:00,-15.4,18.6,83,0.0,0.83
2024-06-05 00:00:00,-15.6,19.5,6,0.0,0.06
2024-06-05 01:00:00,-13.0,24.4,96,0.0,0.96
2024-06-05 02:00:00,-13.1,23.4,92,0.0,0.92
2024-06-05 03:00:00,-13.7,22.5,14,0.0,0.14
2024-06-05 04:00:00,-14.2,22.2,16,0.0,0.16
2024-06-05 05:00:00,-13.8,23.7,21,0.0,0.21
2024-06-05 06:00:00,-13.4,26.8,94,0.0,0.94
2024-06-05 07:00:00,-13.3,26.9,100,0.0,1.0
2024-06-05 08:00:00,-13.4,25.4,98,0.0,0.98
2024-06-05 09:00:00,-13.8,24.8,92,0.0,0.92
2024-06-05 10:00:00,-14.0,25.8,65,0.0,0.65
2024-06-05 11:00:00,-14.2,26.3,84,0.0,0.84
2024-06-05 12:00:00,-14.3,26.6,68,0.0,0.68
2024-06-05 13:00:00,-14.3,25.8,98,0.0,0.98
2024-06-05 14:00:00,-14.2,25.3,98,0.0,0.98
2024-06-05 15:00:00,-14.1,26.5,99,0.0,0.99
2024-06-05 16:00:00,-13.5,30.4,100,0.0,1.0
2024-06-05 17:00:00,-13.6,34.5,100,0.0,1.0
2024-06-05 18:00:00,-14.3,34.5,100,0.0,1.0
2024-06-05 19:00:00,-14.0,35.7,100,0.0,1.0
2024-06-05 20:00:00,-14.0,36.1,100,0.0,1.0
2024-06-05 21:00:00,-14.0,36.8,100,0.0,1.0
2024-06-05 22:00:00,-14.0,36.9,100,0.0,1.0
2024-06-05 23:00:00,-14.1,36.4,100,0.0,1.0
2024-06-06 00:00:00,-14.2,38.4,100,0.0,1.0
2024-06-06 01:00:00,-14.1,41.1,100,0.0,1.0
2024-06-06 02:00:00,-14.1,42.0,100,0.0,1.0
2024-06-06 03:00:00,-14.2,42.5,100,0.0,1.0
2024-06-06 04:00:00,-14.2,42.4,100,0.0,1.0
2024-06-06 05:00:00,-14.4,42.6,100,0.0,1.0
2024-06-06 06:00:00,-14.5,41.7,100,0.0,1.0
2024-06-06 07:00:00,-14.6,40.2,100,0.0,1.0
2024-06-06 08:00:00,-14.7,38.8,100,0.0,1.0
2024-06-06 09:00:00,-14.8,37.6,100,0.0,1.0
2024-06-06 10:00:00,-14.9,36.2,100,0.0,1.0
2024-06-06 11:00:00,-15.1,35.2,100,0.0,1.0
2024-06-06 12:00:00,-15.2,33.3,100,0.0,1.0
2024-06-06 13:00:00,-15.4,28.8,100,0.0,1.0
2024-06-06 14:00:00,-15.6,26.3,100,0.0,1.0
2024-06-06 15:00:00,-15.8,23.9,100,0.0,1.0
2024-06-06 16:00:00,-16.1,22.4,100,0.0,1.0
2024-06-06 17:00:00,-16.5,22.5,100,0.0,1.0
2024-06-06 18:00:00,-17.0,23.7,99,0.0,0.99
2024-06-06 19:00:00,-17.4,23.5,91,0.0,0.91
2024-06-06 20:00:00,-17.7,24.3,82,0.0,0.82
2024-06-06 21:00:00,-18.0,24.6,95,0.0,0.95
2024-06-06 22:00:00,-18.1,25.5,92,0.0,0.92
2024-06-06 23:00:00,-18.4,24.2,86,0.0,0.86
2024-06-07 00:00:00,-19.1,20.9,81,0.0,0.81
2024-06-07 01:00:00,-19.6,18.0,97,0.0,0.97
2024-06-07 02:00:00,-20.0,18.1,36,0.0,0.36
2024-06-07 03:00:00,-20.3,18.8,15,0.0,0.15
2024-06-07 04:00:00,-20.6,18.4,9,0.0,0.09
2024-06-07 05:00:00,-21.0,17.3,47,0.0,0.47
2024-06-07 06:00:00,-21.1,17.3,86,0.0,0.86
2024-06-07 07:00:00,-21.4,16.9,28,0.0,0.28
2024-06-07 08:00:00,-21.7,16.6,5,0.0,0.05
2024-06-07 09:00:00,-21.7,17.0,12,0.0,0.12
2024-06-07 10:00:00,-21.4,17.4,38,0.0,0.38
2024-06-07 11:00:00,-21.6,16.6,47,0.0,0.47
2024-06-07 12:00:00,-21.3,16.9,29,0.0,0.29
2024-06-07 13:00:00,-19.9,20.2,1,0.0,0.01
2024-06-07 14:00:00,-19.5,21.4,0,0.0,0.0
2024-06-07 15:00:00,-19.2,25.1,0,0.0,0.0
2024-06-07 16:00:00,-19.1,26.3,0,0.0,0.0
2024-06-07 17:00:00,-19.6,24.8,0,0.0,0.0
2024-06-07 18:00:00,-19.8,24.7,0,0.0,0.0
2024-06-07 19:00:00,-20.0,24.0,0,0.0,0.0
2024-06-07 20:00:00,-20.1,23.8,0,0.0,0.0
2024-06-07 21:00:00,-20.4,23.3,0,0.0,0.0
2024-06-07 22:00:00,-20.6,23.3,0,0.0,0.0
2024-06-07 23:00:00,-20.2,26.6,0,0.0,0.0
2024-06-08 00:00:00,-19.8,28.6,0,0.0,0.0
2024-06-08 01:00:00,-19.4,31.9,0,0.0,0.0
2024-06-08 02:00:00,-19.2,32.7,0,0.0,0.0
2024-06-08 03:00:00,-19.0,34.0,0,0.0,0.0
2024-06-08 04:00:00,-18.9,35.3,0,0.0,0.0
2024-06-08 05:00:00,-18.7,36.7,0,0.0,0.0
2024-06-08 06:00:00,-18.5,39.3,0,0.0,0.0
2024-06-08 07:00:00,-18.1,42.4,0,0.0,0.0
2024-06-08 08:00:00,-17.9,40.8,27,0.0,0.27
2024-06-08 09:00:00,-17.7,40.7,57,0.0,0.57
2024-06-08 10:00:00,-17.3,38.9,36,0.0,0.36
2024-06-08 11:00:00,-17.7,39.6,59,0.0,0.59
2024-06-08 12:00:00,-17.7,39.9,27,0.0,0.27
2024-06-08 13:00:00,-17.8,39.1,6,0.0,0.06
2024-06-08 14:00:00,-18.0,39.0,0,0.0,0.0
2024-06-08 15:00:00,-18.0,39.0,24,0.0,0.24
2024-06-08 16:00:00,-18.1,37.7,75,0.0,0.75
2024-06-08 17:00:00,-18.1,38.8,36,0.0,0.36
2024-06-08 18:00:00,-18.1,38.4,3,0.0,0.03
2024-06-08 19:00:00,-18.2,38.2,0,0.0,0.0
2024-06-08 20:00:00,-18.2,37.7,0,0.0,0.0
2024-06-08 21:00:00,-18.1,37.0,0,0.0,0.0
2024-06-08 22:00:00,-18.0,34.7,0,0.0,0.0
2024-06-08 23:00:00,-17.9,32.4,11,0.0,0.11
2024-06-09 00:00:00,-17.9,30.0,37,0.0,0.37
2024-06-09 01:00:00,-17.2,29.3,42,0.0,0.42
2024-06-09 02:00:00,-17.3,27.0,36,0.0,0.36
2024-06-09 03:00:00,-17.6,24.1,57,0.0,0.57
2024-06-09 04:00:00,-18.3,20.1,75,0.0,0.75
2024-06-09 05:00:00,-18.5,17.7,89,0.0,0.89
2024-06-09 06:00:00,-19.7,17.1,54,0.0,0.54
2024-06-09 07:00:00,-20.3,17.0,38,0.0,0.38
2024-06-09 08:00:00,-20.3,16.2,44,0.0,0.44
2024-06-09 09:00:00,-20.3,16.1,52,0.0,0.52
2024-06-09 10:00:00,-20.3,16.3,95,0.0,0.95
2024-06-09 11:00:00,-20.5,16.3,100,0.0,1.0
2024-06-09 12:00:00,-20.7,15.5,100,0.0,1.0
2024-06-09 13:00:00,-20.7,13.5,19,0.0,0.19
2024-06-09 14:00:00,-21.4,14.6,7,0.0,0.07
2024-06-09 15:00:00,-21.7,14.8,0,0.0,0.0
2024-06-09 16:00:00,-22.1,14.4,0,0.0,0.0
2024-06-09 17:00:00,-22.4,13.8,0,0.0,0.0
2024-06-09 18:00:00,-22.4,11.7,0,0.0,0.0
2024-06-09 19:00:00,-21.8,10.9,0,0.0,0.0
2024-06-09 20:00:00,-22.3,11.1,0,0.0,0.0
2024-06-09 21:00:00,-23.1,11.8,0,0.0,0.0
2024-06-09 22:00:00,-23.6,12.8,0,0.0,0.0
2024-06-09 23:00:00,-23.6,12.2,0,0.0,0.0
2024-06-10 00:00:00,-22.9,11.6,0,0.0,0.0
2024-06-10 01:00:00,-24.0,16.2,0,0.0,0.0
2024-06-10 02:00:00,-24.1,15.5,0,0.0,0.0
2024-06-10 03:00:00,-24.6,15.2,0,0.0,0.0
2024-06-10 04:00:00,-25.1,14.4,0,0.0,0.0
2024-06-10 05:00:00,-25.6,13.1,0,0.0,0.0
2024-06-10 06:00:00,-24.8,10.6,0,0.0,0.0
2024-06-10 07:00:00,-22.3,8.9,0,0.0,0.0
2024-06-10 08:00:00,-21.2,8.0,0,0.0,0.0
2024-06-10 09:00:00,-23.8,10.0,0,0.0,0.0
2024-06-10 10:00:00,-25.3,10.8,3,0.0,0.03
2024-06-10 11:00:00,-26.0,11.6,68,0.0,0.68
2024-06-10 12:00:00,-25.5,11.6,98,0.0,0.98
2024-06-10 13:00:00,-17.0,4.3,92,0.0,0.92
2024-06-10 14:00:00,-17.2,5.5,100,0.0,1.0
2024-06-10 15:00:00,-16.0,3.4,100,0.0,1.0
2024-06-10 16:00:00,-15.5,5.8,96,0.0,0.96
2024-06-10 17:00:00,-16.1,6.5,21,0.0,0.21
2024-06-10 18:00:00,-16.2,6.2,9,0.0,0.09
2024-06-10 19:00:00,-15.7,7.2,14,0.0,0.14
2024-06-10 20:00:00,-15.4,7.7,27,0.0,0.27
2024-06-10 21:00:00,-15.6,9.0,44,0.0,0.44
2024-06-10 22:00:00,-20.4,11.0,86,0.0,0.86
2024-06-10 23:00:00,-20.7,11.0,99,0.0,0.99
2024-06-11 00:00:00,-15.7,8.6,91,0.0,0.91
2024-06-11 01:00:00,-16.2,5.5,91,0.0,0.91
2024-06-11 02:00:00,-15.3,4.2,76,0.0,0.76
2024-06-11 03:00:00,-13.7,3.3,88,0.0,0.88
2024-06-11 04:00:00,-12.7,3.3,99,0.0,0.99
2024-06-11 05:00:00,-13.5,4.1,98,0.0,0.98
2024-06-11 06:00:00,-13.7,8.2,100,0.0,1.0
2024-06-11 07:00:00,-14.3,9.6,99,0.0,0.99
2024-06-11 08:00:00,-17.8,10.2,96,0.0,0.96
2024-06-11 09:00:00,-18.5,11.1,87,0.0,0.87
2024-06-11 10:00:00,-19.2,10.8,93,0.0,0.93
2024-06-11 11:00:00,-17.8,10.5,89,0.0,0.89
2024-06-11 12:00:00,-18.5,11.3,92,0.0,0.92
2024-06-11 13:00:00,-20.1,18.4,90,0.0,0.9
2024-06-11 14:00:00,-21.4,17.7,96,0.0,0.96
2024-06-11 15:00:00,-19.3,20.4,99,0.0,0.99
2024-06-11 16:00:00,-19.8,19.5,89,0.0,0.89
2024-06-11 17:00:00,-19.9,19.9,83,0.0,0.83
2024-06-11 18:00:00,-16.1,26.1,98,0.0,0.98
2024-06-11 19:00:00,-14.7,26.9,97,0.0,0.97
2024-06-11 20:00:00,-14.4,28.0,100,0.0,1.0
2024-06-11 21:00:00,-12.9,31.7,98,0.0,0.98
2024-06-11 22:00:00,-11.1,38.4,92,0.0,0.92
2024-06-11 23:00:00,-10.3,46.2,96,0.0,0.96
2024-06-12 00:00:00,-10.6,45.9,93,0.0,0.93
2024-06-12 01:00:00,-10.9,42.9,51,0.0,0.51
2024-06-12 02:00:00,-11.6,37.5,89,0.0,0.89
2024-06-12 03:00:00,-11.9,36.1,70,0.0,0.7
2024-06-12 04:00:00,-12.0,36.2,88,0.0,0.88
2024-06-12 05:00:00,-12.2,37.2,75,0.0,0.75
2024-06-12 06:00:00,-12.2,39.8,44,0.0,0.44
2024-06-12 07:00:00,-12.6,40.1,39,0.0,0.39
2024-06-12 08:00:00,-13.0,38.8,33,0.0,0.33
2024-06-12 09:00:00,-13.5,37.4,60,0.0,0.6
2024-06-12 10:00:00,-13.8,35.5,93,0.0,0.93
2024-06-12 11:00:00,-13.8,35.3,95,0.0,0.95
2024-06-12 12:00:00,-13.8,39.1,100,0.0,1.0
2024-06-12 13:00:00,-14.8,42.1,100,0.0,1.0
2024-06-12 14:00:00,-15.1,35.1,96,0.0,0.96
2024-06-12 15:00:00,-15.0,35.3,100,0.0,1.0
2024-06-12 16:00:00,-14.9,36.4,100,0.0,1.0
2024-06-12 17:00:00,-14.9,38.3,100,0.0,1.0
2024-06-12 18:00:00,-15.0,38.7,100,0.0,1.0
2024-06-12 19:00:00,-15.1,36.3,100,0.0,1.0
2024-06-12 20:00:00,-15.1,31.9,100,0.0,1.0
2024-06-12 21:00:00,-14.3,40.3,100,0.0,1.0
2024-06-12 22:00:00,-14.7,40.0,100,0.0,1.0
2024-06-12 23:00:00,-14.8,33.2,100,0.0,1.0
2024-06-13 00:00:00,-14.8,29.8,100,0.0,1.0
2024-06-13 01:00:00,-15.3,27.8,100,0.0,1.0
2024-06-13 02:00:00,-15.8,23.8,100,0.0,1.0
2024-06-13 03:00:00,-16.1,23.1,100,0.0,1.0
2024-06-13 04:00:00,-16.2,26.1,100,0.0,1.0
2024-06-13 05:00:00,-16.2,29.1,100,0.0,1.0
2024-06-13 06:00:00,-16.2,26.5,100,0.0,1.0
2024-06-13 07:00:00,-16.2,23.8,100,0.0,1.0
2024-06-13 08:00:00,-15.8,26.0,100,0.0,1.0
2024-06-13 09:00:00,-15.5,27.7,100,0.0,1.0
2024-06-13 10:00:00,-15.4,28.8,100,0.0,1.0
2024-06-13 11:00:00,-15.2,27.8,100,0.0,1.0
2024-06-13 12:00:00,-15.2,25.2,100,0.0,1.0
2024-06-13 13:00:00,-14.9,25.2,100,0.0,1.0
2024-06-13 14:00:00,-14.7,25.7,100,0.0,1.0
2024-06-13 15:00:00,-14.5,24.5,100,0.0,1.0
2024-06-13 16:00:00,-14.6,20.4,100,0.0,1.0
2024-06-13 17:00:00,-14.6,18.7,100,0.0,1.0
2024-06-13 18:00:00,-14.3,21.4,100,0.0,1.0
2024-06-13 19:00:00,-13.6,22.9,100,0.0,1.0
2024-06-13 20:00:00,-13.2,24.0,100,0.0,1.0
2024-06-13 21:00:00,-13.0,22.9,100,0.0,1.0
2024-06-13 22:00:00,-12.4,24.2,100,0.0,1.0
2024-06-13 23:00:00,-11.9,25.7,100,0.0,1.0
2024-06-14 00:00:00,-11.7,25.4,100,0.0,1.0
2024-06-14 01:00:00,-11.1,28.2,100,0.0,1.0
2024-06-14 02:00:00,-11.1,25.6,100,0.0,1.0
2024-06-14 03:00:00,-10.9,25.8,100,0.0,1.0
2024-06-14 04:00:00,-10.9,25.3,100,0.0,1.0
2024-06-14 05:00:00,-11.1,25.1,100,0.0,1.0
2024-06-14 06:00:00,-11.0,27.1,100,0.0,1.0
2024-06-14 07:00:00,-11.1,28.7,100,0.0,1.0
2024-06-14 08:00:00,-11.1,28.2,100,0.0,1.0
2024-06-14 09:00:00,-11.3,27.4,100,0.0,1.0
2024-06-14 10:00:00,-11.2,27.9,100,0.0,1.0
2024-06-14 11:00:00,-11.2,29.0,100,0.0,1.0
2024-06-14 12:00:00,-11.1,30.1,100,0.0,1.0
2024-06-14 13:00:00,-10.9,39.0,100,0.0,1.0
2024-06-14 14:00:00,-11.1,41.8,100,0.0,1.0
2024-06-14 15:00:00,-11.1,44.8,100,0.0,1.0
2024-06-14 16:00:00,-11.2,45.9,100,0.0,1.0
2024-06-14 17:00:00,-11.6,44.8,100,0.0,1.0
2024-06-14 18:00:00,-12.3,43.9,94,0.0,0.94
2024-06-14 19:00:00,-12.7,42.4,100,0.0,1.0
2024-06-14 20:00:00,-12.7,37.2,100,0.0,1.0
2024-06-14 21:00:00,-12.9,33.9,100,0.0,1.0
2024-06-14 22:00:00,-13.2,33.0,100,0.0,1.0
2024-06-14 23:00:00,-13.6,33.7,100,0.0,1.0
2024-06-15 00:00:00,-13.6,32.2,100,0.0,1.0
2024-06-15 01:00:00,-13.0,34.4,100,0.0,1.0
2024-06-15 02:00:00,-12.4,37.4,100,0.0,1.0
2024-06-15 03:00:00,-12.2,37.8,100,0.0,1.0
2024-06-15 04:00:00,-12.0,36.7,100,0.0,1.0
2024-06-15 05:00:00,-11.7,36.0,100,0.0,1.0
2024-06-15 06:00:00,-11.5,35.9,100,0.0,1.0
2024-06-15 07:00:00,-11.2,35.3,100,0.0,1.0
2024-06-15 08:00:00,-11.0,36.3,100,0.0,1.0
2024-06-15 09:00:00,-11.2,35.9,100,0.0,1.0
2024-06-15 10:00:00,-11.6,34.9,93,0.0,0.93
2024-06-15 11:00:00,-12.4,33.9,60,0.0,0.6
2024-06-15 12:00:00,-13.0,33.1,32,0.0,0.32
2024-06-15 13:00:00,-12.9,33.5,30,0.0,0.3
2024-06-15 14:00:00,-13.3,33.7,16,0.0,0.16
2024-06-15 15:00:00,-13.4,32.4,6,0.0,0.06
2024-06-15 16:00:00,-13.8,30.2,7,0.0,0.07
2024-06-15 17:00:00,-14.0,28.5,0,0.0,0.0
2024-06-15 18:00:00,-14.3,26.2,0,0.0,0.0
2024-06-15 19:00:00,-14.6,24.9,0,0.0,0.0
2024-06-15 20:00:00,-15.3,22.7,0,0.0,0.0
2024-06-15 21:00:00,-16.0,22.0,0,0.0,0.0
2024-06-15 22:00:00,-16.4,21.6,0,0.0,0.0
2024-06-15 23:00:00,-16.7,20.9,0,0.0,0.0
2024-06-16 00:00:00,-17.0,21.3,0,0.0,0.0
2024-06-16 01:00:00,-16.9,20.5,0,0.0,0.0
2024-06-16 02:00:00,-15.5,26.9,0,0.0,0.0
2024-06-16 03:00:00,-14.6,32.6,0,0.0,0.0
2024-06-16 04:00:00,-14.1,30.7,3,0.0,0.03
2024-06-16 05:00:00,-14.3,28.2,0,0.0,0.0
2024-06-16 06:00:00,-14.1,30.0,6,0.0,0.06
2024-06-16 07:00:00,-13.0,36.3,14,0.0,0.14
2024-06-16 08:00:00,-12.8,40.0,75,0.0,0.75
2024-06-16 09:00:00,-12.4,40.3,100,0.0,1.0
2024-06-16 10:00:00,-12.0,39.5,100,0.0,1.0
2024-06-16 11:00:00,-11.3,39.0,100,0.0,1.0
2024-06-16 12:00:00,-10.7,37.7,100,0.0,1.0
2024-06-16 13:00:00,-9.5,37.7,100,0.0,1.0
2024-06-16 14:00:00,-9.4,34.9,100,0.0,1.0
2024-06-16 15:00:00,-9.3,33.3,100,0.0,1.0
2024-06-16 16:00:00,-9.4,31.3,100,0.0,1.0
2024-06-16 17:00:00,-9.3,30.3,100,0.0,1.0
2024-06-16 18:00:00,-9.3,29.5,100,0.0,1.0
2024-06-16 19:00:00,-9.6,28.7,100,0.0,1.0
2024-06-16 20:00:00,-10.2,27.9,100,0.0,1.0
2024-06-16 21:00:00,-10.6,27.0,100,0.0,1.0
2024-06-16 22:00:00,-11.0,27.9,100,0.0,1.0
2024-06-16 23:00:00,-11.2,29.1,100,0.0,1.0
2024-06-17 00:00:00,-11.6,30.6,100,0.0,1.0
2024-06-17 01:00:00,-11.1,34.0,100,0.0,1.0
2024-06-17 02:00:00,-11.6,32.1,100,0.0,1.0
2024-06-17 03:00:00,-11.7,31.7,99,0.0,0.99
2024-06-17 04:00:00,-12.2,31.8,98,0.0,0.98
2024-06-17 05:00:00,-13.0,33.9,94,0.0,0.94
2024-06-17 06:00:00,-13.5,34.9,98,0.0,0.98
2024-06-17 07:00:00,-13.8,34.2,98,0.0,0.98
2024-06-17 08:00:00,-14.1,31.0,100,0.0,1.0
2024-06-17 09:00:00,-14.5,23.9,100,0.0,1.0
2024-06-17 10:00:00,-13.8,31.9,100,0.0,1.0
2024-06-17 11:00:00,-15.0,30.9,100,0.0,1.0
2024-06-17 12:00:00,-15.5,29.8,100,0.0,1.0
2024-06-17 13:00:00,-15.3,29.6,100,0.0,1.0
2024-06-17 14:00:00,-15.2,26.3,100,0.0,1.0
2024-06-17 15:00:00,-15.9,19.4,100,0.0,1.0
2024-06-17 16:00:00,-15.2,23.9,100,0.0,1.0
2024-06-17 17:00:00,-15.3,30.6,100,0.0,1.0
2024-06-17 18:00:00,-15.3,32.8,100,0.0,1.0
2024-06-17 19:00:00,-15.1,33.7,100,0.0,1.0
2024-06-17 20:00:00,-15.2,36.8,99,0.0,0.99
2024-06-17 21:00:00,-15.2,37.6,100,0.0,1.0
2024-06-17 22:00:00,-15.5,36.4,100,0.0,1.0
2024-06-17 23:00:00,-15.6,36.6,78,0.0,0.78
2024-06-18 00:00:00,-15.8,37.1,72,0.0,0.72
2024-06-18 01:00:00,-15.3,38.0,100,0.0,1.0
2024-06-18 02:00:00,-15.4,38.7,100,0.0,1.0
2024-06-18 03:00:00,-15.4,39.4,100,0.0,1.0
2024-06-18 04:00:00,-15.2,39.5,100,0.0,1.0
2024-06-18 05:00:00,-15.1,39.2,100,0.0,1.0
2024-06-18 06:00:00,-15.0,39.1,100,0.0,1.0
2024-06-18 07:00:00,-15.0,37.8,100,0.0,1.0
2024-06-18 08:00:00,-15.1,37.0,100,0.0,1.0
2024-06-18 09:00:00,-15.2,36.8,100,0.0,1.0
2024-06-18 10:00:00,-15.2,37.1,96,0.0,0.96
2024-06-18 11:00:00,-15.4,36.2,85,0.0,0.85
2024-06-18 12:00:00,-15.5,35.7,74,0.0,0.74
2024-06-18 13:00:00,-15.5,34.6,82,0.0,0.82
2024-06-18 14:00:00,-15.5,34.9,94,0.0,0.94
2024-06-18 15:00:00,-15.4,34.6,80,0.0,0.8
2024-06-18 16:00:00,-15.4,34.4,56,0.0,0.56
2024-06-18 17:00:00,-15.4,34.4,43,0.0,0.43
2024-06-18 18:00:00,-15.5,35.5,36,0.0,0.36
2024-06-18 19:00:00,-15.6,36.0,44,0.0,0.44
2024-06-18 20:00:00,-15.6,35.4,95,0.0,0.95
2024-06-18 21:00:00,-15.5,35.1,94,0.0,0.94
2024-06-18 22:00:00,-15.5,35.0,97,0.0,0.97
2024-06-18 23:00:00,-15.5,35.5,100,0.0,1.0
2024-06-19 00:00:00,-15.4,34.9,98,0.0,0.98
2024-06-19 01:00:00,-15.4,34.4,67,0.0,0.67
2024-06-19 02:00:00,-15.5,33.8,86,0.0,0.86
2024-06-19 03:00:00,-15.6,32.2,79,0.0,0.79
2024-06-19 04:00:00,-15.8,30.9,88,0.0,0.88
2024-06-19 05:00:00,-15.6,30.5,99,0.0,0.99
2024-06-19 06:00:00,-15.6,29.8,100,0.0,1.0
2024-06-19 07:00:00,-15.6,29.1,100,0.0,1.0
2024-06-19 08:00:00,-15.7,27.9,100,0.0,1.0
2024-06-19 09:00:00,-16.2,27.7,100,0.0,1.0
2024-06-19 10:00:00,-16.3,27.4,99,0.0,0.99
2024-06-19 11:00:00,-16.6,26.3,78,0.0,0.78
2024-06-19 12:00:00,-17.0,25.1,67,0.0,0.67
2024-06-19 13:00:00,-16.9,19.3,48,0.0,0.48
2024-06-19 14:00:00,-17.5,17.6,41,0.0,0.41
2024-06-19 15:00:00,-17.8,16.1,52,0.0,0.52
2024-06-19 16:00:00,-18.8,14.8,71,0.0,0.71
2024-06-19 17:00:00,-19.6,13.0,92,0.0,0.92
2024-06-19 18:00:00,-20.5,12.6,70,0.0,0.7
2024-06-19 19:00:00,-21.2,11.4,39,0.0,0.39
2024-06-19 20:00:00,-20.3,9.5,2,0.0,0.02
2024-06-19 21:00:00,-19.6,8.7,12,0.0,0.12
2024-06-19 22:00:00,-20.0,8.8,4,0.0,0.04
2024-06-19 23:00:00,-21.3,9.3,0,0.0,0.0
2024-06-20 00:00:00,-21.7,9.7,0,0.0,0.0
2024-06-20 01:00:00,-22.3,9.0,0,0.0,0.0
2024-06-20 02:00:00,-23.1,10.2,0,0.0,0.0
2024-06-20 03:00:00,-21.8,8.4,0,0.0,0.0
2024-06-20 04:00:00,-17.7,4.1,0,0.0,0.0
2024-06-20 05:00:00,-18.4,5.1,0,0.0,0.0
2024-06-20 06:00:00,-19.4,4.2,0,0.0,0.0
2024-06-20 07:00:00,-18.6,0.7,6,0.0,0.06
2024-06-20 08:00:00,-18.7,1.8,13,0.0,0.13
2024-06-20 09:00:00,-19.1,4.4,24,0.0,0.24
2024-06-20 10:00:00,-23.4,9.4,38,0.0,0.38
2024-06-20 11:00:00,-25.1,12.8,12,0.0,0.12
2024-06-20 12:00:00,-25.1,13.5,28,0.0,0.28
2024-06-20 13:00:00,-25.5,13.3,0,0.0,0.0
2024-06-20 14:00:00,-25.3,15.4,0,0.0,0.0
2024-06-20 15:00:00,-25.0,16.9,0,0.0,0.0
2024-06-20 16:00:00,-24.1,20.2,0,0.0,0.0
2024-06-20 17:00:00,-23.6,21.7,0,0.0,0.0
2024-06-20 18:00:00,-24.3,17.9,11,0.0,0.11
2024-06-20 19:00:00,-26.5,14.1,42,0.0,0.42
2024-06-20 20:00:00,-27.0,17.2,7,0.0,0.07
2024-06-20 21:00:00,-27.6,17.7,17,0.0,0.17
2024-06-20 22:00:00,-27.5,17.4,7,0.0,0.07
2024-06-20 23:00:00,-27.8,18.1,0,0.0,0.0
2024-06-21 00:00:00,-28.1,18.3,0,0.0,0.0
2024-06-21 01:00:00,-22.8,27.4,0,0.0,0.0
2024-06-21 02:00:00,-23.0,24.8,0,0.0,0.0
2024-06-21 03:00:00,-23.5,22.2,0,0.0,0.0
2024-06-21 04:00:00,-24.0,20.8,0,0.0,0.0
2024-06-21 05:00:00,-24.5,20.6,0,0.0,0.0
2024-06-21 06:00:00,-24.3,21.0,0,0.0,0.0
2024-06-21 07:00:00,-24.1,21.2,0,0.0,0.0
2024-06-21 08:00:00,-23.8,22.7,0,0.0,0.0
2024-06-21 09:00:00,-23.4,23.1,0,0.0,0.0
2024-06-21 10:00:00,-23.5,23.3,0,0.0,0.0
2024-06-21 11:00:00,-23.2,24.2,0,0.0,0.0
2024-06-21 12:00:00,-23.0,24.5,0,0.0,0.0
2024-06-21 13:00:00,-23.7,22.0,0,0.0,0.0
2024-06-21 14:00:00,-24.4,20.0,0,0.0,0.0
2024-06-21 15:00:00,-25.1,18.8,2,0.0,0.02
2024-06-21 16:00:00,-26.1,17.3,3,0.0,0.03
2024-06-21 17:00:00,-27.1,16.2,67,0.0,0.67
2024-06-21 18:00:00,-27.9,15.2,32,0.0,0.32
2024-06-21 19:00:00,-28.6,13.2,2,0.0,0.02
2024-06-21 20:00:00,-27.5,10.3,49,0.0,0.49
2024-06-21 21:00:00,-25.1,8.6,2,0.0,0.02
2024-06-21 22:00:00,-22.4,6.6,7,0.0,0.07
2024-06-21 23:00:00,-22.3,6.5,10,0.0,0.1
2024-06-22 00:00:00,-22.9,7.9,1,0.0,0.01
2024-06-22 01:00:00,-22.3,7.2,0,0.0,0.0
2024-06-22 02:00:00,-24.0,8.3,0,0.0,0.0
2024-06-22 03:00:00,-26.8,9.5,1,0.0,0.01
2024-06-22 04:00:00,-27.7,9.9,2,0.0,0.02
2024-06-22 05:00:00,-27.3,9.2,0,0.0,0.0
2024-06-22 06:00:00,-26.0,7.7,11,0.0,0.11
2024-06-22 07:00:00,-25.3,5.9,5,0.0,0.05
2024-06-22 08:00:00,-25.9,4.0,2,0.0,0.02
2024-06-22 09:00:00,-26.0,2.5,4,0.0,0.04
2024-06-22 10:00:00,-25.6,3.6,2,0.0,0.02
2024-06-22 11:00:00,-25.1,5.1,18,0.0,0.18
2024-06-22 12:00:00,-24.9,4.4,14,0.0,0.14
2024-06-22 13:00:00,-26.4,7.9,91,0.0,0.91
2024-06-22 14:00:00,-23.9,2.4,77,0.0,0.77
2024-06-22 15:00:00,-24.0,1.4,16,0.0,0.16
2024-06-22 16:00:00,-24.7,2.7,42,0.0,0.42
2024-06-22 17:00:00,-24.0,5.4,43,0.0,0.43
2024-06-22 18:00:00,-23.9,6.6,27,0.0,0.27
2024-06-22 19:00:00,-23.7,7.3,41,0.0,0.41
2024-06-22 20:00:00,-26.1,10.2,7,0.0,0.07
2024-06-22 21:00:00,-29.3,13.2,6,0.0,0.06
2024-06-22 22:00:00,-30.0,13.8,19,0.0,0.19
2024-06-22 23:00:00,-30.0,16.6,6,0.0,0.06
2024-06-23 00:00:00,-29.6,16.9,33,0.0,0.33
2024-06-23 01:00:00,-20.2,8.8,40,0.0,0.4
2024-06-23 02:00:00,-20.7,6.2,3,0.0,0.03
2024-06-23 03:00:00,-21.6,6.2,27,0.0,0.27
2024-06-23 04:00:00,-20.7,6.7,3,0.0,0.03
2024-06-23 05:00:00,-20.2,6.5,5,0.0,0.05
2024-06-23 06:00:00,-22.2,9.0,1,0.0,0.01
2024-06-23 07:00:00,-30.2,15.2,0,0.0,0.0
2024-06-23 08:00:00,-26.9,22.4,3,0.0,0.03
2024-06-23 09:00:00,-28.0,21.0,93,0.0,0.93
2024-06-23 10:00:00,-24.5,31.6,14,0.0,0.14
2024-06-23 11:00:00,-23.3,43.1,1,0.0,0.01
2024-06-23 12:00:00,-23.4,43.6,21,0.0,0.21
2024-06-23 13:00:00,-22.9,42.2,11,0.0,0.11
2024-06-23 14:00:00,-22.7,43.6,2,0.0,0.02
2024-06-23 15:00:00,-22.3,44.7,0,0.0,0.0
2024-06-23 16:00:00,-21.9,45.3,36,0.0,0.36
2024-06-23 17:00:00,-21.6,45.4,49,0.0,0.49
2024-06-23 18:00:00,-21.2,45.4,22,0.0,0.22
2024-06-23 19:00:00,-20.5,44.3,1,0.0,0.01
2024-06-23 20:00:00,-20.0,43.5,0,0.0,0.0
2024-06-23 21:00:00,-19.8,42.9,98,0.0,0.98
2024-06-23 22:00:00,-19.8,41.5,77,0.0,0.77
2024-06-23 23:00:00,-19.6,40.6,7,0.0,0.07
2024-06-24 00:00:00,-19.5,40.0,48,0.0,0.48
2024-06-24 01:00:00,-18.2,43.5,87,0.0,0.87
2024-06-24 02:00:00,-18.3,43.6,98,0.0,0.98
2024-06-24 03:00:00,-18.5,42.0,89,0.0,0.89
2024-06-24 04:00:00,-18.7,38.6,76,0.0,0.76
2024-06-24 05:00:00,-18.8,36.6,61,0.0,0.61
2024-06-24 06:00:00,-18.6,36.5,57,0.0,0.57
2024-06-24 07:00:00,-18.4,36.7,91,0.0,0.91
2024-06-24 08:00:00,-18.4,35.8,97,0.0,0.97
2024-06-24 09:00:00,-18.6,33.7,96,0.0,0.96
2024-06-24 10:00:00,-18.8,31.4,86,0.0,0.86
2024-06-24 11:00:00,-18.5,32.8,90,0.0,0.9
2024-06-24 12:00:00,-18.5,31.8,81,0.0,0.81
2024-06-24 13:00:00,-17.6,33.6,18,0.0,0.18
2024-06-24 14:00:00,-17.6,32.1,60,0.0,0.6
2024-06-24 15:00:00,-17.5,31.3,36,0.0,0.36
2024-06-24 16:00:00,-17.3,31.6,56,0.0,0.56
2024-06-24 17:00:00,-17.1,32.4,86,0.0,0.86
2024-06-24 18:00:00,-17.1,30.6,99,0.0,0.99
2024-06-24 19:00:00,-17.5,27.4,81,0.0,0.81
2024-06-24 20:00:00,-18.1,26.6,98,0.0,0.98
2024-06-24 21:00:00,-17.8,28.4,91,0.0,0.91
2024-06-24 22:00:00,-17.7,29.6,90,0.0,0.9
2024-06-24 23:00:00,-17.8,28.5,93,0.0,0.93
2024-06-25 00:00:00,-17.9,27.0,61,0.0,0.61
2024-06-25 01:00:00,-17.7,26.5,15,0.0,0.15
2024-06-25 02:00:00,-18.1,25.0,0,0.0,0.0
2024-06-25 03:00:00,-18.2,24.7,0,0.0,0.0
2024-06-25 04:00:00,-18.2,24.5,0,0.0,0.0
2024-06-25 05:00:00,-18.0,25.5,0,0.0,0.0
2024-06-25 06:00:00,-17.9,25.3,0,0.0,0.0
2024-06-25 07:00:00,-17.8,26.0,6,0.0,0.06
2024-06-25 08:00:00,-17.6,26.3,2,0.0,0.02
2024-06-25 09:00:00,-17.6,26.7,0,0.0,0.0
2024-06-25 10:00:00,-17.7,26.0,0,0.0,0.0
2024-06-25 11:00:00,-17.8,25.3,0,0.0,0.0
2024-06-25 12:00:00,-18.1,23.4,0,0.0,0.0
2024-06-25 13:00:00,-18.5,22.0,0,0.0,0.0
2024-06-25 14:00:00,-19.2,19.8,50,0.0,0.5
2024-06-25 15:00:00,-20.0,19.1,54,0.0,0.54
2024-06-25 16:00:00,-20.8,17.6,39,0.0,0.39
2024-06-25 17:00:00,-21.7,15.1,31,0.0,0.31
2024-06-25 18:00:00,-20.0,11.9,66,0.0,0.66
2024-06-25 19:00:00,-18.3,10.8,74,0.0,0.74
2024-06-25 20:00:00,-16.0,9.2,77,0.0,0.77
2024-06-25 21:00:00,-14.2,7.9,90,0.0,0.9
2024-06-25 22:00:00,-14.0,7.2,82,0.0,0.82
2024-06-25 23:00:00,-14.1,7.1,61,0.0,0.61
2024-06-26 00:00:00,-14.9,6.2,7,0.0,0.07
2024-06-26 01:00:00,-18.8,9.4,99,0.0,0.99
2024-06-26 02:00:00,-16.6,8.0,100,0.0,1.0
2024-06-26 03:00:00,-15.1,4.4,100,0.0,1.0
2024-06-26 04:00:00,-14.8,5.2,100,0.0,1.0
2024-06-26 05:00:00,-14.7,5.9,100,0.0,1.0
2024-06-26 06:00:00,-14.9,7.2,99,0.0,0.99
2024-06-26 07:00:00,-16.0,7.3,100,0.0,1.0
2024-06-26 08:00:00,-17.6,4.7,87,0.0,0.87
2024-06-26 09:00:00,-18.3,4.3,98,0.0,0.98
2024-06-26 10:00:00,-18.5,4.0,52,0.0,0.52
2024-06-26 11:00:00,-18.1,3.6,100,0.0,1.0
2024-06-26 12:00:00,-18.2,3.8,100,0.0,1.0
2024-06-26 13:00:00,-18.4,5.4,1,0.0,0.01
2024-06-26 14:00:00,-18.9,3.4,0,0.0,0.0
2024-06-26 15:00:00,-19.3,4.7,0,0.0,0.0
2024-06-26 16:00:00,-19.5,5.2,0,0.0,0.0
2024-06-26 17:00:00,-19.4,4.3,0,0.0,0.0
2024-06-26 18:00:00,-19.0,2.3,0,0.0,0.0
2024-06-26 19:00:00,-19.6,1.9,0,0.0,0.0
2024-06-26 20:00:00,-18.8,1.8,0,0.0,0.0
2024-06-26 21:00:00,-18.7,4.0,0,0.0,0.0
2024-06-26 22:00:00,-18.5,4.7,0,0.0,0.0
2024-06-26 23:00:00,-19.6,4.5,1,0.0,0.01
2024-06-27 00:00:00,-20.6,4.7,0,0.0,0.0
2024-06-27 01:00:00,-19.6,8.5,3,0.0,0.03
2024-06-27 02:00:00,-21.9,7.0,22,0.0,0.22
2024-06-27 03:00:00,-22.7,6.8,20,0.0,0.2
2024-06-27 04:00:00,-22.0,5.5,23,0.0,0.23
2024-06-27 05:00:00,-21.5,2.2,18,0.0,0.18
2024-06-27 06:00:00,-21.9,1.6,1,0.0,0.01
2024-06-27 07:00:00,-22.1,4.0,0,0.0,0.0
2024-06-27 08:00:00,-21.5,5.9,0,0.0,0.0
2024-06-27 09:00:00,-21.2,7.3,0,0.0,0.0
2024-06-27 10:00:00,-21.0,3.3,0,0.0,0.0
2024-06-27 11:00:00,-25.8,10.7,0,0.0,0.0
2024-06-27 12:00:00,-27.3,11.9,0,0.0,0.0
2024-06-27 13:00:00,-28.5,20.7,0,0.0,0.0
2024-06-27 14:00:00,-24.1,31.0,0,0.0,0.0
2024-06-27 15:00:00,-24.3,27.9,0,0.0,0.0
2024-06-27 16:00:00,-24.7,26.7,0,0.0,0.0
2024-06-27 17:00:00,-25.4,25.2,0,0.0,0.0
2024-06-27 18:00:00,-26.0,26.0,0,0.0,0.0
2024-06-27 19:00:00,-23.7,30.2,0,0.0,0.0
2024-06-27 20:00:00,-24.0,27.4,0,0.0,0.0
2024-06-27 21:00:00,-24.8,25.7,0,0.0,0.0
2024-06-27 22:00:00,-24.3,26.2,0,0.0,0.0
2024-06-27 23:00:00,-24.3,26.4,0,0.0,0.0
2024-06-28 00:00:00,-24.7,25.2,0,0.0,0.0
2024-06-28 01:00:00,-25.4,22.7,0,0.0,0.0
2024-06-28 02:00:00,-25.9,21.6,0,0.0,0.0
2024-06-28 03:00:00,-24.6,24.1,0,0.0,0.0
2024-06-28 04:00:00,-23.4,25.7,0,0.0,0.0
2024-06-28 05:00:00,-24.2,23.4,0,0.0,0.0
2024-06-28 06:00:00,-26.2,23.5,0,0.0,0.0
2024-06-28 07:00:00,-26.6,21.1,0,0.0,0.0
2024-06-28 08:00:00,-25.2,22.0,0,0.0,0.0
2024-06-28 09:00:00,-24.4,21.3,0,0.0,0.0
2024-06-28 10:00:00,-25.5,20.6,0,0.0,0.0
2024-06-28 11:00:00,-25.6,19.8,0,0.0,0.0
2024-06-28 12:00:00,-25.9,18.4,0,0.0,0.0
2024-06-28 13:00:00,-25.1,16.5,0,0.0,0.0
2024-06-28 14:00:00,-25.7,13.0,0,0.0,0.0
2024-06-28 15:00:00,-26.3,12.6,0,0.0,0.0
2024-06-28 16:00:00,-26.1,11.8,0,0.0,0.0
2024-06-28 17:00:00,-25.8,11.5,0,0.0,0.0
2024-06-28 18:00:00,-26.4,12.2,0,0.0,0.0
2024-06-28 19:00:00,-26.4,12.6,0,0.0,0.0
2024-06-28 20:00:00,-26.8,13.8,0,0.0,0.0
2024-06-28 21:00:00,-26.7,15.3,0,0.0,0.0
2024-06-28 22:00:00,-25.8,13.3,0,0.0,0.0
2024-06-28 23:00:00,-24.6,11.9,14,0.0,0.14
2024-06-29 00:00:00,-25.8,12.7,1,0.0,0.01
2024-06-29 01:00:00,-25.7,13.8,3,0.0,0.03
2024-06-29 02:00:00,-25.1,17.4,11,0.0,0.11
2024-06-29 03:00:00,-24.8,18.6,54,0.0,0.54
2024-06-29 04:00:00,-24.6,18.8,77,0.0,0.77
2024-06-29 05:00:00,-24.2,19.4,26,0.0,0.26
2024-06-29 06:00:00,-24.4,18.4,12,0.0,0.12
2024-06-29 07:00:00,-24.8,13.5,3,0.0,0.03
2024-06-29 08:00:00,-17.1,6.6,0,0.0,0.0
2024-06-29 09:00:00,-17.3,6.9,0,0.0,0.0
2024-06-29 10:00:00,-17.6,7.7,0,0.0,0.0
2024-06-29 11:00:00,-18.0,7.9,0,0.0,0.0
2024-06-29 12:00:00,-22.0,9.9,0,0.0,0.0
2024-06-29 13:00:00,-24.4,11.9,0,0.0,0.0
2024-06-29 14:00:00,-19.7,9.0,0,0.0,0.0
2024-06-29 15:00:00,-17.6,5.2,0,0.0,0.0
2024-06-29 16:00:00,-21.4,10.2,0,0.0,0.0
2024-06-29 17:00:00,-20.7,10.2,0,0.0,0.0
2024-06-29 18:00:00,-17.8,5.6,0,0.0,0.0
2024-06-29 19:00:00,-18.6,8.9,0,0.0,0.0
2024-06-29 20:00:00,-25.4,20.4,0,0.0,0.0
2024-06-29 21:00:00,-18.5,45.8,64,0.0,0.64
2024-06-29 22:00:00,-19.2,43.3,0,0.0,0.0
2024-06-29 23:00:00,-19.9,39.2,12,0.0,0.12
2024-06-30 00:00:00,-20.5,41.6,32,0.0,0.32
2024-06-30 01:00:00,-22.2,36.7,16,0.0,0.16
2024-06-30 02:00:00,-22.7,31.2,0,0.0,0.0
2024-06-30 03:00:00,-22.8,27.7,0,0.0,0.0
2024-06-30 04:00:00,-23.6,23.2,0,0.0,0.0
2024-06-30 05:00:00,-24.8,20.5,6,0.0,0.06
2024-06-30 06:00:00,-24.4,21.9,1,0.0,0.01
2024-06-30 07:00:00,-22.7,23.5,1,0.0,0.01
2024-06-30 08:00:00,-23.3,22.7,0,0.0,0.0
2024-06-30 09:00:00,-22.8,23.8,0,0.0,0.0
2024-06-30 10:00:00,-21.8,27.5,0,0.0,0.0
2024-06-30 11:00:00,-21.6,27.7,0,0.0,0.0
2024-06-30 12:00:00,-21.5,27.3,0,0.0,0.0
2024-06-30 13:00:00,-22.4,22.9,0,0.0,0.0
2024-06-30 14:00:00,-22.5,22.4,0,0.0,0.0
2024-06-30 15:00:00,-21.9,24.0,0,0.0,0.0
2024-06-30 16:00:00,-22.0,23.3,0,0.0,0.0
2024-06-30 17:00:00,-22.4,22.2,0,0.0,0.0
2024-06-30 18:00:00,-22.5,22.3,0,0.0,0.0
2024-06-30 19:00:00,-22.5,21.9,34,0.0,0.34
2024-06-30 20:00:00,-22.6,22.2,92,0.0,0.92
2024-06-30 21:00:00,-21.3,25.0,99,0.0,0.99
2024-06-30 22:00:00,-20.3,27.4,100,0.0,1.0
2024-06-30 23:00:00,-20.4,27.2,94,0.0,0.94
